metric,mean,p025,p975
synthetic_win_probability,0.28260416666666666,0.175,0.3875
draw_probability,0.25083333333333335,0.175,0.35
real_win_probability,0.4665625,0.35,0.575
mean_total_goals,2.915833333333333,2.44875,3.4375
