metric,mean,p025,p975
synthetic_win_probability,0.28260416666666666,0.175,0.3875
draw_probability,0.2509375,0.175,0.35
real_win_probability,0.4664583333333333,0.35,0.575
mean_total_goals,2.915625,2.44875,3.4375
