metric,mean,p025,p975
synthetic_win_probability,0.2734375,0.175,0.375
draw_probability,0.24916666666666665,0.1625,0.35
real_win_probability,0.47739583333333335,0.3621875,0.5875
mean_total_goals,2.961145833333333,2.4871874999999997,3.463125
