metric,mean,p025,p975
synthetic_win_probability,0.2747916666666667,0.175,0.3875
draw_probability,0.250625,0.175,0.35031249999999986
real_win_probability,0.47458333333333336,0.3621875,0.5753124999999999
mean_total_goals,2.9058333333333333,2.4625,3.4003124999999996
