goals,matches,probability
0,7,0.07446808510638298
1,14,0.14893617021276595
2,20,0.2127659574468085
3,21,0.22340425531914893
4,13,0.13829787234042554
5,11,0.11702127659574468
6,7,0.07446808510638298
8,1,0.010638297872340425
