player_id,player_name,team_id,team_name,position_group,minutes,shots,shots_on,goals,goals_conceded,assists,saves,passes,passes_accurate,key_passes,tackles,blocks,interceptions,duels,duels_won,dribbles_attempted,dribbles_completed,fouls_drawn,fouls_committed,yellow_cards,red_cards,provider_rating_mean,shots_p90,goals_p90,goals_conceded_p90,assists_p90,saves_p90,passes_p90,key_passes_p90,tackles_p90,blocks_p90,interceptions_p90,duels_p90,dribbles_completed_p90,fouls_drawn_p90,fouls_committed_p90,cards_p90,shots_on_target_rate,duel_win_rate,dribble_success_rate,pass_accuracy,reliability,adjusted__saves_p90,z__saves_p90,adjusted__goals_conceded_p90,z__goals_conceded_p90,adjusted__pass_accuracy,z__pass_accuracy,adjusted__passes_p90,z__passes_p90,rank_score,position_rank,adjusted__interceptions_p90,z__interceptions_p90,adjusted__tackles_p90,z__tackles_p90,adjusted__blocks_p90,z__blocks_p90,adjusted__duel_win_rate,z__duel_win_rate,adjusted__cards_p90,z__cards_p90,adjusted__key_passes_p90,z__key_passes_p90,adjusted__assists_p90,z__assists_p90,adjusted__dribbles_completed_p90,z__dribbles_completed_p90,adjusted__goals_p90,z__goals_p90,adjusted__shots_p90,z__shots_p90,adjusted__shots_on_target_rate,z__shots_on_target_rate,adjusted__dribble_success_rate,z__dribble_success_rate,adjusted__fouls_drawn_p90,z__fouls_drawn_p90,avatar_id
25282,Gregor Kobel,15,Switzerland,GK,600.0,0.0,0.0,0.0,6.0,0.0,20.0,224.0,163.0,0.0,0.0,0.0,0.0,7.0,7.0,0.0,0.0,3.0,0.0,0.0,0.0,7.533333333333334,0.0,0.0,0.8999999999999999,0.0,3.0,33.6,0.0,0.0,0.0,0.0,1.05,0.0,0.44999999999999996,0.0,0.0,0.0,1.0,0.0,72.76785714285714,0.7692307692307693,2.9524136728027925,0.2860616889130389,1.0277757156381822,0.8176998249506946,71.63667453090103,0.5157369849592335,32.37238609199006,1.50846596870089,0.7819911168809642,1,,,,,,,,,,,,,,,,,,,,,,,,,,,SYN-GK20
3275,Ronwen Williams,1531,South Africa,GK,367.0,0.0,0.0,0.0,4.0,0.0,11.0,227.0,170.0,0.0,0.0,0.0,1.0,2.0,1.0,0.0,0.0,0.0,0.0,0.0,0.0,7.175000000000001,0.0,0.0,0.9809264305177112,0.0,2.697547683923706,55.66757493188011,0.0,0.0,0.0,0.2452316076294278,0.4904632152588556,0.0,0.0,0.0,0.0,0.0,0.5,0.0,74.8898678414097,0.6709323583180987,2.7292187656054443,-0.010034730302436826,1.1364991923177006,0.583061675869042,72.57856187602539,0.6673163184978369,46.655322032453824,1.755345985209877,0.7489223123185798,2,,,,,,,,,,,,,,,,,,,,,,,,,,,SYN-GK20
2482,Camilo Vargas,8,Colombia,GK,480.0,0.0,0.0,0.0,1.0,0.0,6.0,189.0,147.0,1.0,0.0,0.0,0.0,0.0,0.0,0.0,0.0,0.0,0.0,0.0,0.0,6.859999999999999,0.0,0.0,0.1875,0.0,1.125,35.4375,0.1875,0.0,0.0,0.0,0.0,0.0,0.0,0.0,0.0,0.0,0.0,0.0,77.77777777777777,0.7272727272727273,1.5801252496760274,-1.4804363620247163,0.5328258457542153,1.379432156754248,75.07458360866949,1.0690048141449562,33.48554719962461,1.755345985209877,0.6808366485210913,3,,,,,,,,,,,,,,,,,,,,,,,,,,,SYN-GK20
15304,Vozinha,1533,Cape Verde Islands,GK,390.0,0.0,0.0,0.0,5.0,0.0,18.0,138.0,91.0,0.0,0.0,0.0,0.0,5.0,5.0,1.0,1.0,3.0,0.0,0.0,0.0,7.875,0.0,0.0,1.153846153846154,0.0,4.153846153846154,31.846153846153847,0.0,0.0,0.0,0.0,1.153846153846154,0.23076923076923078,0.6923076923076923,0.0,0.0,0.0,1.0,1.0,65.94202898550725,0.6842105263157895,3.724355552256453,1.310140729151144,1.2485351898206705,0.3412747142351552,66.54961956620413,-0.3029303484692597,30.720107283775867,0.9427511254262672,0.5728090550858267,4,,,,,,,,,,,,,,,,,,,,,,,,,,,SYN-GK20
47270,Unai Simón,9,Spain,GK,630.0,0.0,0.0,0.0,1.0,0.0,10.0,215.0,170.0,0.0,0.0,0.0,0.0,5.0,4.0,0.0,0.0,3.0,0.0,0.0,0.0,7.128571428571428,0.0,0.0,0.14285714285714285,0.0,1.4285714285714284,30.71428571428571,0.0,0.0,0.0,0.0,0.7142857142857142,0.0,0.42857142857142855,0.0,0.0,0.0,0.8,0.0,79.06976744186046,0.7777777777777778,1.7319539071434296,-1.3330333475555596,0.43415439283676793,1.379432156754248,76.5800559713094,1.311282724099906,30.173408829323755,0.7555699856928798,0.5283128797478686,5,,,,,,,,,,,,,,,,,,,,,,,,,,,SYN-GK20
2682,Alireza Beiranvand,22,Iran,GK,270.0,0.0,0.0,0.0,3.0,0.0,15.0,80.0,53.0,0.0,0.0,0.0,0.0,5.0,5.0,3.0,3.0,1.0,0.0,0.0,0.0,7.666666666666667,0.0,0.0,1.0,0.0,5.0,26.666666666666664,0.0,0.0,0.0,0.0,1.6666666666666665,1.0,0.3333333333333333,0.0,0.0,0.0,1.0,1.0,66.25,0.6,4.117517032858173,1.8317194158757988,1.1814779071061825,0.4859922782710429,66.89642632975227,-0.24711821938882583,27.312135892782763,-0.224085846491208,0.46162690706670206,6,,,,,,,,,,,,,,,,,,,,,,,,,,,SYN-GK20
7525,Alexander Schlager,775,Austria,GK,360.0,0.0,0.0,0.0,9.0,0.0,13.0,123.0,105.0,0.0,0.0,0.0,0.0,2.0,2.0,0.0,0.0,1.0,0.0,0.0,0.0,6.45,0.0,0.0,2.25,0.0,3.25,30.75,0.0,0.0,0.0,0.0,0.5,0.0,0.25,0.0,0.0,0.0,1.0,0.0,85.36585365853658,0.6666666666666666,3.097930860715145,0.4791087383112383,1.9845649225884854,-1.2471646867119748,79.53259104715129,1.695032258045577,29.926779910652304,0.6711280383777007,0.3995260870056353,7,,,,,,,,,,,,,,,,,,,,,,,,,,,SYN-GK20
19172,Ørjan Nyland,1090,Norway,GK,480.0,0.0,0.0,0.0,7.0,0.0,16.0,185.0,119.0,1.0,0.0,0.0,1.0,1.0,1.0,0.0,0.0,0.0,0.0,0.0,0.0,7.359999999999999,0.0,0.0,1.3125,0.0,3.0,34.6875,0.1875,0.0,0.0,0.1875,0.1875,0.0,0.0,0.0,0.0,0.0,1.0,0.0,64.32432432432432,0.7272727272727273,2.943761613312391,0.27458363206077385,1.3510076639360336,0.12012696958456671,65.2902538243397,-0.5056019533287084,32.940092654170066,1.7028399613061405,0.39798715240569316,8,,,,,,,,,,,,,,,,,,,,,,,,,,,SYN-GK20
369,Diogo Costa,27,Portugal,GK,450.0,0.0,0.0,0.0,3.0,0.0,19.0,104.0,79.0,0.0,0.0,0.0,0.0,4.0,4.0,0.0,0.0,1.0,0.0,0.0,0.0,7.42,0.0,0.0,0.6000000000000001,0.0,3.8000000000000003,20.8,0.0,0.0,0.0,0.0,0.8,0.0,0.2,0.0,0.0,0.0,1.0,0.0,75.96153846153847,0.7142857142857143,3.512512166327267,1.029103546019309,0.8439127907901305,1.2144978090535419,73.64854627949339,0.8395105024561803,22.93723992341626,-1.7219829177051797,0.34028223495596294,9,,,,,,,,,,,,,,,,,,,,,,,,,,,SYN-GK20
732,Luca Zidane,1532,Algeria,GK,270.0,0.0,0.0,0.0,6.0,0.0,8.0,88.0,76.0,0.0,0.0,0.0,0.0,0.0,0.0,0.0,0.0,0.0,0.0,0.0,0.0,6.5,0.0,0.0,2.0,0.0,2.6666666666666665,29.333333333333332,0.0,0.0,0.0,0.0,0.0,0.0,0.0,0.0,0.0,0.0,0.0,0.0,86.36363636363636,0.6,2.7175170328581735,-0.02555856643557834,1.7814779071061826,-0.8088788364926426,78.9646081479341,1.695032258045577,28.91213589278276,0.3237295371713643,0.2960810980721801,10,,,,,,,,,,,,,,,,,,,,,,,,,,,SYN-GK20
129058,Bart Verbruggen,1118,Netherlands,GK,390.0,0.0,0.0,0.0,5.0,0.0,16.0,113.0,81.0,0.0,0.0,0.0,0.0,0.0,0.0,0.0,0.0,0.0,0.0,0.0,0.0,7.2,0.0,0.0,1.153846153846154,0.0,3.6923076923076925,26.076923076923077,0.0,0.0,0.0,0.0,0.0,0.0,0.0,0.0,0.0,0.0,0.0,0.0,71.68141592920354,0.6842105263157895,3.4085660785722425,0.8912058459230137,1.2485351898206705,0.3412747142351552,70.47656852768054,0.32903939770257723,26.772738862723234,-0.4087670908465289,0.2881882167535543,11,,,,,,,,,,,,,,,,,,,,,,,,,,,SYN-GK20
24012,Lionel Mpasi Nzau,1508,Congo DR,GK,360.0,0.0,0.0,0.0,5.0,0.0,14.0,123.0,79.0,0.0,0.0,0.0,0.0,2.0,2.0,0.0,0.0,0.0,0.0,0.0,0.0,6.775,0.0,0.0,1.25,0.0,3.5,30.75,0.0,0.0,0.0,0.0,0.5,0.0,0.0,0.0,0.0,0.0,1.0,0.0,64.22764227642277,0.6666666666666666,3.2645975273818113,0.7002132600149735,1.3178982559218189,0.1915809963587865,65.44045012574207,-0.48143063880326564,29.926779910652304,0.6711280383777007,0.27037291398704877,12,,,,,,,,,,,,,,,,,,,,,,,,,,,SYN-GK20
49866,Uğurcan Çakır,777,Türkiye,GK,270.0,0.0,0.0,0.0,5.0,0.0,8.0,89.0,71.0,0.0,0.0,0.0,0.0,0.0,0.0,0.0,0.0,0.0,0.0,0.0,0.0,6.6000000000000005,0.0,0.0,1.6666666666666665,0.0,2.6666666666666665,29.666666666666664,0.0,0.0,0.0,0.0,0.0,0.0,0.0,0.0,0.0,0.0,0.0,0.0,79.7752808988764,0.6,2.7175170328581735,-0.02555856643557834,1.5814779071061824,-0.37725513157141377,75.01159486907812,1.0588679424509908,29.11213589278276,0.3922064601291857,0.2620651761432961,13,,,,,,,,,,,,,,,,,,,,,,,,,,,SYN-GK20
2932,Jordan Pickford,10,England,GK,673.0,0.0,0.0,0.0,8.0,0.0,15.0,237.0,166.0,1.0,0.0,0.0,0.0,5.0,5.0,0.0,0.0,4.0,0.0,0.0,0.0,6.6571428571428575,0.0,0.0,1.0698365527488856,0.0,2.0059435364041605,31.693907875185733,0.1337295690936107,0.0,0.0,0.0,0.6686478454680534,0.0,0.5349182763744428,0.0,0.0,0.0,1.0,0.0,70.042194092827,0.7889800703399765,2.1721953866192005,-0.7489970570337485,1.1508382862811044,0.5521162115605521,69.58298765868828,0.1852340973279241,30.97357696571189,1.0295352448366497,0.25447212417284437,14,,,,,,,,,,,,,,,,,,,,,,,,,,,SYN-GK20
270774,Raúl Rangel,16,Mexico,GK,451.0,0.0,0.0,0.0,3.0,0.0,8.0,138.0,104.0,0.0,0.0,0.0,0.0,3.0,2.0,0.0,0.0,0.0,1.0,0.0,0.0,7.220000000000001,0.0,0.0,0.5986696230598669,0.0,1.5964523281596452,27.53880266075388,0.0,0.0,0.0,0.0,0.5986696230598669,0.0,0.0,0.19955654101995565,0.0,0.0,0.6666666666666666,0.0,75.3623188405797,0.7147385103011094,1.9380073926880794,-1.0596772033551354,0.8425753695685929,1.2173841225669435,73.22392653801897,0.7711758149235348,27.750334630352206,-0.07405334052742056,0.2137073484019806,15,,,,,,,,,,,,,,,,,,,,,,,,,,,SYN-GK20
280,Alisson,6,Brazil,GK,450.0,0.0,0.0,0.0,4.0,0.0,14.0,109.0,85.0,0.0,0.0,0.0,0.0,1.0,1.0,1.0,1.0,0.0,0.0,0.0,0.0,7.12,0.0,0.0,0.8,0.0,2.8000000000000003,21.8,0.0,0.0,0.0,0.0,0.2,0.2,0.0,0.0,0.0,0.0,1.0,1.0,77.98165137614679,0.7142857142857143,2.7982264520415527,0.0815127387175858,0.9867699336472733,0.906195162681236,75.09148407564219,1.0717246314707478,23.651525637701972,-1.4774224785701033,0.14550251357486654,16,,,,,,,,,,,,,,,,,,,,,,,,,,,SYN-GK20
44411,Mohammed Al-Owais,23,Saudi Arabia,GK,270.0,0.0,0.0,0.0,5.0,0.0,16.0,85.0,48.0,0.0,0.0,0.0,0.0,2.0,2.0,0.0,0.0,1.0,0.0,0.0,0.0,7.366666666666667,0.0,0.0,1.6666666666666665,0.0,5.333333333333333,28.333333333333332,0.0,0.0,0.0,0.0,0.6666666666666666,0.0,0.3333333333333333,0.0,0.0,0.0,1.0,0.0,56.470588235294116,0.6,4.317517032858174,1.8706947368890219,1.5814779071061824,-0.37725513157141377,61.02877927092875,-1.1914074013384854,28.312135892782763,0.11829876829790016,0.10508274306925568,17,,,,,,,,,,,,,,,,,,,,,,,,,,,SYN-GK20
2701,Yassine Bounou,31,Morocco,GK,570.0,0.0,0.0,0.0,6.0,0.0,15.0,189.0,120.0,0.0,0.0,0.0,0.0,7.0,6.0,0.0,0.0,4.0,0.0,0.0,0.0,6.783333333333334,0.0,0.0,0.9473684210526315,0.0,2.3684210526315788,29.842105263157894,0.0,0.0,0.0,0.0,1.1052631578947367,0.0,0.631578947368421,0.0,0.0,0.0,0.8571428571428571,0.0,63.492063492063494,0.76,2.470510219714904,-0.3532445061012175,1.0688867442637096,0.7289773525083305,64.54182405181962,-0.6260478715229533,29.467281535669656,0.5138028642630458,0.06587195978680138,18,,,,,,,,,,,,,,,,,,,,,,,,,,,SYN-GK20
730,Thibaut Courtois,1,Belgium,GK,551.0,0.0,0.0,0.0,6.0,0.0,14.0,165.0,116.0,0.0,0.0,0.0,0.0,2.0,2.0,0.0,0.0,0.0,0.0,0.0,0.0,7.016666666666667,0.0,0.0,0.9800362976406534,0.0,2.2867513611615244,26.950998185117967,0.0,0.0,0.0,0.0,0.32667876588021777,0.0,0.0,0.0,0.0,0.0,1.0,0.0,70.3030303030303,0.7537619699042407,2.411604192593951,-0.4313908398134909,1.096669026262356,0.66901989507122,69.70295697039428,0.20454093737372558,27.278332628936038,-0.23565956396198343,0.0516276071673678,19,,,,,,,,,,,,,,,,,,,,,,,,,,,SYN-GK20
269174,Mostafa Shobeir,32,Egypt,GK,480.0,0.0,0.0,0.0,7.0,0.0,14.0,132.0,101.0,0.0,0.0,0.0,1.0,12.0,12.0,0.0,0.0,5.0,0.0,1.0,0.0,7.459999999999999,0.0,0.0,1.3125,0.0,2.625,24.75,0.0,0.0,0.0,0.1875,2.25,0.0,0.9375,0.0,0.1875,0.0,1.0,0.0,76.51515151515152,0.7272727272727273,2.6710343405851185,-0.08722376709079281,1.3510076639360336,0.12012696958456671,74.1563099631231,0.9212256684557163,25.71281992689734,-0.7716670273969594,0.0456154608881327,20,,,,,,,,,,,,,,,,,,,,,,,,,,,SYN-GK20
2194,Ramy Bensebaini,1532,Algeria,CB,360.0,1.0,0.0,0.0,0.0,0.0,0.0,390.0,361.0,0.0,10.0,0.0,7.0,30.0,21.0,1.0,1.0,5.0,1.0,0.0,0.0,6.825,0.25,0.0,0.0,0.0,0.0,97.5,0.0,2.5,0.0,1.75,7.5,0.25,1.25,0.25,0.0,0.0,0.7,1.0,92.56410256410257,0.6666666666666666,,,,,91.26511905088003,0.6965254149133482,84.2439252001844,1.9133334796510024,0.9146723001191255,1,1.4842929779988743,1.5210004048884878,2.0793545915966907,1.8609930729356068,0.20219922734696405,-1.5266813541188775,0.6645681455390919,1.1912591843039555,0.041331011159471145,0.7462758982603556,,,,,,,,,,,,,,,,,SYN-CB20
355994,Alexander Freeman,2384,USA,CB,373.0,4.0,1.0,1.0,0.0,1.0,0.0,262.0,232.0,4.0,14.0,2.0,8.0,53.0,37.0,13.0,9.0,1.0,1.0,0.0,0.0,7.26,0.9651474530831099,0.24128686327077747,0.0,0.24128686327077747,0.0,63.2171581769437,0.9651474530831099,3.3780160857908847,0.48257372654155495,1.9302949061662198,12.788203753351207,2.1715817694369974,0.24128686327077747,0.24128686327077747,0.0,0.25,0.6981132075471698,0.6923076923076923,88.54961832061069,0.674502712477396,,,,,88.58787522239798,-0.08387400724091491,61.43168102730485,0.34694274752526283,0.8213024442170581,2,1.612148658443747,1.8822454018609318,2.681467413132392,1.9438456505316994,0.5229431876444134,-0.2792423145526008,0.6641284358159204,1.1838092258401183,0.040359396068923,0.755390405554911,,,,,,,,,,,,,,,,,SYN-CB20
30776,Cristian Romero,26,Argentina,CB,541.0,3.0,1.0,1.0,0.0,0.0,0.0,391.0,375.0,0.0,14.0,3.0,10.0,49.0,32.0,2.0,2.0,3.0,9.0,1.0,0.0,7.25,0.49907578558225507,0.16635859519408502,0.0,0.0,0.0,65.04621072088725,0.0,2.3290203327171906,0.49907578558225507,1.6635859519408502,8.151571164510166,0.33271719038817005,0.49907578558225507,1.497227356746765,0.16635859519408502,0.3333333333333333,0.6530612244897959,1.0,95.9079283887468,0.7503467406380028,,,,,94.10024496908504,1.500007839903323,63.220138152703996,0.532480568341823,0.7886617800634096,3,1.4861556284596285,1.5262631601897354,2.05665947220834,1.8116535312169584,0.525918977485937,-0.2676382068441148,0.6382426089321627,0.7452282144967701,0.15578189462706576,-0.32736264686062805,,,,,,,,,,,,,,,,,SYN-CB20
1149,Dayot Upamecano,2,France,CB,616.0,2.0,1.0,0.0,0.0,0.0,0.0,432.0,397.0,3.0,14.0,5.0,13.0,57.0,31.0,3.0,2.0,4.0,6.0,0.0,0.0,7.271428571428571,0.2922077922077922,0.0,0.0,0.0,0.0,63.116883116883116,0.4383116883116883,2.0454545454545454,0.7305194805194805,1.8993506493506493,8.327922077922077,0.2922077922077922,0.5844155844155844,0.8766233766233766,0.0,0.5,0.543859649122807,0.6666666666666666,91.89814814814815,0.7738693467336684,,,,,91.1675208839919,0.6680761746041459,61.899145236306005,0.39543834152976254,0.7310941467185763,4,1.6853243820595378,2.0889969827376254,1.8628787430429812,1.3903712190458286,0.7024969632755785,0.4209285519567775,0.5551310834808528,-0.6629221625574566,0.028038625660947766,0.8167699197133508,,,,,,,,,,,,,,,,,SYN-CB20
38695,Jan Paul van Hecke,1118,Netherlands,CB,390.0,3.0,2.0,1.0,0.0,0.0,0.0,372.0,344.0,2.0,9.0,2.0,4.0,35.0,23.0,0.0,0.0,2.0,4.0,0.0,0.0,7.699999999999999,0.6923076923076923,0.23076923076923078,0.0,0.0,0.0,85.84615384615385,0.46153846153846156,2.076923076923077,0.46153846153846156,0.9230769230769231,8.076923076923077,0.0,0.46153846153846156,0.9230769230769231,0.0,0.6666666666666666,0.6571428571428571,0.0,92.47311827956989,0.6842105263157895,,,,,91.27123419900097,0.6983079414091421,76.96792913701681,1.9133334796510024,0.7151461815794898,5,0.9324880844199862,-0.03807586310910673,1.8120201394073914,1.2798038255507145,0.5073466364339659,-0.3400611457756712,0.6371096717137262,0.7260329709651777,0.039155694782656875,0.76668206236517,,,,,,,,,,,,,,,,,SYN-CB20
22224,Gabriel Magalhães,6,Brazil,CB,450.0,0.0,0.0,0.0,0.0,1.0,0.0,430.0,412.0,3.0,5.0,2.0,4.0,30.0,23.0,0.0,0.0,3.0,1.0,0.0,0.0,7.4,0.0,0.0,0.0,0.2,0.0,86.0,0.6000000000000001,1.0,0.4,0.8,6.0,0.0,0.6000000000000001,0.2,0.0,0.0,0.7666666666666667,0.0,95.81395348837209,0.7142857142857143,,,,,93.77201021296149,1.4272681263089075,77.92336445730092,1.9133334796510024,0.6500558600669905,6,0.8436796954276065,-0.28899616716640203,1.0680182213685918,-0.33766788921240903,0.4590279091545406,-0.5284802699569477,0.717248886652555,1.5632696828713593,0.035426580993832404,0.8016640579734232,,,,,,,,,,,,,,,,,SYN-CB20
257,Marquinhos,6,Brazil,CB,450.0,1.0,0.0,0.0,0.0,0.0,0.0,389.0,368.0,1.0,5.0,3.0,3.0,18.0,13.0,0.0,0.0,2.0,0.0,0.0,0.0,7.340000000000001,0.2,0.0,0.0,0.0,0.0,77.80000000000001,0.2,1.0,0.6000000000000001,0.6000000000000001,3.6,0.0,0.4,0.0,0.0,0.0,0.7222222222222222,0.0,94.60154241645245,0.7142857142857143,,,,,92.90600230444745,1.1748323697313827,72.06622160015807,1.4501894819596275,0.567276761571277,7,0.7008225525704637,-0.6926264787752131,1.0680182213685918,-0.33766788921240903,0.6018850520116835,0.02859188934315755,0.6855028549065233,1.5459538999789706,0.035426580993832404,0.8016640579734232,,,,,,,,,,,,,,,,,SYN-CB20
69260,Pico,1533,Cape Verde Islands,CB,390.0,2.0,0.0,0.0,0.0,0.0,0.0,182.0,152.0,0.0,7.0,8.0,7.0,27.0,19.0,0.0,0.0,3.0,0.0,0.0,0.0,7.25,0.46153846153846156,0.0,0.0,0.0,0.0,42.0,0.0,1.6153846153846154,1.8461538461538463,1.6153846153846154,6.230769230769231,0.0,0.6923076923076923,0.0,0.0,0.0,0.7037037037037037,0.0,83.51648351648352,0.6842105263157895,,,,,85.14301041373135,-1.0880300267571725,46.96792913701681,-1.1535533887500342,0.5371794809249719,8,1.406172294946302,1.3002772753832674,1.4962306657231805,0.5932726095417961,1.4547150574865977,2.075817716739174,0.6689670930448318,1.265790117952602,0.039155694782656875,0.76668206236517,,,,,,,,,,,,,,,,,SYN-CB20
1567,Aïssa Mandi,1532,Algeria,CB,360.0,0.0,0.0,0.0,0.0,0.0,0.0,392.0,362.0,3.0,5.0,1.0,4.0,23.0,16.0,0.0,0.0,5.0,0.0,0.0,0.0,6.725,0.0,0.0,0.0,0.0,0.0,98.0,0.75,1.25,0.25,1.0,5.75,0.0,1.25,0.0,0.0,0.0,0.6956521739130435,0.0,92.34693877551021,0.6666666666666666,,,,,91.12034319181846,0.6543241796162278,84.57725853351775,1.9133334796510024,0.5333747375773337,9,0.9842929779988743,0.10829431425764853,1.2460212582633572,0.049313475134295494,0.36886589401363074,-0.8800675091867157,0.6616695948144543,1.1421493253085213,0.041331011159471145,0.7462758982603556,,,,,,,,,,,,,,,,,SYN-CB20
14701,Josip Šutalo,3,Croatia,CB,360.0,1.0,0.0,0.0,0.0,0.0,0.0,268.0,240.0,0.0,5.0,2.0,6.0,21.0,15.0,2.0,2.0,1.0,2.0,0.0,0.0,6.775,0.25,0.0,0.0,0.0,0.0,67.0,0.0,1.25,0.5,1.5,5.25,0.5,0.25,0.5,0.0,0.0,0.7142857142857143,1.0,89.55223880597015,0.6666666666666666,,,,,89.25720987879176,0.11123275648395839,63.91059186685108,0.6041095023980193,0.5262143095037499,10,1.3176263113322075,1.0500983746782078,1.2460212582633572,0.049313475134295494,0.5355325606802974,-0.23014999000325975,0.6740919550629015,1.3526201495746726,0.041331011159471145,0.7462758982603556,,,,,,,,,,,,,,,,,SYN-CB20
61837,Abdülkerim Bardakcı,777,Türkiye,CB,266.0,1.0,1.0,0.0,0.0,0.0,0.0,241.0,225.0,2.0,8.0,0.0,2.0,37.0,22.0,3.0,3.0,3.0,1.0,0.0,0.0,7.133333333333333,0.3383458646616541,0.0,0.0,0.0,0.0,81.54135338345864,0.6766917293233082,2.706766917293233,0.0,0.6766917293233082,12.518796992481203,1.0150375939849623,1.0150375939849623,0.3383458646616541,0.0,1.0,0.5945945945945946,1.0,93.3609958506224,0.5964125560538116,,,,,91.46661941852882,0.7552614810138896,71.9321067446179,1.436276160984433,0.4260558065373919,11,0.788157417308054,-0.44586948809678434,2.1140167700946475,1.9363491868557217,0.24481520799856638,-1.3638037938342145,0.5942353380118203,-0.00038263554004658713,0.05004203144868705,0.6645597343787445,,,,,,,,,,,,,,,,,SYN-CB20
135068,Emmanuel Agbadou,1501,Ivory Coast,CB,270.0,3.0,1.0,0.0,0.0,0.0,0.0,160.0,141.0,0.0,8.0,0.0,4.0,24.0,18.0,1.0,1.0,0.0,0.0,0.0,0.0,6.833333333333333,1.0,0.0,0.0,0.0,0.0,53.33333333333333,0.0,2.6666666666666665,0.0,1.3333333333333333,8.0,0.3333333333333333,0.0,0.0,0.0,0.3333333333333333,0.75,1.0,88.125,0.6,,,,,88.34186080977399,-0.1555856322378204,55.09271024022129,-0.3106737026274536,0.42192155177824286,12,1.181151573598649,0.664500988251319,2.0952255099160286,1.8954966956366257,0.24263907281635688,-1.3722896441083912,0.6874817746469104,1.5632696828713593,0.04959721339136537,0.668732474662061,,,,,,,,,,,,,,,,,SYN-CB20
126949,Chris Richards,2384,USA,CB,360.0,1.0,0.0,0.0,0.0,0.0,0.0,299.0,284.0,0.0,5.0,4.0,4.0,36.0,22.0,0.0,0.0,3.0,8.0,1.0,0.0,7.025,0.25,0.0,0.0,0.0,0.0,74.75,0.0,1.25,1.0,1.0,9.0,0.0,0.75,2.0,0.25,0.0,0.6111111111111112,0.0,94.98327759197325,0.6666666666666666,,,,,92.87790240279382,1.1666414284432596,69.07725853351775,1.1401089740123875,0.41487017502658985,13,0.9842929779988743,0.10829431425764853,1.2460212582633572,0.049313475134295494,0.8688658940136307,1.0696850483636517,0.6053088862798328,0.18723540039728195,0.20799767782613782,-0.8171874154223961,,,,,,,,,,,,,,,,,SYN-CB20
25916,Moussa Niakhaté,13,Senegal,CB,390.0,1.0,0.0,0.0,0.0,1.0,0.0,303.0,277.0,2.0,2.0,5.0,4.0,24.0,15.0,2.0,1.0,6.0,3.0,0.0,0.0,7.075,0.23076923076923078,0.0,0.0,0.23076923076923078,0.0,69.92307692307693,0.46153846153846156,0.46153846153846156,1.153846153846154,0.9230769230769231,5.538461538461538,0.23076923076923078,1.3846153846153846,0.6923076923076923,0.0,0.0,0.625,0.5,91.41914191419141,0.6842105263157895,,,,,90.55009247532095,0.4880997495126636,66.07319229491155,0.8284616353180357,0.39751450587799714,14,0.9324880844199862,-0.03807586310910673,0.7067569815126542,-1.1230554304804987,0.9810308469602818,1.5070728561141509,0.6151171905107188,0.3534165314255655,0.039155694782656875,0.76668206236517,,,,,,,,,,,,,,,,,SYN-CB20
48119,Odilon Kossounou,1501,Ivory Coast,CB,280.0,0.0,0.0,0.0,0.0,0.0,0.0,150.0,142.0,0.0,5.0,2.0,3.0,13.0,9.0,1.0,1.0,1.0,0.0,0.0,0.0,6.775,0.0,0.0,0.0,0.0,0.0,48.214285714285715,0.0,1.6071428571428572,0.6428571428571429,0.9642857142857144,4.178571428571429,0.32142857142857145,0.32142857142857145,0.0,0.0,0.0,0.6923076923076923,1.0,94.66666666666667,0.6086956521739131,,,,,92.31903050231513,1.003733850301932,51.938520887173,-0.6378950884220755,0.39211720643132136,15,0.9598221915638959,0.03915425617920765,1.46272060752655,0.5204212230346318,0.6286686581899144,0.13303469863601236,0.653723809646225,1.0075246710277035,0.048519013100248726,0.6788468342618386,,,,,,,,,,,,,,,,,SYN-CB20
1411,Hannes Delcroix,2386,Haiti,CB,270.0,0.0,0.0,0.0,0.0,0.0,0.0,153.0,145.0,0.0,5.0,2.0,5.0,19.0,10.0,0.0,0.0,2.0,1.0,0.0,0.0,6.3999999999999995,0.0,0.0,0.0,0.0,0.0,51.0,0.0,1.6666666666666665,0.6666666666666666,1.6666666666666665,6.333333333333333,0.0,0.6666666666666666,0.3333333333333333,0.0,0.0,0.5263157894736842,0.0,94.77124183006536,0.6,,,,,92.3296059078132,1.0068165132450464,53.69271024022129,-0.4559122691294112,0.36191239491427696,16,1.381151573598649,1.2295834245036545,1.4952255099160285,0.5910873852196815,0.6426390728163568,0.18751240193190277,0.553271248331121,-0.6944331660329964,0.04959721339136537,0.668732474662061,,,,,,,,,,,,,,,,,SYN-CB20
47254,Mathías Olivera,7,Uruguay,CB,270.0,0.0,0.0,0.0,0.0,0.0,0.0,229.0,211.0,5.0,8.0,3.0,2.0,34.0,19.0,4.0,2.0,0.0,3.0,1.0,0.0,7.1000000000000005,0.0,0.0,0.0,0.0,0.0,76.33333333333333,1.6666666666666665,2.6666666666666665,1.0,0.6666666666666666,11.333333333333332,0.6666666666666666,0.0,1.0,0.3333333333333333,0.0,0.5588235294117647,0.5,92.13973799126637,0.6,,,,,90.75070360453381,0.5465766083067297,68.89271024022129,1.1209635957489872,0.3561992901710029,17,0.7811515735986491,-0.46566388425335253,2.0952255099160286,1.8954966956366257,0.8426390728163569,0.9674134249520502,0.5727758922939692,-0.36396790743677926,0.24959721339136537,-1.207423501757241,,,,,,,,,,,,,,,,,SYN-CB20
204043,Arthur Theate,1,Belgium,CB,227.0,4.0,1.0,0.0,0.0,0.0,0.0,166.0,155.0,2.0,1.0,1.0,3.0,10.0,8.0,0.0,0.0,0.0,1.0,0.0,0.0,6.933333333333334,1.5859030837004404,0.0,0.0,0.0,0.0,65.81497797356828,0.7929515418502202,0.3964757709251101,0.3964757709251101,1.1894273127753303,3.964757709251101,0.0,0.0,0.3964757709251101,0.0,0.25,0.8,0.0,93.37349397590361,0.5577395577395577,,,,,91.29206510301822,0.7043800164607544,62.240097317197986,0.43080933544019884,0.3302669363037195,18,1.0848113221606686,0.39230006829263586,0.7686768537155109,-0.9884406674784427,0.4894043802637852,-0.41002706548773876,0.7087636329019894,1.5632696828713593,0.054837213823376946,0.6195771840272698,,,,,,,,,,,,,,,,,SYN-CB20
16813,Hamdy Fathy,32,Egypt,CB,241.0,0.0,0.0,0.0,0.0,0.0,0.0,132.0,119.0,2.0,11.0,2.0,3.0,26.0,19.0,1.0,0.0,2.0,3.0,1.0,0.0,6.75,0.0,0.0,0.0,0.0,0.0,49.29460580912863,0.7468879668049793,4.1078838174273855,0.7468879668049793,1.120331950207469,9.709543568464731,0.0,0.7468879668049793,1.120331950207469,0.37344398340248963,0.0,0.7307692307692307,0.0,90.15151515151516,0.5724465558194775,,,,,89.51687058411746,0.18692218836780658,52.90194681258808,-0.5379475167519981,0.3135171686604227,19,1.0487368363881047,0.2903747767580827,2.8808823740195084,1.9438456505316994,0.6869063723690275,0.36013296296923875,0.6721667059536681,1.3200008438361612,0.26679037060834776,-1.3687087250880319,,,,,,,,,,,,,,,,,SYN-CB20
278898,Chadi Riad,31,Morocco,CB,345.0,1.0,0.0,0.0,0.0,1.0,0.0,229.0,214.0,1.0,2.0,3.0,4.0,15.0,10.0,3.0,2.0,1.0,0.0,0.0,0.0,6.75,0.2608695652173913,0.0,0.0,0.2608695652173913,0.0,59.73913043478261,0.2608695652173913,0.5217391304347826,0.7826086956521738,1.0434782608695652,3.9130434782608696,0.5217391304347826,0.2608695652173913,0.0,0.0,0.0,0.6666666666666666,0.6666666666666666,93.44978165938865,0.6571428571428571,,,,,91.81002292740453,0.855361403569056,59.05089449161825,0.09995558781791766,0.3125559942362529,20,1.0124156345131277,0.18775241054245814,0.767336151356596,-0.9913553752108868,0.7222620624140201,0.4980026571476036,0.641651044935447,0.8029770094698793,0.04251189719259889,0.7351982663177421,,,,,,,,,,,,,,,,,SYN-CB20
9,Achraf Hakimi,31,Morocco,FB,570.0,11.0,4.0,1.0,0.0,2.0,0.0,400.0,357.0,17.0,12.0,1.0,5.0,85.0,42.0,20.0,10.0,16.0,7.0,1.0,0.0,7.083333333333333,1.7368421052631577,0.15789473684210525,0.0,0.3157894736842105,0.0,63.1578947368421,2.6842105263157894,1.894736842105263,0.15789473684210525,0.7894736842105263,13.421052631578947,1.5789473684210527,2.526315789473684,1.1052631578947367,0.15789473684210525,0.36363636363636365,0.49411764705882355,0.5,89.25,0.76,,,,,88.00300663226648,0.9048747387926965,,,0.8053319665598292,1,0.8342899552457586,-0.38768435314548694,1.9579236440834196,-0.2839132052717834,,,0.5071878229386895,-0.7822131037632627,,,2.2424222908239173,2.0690930945706896,0.26045138327030937,2.084359797793267,1.3554301899446894,2.0328067969426837,,,,,,,,,,,SYN-FB20
753,Marcos Llorente,9,Spain,FB,193.0,0.0,0.0,0.0,0.0,1.0,0.0,139.0,130.0,4.0,7.0,0.0,1.0,18.0,11.0,1.0,1.0,1.0,2.0,0.0,0.0,7.233333333333333,0.0,0.0,0.0,0.46632124352331605,0.0,64.81865284974093,1.8652849740932642,3.2642487046632125,0.0,0.46632124352331605,8.393782383419689,0.46632124352331605,0.46632124352331605,0.9326424870466321,0.0,0.0,0.6111111111111112,1.0,93.5251798561151,0.517426273458445,,,,,88.9547310628152,1.1319722709619964,,,0.7735808213275979,2,0.7123792665799433,-0.7267272079541148,2.7304094720176,0.9661075231407926,,,0.5809336536861451,0.5702054759591205,,,1.3721627831580112,1.564067345117611,0.28240894759445584,2.0972220340641883,0.5538140548485713,-0.1877816919964092,,,,,,,,,,,SYN-FB20
21138,Rayan Aït-Nouri,1532,Algeria,FB,284.0,1.0,0.0,0.0,0.0,0.0,0.0,184.0,162.0,1.0,16.0,0.0,5.0,45.0,29.0,16.0,9.0,4.0,6.0,0.0,0.0,6.575,0.31690140845070425,0.0,0.0,0.0,0.0,58.30985915492958,0.31690140845070425,5.070422535211268,0.0,1.5845070422535212,14.260563380281692,2.852112676056338,1.267605633802817,1.9014084507042255,0.0,0.0,0.6444444444444445,0.5625,88.04347826086956,0.6120689655172413,,,,,86.49591120751468,0.5452563022800971,,,0.7498383790981091,3,1.3485290224877562,1.0424534249273045,3.940609338496907,2.047328167898676,,,0.6072543762989437,1.0528989914090912,,,0.5211567200817633,-0.9069912657591438,0.03305719278606041,-0.5796859601663733,1.9969237984019763,2.0476089930971124,,,,,,,,,,,SYN-FB20
280074,Nathaniel Brown,25,Germany,FB,283.0,2.0,2.0,1.0,0.0,1.0,0.0,122.0,105.0,5.0,13.0,2.0,2.0,27.0,16.0,2.0,1.0,1.0,4.0,0.0,0.0,7.433333333333334,0.6360424028268551,0.31802120141342755,0.0,0.31802120141342755,0.0,38.79858657243816,1.5901060070671378,4.134275618374558,0.6360424028268551,0.6360424028268551,8.586572438162543,0.31802120141342755,0.31802120141342755,1.2720848056537102,0.0,1.0,0.5925925925925926,0.5,86.06557377049181,0.6112311015118791,,,,,85.28361198973874,0.2559812224663366,,,0.6737111314564236,4,0.7682882644369738,-0.5712400521486175,3.365967026053056,1.9945537261838961,,,0.575480587654841,0.4702021572299034,,,1.2998201255247044,1.3540066242429643,0.2275130398547128,1.698469314559413,0.4461612148132118,-0.4859950723389307,,,,,,,,,,,SYN-FB20
502,Joshua Kimmich,25,Germany,FB,353.0,3.0,1.0,0.0,0.0,2.0,0.0,340.0,311.0,8.0,6.0,0.0,4.0,30.0,17.0,1.0,1.0,7.0,0.0,0.0,0.0,7.425,0.7648725212464589,0.0,0.0,0.509915014164306,0.0,86.68555240793201,2.039660056657224,1.5297450424929178,0.0,1.019830028328612,7.64872521246459,0.254957507082153,1.7847025495750708,0.0,0.0,0.3333333333333333,0.5666666666666667,1.0,91.47058823529412,0.6622889305816135,,,,,88.96598990855287,1.1346588218164553,,,0.6147270962631121,5,1.0050984360869022,0.08734696366262648,1.7419188237571572,-0.633447776756334,,,0.5605574891441295,0.1965287103603667,,,1.6356786456246495,2.0690930945706896,0.36648881323214266,2.0972220340641883,0.3875659333180433,-0.6483121738762088,,,,,,,,,,,SYN-FB20
46601,Khuliso Mudau,1531,South Africa,FB,367.0,0.0,0.0,0.0,0.0,0.0,0.0,161.0,150.0,1.0,10.0,0.0,11.0,33.0,23.0,4.0,3.0,10.0,4.0,0.0,0.0,6.825,0.0,0.0,0.0,0.0,0.0,39.48228882833788,0.2452316076294278,2.452316076294278,0.0,2.697547683923706,8.092643051771118,0.7356948228882834,2.452316076294278,0.9809264305177112,0.0,0.0,0.696969696969697,0.75,93.16770186335404,0.6709323583180987,,,,,90.16874142239632,1.2492449430379724,,,0.5923388417391093,6,2.131110541927457,2.274359070250531,2.3554711756171205,0.35939005930114326,,,0.6481383677666663,1.8026670679734342,,,0.4420780952795944,-1.1366111535979257,0.02804120192455581,-0.6384510022639693,0.7067141544031391,0.23577290747257904,,,,,,,,,,,SYN-FB20
81,Krépin Diatta,13,Senegal,FB,390.0,1.0,0.0,0.0,0.0,0.0,0.0,261.0,234.0,3.0,13.0,0.0,3.0,46.0,31.0,8.0,7.0,6.0,4.0,0.0,0.0,6.75,0.23076923076923078,0.0,0.0,0.0,0.0,60.23076923076923,0.6923076923076923,3.0,0.0,0.6923076923076923,10.615384615384617,1.6153846153846154,1.3846153846153846,0.9230769230769231,0.0,0.0,0.6739130434782609,0.875,89.65517241379311,0.6842105263157895,,,,,87.88644248347222,0.8770605630913038,,,0.5498020105341765,7,0.7819604674286296,-0.533216620532044,2.7341100580044997,0.9720957355113268,,,0.6343331497140516,1.5494943366849045,,,0.7400293300314704,-0.27145284721225427,0.026909714829354434,-0.6517069847045853,1.3097765657166967,1.9063398909005844,,,,,,,,,,,SYN-FB20
2920,Timothy Castagne,1,Belgium,FB,478.0,3.0,1.0,0.0,0.0,1.0,0.0,222.0,193.0,8.0,14.0,1.0,8.0,39.0,23.0,1.0,0.0,2.0,7.0,1.0,0.0,6.933333333333334,0.5648535564853556,0.0,0.0,0.18828451882845187,0.0,41.79916317991631,1.506276150627615,2.6359832635983262,0.18828451882845187,1.506276150627615,7.343096234309623,0.0,0.37656903765690375,1.3179916317991631,0.18828451882845187,0.3333333333333333,0.5897435897435898,0.0,86.93693693693693,0.7264437689969605,,,,,86.14834472652844,0.4623210664458802,,,0.5495562593414124,8,1.3612727453409101,1.0778946829852194,2.5052321171163596,0.6017301442723627,,,0.5784821341609782,0.525247265836816,,,1.3249494196321248,1.4269743283330254,0.16008896269412162,0.908559834631612,0.17716207060564904,-1.1558335071150285,,,,,,,,,,,SYN-FB20
47519,Pedro Porro,9,Spain,FB,444.0,7.0,3.0,2.0,0.0,0.0,0.0,262.0,233.0,9.0,12.0,1.0,6.0,44.0,27.0,5.0,3.0,6.0,7.0,0.0,0.0,7.62,1.418918918918919,0.40540540540540543,0.0,0.0,0.0,53.10810810810811,1.8243243243243243,2.4324324324324325,0.20270270270270271,1.2162162162162162,8.91891891891892,0.6081081081081081,1.2162162162162162,1.418918918918919,0.0,0.42857142857142855,0.6136363636363636,0.6,88.93129770992367,0.7115384615384616,,,,,87.52444095738136,0.7906808815595844,,,0.5464045200368062,9,1.1469831192857676,0.48193900946123347,2.353273610677187,0.35583400477222654,,,0.5948691567869121,0.825767493774024,,,1.541372945701824,2.055401364161234,0.024580989507583376,-0.6789892596022244,0.6195074398373671,-0.005801853868434544,,,,,,,,,,,SYN-FB20
855,João Cancelo,27,Portugal,FB,314.0,2.0,0.0,0.0,0.0,1.0,0.0,161.0,140.0,3.0,7.0,3.0,5.0,33.0,16.0,7.0,5.0,2.0,6.0,0.0,0.0,6.840000000000001,0.5732484076433121,0.0,0.0,0.28662420382165604,0.0,46.146496815286625,0.8598726114649682,2.006369426751592,0.8598726114649682,1.4331210191082802,9.45859872611465,1.4331210191082802,0.5732484076433121,1.7197452229299364,0.0,0.0,0.48484848484848486,0.7142857142857143,86.95652173913044,0.6356275303643725,,,,,85.8989935228478,0.4028216555011939,,,0.48298252875856384,10,1.2666345474378924,0.8146986897369232,2.061624965713694,-0.11610585280774892,,,0.508069296807514,-0.7660478287144193,,,0.8538799961901582,0.05913430271769115,0.21323590577476118,1.5312049776802756,1.146908183114407,1.4551717571960314,,,,,,,,,,,SYN-FB20
33321,Keito Nakamura,12,Japan,FB,310.0,4.0,2.0,1.0,0.0,1.0,0.0,108.0,95.0,4.0,4.0,0.0,1.0,18.0,12.0,6.0,5.0,1.0,3.0,0.0,0.0,7.275,1.1612903225806452,0.2903225806451613,0.0,0.2903225806451613,0.0,31.35483870967742,1.1612903225806452,1.1612903225806452,0.0,0.2903225806451613,5.225806451612904,1.4516129032258065,0.2903225806451613,0.870967741935484,0.0,0.5,0.6666666666666666,0.8333333333333334,87.96296296296296,0.6326530612244898,,,,,86.52708876064975,0.5526957933226551,,,0.48067337101923024,11,0.5422805437435079,-1.1997846340166909,1.5274341491072752,-0.9805224796750577,,,0.6232866837697028,1.3469141279871617,,,1.0445239145264045,0.6127053246598199,0.2149766070463919,1.5515982332365736,1.1562706988949327,1.48110723162015,,,,,,,,,,,SYN-FB20
19549,Antonee Robinson,2384,USA,FB,349.0,0.0,0.0,0.0,0.0,0.0,0.0,195.0,160.0,3.0,12.0,2.0,6.0,41.0,24.0,9.0,6.0,1.0,4.0,1.0,0.0,7.05,0.0,0.0,0.0,0.0,0.0,50.286532951289395,0.7736389684813754,3.0945558739255015,0.5157593123209169,1.5472779369627507,10.573065902578795,1.5472779369627507,0.25787965616045844,1.0315186246418337,0.25787965616045844,0.0,0.5853658536585366,0.6666666666666666,82.05128205128206,0.6597353497164461,,,,,82.73280228751851,-0.3526850782124565,,,0.4496840723909344,12,1.3529630745450263,1.054784859392316,2.775884183483109,1.0396937688619385,,,0.5728478096546634,0.4219198631986934,,,0.7973851004119813,-0.10490941534773568,0.028995344901194757,-0.6272727019565213,1.2411581142883121,1.716257210800306,,,,,,,,,,,SYN-FB20
24866,Douglas Santos,6,Brazil,FB,442.0,2.0,0.0,0.0,0.0,0.0,0.0,242.0,220.0,3.0,18.0,0.0,6.0,29.0,21.0,0.0,0.0,2.0,3.0,1.0,0.0,7.06,0.4072398190045249,0.0,0.0,0.0,0.0,49.276018099547514,0.6108597285067874,3.665158371040724,0.0,1.2217194570135748,5.904977375565611,0.0,0.4072398190045249,0.6108597285067874,0.20361990950226244,0.0,0.7241379310344828,0.0,90.9090909090909,0.7106109324758842,,,,,88.92535877173317,1.124963545952131,,,0.418183659622132,13,1.1506711679008343,0.49219575187495973,3.229007609425345,1.7729288062888995,,,0.6733324339191786,1.822190968871967,,,0.6781619262346272,-0.4510966682352793,0.024660028059054706,-0.6780632802827261,0.18741582388829114,-1.1558335071150285,,,,,,,,,,,SYN-FB20
2878,Jorge Sánchez,16,Mexico,FB,349.0,1.0,1.0,0.0,0.0,1.0,0.0,105.0,97.0,5.0,9.0,0.0,5.0,30.0,13.0,4.0,2.0,1.0,5.0,1.0,0.0,6.7,0.25787965616045844,0.0,0.0,0.25787965616045844,0.0,27.077363896848137,1.2893982808022921,2.320916905444126,0.0,1.2893982808022921,7.736389684813753,0.5157593123209169,0.25787965616045844,1.2893982808022921,0.25787965616045844,1.0,0.43333333333333335,0.5,92.38095238095238,0.6597353497164461,,,,,89.54765095491916,1.2492449430379724,,,0.38675605053676637,14,1.1828307494032493,0.5816339827746178,2.2654872080577784,0.2137798479464743,,,0.4725465816896428,-1.4174959097878257,,,1.1376497506955352,0.8831139731352307,0.19912767004297166,1.365919376172475,0.5606288137212043,-0.1689038595215801,,,,,,,,,,,SYN-FB20
271444,Merchas Doski,1567,Iraq,FB,270.0,0.0,0.0,0.0,0.0,0.0,0.0,114.0,93.0,2.0,13.0,1.0,5.0,34.0,22.0,3.0,1.0,8.0,3.0,1.0,0.0,6.3999999999999995,0.0,0.0,0.0,0.0,0.0,38.0,0.6666666666666666,4.333333333333333,0.3333333333333333,1.6666666666666665,11.333333333333332,0.3333333333333333,2.6666666666666665,1.0,0.3333333333333333,0.0,0.6470588235294118,0.3333333333333333,81.57894736842105,0.6,,,,,82.56904614149676,-0.39176006194241547,,,0.36829226417727234,15,1.3904832587429308,1.1591313322292804,3.463206073472366,2.047328167898676,,,0.6076659794076197,1.0604473461567803,,,0.7373704847065291,-0.2791733123420039,0.03408563878384895,-0.5676371598348234,0.45905031657448236,-0.45029046292458785,,,,,,,,,,,SYN-FB20
310785,Mohannad Abu Taha,1548,Jordan,FB,265.0,0.0,0.0,0.0,0.0,0.0,0.0,80.0,52.0,3.0,9.0,1.0,7.0,29.0,18.0,6.0,4.0,1.0,2.0,1.0,0.0,6.666666666666667,0.0,0.0,0.0,0.0,0.0,27.169811320754715,1.0188679245283019,3.0566037735849054,0.33962264150943394,2.3773584905660377,9.849056603773585,1.3584905660377358,0.33962264150943394,0.6792452830188679,0.33962264150943394,0.0,0.6206896551724138,0.6666666666666666,65.0,0.5955056179775281,,,,,72.70731454876372,-2.6184894999596993,,,0.33425136984544496,16,1.8106010481670087,2.274359070250531,2.6931297372192464,0.9057822206400507,,,0.5915203752835446,0.7643544717945938,,,0.9479027373436812,0.3321472860868034,0.03446862348928545,-0.5631502871591901,1.0709497583337462,1.244756327265025,,,,,,,,,,,SYN-FB20
2691,Ramin Rezaeian,22,Iran,FB,270.0,3.0,2.0,2.0,0.0,1.0,0.0,88.0,64.0,6.0,6.0,0.0,2.0,20.0,13.0,1.0,1.0,3.0,2.0,0.0,0.0,7.6000000000000005,1.0,0.6666666666666666,0.0,0.3333333333333333,0.0,29.333333333333332,2.0,2.0,0.0,0.6666666666666666,6.666666666666666,0.3333333333333333,1.0,0.6666666666666666,0.0,0.6666666666666666,0.65,1.0,72.72727272727273,0.6,,,,,77.25804135680777,-1.6590555533976674,,,0.31137900119487594,17,0.7904832587429309,-0.5095140926424679,2.063206073472366,-0.11354733665026881,,,0.6094306852899727,1.0928101387221338,,,1.5373704847065293,2.0437794543579484,0.23408563878384894,1.7754708608990415,0.45905031657448236,-0.45029046292458785,,,,,,,,,,,SYN-FB20
353808,Deveron Fonville,5530,Curaçao,FB,243.0,0.0,0.0,0.0,0.0,0.0,0.0,59.0,51.0,1.0,5.0,0.0,4.0,23.0,14.0,7.0,5.0,3.0,2.0,0.0,0.0,6.066666666666666,0.0,0.0,0.0,0.0,0.0,21.85185185185185,0.37037037037037035,1.8518518518518516,0.0,1.4814814814814814,8.518518518518517,1.8518518518518516,1.1111111111111112,0.7407407407407407,0.0,0.0,0.6086956521739131,0.7142857142857143,86.44067796610169,0.574468085106383,,,,,85.42515300227558,0.28975529993677235,,,0.30791714556881183,18,1.2664715518541818,0.8142453866785349,1.9821341207152832,-0.2447363083758103,,,0.5831131249615805,0.6101746161395876,,,0.5716707284112013,-0.7603141965016783,0.03626131785515845,-0.542147904422183,1.3394152303983855,1.9884431255264596,,,,,,,,,,,SYN-FB20
2973,Amir Murillo,11,Panama,FB,270.0,3.0,1.0,0.0,0.0,0.0,0.0,92.0,71.0,6.0,7.0,1.0,1.0,42.0,25.0,11.0,5.0,7.0,1.0,0.0,0.0,6.8999999999999995,1.0,0.0,0.0,0.0,0.0,30.666666666666664,2.0,2.333333333333333,0.3333333333333333,0.3333333333333333,14.0,1.6666666666666665,2.333333333333333,0.3333333333333333,0.0,0.3333333333333333,0.5952380952380952,0.45454545454545453,77.17391304347827,0.6,,,,,79.92602554653108,-1.0224294398875389,,,0.26487700748167414,19,0.5904832587429308,-1.0657292342663844,2.2632060734723662,0.2100885627306801,,,0.5765735424328298,0.4902457628624748,,,1.5373704847065293,2.0437794543579484,0.03408563878384895,-0.5676371598348234,1.2590503165744824,1.7658211064093627,,,,,,,,,,,SYN-FB20
36970,Sherel Constancio Floranus,5530,Curaçao,FB,270.0,2.0,0.0,0.0,0.0,0.0,0.0,103.0,90.0,1.0,9.0,3.0,4.0,16.0,12.0,1.0,1.0,0.0,2.0,0.0,0.0,6.666666666666667,0.6666666666666666,0.0,0.0,0.0,0.0,34.33333333333333,0.3333333333333333,3.0,1.0,1.3333333333333333,5.333333333333333,0.3333333333333333,0.0,0.6666666666666666,0.0,0.0,0.75,1.0,87.37864077669903,0.6,,,,,86.04886218646354,0.4385828512467116,,,0.2633158922057453,20,1.1904832587429308,0.6029161906053643,2.663206073472366,0.8573603614925772,,,0.6694306852899726,1.822190968871967,,,0.5373704847065292,-0.8599115040169917,0.03408563878384895,-0.5676371598348234,0.45905031657448236,-0.45029046292458785,,,,,,,,,,,SYN-FB20
44,Rodri,9,Spain,DM,627.0,3.0,0.0,0.0,0.0,0.0,0.0,706.0,656.0,9.0,22.0,2.0,2.0,63.0,41.0,3.0,2.0,6.0,9.0,0.0,0.0,7.7,0.430622009569378,0.0,0.0,0.0,0.0,101.33971291866028,1.291866028708134,3.1578947368421053,0.28708133971291866,0.28708133971291866,9.043062200956937,0.28708133971291866,0.861244019138756,1.291866028708134,0.0,0.0,0.6507936507936508,0.6666666666666666,92.91784702549575,0.7769516728624535,,,,,92.24305098737301,1.0634455869453245,93.09593323077577,2.315920352517937,0.8451903400197572,1,0.4450932244394368,-1.3290951810412457,2.916496099610461,1.3078636545954923,,,0.6249237300406221,1.1395366980244621,0.03219982133431079,0.8665107847605096,1.2326265607742162,0.5521504843358208,,,,,,,,,,,,,,,SYN-DM20
328,Fabián Ruiz,9,Spain,DM,269.0,6.0,2.0,1.0,0.0,0.0,0.0,242.0,219.0,5.0,7.0,0.0,3.0,15.0,11.0,0.0,0.0,3.0,1.0,0.0,0.0,7.066666666666666,2.0074349442379185,0.3345724907063197,0.0,0.0,0.0,80.96654275092938,1.6728624535315986,2.342007434944238,0.0,1.0037174721189592,5.018587360594796,0.0,1.0037174721189592,0.3345724907063197,0.0,0.3333333333333333,0.7333333333333333,0.0,90.49586776859505,0.5991091314031181,,,,,90.25398773179566,0.13012363237196733,74.31718957068163,0.9764871758819516,0.6571623354326385,2,1.0004236795604131,0.07484611880744182,2.2352168204580005,0.24931017863583638,,,0.6537472110508454,1.5142589357249978,0.057873620972803574,0.6719545429362207,1.4136517473157961,0.9831557636700532,,,,,,,,,,,,,,,SYN-DM20
22149,Ibrahim Sangaré,1501,Ivory Coast,DM,268.0,1.0,0.0,0.0,0.0,1.0,0.0,199.0,172.0,2.0,13.0,3.0,6.0,33.0,22.0,0.0,0.0,4.0,2.0,0.0,0.0,7.5,0.3358208955223881,0.0,0.0,0.3358208955223881,0.0,66.82835820895522,0.6716417910447762,4.365671641791045,1.0074626865671643,2.0149253731343286,11.082089552238807,0.0,1.3432835820895523,0.6716417910447762,0.0,0.0,0.6666666666666666,0.0,86.4321608040201,0.5982142857142857,,,,,87.82248026183387,-1.010805042501039,65.8446832974019,0.17906444138137317,0.6001752104482858,3,1.6053353395594319,1.7519916666773803,3.4455632865750943,2.0608722165370135,,,0.6136886110755124,0.9934735310549917,0.05800280316247501,0.6708864326225041,0.8141286485374832,-0.44425677263422286,,,,,,,,,,,,,,,SYN-DM20
335051,João Neves,27,Portugal,DM,391.0,3.0,1.0,1.0,0.0,0.0,0.0,256.0,245.0,2.0,13.0,1.0,5.0,31.0,22.0,4.0,2.0,4.0,1.0,0.0,0.0,7.140000000000001,0.690537084398977,0.23017902813299232,0.0,0.0,0.0,58.925831202046034,0.46035805626598464,2.9923273657289,0.23017902813299232,1.1508951406649617,7.135549872122762,0.46035805626598464,0.9207161125319693,0.23017902813299232,0.0,0.3333333333333333,0.7096774193548387,0.5,95.703125,0.6847635726795096,,,,,93.87140794540137,1.6429865606970488,60.645215616875745,-0.310303592352469,0.5861010671530191,4,1.1019093382182583,0.35621980003377074,2.7033491285212645,0.9766816062915555,,,0.6545528932800435,1.5247332794620911,0.04550832892607497,0.774193837693649,0.638755927398936,-0.8618040217545124,,,,,,,,,,,,,,,SYN-DM20
1271,Aurélien Tchouaméni,2,France,DM,360.0,3.0,0.0,0.0,0.0,1.0,0.0,266.0,241.0,4.0,17.0,1.0,5.0,37.0,28.0,1.0,1.0,3.0,4.0,1.0,0.0,7.375,0.75,0.0,0.0,0.25,0.0,66.5,1.0,4.25,0.25,1.25,9.25,0.25,0.75,1.0,0.25,0.0,0.7567567567567568,1.0,90.6015037593985,0.6666666666666666,,,,,90.36517299112526,0.18229474521429315,65.79336688377046,0.17423459840895775,0.5746832506614317,5,1.1651670965233805,0.5316048599115062,3.5252080599734112,2.0608722165370135,,,0.6827745620881396,1.6800844337931868,0.2147875107718311,-0.6254483303700932,1.0087585824903564,0.019140231135157552,,,,,,,,,,,,,,,SYN-DM20
409,Nabil Bentaleb,1532,Algeria,DM,288.0,0.0,0.0,0.0,0.0,0.0,0.0,283.0,259.0,4.0,8.0,0.0,3.0,22.0,12.0,2.0,1.0,3.0,2.0,0.0,0.0,6.925,0.0,0.0,0.0,0.0,0.0,88.4375,1.25,2.5,0.0,0.9375,6.875,0.3125,0.9375,0.625,0.0,0.0,0.5454545454545454,0.5,91.51943462897526,0.6153846153846154,,,,,90.89369494651508,0.4302914557543905,79.18465409665824,1.4346074471681374,0.4810630153926955,6,0.9598081882962082,-0.03776220874310032,2.3367785307385516,0.4071140407694827,,,0.5413605559531454,0.05316619432602488,0.05552405089057437,0.6913813698386891,1.163952210565796,0.38864280863524425,,,,,,,,,,,,,,,SYN-DM20
271,Leandro Paredes,26,Argentina,DM,398.0,3.0,1.0,0.0,0.0,0.0,0.0,524.0,497.0,4.0,9.0,2.0,3.0,26.0,16.0,3.0,2.0,2.0,5.0,1.0,0.0,7.333333333333333,0.678391959798995,0.0,0.0,0.0,0.0,118.49246231155779,0.9045226130653267,2.035175879396985,0.45226130653266333,0.678391959798995,5.8793969849246235,0.45226130653266333,0.45226130653266333,1.1306532663316584,0.22613065326633167,0.3333333333333333,0.6153846153846154,0.6666666666666666,94.8473282442748,0.6885813148788927,,,,,93.30430571461169,1.5614148363139746,101.64086179452605,2.315920352517937,0.4761499244525073,7,0.777145730315961,-0.5442023196264782,2.0477722359613186,-0.04193619057066406,,,0.5902922284052593,0.6893067697541732,0.20066653255499795,-0.508692587867757,0.9424388140913365,-0.13876138935363375,,,,,,,,,,,,,,,SYN-DM20
1640,Hakan Çalhanoğlu,777,Türkiye,DM,180.0,5.0,2.0,0.0,0.0,0.0,0.0,191.0,169.0,7.0,4.0,0.0,1.0,16.0,7.0,0.0,0.0,1.0,2.0,0.0,0.0,7.25,2.5,0.0,0.0,0.0,0.0,95.5,3.5,2.0,0.0,0.5,8.0,0.0,0.5,1.0,0.0,0.4,0.4375,0.0,88.48167539267016,0.5,,,,,89.18709342362448,-0.370491859987772,79.9400503256557,1.5057044882477433,0.3905752794786715,8,0.7477506447850707,-0.6257015534608347,2.037812089960117,-0.057411998353566474,,,0.48615508637545257,-0.6645374406417484,0.07218126615774668,0.5536553917459258,2.263137873735535,2.392809928800953,,,,,,,,,,,,,,,SYN-DM20
7328,Nicolas Seiwald,775,Austria,DM,315.0,1.0,0.0,0.0,0.0,0.0,0.0,156.0,143.0,1.0,10.0,1.0,4.0,17.0,13.0,0.0,0.0,1.0,1.0,0.0,0.0,6.775,0.2857142857142857,0.0,0.0,0.0,0.0,44.57142857142857,0.2857142857142857,2.8571428571428568,0.2857142857142857,1.1428571428571428,4.857142857142857,0.0,0.2857142857142857,0.2857142857142857,0.0,0.0,0.7647058823529411,0.0,91.66666666666667,0.6363636363636364,,,,,91.02151931681654,0.49027008679960227,51.77458205502232,-1.1451976182152004,0.25366358194180655,9,1.089273196207324,0.3211855120256259,2.5729542472437212,0.7740775362024065,,,0.6811074424976553,1.6800844337931868,0.052495466296543045,0.7164224567646461,0.5550093627167525,-1.061197333777622,,,,,,,,,,,,,,,SYN-DM20
277003,Neil El Aynaoui,31,Morocco,DM,563.0,6.0,2.0,0.0,0.0,0.0,0.0,441.0,407.0,3.0,18.0,1.0,7.0,66.0,30.0,6.0,2.0,7.0,15.0,0.0,0.0,6.883333333333333,0.9591474245115452,0.0,0.0,0.0,0.0,70.49733570159857,0.4795737122557726,2.8774422735346357,0.15985790408525755,1.119005328596803,10.550621669626999,0.3197158081705151,1.119005328596803,2.3978685612788633,0.0,0.3333333333333333,0.45454545454545453,0.3333333333333333,92.29024943310658,0.7577388963660835,,,,,91.70937078420349,0.813028487869856,69.01536758712793,0.4774856705901666,0.23852745770641248,10,1.0890851037989575,0.3206640171262208,2.6831929372619676,0.9453634567858495,,,0.4739904737607723,-0.8226845727704583,0.034973426402138366,0.8612990188988504,0.6120183506659387,-0.9254638745555978,,,,,,,,,,,,,,,SYN-DM20
128384,Vitinha,27,Portugal,DM,381.0,1.0,0.0,0.0,0.0,0.0,0.0,400.0,380.0,2.0,2.0,1.0,2.0,24.0,14.0,7.0,5.0,5.0,4.0,0.0,0.0,7.24,0.23622047244094488,0.0,0.0,0.0,0.0,94.48818897637796,0.47244094488188976,0.47244094488188976,0.23622047244094488,0.47244094488188976,5.669291338582677,1.1811023622047243,1.1811023622047243,0.9448818897637795,0.0,0.0,0.5833333333333334,0.7142857142857143,95.0,0.679144385026738,,,,,93.36123362178999,1.5881269408427996,84.82783978116943,1.9657377189779535,0.20320290710095237,11,0.6402677934449652,-0.9237027287030457,0.9868312876749412,-1.5369651173311152,,,0.567764404804212,0.39643178816144925,0.04631952908518504,0.7674866340254212,0.6501419510602362,-0.8346948862667959,,,,,,,,,,,,,,,SYN-DM20
49,Thomas Partey,1504,Ghana,DM,270.0,2.0,0.0,0.0,0.0,0.0,0.0,152.0,136.0,1.0,4.0,1.0,6.0,17.0,11.0,3.0,1.0,5.0,2.0,0.0,0.0,6.733333333333333,0.6666666666666666,0.0,0.0,0.0,0.0,50.666666666666664,0.3333333333333333,1.3333333333333333,0.3333333333333333,2.0,5.666666666666666,0.3333333333333333,1.6666666666666665,0.6666666666666666,0.0,0.0,0.6470588235294118,0.3333333333333333,89.47368421052632,0.6,,,,,89.6412151081473,-0.1574057567557409,56.15204026052456,-0.7331961891454603,0.10549807764087359,12,1.5982005158280566,1.7322100379748813,1.6302496719680935,-0.6906715549522803,,,0.6021593632180091,0.8435865151655716,0.05774501292619735,0.6730179060929873,0.6105102989884277,-0.929054414893844,,,,,,,,,,,,,,,SYN-DM20
138908,Elliot Anderson,10,England,DM,623.0,4.0,1.0,0.0,0.0,1.0,0.0,442.0,387.0,4.0,19.0,2.0,8.0,85.0,54.0,3.0,3.0,13.0,9.0,1.0,0.0,7.328571428571428,0.5778491171749599,0.0,0.0,0.14446227929373998,0.0,63.85232744783307,0.5778491171749599,2.7447833065810596,0.28892455858747995,1.1556982343499198,12.279293739967898,0.4333868378812199,1.8780096308186196,1.3001605136436598,0.14446227929373998,0.25,0.6352941176470588,1.0,87.55656108597285,0.775840597758406,,,,,88.08018632426558,-0.8898824296983853,63.9706327736439,0.0026809197827688657,0.07097517568987559,13,1.119788582967155,0.4057908328188516,2.594784996744262,0.8079975694013474,,,0.6127696966242597,0.9815271017077996,0.14443992007072082,-0.04379704110122784,0.678368162571348,-0.7674907230820253,,,,,,,,,,,,,,,SYN-DM20
2291,Mateo Kovačić,3,Croatia,DM,271.0,4.0,4.0,0.0,0.0,1.0,0.0,205.0,197.0,1.0,5.0,1.0,2.0,19.0,9.0,1.0,1.0,3.0,3.0,0.0,0.0,6.9,1.3284132841328413,0.0,0.0,0.33210332103321033,0.0,68.08118081180812,0.33210332103321033,1.6605166051660516,0.33210332103321033,0.6642066420664207,6.3099630996309966,0.33210332103321033,0.996309963099631,0.996309963099631,0.0,1.0,0.47368421052631576,1.0,96.09756097560975,0.6008869179600886,,,,,93.62104453706081,1.6429865606970488,66.6040313020755,0.25053341913050137,0.035551595452502575,14,0.7964306698949567,-0.49073393292699574,1.8261914687043062,-0.3862224452143019,,,0.49808038170242686,-0.5095015742736799,0.057616975203522866,0.6740765536703448,0.6091566176159479,-0.9322774129153993,,,,,,,,,,,,,,,SYN-DM20
1095,Xaver Schlager,775,Austria,DM,239.0,1.0,0.0,0.0,0.0,1.0,0.0,142.0,130.0,1.0,6.0,1.0,7.0,33.0,10.0,1.0,0.0,0.0,6.0,0.0,0.0,6.45,0.37656903765690375,0.0,0.0,0.37656903765690375,0.0,53.47280334728033,0.37656903765690375,2.2594142259414225,0.37656903765690375,2.6359832635983262,12.426778242677823,0.0,0.0,2.2594142259414225,0.0,0.0,0.30303030303030304,0.0,91.54929577464789,0.5704057279236276,,,,,90.83755072068027,0.40394707558084675,58.15851579292614,-0.5443489750923741,-0.007525339967170831,15,1.9312416041112779,1.8304949392247152,2.180459074906067,0.1642290618846809,,,0.4026016074448815,-1.7231820264104842,0.06201731698517615,0.637693438839919,0.6556793187226551,-0.8215108937974993,,,,,,,,,,,,,,,SYN-DM20
272,Adrien Rabiot,2,France,DM,495.0,7.0,1.0,0.0,0.0,1.0,0.0,322.0,291.0,6.0,7.0,0.0,9.0,41.0,20.0,1.0,1.0,3.0,11.0,1.0,0.0,7.016666666666667,1.2727272727272727,0.0,0.0,0.18181818181818182,0.0,58.54545454545455,1.0909090909090908,1.2727272727272727,0.0,1.6363636363636365,7.454545454545455,0.18181818181818182,0.5454545454545454,2.0,0.18181818181818182,0.14285714285714285,0.4878048780487805,1.0,90.37267080745342,0.7333333333333333,,,,,90.24462831335352,0.1257319416152262,60.10136017368304,-0.36149065326400615,-0.051680697606187036,16,1.4654670105520378,1.3642002571298453,1.4868331146453957,-0.913508356114018,,,0.5003396233026804,-0.4801301021862909,0.1718300086174649,-0.27026507159982777,1.0736735326589517,0.17369710117576218,,,,,,,,,,,,,,,SYN-DM20
266345,Erik Lira,16,Mexico,DM,359.0,0.0,0.0,0.0,0.0,1.0,0.0,199.0,184.0,5.0,7.0,0.0,2.0,28.0,14.0,3.0,2.0,4.0,3.0,0.0,0.0,7.125,0.0,0.0,0.0,0.25069637883008355,0.0,49.888579387186624,1.2534818941504178,1.7548746518105849,0.0,0.5013927576601671,7.0194986072423395,0.5013927576601671,1.0027855153203342,0.7520891364902507,0.0,0.0,0.5,0.6666666666666666,92.46231155778895,0.6660482374768089,,,,,91.60412228398964,0.763643062011698,54.728048454983394,-0.8672206917961364,-0.06369047378582904,17,0.6664011727692494,-0.8512467261446051,1.8619895220512839,-0.33060038982143225,,,0.5116249185439016,-0.33341461406042355,0.04821012210907015,0.7518547430272247,1.1776060010107468,0.42115130028287123,,,,,,,,,,,,,,,SYN-DM20
78,Hans Vanaken,1,Belgium,DM,324.0,3.0,1.0,1.0,0.0,2.0,0.0,169.0,155.0,8.0,3.0,2.0,1.0,29.0,15.0,3.0,2.0,6.0,0.0,0.0,0.0,6.8,0.8333333333333334,0.2777777777777778,0.0,0.5555555555555556,0.0,46.94444444444445,2.2222222222222223,0.8333333333333334,0.5555555555555556,0.2777777777777778,8.055555555555555,0.5555555555555556,1.6666666666666667,0.0,0.0,0.3333333333333333,0.5172413793103449,0.6666666666666666,91.71597633136095,0.6428571428571429,,,,,91.06473887536733,0.5105498656097089,53.1714645183255,-1.0137246162799738,-0.07486329907064923,18,0.5341076034179076,-1.2180367642962677,1.2770086356857977,-1.2395280052370923,,,0.5235159483962593,-0.17882421905369594,0.05155804725553334,0.7241732693845853,1.7950984812396678,1.8913473763781907,,,,,,,,,,,,,,,SYN-DM20
754,Luka Modrić,3,Croatia,DM,319.0,1.0,0.0,0.0,0.0,1.0,0.0,247.0,223.0,7.0,7.0,4.0,1.0,23.0,11.0,2.0,1.0,3.0,4.0,1.0,0.0,7.075,0.28213166144200624,0.0,0.0,0.28213166144200624,0.0,69.68652037617554,1.9749216300940438,1.9749216300940438,1.128526645768025,0.28213166144200624,6.489028213166144,0.28213166144200624,0.8463949843260188,1.128526645768025,0.28213166144200624,0.0,0.4782608695652174,0.5,90.2834008097166,0.6392785571142284,,,,,90.1423986375226,0.0777630293172545,67.77238099646502,0.360497174612308,-0.09031655526517554,19,0.5394593830112735,-1.2031987079126145,2.0112471991696235,-0.09868781334642567,,,0.49865941580454365,-0.5019737897436586,0.23243538239837436,-0.7713653004059738,1.6327247185266383,1.5047495206228816,,,,,,,,,,,,,,,SYN-DM20
51494,Manuel Ugarte,7,Uruguay,DM,186.0,3.0,1.0,0.0,0.0,0.0,0.0,138.0,118.0,3.0,3.0,0.0,3.0,15.0,5.0,3.0,1.0,0.0,1.0,0.0,0.0,6.366666666666667,1.4516129032258065,0.0,0.0,0.0,0.0,66.7741935483871,1.4516129032258065,1.4516129032258065,0.0,1.4516129032258065,7.258064516129032,0.4838709677419355,0.0,0.4838709677419355,0.0,0.3333333333333333,0.3333333333333333,0.3333333333333333,85.5072463768116,0.5081967213114754,,,,,87.66393411997579,-1.0851991547014066,65.59677081212035,0.15573119788133408,-0.13445590238749422,20,1.2272957161820368,0.7038593306816501,1.758503695042738,-0.49139389293330543,,,0.43242030353869654,-1.3631212813582698,0.07099796671253772,0.5634392043973243,1.242430695477575,0.575493279320214,,,,,,,,,,,,,,,SYN-DM20
1646,Lucas Paquetá,6,Brazil,CM,236.0,2.0,1.0,0.0,0.0,1.0,0.0,185.0,159.0,9.0,8.0,1.0,5.0,37.0,21.0,8.0,3.0,6.0,3.0,0.0,0.0,7.15,0.7627118644067796,0.0,0.0,0.3813559322033898,0.0,70.55084745762711,3.432203389830508,3.0508474576271185,0.3813559322033898,1.906779661016949,14.110169491525424,1.1440677966101696,2.288135593220339,1.1440677966101696,0.0,0.5,0.5675675675675675,0.375,85.94594594594595,0.5673076923076923,,,,,84.8090172599675,0.356932155301313,57.7067034480971,1.8210413860011634,1.230536281079036,1,1.533842073632705,1.2129248300390596,2.5622231923146317,0.9934461084201671,,,,,,,2.360010642956409,2.288013792424467,0.2652383670453543,1.5138743945796773,1.03214073536468,0.4275213007874053,,,,,,,,,,,SYN-CM20
294824,Nathan-Dylan Saliba,5529,Canada,CM,182.0,2.0,1.0,1.0,0.0,2.0,0.0,102.0,85.0,4.0,6.0,0.0,4.0,28.0,16.0,7.0,4.0,2.0,5.0,1.0,0.0,7.5,0.989010989010989,0.4945054945054945,0.0,0.989010989010989,0.0,50.43956043956044,1.978021978021978,2.967032967032967,0.0,1.978021978021978,13.846153846153847,1.978021978021978,0.989010989010989,2.4725274725274726,0.4945054945054945,0.5,0.5714285714285714,0.5714285714285714,83.33333333333333,0.5027624309392266,,,,,83.32589669494448,-0.030664300356382936,45.67952661438783,0.5208731784355719,1.102132828181229,2,1.514028460307197,1.1654314280492533,2.447195712715157,0.8157388217651649,,,,,,,1.4689625068228347,1.3158005170469982,0.5534230958311255,2.5083850311333316,1.4347252649494666,1.4193651211946667,,,,,,,,,,,SYN-CM20
13708,Jhon Arias,8,Colombia,CM,381.0,7.0,4.0,1.0,0.0,0.0,0.0,237.0,226.0,8.0,15.0,2.0,2.0,40.0,24.0,8.0,6.0,2.0,5.0,1.0,0.0,7.32,1.6535433070866141,0.23622047244094488,0.0,0.0,0.0,55.98425196850393,1.889763779527559,3.543307086614173,0.47244094488188976,0.47244094488188976,9.448818897637794,1.4173228346456692,0.47244094488188976,1.1811023622047243,0.23622047244094488,0.5714285714285714,0.6,0.75,95.35864978902954,0.679144385026738,,,,,91.49546079594205,1.581312845894307,51.133669580050615,1.1231968020198329,0.7799758766748026,3,0.6561110563836101,-0.8910039867944503,3.022967643498907,1.705255552097481,,,,,,,1.58959790992846,1.6185829998783132,0.036255188397268115,-0.6335184317769554,1.2466498144593705,0.9560053554050898,,,,,,,,,,,SYN-CM20
201713,Sebastian Berhalter,2384,USA,CM,195.0,3.0,1.0,1.0,0.0,1.0,0.0,139.0,116.0,7.0,3.0,0.0,3.0,28.0,15.0,2.0,1.0,6.0,5.0,1.0,0.0,7.140000000000001,1.3846153846153846,0.46153846153846156,0.0,0.46153846153846156,0.0,64.15384615384616,3.230769230769231,1.3846153846153846,0.0,1.3846153846153846,12.923076923076923,0.46153846153846156,2.769230769230769,2.307692307692308,0.46153846153846156,0.3333333333333333,0.5357142857142857,0.5,83.45323741007195,0.52,,,,,83.38850461831271,-0.014302441606727567,52.97596969175573,1.3266496425482015,0.7065483435772878,4,1.2215421403498807,0.4643391970643875,1.6423595946743648,-0.4276618268188745,,,,,,,2.1380384732529762,2.288013792424467,0.2942377618423131,1.785829272328046,0.6649881224312184,-0.47702923089848615,,,,,,,,,,,SYN-CM20
37127,Martin Ødegaard,1090,Norway,CM,471.0,6.0,3.0,0.0,0.0,4.0,0.0,356.0,317.0,6.0,6.0,0.0,3.0,36.0,15.0,9.0,4.0,4.0,3.0,0.0,0.0,7.0,1.1464968152866244,0.0,0.0,0.7643312101910829,0.0,68.02547770700637,1.1464968152866244,1.1464968152866244,0.0,0.5732484076433122,6.8789808917197455,0.7643312101910829,0.7643312101910829,0.5732484076433122,0.0,0.5,0.4166666666666667,0.4444444444444444,89.04494382022472,0.7235023041474654,,,,,87.46156140741793,1.0501439779095354,60.51611157359201,1.8210413860011634,0.5661577377919382,5,0.7036533066531572,-0.7770448029516579,1.3608062181303946,-0.8626369020652555,,,,,,,1.0933401343623137,0.37302690654225495,0.5842383420750652,2.5083850311333316,0.7978042179903332,-0.1498114320258033,,,,,,,,,,,SYN-CM20
10135,Bruno Guimarães,6,Brazil,CM,419.0,4.0,2.0,0.0,0.0,4.0,0.0,191.0,165.0,10.0,11.0,1.0,2.0,43.0,23.0,7.0,2.0,7.0,4.0,0.0,0.0,7.159999999999999,0.8591885441527446,0.0,0.0,0.8591885441527446,0.0,41.02625298329355,2.1479713603818613,2.3627684964200477,0.21479713603818615,0.4295942720763723,9.236276849642005,0.4295942720763723,1.503579952267303,0.8591885441527446,0.0,0.5,0.5348837209302325,0.2857142857142857,86.38743455497382,0.6994991652754591,,,,,85.46518032627256,0.5284128055135741,40.978278187660095,0.0016948207020844412,0.5611983124450799,6,0.6144879843592743,-0.9907748493436591,2.2301917328929663,0.48048685778390393,,,,,,,1.7892561393486912,2.1197046678569142,0.6349568625890941,2.5083850311333316,0.5665618462632835,-0.7195211465305911,,,,,,,,,,,SYN-CM20
3287,Teboho Mokoena,1531,South Africa,CM,277.0,3.0,2.0,1.0,0.0,0.0,0.0,194.0,177.0,6.0,4.0,1.0,5.0,30.0,17.0,2.0,2.0,6.0,3.0,2.0,0.0,7.066666666666666,0.9747292418772564,0.3249097472924188,0.0,0.0,0.0,63.03249097472924,1.9494584837545128,1.2996389891696751,0.3249097472924188,1.6245487364620939,9.747292418772563,0.6498194945848376,1.9494584837545128,0.9747292418772564,0.6498194945848376,0.6666666666666666,0.5666666666666667,1.0,91.23711340206185,0.6061269146608315,,,,,88.11813643167258,1.2217322885810395,54.301944495423186,1.473082538340356,0.5278864586495723,7,1.3962326096962916,0.8830737584064074,1.544605794317039,-0.5786828061727024,,,,,,,1.5574713949012389,1.537948743812185,0.04450582208067269,-0.5561444006833074,0.7426051332860107,-0.28580491173697237,,,,,,,,,,,SYN-CM20
32966,Ao Tanaka,12,Japan,CM,192.0,2.0,0.0,0.0,0.0,0.0,0.0,161.0,147.0,1.0,9.0,0.0,1.0,27.0,17.0,3.0,3.0,2.0,6.0,0.0,0.0,7.033333333333334,0.9375,0.0,0.0,0.0,0.0,75.46875,0.46875,4.21875,0.0,0.46875,12.65625,1.40625,0.9375,2.8125,0.0,0.0,0.6296296296296297,1.0,91.30434782608695,0.5161290322580645,,,,,87.44016860083852,1.0445532146214391,58.725775898947305,1.8210413860011634,0.5273745944481644,8,0.7475223189010896,-0.6718904023202242,3.1072173333410937,1.8354138745740944,,,,,,,0.7036678157792098,-0.6050106269993857,0.054675163147493065,-0.4607768274642058,1.1542218976121152,0.7282915427242693,,,,,,,,,,,SYN-CM20
19047,Juninho Bacuna,5530,Curaçao,CM,255.0,3.0,1.0,0.0,0.0,0.0,0.0,71.0,59.0,6.0,6.0,1.0,5.0,50.0,18.0,16.0,7.0,3.0,6.0,2.0,0.0,6.6000000000000005,1.0588235294117647,0.0,0.0,0.0,0.0,25.058823529411768,2.1176470588235294,2.1176470588235294,0.35294117647058826,1.7647058823529413,17.647058823529413,2.4705882352941178,1.0588235294117647,2.1176470588235294,0.7058823529411765,0.3333333333333333,0.36,0.4375,83.09859154929578,0.5862068965517241,,,,,83.1895374298245,-0.06630022173932926,31.599973872203215,-1.0339902124780946,0.520288510626166,9,1.4668466727154146,1.0523362763532558,2.0365168919606593,0.18127635090971345,,,,,,,1.6362400631491174,1.7356500182923356,0.04675669124337338,-0.5350358619618705,1.8146449331303605,2.3080832250071524,,,,,,,,,,,SYN-CM20
35570,Stephen Eustaquio,5529,Canada,CM,398.0,3.0,1.0,1.0,0.0,0.0,0.0,278.0,243.0,12.0,11.0,0.0,3.0,31.0,21.0,2.0,2.0,7.0,2.0,0.0,0.0,7.74,0.678391959798995,0.22613065326633167,0.0,0.0,0.0,62.8643216080402,2.71356783919598,2.4874371859296485,0.0,0.678391959798995,7.010050251256281,0.45226130653266333,1.5829145728643217,0.45226130653266333,0.0,0.3333333333333333,0.6774193548387096,1.0,87.41007194244604,0.6885813148788927,,,,,86.13584181660339,0.7036824516426474,56.01382116679653,1.6621321775453413,0.48330667340217154,10,0.7925230149328812,-0.5640233459006119,2.311219460212607,0.6056675330097957,,,,,,,2.1656824004668964,2.288013792424467,0.03518885932676025,-0.6435184126055178,0.5871462732036452,-0.6688074823009212,,,,,,,,,,,SYN-CM20
538,Frenkie de Jong,1118,Netherlands,CM,331.0,0.0,0.0,0.0,0.0,0.0,0.0,233.0,217.0,2.0,9.0,0.0,8.0,29.0,17.0,1.0,1.0,6.0,6.0,0.0,0.0,7.2,0.0,0.0,0.0,0.0,0.0,63.353474320241695,0.5438066465256798,2.447129909365559,0.0,2.175226586102719,7.885196374622357,0.2719033232628399,1.6314199395770395,1.6314199395770395,0.0,0.0,0.5862068965517241,1.0,93.13304721030043,0.6477495107632094,,,,,89.67582497751992,1.581312845894307,55.432463081034044,1.5979303935031952,0.47830302504503763,11,1.7770612575953137,1.7959233112246018,2.262005573391168,0.5296364287620399,,,,,,,0.688384398179777,-0.6433704368708899,0.039802662800131935,-0.6002503937954361,0.4880049822146906,-0.9130609734025542,,,,,,,,,,,SYN-CM20
2472,Rodrigo De Paul,26,Argentina,CM,425.0,1.0,1.0,0.0,0.0,1.0,0.0,292.0,267.0,6.0,6.0,1.0,6.0,25.0,12.0,1.0,1.0,4.0,2.0,1.0,0.0,7.083333333333333,0.21176470588235294,0.0,0.0,0.21176470588235294,0.0,61.83529411764706,1.2705882352941176,1.2705882352941176,0.21176470588235294,1.2705882352941176,5.294117647058823,0.21176470588235294,0.8470588235294118,0.4235294117647059,0.21176470588235294,1.0,0.48,1.0,91.43835616438356,0.7024793388429752,,,,,89.02249472192769,1.4580758982740851,55.596675428774205,1.616065043979141,0.43013133849978036,12,1.2034352109606699,0.4209367311862573,1.4642724760378294,-0.7027906808223024,,,,,,,1.1764701280493655,0.5816746603386972,0.18237877800143376,0.7368213020412542,0.412182720515218,-1.0998635854986698,,,,,,,,,,,SYN-CM20
162037,Malik Tillman,2384,USA,CM,365.0,5.0,4.0,2.0,0.0,1.0,0.0,150.0,116.0,7.0,8.0,0.0,6.0,68.0,31.0,14.0,6.0,13.0,3.0,1.0,0.0,7.18,1.2328767123287672,0.4931506849315068,0.0,0.2465753424657534,0.0,36.986301369863014,1.7260273972602738,1.9726027397260273,0.0,1.4794520547945205,16.767123287671232,1.4794520547945205,3.2054794520547945,0.7397260273972602,0.2465753424657534,0.8,0.45588235294117646,0.42857142857142855,77.33333333333333,0.6697247706422018,,,,,79.31004514416496,-1.0801607905526693,38.26786905396036,-0.297626898784144,0.3871071037557477,13,1.3359234910664317,0.7385122810179613,1.9557520146841958,0.05650175576253683,,,,,,,1.471127389852965,1.3212341513038368,0.20245717557957324,0.9251155129024652,1.283248708094875,1.0461737146402468,,,,,,,,,,,SYN-CM20
39064,Patrick Berg,1090,Norway,CM,444.0,2.0,0.0,0.0,0.0,2.0,0.0,175.0,160.0,4.0,10.0,2.0,2.0,34.0,19.0,7.0,6.0,2.0,4.0,1.0,0.0,6.883333333333333,0.40540540540540543,0.0,0.0,0.40540540540540543,0.0,35.472972972972975,0.8108108108108109,2.027027027027027,0.40540540540540543,0.40540540540540543,6.891891891891892,1.2162162162162162,0.40540540540540543,0.8108108108108109,0.20270270270270271,0.0,0.5588235294117647,0.8571428571428571,91.42857142857143,0.7115384615384616,,,,,89.08909238972588,1.4754804307189893,37.02882793975705,-0.43445934677372977,0.36598053697280625,14,0.5898690747294957,-1.0497865880098476,1.9966103333379597,0.11962424588861796,,,,,,,0.8521865824837598,-0.23224376277732256,0.3210563472610055,2.0373326285184157,1.120786131268761,0.6459161512445213,,,,,,,,,,,SYN-CM20
747,Casemiro,6,Brazil,CM,379.0,2.0,2.0,1.0,0.0,0.0,0.0,227.0,202.0,4.0,14.0,4.0,6.0,46.0,27.0,2.0,1.0,6.0,6.0,2.0,0.0,7.42,0.47493403693931396,0.23746701846965698,0.0,0.0,0.0,53.90501319261214,0.9498680738786279,3.3245382585751977,0.9498680738786279,1.4248021108179418,10.923482849604222,0.23746701846965698,1.4248021108179418,1.4248021108179418,0.47493403693931396,1.0,0.5869565217391305,0.5,88.98678414096916,0.6779964221824687,,,,,87.16153689862352,0.9717360325532197,49.70659863042647,0.9655994396292791,0.3481064092046138,15,1.3024656576586855,0.6583135658398294,2.872781481221622,1.4732312090069797,,,,,,,0.9512780455632667,0.016465641313039427,0.03638490284591667,-0.6323019761484361,0.44610115547711426,-1.016299047761615,,,,,,,,,,,SYN-CM20
1150,Tyler Adams,2384,USA,CM,342.0,0.0,0.0,0.0,0.0,0.0,0.0,235.0,210.0,2.0,8.0,1.0,7.0,37.0,19.0,3.0,2.0,6.0,5.0,1.0,0.0,6.9,0.0,0.0,0.0,0.0,0.0,61.84210526315789,0.5263157894736842,2.1052631578947367,0.2631578947368421,1.8421052631578947,9.736842105263158,0.5263157894736842,1.5789473684210527,1.3157894736842104,0.2631578947368421,0.0,0.5135135135135135,0.6666666666666666,89.36170212765957,0.6551724137931034,,,,,87.27779705854944,1.0021192845855869,54.60917362913486,1.5070111255176415,0.3128753423133488,16,1.5671998134697418,1.2928836200651155,2.0419249961741124,0.18963139380091332,,,,,,,0.6738782135438047,-0.6797794717596236,0.038963909369477814,-0.608116181626239,0.6501351454247258,-0.5136223743899531,,,,,,,,,,,SYN-CM20
441269,Paul Okon-Engstler,20,Australia,CM,204.0,0.0,0.0,0.0,0.0,1.0,0.0,87.0,74.0,2.0,6.0,2.0,4.0,24.0,12.0,1.0,0.0,2.0,3.0,0.0,0.0,6.825,0.0,0.0,0.0,0.4411764705882353,0.0,38.38235294117647,0.8823529411764706,2.6470588235294117,0.8823529411764706,1.7647058823529411,10.588235294117647,0.0,0.8823529411764706,1.3235294117647058,0.0,0.0,0.5,0.0,85.05747126436782,0.53125,,,,,84.24227102821425,0.20881956360415277,39.5468454021052,-0.15638423731688073,0.3093486310761299,17,1.4272872464354305,0.9575119904476351,2.306991791674184,0.5991361588767985,,,,,,,0.9160531965361095,-0.07194511515836277,0.2873415642991339,1.7211570757903243,0.4150274633117367,-1.0928550187107577,,,,,,,,,,,SYN-CM20
1934,Sander Berge,1090,Norway,CM,480.0,0.0,0.0,0.0,0.0,0.0,0.0,431.0,409.0,2.0,6.0,1.0,10.0,30.0,14.0,3.0,3.0,2.0,6.0,0.0,0.0,7.0,0.0,0.0,0.0,0.0,0.0,80.8125,0.375,1.125,0.1875,1.875,5.625,0.5625,0.375,1.125,0.0,0.0,0.4666666666666667,1.0,94.89559164733178,0.7272727272727273,,,,,91.7381695873068,1.581312845894307,69.91816459758849,1.8210413860011634,0.2575579512121772,18,1.6486034888351595,1.4880089318425591,1.3422497697013436,-0.8913049743533942,,,,,,,0.5329764052573729,-1.0334285519639936,0.0308169101376779,-0.6501518458341944,0.6505614331995558,-0.5125721331012072,,,,,,,,,,,SYN-CM20
6067,Thiago Almada,26,Argentina,CM,243.0,5.0,2.0,0.0,0.0,0.0,0.0,168.0,153.0,3.0,5.0,0.0,0.0,20.0,12.0,5.0,4.0,2.0,2.0,1.0,0.0,6.8,1.8518518518518516,0.0,0.0,0.0,0.0,62.22222222222222,1.1111111111111112,1.8518518518518516,0.0,0.0,7.4074074074074066,1.4814814814814814,0.7407407407407407,0.7407407407407407,0.37037037037037035,0.4,0.6,0.8,91.07142857142857,0.574468085106383,,,,,87.77225787177395,1.1313409157781023,53.13472490403876,1.3441816389273218,0.24027796590209904,19,0.44462955704776663,-1.372529713953654,1.8815244633637984,-0.05817324873311047,,,,,,,1.0443603486285251,0.25009267039569555,0.04808312220063218,-0.5225966586147441,1.227826349673066,0.9096301575150827,,,,,,,,,,,SYN-CM20
365331,Noah Sadiki,1508,Congo DR,CM,258.0,0.0,0.0,0.0,0.0,0.0,0.0,113.0,103.0,4.0,9.0,1.0,2.0,26.0,14.0,3.0,2.0,3.0,2.0,2.0,0.0,6.875,0.0,0.0,0.0,0.0,0.0,39.418604651162795,1.3953488372093024,3.1395348837209305,0.3488372093023256,0.6976744186046512,9.069767441860465,0.6976744186046512,1.0465116279069768,0.6976744186046512,0.6976744186046512,0.0,0.5384615384615384,0.6666666666666666,91.15044247787611,0.589041095890411,,,,,87.93178560775176,1.173031649830555,40.01367268129771,-0.10483056515217462,0.2374989854895305,20,0.8403614215324322,-0.44935427278110723,2.6390065022896962,1.1120695340882802,,,,,,,1.214074035319329,0.6760566088732326,0.046436439933487256,-0.5380391627699953,0.7748185979719335,-0.20644089366207746,,,,,,,,,,,SYN-CM20
19617,Michael Olise,2,France,AM,560.0,11.0,5.0,0.0,0.0,5.0,0.0,355.0,306.0,13.0,10.0,0.0,3.0,78.0,42.0,29.0,15.0,16.0,4.0,1.0,0.0,7.385714285714285,1.767857142857143,0.0,0.0,0.8035714285714286,0.0,57.05357142857143,2.0892857142857144,1.6071428571428572,0.0,0.4821428571428572,12.535714285714286,2.410714285714286,2.5714285714285716,0.6428571428571429,0.16071428571428573,0.45454545454545453,0.5384615384615384,0.5172413793103449,86.19718309859155,0.7567567567567568,,,,,85.8770251800745,0.39819852505301323,,,0.9579278471513379,1,,,,,,,,,,,1.8821141725131723,1.5904726398427433,0.6486022175575499,2.4878452853198154,2.1384723619402712,1.5736404920073472,0.045085172923768096,-0.6323920603331235,1.6491903744586391,0.9042841002786582,0.4304855528539739,0.3834459478909119,,,,,SYN-AM20
406244,Johan Manzambi,15,Switzerland,AM,200.0,4.0,3.0,3.0,0.0,2.0,0.0,55.0,43.0,3.0,0.0,0.0,0.0,31.0,9.0,14.0,5.0,3.0,3.0,0.0,0.0,7.699999999999999,1.8,1.35,0.0,0.9,0.0,24.75,1.35,0.0,0.0,0.0,13.950000000000001,2.25,1.35,1.35,0.0,0.75,0.2903225806451613,0.35714285714285715,78.18181818181819,0.5263157894736842,,,,,81.35510456423026,-1.3605390084982092,,,0.9406097306311879,2,,,,,,,,,,,1.2967486517361775,0.09273605456376287,0.5525411605068075,2.4276392265845907,1.7959724943047384,0.9416062942494932,0.798323757798917,2.6673467437279026,1.5536865186826128,0.6635781537656318,0.5631943541223319,1.1519006500251445,,,,,SYN-AM20
129718,Jude Bellingham,10,England,AM,618.0,15.0,11.0,6.0,0.0,1.0,0.0,223.0,184.0,8.0,14.0,0.0,3.0,84.0,44.0,21.0,13.0,16.0,9.0,1.0,0.0,7.728571428571429,2.1844660194174756,0.8737864077669902,0.0,0.14563106796116504,0.0,32.4757281553398,1.1650485436893203,2.0388349514563107,0.0,0.4368932038834951,12.233009708737864,1.8932038834951455,2.3300970873786406,1.3106796116504853,0.14563106796116504,0.7333333333333333,0.5238095238095238,0.6190476190476191,82.51121076233184,0.7744360902255639,,,,,83.0457447984523,-0.7029882268149242,,,0.8306296441273183,3,,,,,,,,,,,1.1814091324056986,-0.202375652050679,0.1503328834493569,-0.09319240860379531,1.757480636385715,0.870575111936898,0.7185000350420907,2.6281610953194416,1.980452226941595,1.739189634695669,0.6481376623640176,1.5750379544086186,,,,,SYN-AM20
129678,Azzedine Ounahi,31,Morocco,AM,437.0,4.0,3.0,2.0,0.0,0.0,0.0,315.0,279.0,9.0,3.0,2.0,2.0,45.0,22.0,23.0,12.0,7.0,3.0,1.0,0.0,7.133333333333333,0.8237986270022883,0.41189931350114417,0.0,0.0,0.0,64.8741418764302,1.8535469107551488,0.6178489702517163,0.41189931350114417,0.41189931350114417,9.267734553775744,2.471395881006865,1.4416475972540046,0.6178489702517163,0.20594965675057209,0.75,0.4888888888888889,0.5217391304347826,88.57142857142857,0.7082658022690438,,,,,87.49479802878145,1.0274085602340026,,,0.6366260017845956,4,,,,,,,,,,,1.673848440291325,1.0575966921877904,0.0485666790803676,-0.7068518982085139,2.1271791699121563,1.5528005319428648,0.34580717660225024,0.7986033133981099,0.9568895901124682,-0.8405765047063221,0.6349495211774492,1.5674013176442376,,,,,SYN-AM20
1323,Dani Olmo,9,Spain,AM,420.0,7.0,1.0,0.0,0.0,2.0,0.0,207.0,189.0,9.0,7.0,1.0,0.0,40.0,22.0,10.0,5.0,8.0,5.0,0.0,0.0,7.085714285714286,1.5,0.0,0.0,0.42857142857142855,0.0,44.357142857142854,1.9285714285714284,1.5,0.21428571428571427,0.0,8.571428571428571,1.0714285714285714,1.7142857142857142,1.0714285714285714,0.0,0.14285714285714285,0.55,0.5,91.30434782608695,0.7,,,,,89.37733697500065,1.7595956515966253,,,0.378037379527727,5,,,,,,,,,,,1.7212741460995789,1.178941752924226,0.3499427349876446,1.1578579977534542,1.1374492463930008,-0.27360355552976434,0.055605046605980674,-0.6260055924109204,1.4340014618323216,0.36192640726257164,0.20668975761081024,-0.912451004902104,,,,,SYN-AM20
629,Kevin De Bruyne,1,Belgium,AM,387.0,13.0,5.0,1.0,0.0,0.0,0.0,186.0,150.0,10.0,3.0,1.0,0.0,33.0,17.0,11.0,6.0,4.0,2.0,1.0,0.0,7.159999999999999,3.0232558139534884,0.23255813953488372,0.0,0.0,0.0,43.25581395348837,2.3255813953488373,0.6976744186046512,0.23255813953488372,0.0,7.674418604651163,1.3953488372093024,0.9302325581395349,0.46511627906976744,0.23255813953488372,0.38461538461538464,0.5151515151515151,0.5454545454545454,80.64516129032258,0.6825396825396826,,,,,81.98986511005062,-1.1136578065505065,,,0.2907706841646482,6,,,,,,,,,,,1.9801842815868562,1.6155651991186957,0.05284945501338063,-0.7041676777003366,1.3623801549132284,0.1414740539857215,0.21757147788992665,0.1690913300416537,2.469842816753779,1.8625346286523194,0.3754144769182363,0.06455506160499028,,,,,SYN-AM20
348205,Petar Sučić,3,Croatia,AM,288.0,3.0,2.0,1.0,0.0,1.0,0.0,128.0,108.0,4.0,5.0,0.0,1.0,37.0,13.0,4.0,1.0,6.0,7.0,1.0,0.0,7.0249999999999995,0.9375,0.3125,0.0,0.3125,0.0,40.0,1.25,1.5625,0.0,0.3125,11.5625,0.3125,1.875,2.1875,0.3125,0.6666666666666666,0.35135135135135137,0.25,84.375,0.6153846153846154,,,,,84.56960704710227,-0.11030340097525446,,,0.030949463118430755,7,,,,,,,,,,,1.2452232642302297,-0.039098594384982345,0.2563368397277496,0.5711850835668345,0.6890374953756422,-1.1010828864737396,0.26359621359741114,0.395027812235055,1.0692326433747712,-0.5574293924778538,0.54703815078309,1.0583476203389561,,,,,SYN-AM20
374058,Lamine Camara,13,Senegal,AM,250.0,3.0,0.0,0.0,0.0,1.0,0.0,138.0,117.0,6.0,3.0,0.0,2.0,28.0,12.0,5.0,3.0,3.0,5.0,1.0,0.0,6.625,1.08,0.0,0.0,0.36,0.0,49.68,2.16,1.08,0.0,0.72,10.08,1.08,1.08,1.7999999999999998,0.36,0.0,0.42857142857142855,0.6,84.78260869565217,0.5813953488372093,,,,,84.82378667896955,-0.011443801967063828,,,-0.040804750310846814,8,,,,,,,,,,,1.7738709015342966,1.313517641126495,0.2789898627734577,0.7131624131833403,1.1685338321762804,-0.21624142755639852,0.07758843712462418,-0.5180886246300846,1.163722969998588,-0.3192779239167257,0.14886942922438634,-1.2472615284154904,,,,,SYN-AM20
380587,Ibrahim Maza,1532,Algeria,AM,351.0,8.0,3.0,0.0,0.0,0.0,0.0,141.0,113.0,3.0,5.0,0.0,0.0,45.0,25.0,23.0,13.0,5.0,1.0,0.0,0.0,6.65,2.051282051282051,0.0,0.0,0.0,0.0,36.15384615384615,0.7692307692307692,1.282051282051282,0.0,0.0,11.538461538461537,3.333333333333333,1.282051282051282,0.2564102564102564,0.0,0.375,0.5555555555555556,0.5652173913043478,80.1418439716312,0.6610169491525424,,,,,81.74833019225314,-1.2075994215592276,,,-0.05447393282341084,9,,,,,,,,,,,0.9279933854232532,-0.8507739981603162,0.056432468912592876,-0.6817112159573482,2.6411855891446336,1.666408980781327,0.06283056113670132,-0.5905353760150258,1.78983216026251,1.2587547538048902,0.3684347543624974,0.02413874734182474,,,,,SYN-AM20
474591,Christ Inao Oulaï,1501,Ivory Coast,AM,208.0,2.0,0.0,0.0,0.0,0.0,0.0,127.0,115.0,3.0,6.0,2.0,6.0,30.0,19.0,8.0,5.0,5.0,3.0,0.0,0.0,7.075,0.8653846153846154,0.0,0.0,0.0,0.0,54.95192307692308,1.2980769230769231,2.5961538461538463,0.8653846153846154,2.5961538461538463,12.980769230769232,2.1634615384615383,2.1634615384615383,1.2980769230769231,0.0,0.0,0.6333333333333333,0.625,90.55118110236221,0.5360824742268041,,,,,87.92067465808042,1.1930472956832623,,,-0.09684700804530477,10,,,,,,,,,,,1.2700115661333697,0.02432561720505663,0.0772310334860485,-0.5513566645123852,1.758942133597424,0.8732720946367887,0.08598718547316599,-0.47685897653916487,1.0577342193283321,-0.586409783070639,0.16498416125383025,-1.1539486397200522,,,,,SYN-AM20
1485,Bruno Fernandes,27,Portugal,AM,423.0,6.0,3.0,0.0,0.0,1.0,0.0,276.0,237.0,6.0,8.0,1.0,0.0,36.0,24.0,5.0,2.0,8.0,2.0,0.0,0.0,7.5200000000000005,1.2765957446808511,0.0,0.0,0.2127659574468085,0.0,58.72340425531915,1.2765957446808511,1.702127659574468,0.2127659574468085,0.0,7.659574468085107,0.425531914893617,1.702127659574468,0.425531914893617,0.0,0.5,0.6666666666666666,0.4,85.8695652173913,0.7014925373134329,,,,,85.57446465174193,0.280521855656149,,,-0.1042989552785063,11,,,,,,,,,,,1.2649493991040588,0.011373380540129385,0.19894799501258179,0.2115017465572262,0.6840291008885581,-1.1103251574665787,0.055328404583065344,-0.6273636344403544,1.2776133948580313,-0.03223084825881747,0.4569052314535425,0.5364299704627018,,,,,SYN-AM20
482605,Gilberto Mora,16,Mexico,AM,215.0,2.0,0.0,0.0,0.0,0.0,0.0,86.0,78.0,5.0,3.0,0.0,2.0,23.0,9.0,7.0,2.0,3.0,3.0,0.0,0.0,6.6,0.8372093023255814,0.0,0.0,0.0,0.0,36.0,2.0930232558139537,1.255813953488372,0.0,0.8372093023255814,9.627906976744187,0.8372093023255814,1.255813953488372,1.255813953488372,0.0,0.0,0.391304347826087,0.2857142857142857,90.69767441860465,0.5443037974683544,,,,,88.04702809631358,1.2421906914198608,,,-0.13136403531829746,12,,,,,,,,,,,1.7032012345816392,1.1326997727901753,0.07586238225971347,-0.559934656328282,1.0442267033817736,-0.4456323378817239,0.0844633619331352,-0.4843394612138887,1.038989562276944,-0.6336534297376151,0.16206039130755984,-1.1708788262766086,,,,,SYN-AM20
756,Federico Valverde,7,Uruguay,AM,237.0,6.0,2.0,0.0,0.0,0.0,0.0,120.0,97.0,1.0,3.0,0.0,3.0,19.0,7.0,5.0,4.0,0.0,1.0,0.0,0.0,6.8,2.278481012658228,0.0,0.0,0.0,0.0,45.56962025316456,0.379746835443038,1.139240506329114,0.0,1.139240506329114,7.215189873417722,1.518987341772152,0.0,0.379746835443038,0.0,0.3333333333333333,0.3684210526315789,0.8,80.83333333333333,0.5683453237410072,,,,,82.58051822072869,-0.8839315722113897,,,-0.2501899315941248,13,,,,,,,,,,,0.7500347425893223,-1.3061051725779405,0.07186005034193481,-0.5850191846395169,1.4207902825798575,0.24926153558555897,0.0800072613035693,-0.5062145613109913,1.8474841177443475,1.404059557273128,0.34295888385248474,-0.1233801232777221,,,,,SYN-AM20
37435,Deroy Duarte,1533,Cape Verde Islands,AM,264.0,3.0,2.0,1.0,0.0,0.0,0.0,101.0,86.0,2.0,8.0,1.0,6.0,19.0,12.0,0.0,0.0,1.0,4.0,0.0,0.0,7.0,1.0227272727272727,0.3409090909090909,0.0,0.0,0.0,34.43181818181818,0.6818181818181818,2.727272727272727,0.3409090909090909,2.0454545454545454,6.477272727272727,0.0,0.3409090909090909,1.3636363636363635,0.0,0.6666666666666666,0.631578947368421,0.0,85.14851485148515,0.5945945945945946,,,,,85.04005409647735,0.07267037357206989,,,-0.25374195944972916,14,,,,,,,,,,,0.9071272244588906,-0.9041628835001344,0.06749018241573607,-0.6124072368957946,0.5235800626932444,-1.4064107584242638,0.2778446575756496,0.46497375021139054,1.12702900247611,-0.41176064214885666,0.5405717445191129,1.0209036810374845,,,,,SYN-AM20
163032,Fabian Rieder,15,Switzerland,AM,304.0,4.0,2.0,0.0,0.0,0.0,0.0,87.0,67.0,3.0,6.0,0.0,1.0,36.0,15.0,7.0,3.0,6.0,3.0,0.0,0.0,6.6,1.1842105263157894,0.0,0.0,0.0,0.0,25.756578947368418,0.888157894736842,1.776315789473684,0.0,0.29605263157894735,10.657894736842104,0.888157894736842,1.776315789473684,0.888157894736842,0.0,0.5,0.4166666666666667,0.42857142857142855,77.01149425287356,0.628099173553719,,,,,79.9381618820608,-1.41564900466423,,,-0.4862003768092523,15,,,,,,,,,,,1.0181084455779905,-0.6202024703067225,0.061912481389642185,-0.6473653568555978,1.0381602228012408,-0.45682715443275046,0.06893187595782728,-0.5605838817533111,1.2198365229326298,-0.17785048351187602,0.44630961687290527,0.4750757138597218,,,,,SYN-AM20
50745,Jamiro Monteiro,1533,Cape Verde Islands,AM,283.0,2.0,1.0,0.0,0.0,0.0,0.0,103.0,85.0,3.0,7.0,2.0,4.0,26.0,9.0,5.0,0.0,2.0,4.0,0.0,0.0,6.5,0.6360424028268551,0.0,0.0,0.0,0.0,32.75618374558304,0.9540636042402826,2.2261484098939928,0.6360424028268551,1.2720848056537102,8.268551236749117,0.0,0.6360424028268551,1.2720848056537102,0.0,0.5,0.34615384615384615,0.0,82.52427184466019,0.6112311015118791,,,,,83.44048602609654,-0.5494591686829774,,,-0.5991659739591478,16,,,,,,,,,,,1.064286150453018,-0.5020505881737588,0.06472060689543588,-0.629765491277563,0.5020940558008651,-1.4103756916731418,0.07205837573129244,-0.5452358227251239,0.8863949829360537,-1.0182496573406716,0.4438744159103372,0.4609746021592018,,,,,SYN-AM20
863,Rodrigo Bentancur,7,Uruguay,AM,270.0,2.0,0.0,0.0,0.0,0.0,0.0,181.0,153.0,2.0,6.0,1.0,7.0,38.0,20.0,5.0,4.0,5.0,7.0,1.0,0.0,6.933333333333334,0.6666666666666666,0.0,0.0,0.0,0.0,60.33333333333333,0.6666666666666666,2.0,0.3333333333333333,2.333333333333333,12.666666666666666,1.3333333333333333,1.6666666666666665,2.333333333333333,0.3333333333333333,0.0,0.5263157894736842,0.8,84.5303867403315,0.6,,,,,84.67062337318526,-0.07101451926399305,,,-0.6152856787657252,17,,,,,,,,,,,0.8950321947994387,-0.9351096471512458,0.06659031331685959,-0.6180471469159761,1.3165989951906678,0.05699151459839574,0.07414006214130757,-0.535016776438843,0.912001949109762,-0.9537103884275443,0.14225301014774697,-1.251092787760869,,,,,SYN-AM20
3608,Kwasi Sibo,1504,Ghana,AM,249.0,0.0,0.0,0.0,0.0,0.0,0.0,94.0,90.0,0.0,1.0,2.0,2.0,16.0,4.0,0.0,0.0,1.0,7.0,0.0,0.0,6.475,0.0,0.0,0.0,0.0,0.0,33.975903614457835,0.0,0.3614457831325301,0.7228915662650602,0.7228915662650602,5.783132530120482,0.0,0.3614457831325301,2.5301204819277108,0.0,0.0,0.25,0.0,95.74468085106383,0.5804195804195804,,,,,91.18648398591785,1.8299598844551912,,,-0.6613322385541783,18,,,,,,,,,,,0.5192645399994112,-1.3651508394208336,0.06984997900369888,-0.5976172630666469,0.541887057892309,-1.3726278343493545,0.07776929595242052,-0.5172007845002545,0.5370649815836664,-1.3614367063364292,0.1492164442109234,-1.2452521266609209,,,,,SYN-AM20
327895,Paul Wanner,775,Austria,AM,234.0,1.0,0.0,0.0,0.0,0.0,0.0,77.0,64.0,1.0,3.0,1.0,2.0,33.0,11.0,14.0,3.0,2.0,4.0,0.0,0.0,6.35,0.38461538461538464,0.0,0.0,0.0,0.0,29.615384615384617,0.38461538461538464,1.153846153846154,0.38461538461538464,0.7692307692307693,12.692307692307693,1.153846153846154,0.7692307692307693,1.5384615384615385,0.0,0.0,0.3333333333333333,0.21428571428571427,83.11688311688312,0.5652173913043478,,,,,83.8838810323539,-0.3770069064823483,,,-0.7718459095967134,19,,,,,,,,,,,0.7554697769559118,-1.2921989045724651,0.0723807753444126,-0.581755552003503,1.2136945599898565,-0.13290380593667797,0.08058702406663866,-0.5033684926224684,0.7739151620758282,-1.3017414757995087,0.15462283711711627,-1.213946229760022,,,,,SYN-AM20
762,Vinícius Júnior,6,Brazil,W,441.0,14.0,11.0,4.0,0.0,1.0,0.0,143.0,121.0,9.0,3.0,0.0,1.0,61.0,29.0,37.0,16.0,10.0,4.0,0.0,0.0,8.040000000000001,2.857142857142857,0.8163265306122449,0.0,0.20408163265306123,0.0,29.183673469387756,1.836734693877551,0.6122448979591837,0.0,0.20408163265306123,12.448979591836736,3.2653061224489797,2.0408163265306123,0.8163265306122449,0.0,0.7857142857142857,0.47540983606557374,0.43243243243243246,84.61538461538461,0.7101449275362319,,,,,,,,,0.8890043143050322,1,,,,,,,0.46920184420647665,0.3172686033345166,,,1.7604547271667006,0.30818342416185746,0.20752835083616422,-0.03687996918164478,2.7446188861745533,2.265699324273969,0.6509198610550719,2.1492826279337085,,,0.6998675796118251,1.1497797347419367,0.4291189567371042,0.06969645487088105,,,SYN-W20
48471,Rubén Vargas,15,Switzerland,W,289.0,5.0,4.0,2.0,0.0,1.0,0.0,85.0,64.0,9.0,5.0,0.0,2.0,35.0,19.0,9.0,5.0,6.0,6.0,0.0,0.0,7.433333333333334,1.5570934256055362,0.6228373702422145,0.0,0.31141868512110726,0.0,26.470588235294116,2.8027681660899653,1.5570934256055362,0.0,0.6228373702422145,10.899653979238755,1.5570934256055362,1.8685121107266436,1.8685121107266436,0.0,0.8,0.5428571428571428,0.5555555555555556,75.29411764705883,0.6162046908315565,,,,,,,,,0.8714280122779309,2,,,,,,,0.5087512192601669,1.1796704432367793,,,2.331007218700471,1.329570217640043,0.2747870061178208,0.41034607117890604,1.523258695766306,0.10689997474873134,0.47808365397697167,1.2827466710005,,,0.6808481171406042,1.0444593052501867,0.5039141257709905,0.7463034028903704,,,SYN-W20
157997,Amad Diallo,1501,Ivory Coast,W,184.0,7.0,4.0,2.0,0.0,0.0,0.0,75.0,69.0,4.0,5.0,1.0,2.0,27.0,15.0,14.0,8.0,2.0,0.0,0.0,0.0,7.7,3.4239130434782608,0.9782608695652174,0.0,0.0,0.0,36.684782608695656,1.9565217391304348,2.4456521739130435,0.4891304347826087,0.9782608695652174,13.206521739130435,3.9130434782608696,0.9782608695652174,0.0,0.0,0.5714285714285714,0.5555555555555556,0.5714285714285714,92.0,0.5054945054945055,,,,,,,,,0.8418238066460285,3,,,,,,,0.5053319499162807,1.1051108789127997,,,1.7671494109080248,0.3201680560079475,0.10679974139906037,-0.7066593003462749,2.704418484380213,2.232361960090907,0.6159924003164827,2.0433357898246163,,,0.530935780444507,0.21431851074374209,0.49704128179641793,0.6841307512884618,,,SYN-W20
161904,Bradley Barcola,2,France,W,339.0,8.0,4.0,2.0,0.0,1.0,0.0,112.0,96.0,7.0,4.0,1.0,1.0,43.0,23.0,21.0,12.0,1.0,3.0,1.0,0.0,7.071428571428571,2.1238938053097347,0.5309734513274337,0.0,0.26548672566371684,0.0,29.734513274336287,1.858407079646018,1.0619469026548674,0.26548672566371684,0.26548672566371684,11.415929203539823,3.1858407079646023,0.26548672566371684,0.7964601769911506,0.26548672566371684,0.5,0.5348837209302325,0.5714285714285714,85.71428571428571,0.653179190751445,,,,,,,,,0.80609606121037,4,,,,,,,0.5068288804290034,1.1377524978163944,,,1.759619240020272,0.30668775890730915,0.2483142694976069,0.23431969767222458,2.590382135480535,2.027156934598196,0.43202549848786076,1.0287284681819129,,,0.49637334670316646,0.022928750311439466,0.5192571390083327,0.8850983209851139,,,SYN-W20
37724,Crysencio Summerville,1118,Netherlands,W,253.0,2.0,2.0,2.0,0.0,2.0,0.0,65.0,57.0,4.0,4.0,0.0,2.0,28.0,14.0,9.0,4.0,5.0,2.0,1.0,0.0,7.575,0.7114624505928854,0.7114624505928854,0.0,0.7114624505928854,0.0,23.122529644268774,1.4229249011857708,1.4229249011857708,0.0,0.7114624505928854,9.960474308300395,1.4229249011857708,1.7786561264822134,0.7114624505928854,0.3557312252964427,1.0,0.5,0.4444444444444444,87.6923076923077,0.5842956120092379,,,,,,,,,0.7866784512191044,5,,,,,,,0.4808743823263371,0.5717964773459594,,,1.4855482345739515,-0.18394633627583423,0.5054852329544064,1.9443382997518284,1.4420515665459528,-0.03922984423128986,0.5178319485339485,1.5019649666800605,,,0.7878008474340494,1.5916524441271074,0.4346988773105853,0.12017315113589981,,,SYN-W20
51776,Maximiliano Araújo,7,Uruguay,W,252.0,4.0,3.0,2.0,0.0,1.0,0.0,57.0,49.0,10.0,2.0,0.0,0.0,34.0,15.0,10.0,5.0,7.0,2.0,0.0,0.0,7.433333333333334,1.4285714285714286,0.7142857142857143,0.0,0.35714285714285715,0.0,20.357142857142858,3.5714285714285716,0.7142857142857143,0.0,0.0,12.142857142857142,1.7857142857142858,2.5,0.7142857142857143,0.0,0.75,0.4411764705882353,0.5,85.96491228070175,0.5833333333333334,,,,,,,,,0.7552984035961722,6,,,,,,,0.4465163845730075,-0.17740374231881478,,,2.7389870036354655,1.8078432991822977,0.2983220043269861,0.5668384068478328,1.6537229822092536,0.341666586304892,0.5190306335999993,1.5085759093674136,,,0.6414763123586653,0.8264376132190046,0.4670837255348125,0.413130752570579,,,SYN-W20
1946,Leandro Trossard,1,Belgium,W,510.0,5.0,3.0,2.0,0.0,2.0,0.0,201.0,170.0,17.0,6.0,0.0,5.0,56.0,25.0,15.0,10.0,8.0,4.0,0.0,0.0,7.533333333333332,0.8823529411764707,0.35294117647058826,0.0,0.35294117647058826,0.0,35.47058823529412,3.0,1.0588235294117647,0.0,0.8823529411764707,9.882352941176471,1.7647058823529413,1.411764705882353,0.7058823529411765,0.0,0.6,0.44642857142857145,0.6666666666666666,84.57711442786069,0.7391304347826086,,,,,,,,,0.7544000980419364,7,,,,,,,0.448401708660689,-0.13629292932059855,,,2.6278875153195953,1.8078432991822977,0.3172102983612435,0.6924332007778058,1.687548301904924,0.4025342452349015,0.32495830973217354,0.4382355450558874,,,0.5711851694767296,0.43719983276157254,0.6025799556971579,1.638847492601688,,,SYN-W20
407806,Rayan,6,Brazil,W,289.0,4.0,2.0,0.0,0.0,1.0,0.0,97.0,90.0,10.0,4.0,0.0,3.0,31.0,18.0,6.0,5.0,4.0,5.0,0.0,0.0,7.175,1.245674740484429,0.0,0.0,0.31141868512110726,0.0,30.207612456747405,3.1141868512110724,1.245674740484429,0.0,0.9342560553633218,9.653979238754324,1.5570934256055362,1.245674740484429,1.5570934256055362,0.0,0.5,0.5806451612903226,0.8333333333333334,92.78350515463917,0.6162046908315565,,,,,,,,,0.7074220189880779,8,,,,,,,0.5320363734759216,1.6874195495327358,,,2.522904873284693,1.6730999243719638,0.2747870061178208,0.41034607117890604,1.523258695766306,0.10689997474873134,0.09428834480852819,-0.8339467495213199,,,0.4959867098911373,0.020787745792418565,0.675082095446423,1.8873476168131096,,,SYN-W20
1460,Bukayo Saka,10,England,W,267.0,6.0,3.0,0.0,0.0,3.0,0.0,75.0,61.0,5.0,10.0,0.0,1.0,40.0,24.0,12.0,6.0,7.0,4.0,0.0,0.0,7.0,2.0224719101123596,0.0,0.0,1.0112359550561798,0.0,25.280898876404493,1.6853932584269662,3.3707865168539324,0.0,0.33707865168539325,13.48314606741573,2.0224719101123596,2.359550561797753,1.348314606741573,0.0,0.5,0.6,0.5,81.33333333333333,0.5973154362416108,,,,,,,,,0.6436356931018371,9,,,,,,,0.5412049385845726,1.7571158819435546,,,1.640363278681255,0.09319913908238396,0.690995762571047,2.416555010906831,1.7995712042827685,0.6041161334663129,0.0989289344859054,-0.808353144277086,,,0.4957891877828711,0.01969396549719792,0.46818829850344296,0.4231228650936659,,,SYN-W20
35532,Julián Quiñones,16,Mexico,W,414.0,11.0,6.0,4.0,0.0,1.0,0.0,135.0,111.0,10.0,4.0,0.0,0.0,45.0,20.0,9.0,6.0,7.0,5.0,0.0,0.0,7.76,2.391304347826087,0.8695652173913043,0.0,0.21739130434782608,0.0,29.34782608695652,2.1739130434782608,0.8695652173913043,0.0,0.0,9.782608695652174,1.3043478260869565,1.5217391304347825,1.0869565217391304,0.0,0.5454545454545454,0.4444444444444444,0.6666666666666666,82.22222222222223,0.696969696969697,,,,,,,,,0.6124396645251549,10,,,,,,,0.44733772314360937,-0.1594938791791787,,,1.9919905480985203,0.7226722454816276,0.21696145769235348,0.025844017938300747,1.3542227749400633,-0.197275148157462,0.6805071274666663,2.1492826279337085,,,0.5285116982443185,0.20089513567026338,0.5922225074596617,1.545152651988824,,,SYN-W20
2879,Roberto Alvarado,16,Mexico,W,443.0,3.0,0.0,0.0,0.0,3.0,0.0,191.0,159.0,13.0,9.0,0.0,2.0,36.0,21.0,8.0,7.0,5.0,3.0,0.0,0.0,7.32,0.6094808126410836,0.0,0.0,0.6094808126410836,0.0,38.80361173814899,2.6410835214446955,1.8284424379232507,0.0,0.40632054176072235,7.313769751693003,1.4221218961625282,1.0158013544018059,0.6094808126410836,0.0,0.0,0.5833333333333334,0.875,83.24607329842932,0.7110754414125201,,,,,,,,,0.5813877612247226,11,,,,,,,0.545963522012794,1.7571158819435546,,,2.332652304286551,1.3325152029248262,0.4957866867885361,1.879849314938611,1.4356473969733508,-0.0507539573152818,0.07098111350754369,-0.9365359442328599,,,0.14144103842527028,-1.799823786498902,0.7438285223612183,1.8873476168131096,,,SYN-W20
304,Sadio Mané,13,Senegal,W,363.0,5.0,3.0,0.0,0.0,1.0,0.0,135.0,110.0,12.0,4.0,0.0,3.0,49.0,25.0,15.0,8.0,10.0,4.0,0.0,0.0,6.875,1.2396694214876034,0.0,0.0,0.24793388429752067,0.0,33.47107438016529,2.975206611570248,0.9917355371900827,0.0,0.743801652892562,12.148760330578513,1.9834710743801653,2.479338842975207,0.9917355371900827,0.0,0.6,0.5102040816326531,0.5333333333333333,81.48148148148148,0.6685082872928176,,,,,,,,,0.48718298048675673,12,,,,,,,0.49157032998150463,0.805029111864013,,,2.5105752957099834,1.6510278663390214,0.23733905316622095,0.16134169177199573,1.8129066819786326,0.628112929811877,0.0814387361237564,-0.9048144269253687,,,0.5633844695008166,0.3940033926391137,0.496096076300256,0.6755802979066446,,,SYN-W20
153,Ousmane Dembélé,2,France,W,552.0,13.0,8.0,5.0,0.0,2.0,0.0,265.0,207.0,16.0,3.0,0.0,0.0,30.0,13.0,12.0,5.0,3.0,0.0,0.0,0.0,7.8428571428571425,2.119565217391304,0.8152173913043479,0.0,0.32608695652173914,0.0,43.20652173913044,2.608695652173913,0.4891304347826087,0.0,0.0,4.891304347826087,0.8152173913043479,0.4891304347826087,0.0,0.0,0.6153846153846154,0.43333333333333335,0.4166666666666667,78.11320754716981,0.7540983606557377,,,,,,,,,0.47670958463413277,13,,,,,,,0.43841339828866666,-0.3540950369557532,,,2.3541562644406024,1.371010978922203,0.2990097074716639,0.571411182694299,0.9759676616316907,-0.8779339987620018,0.6751656198295077,2.1492826279337085,,,0.5844399926656436,0.5105985249278724,0.41773247190032653,-0.03330718632139872,,,SYN-W20
517,James Rodríguez,8,Colombia,W,317.0,3.0,3.0,0.0,0.0,0.0,0.0,227.0,197.0,11.0,4.0,1.0,1.0,22.0,12.0,5.0,3.0,5.0,0.0,0.0,0.0,7.0200000000000005,0.8517350157728707,0.0,0.0,0.0,0.0,64.44794952681389,3.1230283911671926,1.135646687697161,0.28391167192429023,0.28391167192429023,6.246056782334385,0.8517350157728707,1.4195583596214512,0.0,0.0,1.0,0.5454545454545454,0.6,86.78414096916299,0.6378269617706237,,,,,,,,,0.45172122876574067,14,,,,,,,0.5123293731516999,1.2576945964711201,,,2.5618559065805253,1.7428289529732477,0.07821952891198788,-0.8966990091351388,1.0752682662261521,-0.699245507821499,0.08897632538269562,-0.8632433988021715,,,0.8151262916276527,1.5916524441271074,0.5351713670644648,1.0290605235475188,,,SYN-W20
301528,Andreas Schjelderup,1090,Norway,W,251.0,3.0,2.0,1.0,0.0,3.0,0.0,102.0,85.0,5.0,8.0,0.0,5.0,35.0,15.0,10.0,4.0,3.0,2.0,0.0,0.0,7.116666666666667,1.0756972111553784,0.35856573705179284,0.0,1.0756972111553784,0.0,36.57370517928287,1.7928286852589643,2.8685258964143427,0.0,1.7928286852589643,12.54980079681275,1.4342629482071714,1.0756972111553784,0.7171314741035857,0.0,0.6666666666666666,0.42857142857142855,0.4,83.33333333333333,0.5823665893271461,,,,,,,,,0.4371232151362687,15,,,,,,,0.43918801883696645,-0.3372038930331765,,,1.7012584351984248,0.20221191104701727,0.7166475774228722,2.416555010906831,1.448743221147094,-0.02718841037037556,0.3114181756733172,0.3635595081406318,,,0.5926939681491339,0.5563049818927294,0.40877069473558936,-0.11437660262977595,,,SYN-W20
343027,Désiré Doué,2,France,W,353.0,10.0,8.0,1.0,0.0,1.0,0.0,175.0,146.0,13.0,9.0,0.0,2.0,58.0,25.0,23.0,8.0,6.0,3.0,0.0,0.0,6.971428571428571,2.54957507082153,0.254957507082153,0.0,0.254957507082153,0.0,44.61756373937677,3.314447592067989,2.2946175637393766,0.0,0.509915014164306,14.787535410764873,2.039660056657224,1.5297450424929178,0.7648725212464589,0.0,0.8,0.43103448275862066,0.34782608695652173,83.42857142857143,0.6622889305816135,,,,,,,,,0.4369426160269293,16,,,,,,,0.4387875796643472,-0.34593574982653785,,,2.726533556417488,1.8078432991822977,0.24179194346952715,0.1909504981058127,1.8469199405523407,0.6893187791752958,0.25182220209230716,0.034878041340442464,,,0.6951552850636837,1.1236853650165644,0.3725380452658371,-0.44214192080536946,,,SYN-W20
635,Riyad Mahrez,1532,Algeria,W,263.0,3.0,3.0,2.0,0.0,1.0,0.0,132.0,116.0,5.0,4.0,0.0,1.0,29.0,14.0,6.0,2.0,7.0,1.0,0.0,0.0,7.425,1.026615969581749,0.6844106463878327,0.0,0.34220532319391633,0.0,45.171102661596954,1.7110266159695817,1.3688212927756653,0.0,0.34220532319391633,9.923954372623573,0.6844106463878327,2.3954372623574143,0.34220532319391633,0.0,1.0,0.4827586206896552,0.3333333333333333,87.87878787878788,0.5936794582392777,,,,,,,,,0.38870431999086674,17,,,,,,,0.47107025911666656,0.35801069986729733,,,1.6551746852607698,0.11971409659748396,0.29091446020148526,0.5175830862623898,1.0031790706871275,-0.8289678757425258,0.5061427397634305,1.437497083137476,,,0.7925908960247029,1.5916524441271074,0.36895448329053193,-0.47455929431316146,,,SYN-W20
513776,Yan Diomande,1501,Ivory Coast,W,331.0,4.0,0.0,0.0,0.0,1.0,0.0,146.0,127.0,11.0,13.0,0.0,4.0,57.0,33.0,24.0,10.0,7.0,2.0,0.0,0.0,7.575,1.0876132930513596,0.0,0.0,0.2719033232628399,0.0,39.69788519637462,2.990936555891239,3.5347432024169185,0.0,1.0876132930513596,15.498489425981873,2.719033232628399,1.9033232628398793,0.5438066465256798,0.0,0.0,0.5789473684210527,0.4166666666666667,86.98630136986301,0.6477495107632094,,,,,,,,,0.3453579930735739,18,,,,,,,0.534931871809535,1.7505579199103278,,,2.491668073523525,1.6171806965708326,0.25220177273827393,0.2601690500556715,2.278685574000778,1.466268222695348,0.08653861783796421,-0.8766877515543432,,,0.17244181397053504,-1.7708447700992902,0.4181934170209504,-0.029137416063529428,,,SYN-W20
744,Brahim Díaz,31,Morocco,W,462.0,2.0,1.0,0.0,0.0,4.0,0.0,162.0,141.0,8.0,4.0,0.0,4.0,45.0,21.0,14.0,7.0,10.0,3.0,0.0,0.0,6.8500000000000005,0.38961038961038963,0.0,0.0,0.7792207792207793,0.0,31.55844155844156,1.5584415584415585,0.7792207792207793,0.0,0.7792207792207793,8.766233766233766,1.3636363636363638,1.948051948051948,0.5844155844155845,0.0,0.5,0.4666666666666667,0.5,87.03703703703704,0.719626168224299,,,,,,,,,0.2898218685252287,19,,,,,,,0.4631130958680747,0.1844991787200627,,,1.5626828435677897,-0.04586215977067053,0.6213007879583459,2.416555010906831,1.3931593898978156,-0.12720986509552742,0.06888042634766312,-0.9365359442328599,,,0.49706817280209253,0.026776355535388447,0.4778507312009953,0.5105305036133769,,,SYN-W20
48648,Dan Ndoye,15,Switzerland,W,408.0,13.0,8.0,2.0,0.0,0.0,0.0,92.0,70.0,2.0,6.0,0.0,5.0,63.0,36.0,18.0,9.0,16.0,5.0,0.0,0.0,7.066666666666666,2.8676470588235294,0.4411764705882353,0.0,0.0,0.0,20.294117647058822,0.4411764705882353,1.3235294117647058,0.0,1.1029411764705883,13.897058823529411,1.9852941176470589,3.5294117647058822,1.1029411764705883,0.0,0.6153846153846154,0.5714285714285714,0.5,76.08695652173913,0.6938775510204082,,,,,,,,,0.26629238821553,20,,,,,,,0.5354786814458522,1.7571158819435546,,,0.7878271863444235,-1.2972305637192234,0.06611412562798974,-0.9596073919342195,1.8272250481537373,0.65387840480583,0.3813286287673464,0.7491270035080246,,,0.5768617177140587,0.4686337652026591,0.47581661467863773,0.49212961770208447,,,SYN-W20
154,Lionel Messi,26,Argentina,ST,620.0,28.0,18.0,8.0,0.0,4.0,0.0,314.0,257.0,26.0,10.0,0.0,1.0,90.0,51.0,35.0,24.0,16.0,2.0,0.0,0.0,9.071428571428571,4.064516129032258,1.1612903225806452,0.0,0.5806451612903226,0.0,45.58064516129033,3.774193548387097,1.4516129032258065,0.0,0.14516129032258066,13.06451612903226,3.483870967741936,2.3225806451612905,0.2903225806451613,0.0,0.6428571428571429,0.5666666666666667,0.6857142857142857,81.84713375796179,0.775,,,,,,,,,1.6991986575831497,1,,,,,,,0.5340938827325392,1.5144523482449064,,,3.143730031666529,2.1940250369083616,0.4800956752531836,2.0843352929356,,,0.9971413727070892,2.0317058071906775,3.547425731052126,2.0343781398607645,0.6200410229026676,0.4224116799783115,,,2.0775768047462795,1.6130822979634258,SYN-ST20
278,Kylian Mbappé,2,France,ST,608.0,30.0,19.0,8.0,0.0,3.0,0.0,202.0,173.0,16.0,1.0,0.0,0.0,55.0,21.0,29.0,11.0,8.0,6.0,1.0,0.0,7.957142857142857,4.440789473684211,1.1842105263157894,0.0,0.444078947368421,0.0,29.90131578947368,2.3684210526315788,0.14802631578947367,0.0,0.0,8.141447368421051,1.6282894736842104,1.1842105263157894,0.888157894736842,0.14802631578947367,0.6333333333333333,0.38181818181818183,0.3793103448275862,85.64356435643565,0.7715736040609137,,,,,,,,,1.1419307061307014,2,,,,,,,0.3909736388301429,-0.6277693610237186,,,2.049472113367034,2.1940250369083616,0.37319357893724214,2.0600891700362483,,,1.0123262667077046,2.0317058071906775,3.8298738386316,2.0343781398607645,0.6123452492606245,0.3781687145186223,,,1.195509446442923,-0.0770825645760476,SYN-ST20
18979,Viktor Gyökeres,5,Sweden,ST,360.0,9.0,6.0,1.0,0.0,2.0,0.0,69.0,47.0,9.0,2.0,0.0,0.0,40.0,16.0,5.0,1.0,7.0,4.0,1.0,0.0,6.95,2.25,0.25,0.0,0.5,0.0,17.25,2.25,0.5,0.0,0.0,10.0,0.25,1.75,1.0,0.25,0.6666666666666666,0.4,0.2,68.1159420289855,0.6666666666666666,,,,,,,,,0.748749434977488,3,,,,,,,0.40729957935684824,-0.2883759526592155,,,1.8240444913578209,2.1940250369083616,0.37791951889360526,2.0843352929356,,,0.3105798114179097,-0.5269061867925748,2.088778860817964,0.4996100992310271,0.6249284995383435,0.4505097595262749,,,1.5778915625870802,0.8280479956929426,SYN-ST20
1100,Erling Haaland,1090,Norway,ST,465.0,17.0,13.0,7.0,0.0,0.0,0.0,56.0,35.0,6.0,1.0,0.0,1.0,43.0,22.0,4.0,1.0,3.0,5.0,0.0,0.0,7.9399999999999995,3.290322580645161,1.3548387096774193,0.0,0.0,0.0,10.838709677419354,1.161290322580645,0.1935483870967742,0.0,0.1935483870967742,8.32258064516129,0.1935483870967742,0.5806451612903225,0.967741935483871,0.0,0.7647058823529411,0.5116279069767442,0.25,62.5,0.7209302325581395,,,,,,,,,0.6595501204089168,4,,,,,,,0.4865872086773397,1.359902669463968,,,1.1085023648577104,0.44442285006882437,0.037327969306274175,-0.7966338766088917,,,1.0972296095591803,2.0317058071906775,2.8650241625452715,1.7826845336533905,0.7024025194493382,0.8959075254142306,,,0.76288595937523,-1.1011386663197813,SYN-ST20
147859,Charles De Ketelaere,1,Belgium,ST,353.0,5.0,5.0,3.0,0.0,1.0,0.0,104.0,74.0,6.0,6.0,0.0,5.0,49.0,26.0,7.0,4.0,3.0,2.0,0.0,0.0,7.080000000000001,1.274787535410765,0.7648725212464589,0.0,0.254957507082153,0.0,26.51558073654391,1.5297450424929178,1.5297450424929178,0.0,1.274787535410765,12.492917847025495,1.019830028328612,0.7648725212464589,0.509915014164306,0.0,1.0,0.5306122448979592,0.5714285714285714,71.15384615384616,0.6622889305816135,,,,,,,,,0.638265774443784,5,,,,,,,0.49389849024705,1.5118939600972756,,,1.3414334434019197,1.102994039970232,0.21402727992973142,0.6991021907951972,,,0.6523697901794958,0.8716563644985024,1.440789089759288,-0.5714676994525937,0.8451433203577965,1.575361900968079,,,0.9231922022458224,-0.7216803357702047,SYN-ST20
38750,Brian Brobbey,1118,Netherlands,ST,232.0,3.0,3.0,3.0,0.0,0.0,0.0,22.0,19.0,5.0,2.0,1.0,0.0,16.0,8.0,0.0,0.0,3.0,4.0,0.0,0.0,7.175,1.1637931034482758,1.1637931034482758,0.0,0.0,0.0,8.53448275862069,1.9396551724137931,0.7758620689655172,0.3879310344827586,0.0,6.206896551724138,0.0,1.1637931034482758,1.5517241379310345,0.0,1.0,0.5,0.0,86.36363636363636,0.5631067961165048,,,,,,,,,0.6191352053873623,6,,,,,,,0.46587808944829623,0.9293891227635546,,,1.5169515177990855,1.5992401734934,0.058438204375113684,-0.6312969405686262,,,0.8439638304992021,1.6556356105038554,1.4270402544701468,-0.5941934783053954,0.7996635673560812,1.455060819581132,,,1.1943238927112219,-0.07988886975638482,SYN-ST20
421,Breel Embolo,15,Switzerland,ST,506.0,7.0,5.0,2.0,0.0,2.0,0.0,74.0,54.0,8.0,1.0,0.0,2.0,53.0,25.0,5.0,3.0,11.0,9.0,2.0,1.0,6.8500000000000005,1.2450592885375493,0.3557312252964427,0.0,0.3557312252964427,0.0,13.162055335968379,1.4229249011857708,0.17786561264822134,0.0,0.3557312252964427,9.42687747035573,0.5335968379446641,1.9565217391304348,1.6007905138339922,0.7114624505928854,0.7142857142857143,0.4716981132075472,0.6,72.97297297297297,0.7376093294460642,,,,,,,,,0.6056923745190124,7,,,,,,,0.4586312217721821,0.7787369066453033,,,1.3046414363458065,0.9989711847237748,0.29748766793374176,1.4127488739445244,,,0.37567507021234875,-0.2605443948337533,1.3818375872327995,-0.668910048661291,0.6689358034683337,0.7035075370481852,,,1.7668534166137366,1.275336562766343,SYN-ST20
17,Christian Pulišić,2384,USA,ST,224.0,3.0,2.0,0.0,0.0,1.0,0.0,78.0,68.0,3.0,3.0,0.0,0.0,39.0,20.0,21.0,9.0,8.0,1.0,0.0,0.0,7.0,1.2053571428571428,0.0,0.0,0.4017857142857143,0.0,31.339285714285715,1.2053571428571428,1.2053571428571428,0.0,0.0,15.669642857142858,3.616071428571429,3.2142857142857144,0.4017857142857143,0.0,0.6666666666666666,0.5128205128205128,0.42857142857142855,87.17948717948718,0.5544554455445545,,,,,,,,,0.4565328711234162,8,,,,,,,0.4723108111992399,1.0631163868401334,,,1.1014456072604535,0.4244711232459513,0.2823676737686803,1.2834619877558957,,,0.19235915387542385,-1.010650575750389,1.4552984773309416,-0.5474847855323568,0.6108780274357396,0.36973366334125274,,,2.331835256923325,1.6130822979634258,SYN-ST20
47323,Mikel Oyarzabal,9,Spain,ST,543.0,20.0,11.0,5.0,0.0,1.0,0.0,140.0,116.0,6.0,5.0,0.0,1.0,38.0,17.0,3.0,1.0,4.0,3.0,0.0,0.0,7.271428571428571,3.314917127071823,0.8287292817679558,0.0,0.16574585635359115,0.0,23.204419889502763,0.9944751381215469,0.8287292817679558,0.0,0.16574585635359115,6.2983425414364635,0.16574585635359115,0.6629834254143646,0.49723756906077343,0.0,0.55,0.4473684210526316,0.3333333333333333,82.85714285714286,0.7510373443983402,,,,,,,,,0.4030562743359449,9,,,,,,,0.44102742114007887,0.412778578736068,,,0.9889128981095756,0.10630490587596328,0.1577822132815309,0.2181661896940228,,,0.729893635083916,1.1888744020438597,2.9293784022706784,1.8890571964632257,0.5478719083688873,0.00751178945519127,,,0.8050642376169064,-1.0012991419167172,SYN-ST20
1942,Junya Ito,12,Japan,ST,215.0,1.0,1.0,1.0,0.0,0.0,0.0,81.0,64.0,5.0,4.0,0.0,1.0,29.0,11.0,12.0,1.0,5.0,2.0,0.0,0.0,6.675,0.4186046511627907,0.4186046511627907,0.0,0.0,0.0,33.906976744186046,2.0930232558139537,1.6744186046511629,0.0,0.4186046511627907,12.13953488372093,0.4186046511627907,2.0930232558139537,0.8372093023255814,0.0,1.0,0.3793103448275862,0.08333333333333333,79.01234567901234,0.5443037974683544,,,,,,,,,0.275271827091163,10,,,,,,,0.3987177139003268,-0.4667809004568659,,,1.5822380388182866,1.7838261982559913,0.06095326633556161,-0.6097913416981481,,,0.4245901219384082,-0.060390019955921304,1.0327609742827861,-1.2459071354510742,0.7910414930397607,1.4054925560236073,,,1.701421376701325,1.1204534329205518,SYN-ST20
1165,Matheus Cunha,6,Brazil,ST,293.0,10.0,5.0,3.0,0.0,0.0,0.0,89.0,78.0,1.0,6.0,0.0,3.0,26.0,14.0,5.0,2.0,3.0,1.0,0.0,0.0,7.38,3.071672354948806,0.9215017064846417,0.0,0.0,0.0,27.33788395904437,0.30716723549488056,1.8430034129692834,0.0,0.9215017064846417,7.986348122866895,0.6143344709897611,0.9215017064846417,0.30716723549488056,0.0,0.5,0.5384615384615384,0.4,87.64044943820225,0.6194503171247357,,,,,,,,,0.22927417537655467,11,,,,,,,0.4941036017376931,1.5144523482449064,,,0.5602199267087172,-1.1057482131939735,0.050901776326737494,-0.6957388513737711,,,0.7351228291028991,1.2102716207536754,2.574927240680128,1.3031763896149926,0.5157746083524429,-0.17701543315160884,,,1.0402990355116775,-0.4444786332583385,SYN-ST20
217,Lautaro Martínez,26,Argentina,ST,311.0,8.0,4.0,3.0,0.0,1.0,0.0,69.0,57.0,5.0,3.0,1.0,0.0,38.0,9.0,6.0,0.0,5.0,8.0,1.0,0.0,6.785714285714286,2.315112540192926,0.8681672025723473,0.0,0.28938906752411575,0.0,19.967845659163988,1.4469453376205788,0.8681672025723473,0.28938906752411575,0.0,10.996784565916398,0.0,1.4469453376205788,2.315112540192926,0.28938906752411575,0.5,0.23684210526315788,0.0,82.6086956521739,0.6334012219959266,,,,,,,,,0.2251528766012922,12,,,,,,,0.3046836407118944,-1.982609438705658,,,1.2728798886623691,0.9091710585159632,0.23233511242881227,0.8556474004579501,,,0.708173316019697,1.0999975281361556,2.113931944687781,0.5411862334613133,0.515196313137893,-0.18034004954404753,,,1.368760577998011,0.3330174038873689,SYN-ST20
70747,Julio Enciso,2380,Paraguay,ST,387.0,5.0,1.0,1.0,0.0,2.0,0.0,72.0,57.0,6.0,5.0,0.0,1.0,64.0,27.0,29.0,13.0,9.0,3.0,0.0,0.0,6.9799999999999995,1.1627906976744187,0.23255813953488372,0.0,0.46511627906976744,0.0,16.74418604651163,1.3953488372093024,1.1627906976744187,0.0,0.23255813953488372,14.883720930232558,3.0232558139534884,2.0930232558139537,0.6976744186046512,0.0,0.2,0.421875,0.4482758620689655,79.16666666666667,0.6825396825396826,,,,,,,,,0.22395618991366906,13,,,,,,,0.421882535895411,0.01478326291910131,,,1.260994753674115,0.8755679535105152,0.35992335132724307,1.9466191258033192,,,0.29579029658848544,-0.5874230622935528,1.3543925658583782,-0.7142745812379607,0.30839751278784033,-1.3692253529017406,,,1.8202141865908703,1.4016459835960018,SYN-ST20
184,Harry Kane,10,England,ST,654.0,18.0,12.0,6.0,0.0,1.0,0.0,106.0,75.0,5.0,3.0,3.0,1.0,58.0,22.0,6.0,1.0,9.0,8.0,1.0,0.0,7.185714285714285,2.4770642201834865,0.8256880733944955,0.0,0.13761467889908258,0.0,14.587155963302752,0.6880733944954129,0.41284403669724773,0.41284403669724773,0.13761467889908258,7.9816513761467895,0.13761467889908258,1.2385321100917432,1.1009174311926606,0.13761467889908258,0.6666666666666666,0.3793103448275862,0.16666666666666666,70.75471698113208,0.7841726618705036,,,,,,,,,0.20952938766321977,14,,,,,,,0.38850208437642614,-0.6791495120559534,,,0.7493813253395962,-0.570928007327334,0.13678242230521204,0.03860278799549477,,,0.7406631872490064,1.2329420847970087,2.323669765997243,0.8878668972344698,0.6396419541375366,0.5350973388787236,,,1.23748374555998,0.022274124120128438,SYN-ST20
2887,Raúl Jiménez,16,Mexico,ST,333.0,14.0,7.0,3.0,0.0,0.0,0.0,74.0,49.0,2.0,1.0,0.0,0.0,36.0,18.0,2.0,0.0,2.0,7.0,0.0,0.0,7.275,3.783783783783784,0.8108108108108109,0.0,0.0,0.0,20.0,0.5405405405405406,0.2702702702702703,0.0,0.0,9.72972972972973,0.0,0.5405405405405406,1.891891891891892,0.0,0.5,0.5,0.0,66.21621621621621,0.6491228070175439,,,,,,,,,0.19719952420825176,15,,,,,,,0.47259604844580516,1.0690460691849843,,,0.691976657569636,-0.7332294940822773,0.04693282690554938,-0.7296762396097596,,,0.6778033102644664,0.9757272002416452,3.0759075727908396,2.0343781398607645,0.5145446193970867,-0.18408663370905876,,,0.7837455044776285,-1.051762372428536,SYN-ST20
15286,Mousa Tamari,1548,Jordan,ST,217.0,7.0,3.0,1.0,0.0,1.0,0.0,36.0,29.0,2.0,2.0,0.0,0.0,29.0,11.0,10.0,5.0,3.0,2.0,0.0,0.0,7.033333333333334,2.903225806451613,0.4147465437788018,0.0,0.4147465437788018,0.0,14.930875576036865,0.8294930875576036,0.8294930875576036,0.0,0.0,12.027649769585253,2.073732718894009,1.2442396313364055,0.8294930875576036,0.0,0.42857142857142855,0.3793103448275862,0.5,80.55555555555556,0.5465994962216625,,,,,,,,,0.18044604441178347,16,,,,,,,0.3986199437790535,-0.4688134041671952,,,0.8941663106630309,-0.16157421623923346,0.28734644887291394,1.3260341159745188,,,0.42245112888078395,-0.06914251644134817,2.3877596595508828,0.993802615931307,0.4797516114627342,-0.3841114681023922,,,1.2394494805970362,0.02692718392682767,SYN-ST20
907,Romelu Lukaku,1,Belgium,ST,236.0,4.0,3.0,3.0,0.0,1.0,0.0,46.0,34.0,3.0,0.0,0.0,0.0,23.0,8.0,6.0,2.0,0.0,2.0,1.0,0.0,6.783333333333334,1.5254237288135593,1.1440677966101696,0.0,0.3813559322033898,0.0,17.54237288135593,1.1440677966101696,0.0,0.0,0.0,8.771186440677965,0.7627118644067796,0.0,0.7627118644067796,0.3813559322033898,0.75,0.34782608695652173,0.3333333333333333,73.91304347826087,0.5673076923076923,,,,,,,,,0.15854502521933098,17,,,,,,,0.37987675330393555,-0.8584580490542563,,,1.0696731378202482,0.33464011771368296,0.27422245240996834,1.213814453815812,,,0.835848793667479,1.6224298779767692,1.6296648674079337,-0.25927040686562486,0.6597629561315036,0.6507728820586923,,,0.5338015475889986,-1.5941136991097582,SYN-ST20
874,Cristiano Ronaldo,27,Portugal,ST,441.0,14.0,9.0,3.0,0.0,0.0,0.0,101.0,85.0,1.0,2.0,0.0,1.0,16.0,10.0,0.0,0.0,5.0,2.0,0.0,0.0,7.06,2.857142857142857,0.6122448979591837,0.0,0.0,0.0,20.612244897959183,0.20408163265306123,0.40816326530612246,0.0,0.20408163265306123,3.2653061224489797,0.0,1.0204081632653061,0.40816326530612246,0.0,0.6428571428571429,0.625,0.0,84.15841584158416,0.7101449275362319,,,,,,,,,0.1449101732998224,18,,,,,,,0.566130069005955,1.5144523482449064,,,0.42670535480390215,-1.483236915165714,0.038770596139366884,-0.7966338766088917,,,0.559924473696733,0.49338150066690434,2.540967125348954,1.2470429023339689,0.6134643957338253,0.38460268218207466,,,1.0822245471771712,-0.34523742855449163,SYN-ST20
978,Kai Havertz,25,Germany,ST,355.0,9.0,7.0,3.0,0.0,0.0,0.0,123.0,102.0,2.0,3.0,0.0,1.0,43.0,20.0,4.0,0.0,4.0,3.0,1.0,0.0,7.325,2.2816901408450705,0.7605633802816901,0.0,0.0,0.0,31.183098591549296,0.5070422535211268,0.7605633802816901,0.0,0.2535211267605634,10.901408450704226,0.0,1.0140845070422535,0.7605633802816901,0.2535211267605634,0.7777777777777778,0.46511627906976744,0.0,82.92682926829268,0.6635514018691588,,,,,,,,,0.14077867645854278,19,,,,,,,0.4505757979859168,0.6112759429005827,,,0.663521542678922,-0.8136812697297336,0.045002878883265124,-0.7461786911043248,,,0.6499310246087313,0.8616772357627579,2.1083001585826175,0.5318773194420068,0.6982663567510591,0.8721287460598218,,,1.087965315508455,-0.33164854812131145,SYN-ST20
138835,Folarin Balogun,2384,USA,ST,314.0,11.0,5.0,3.0,0.0,0.0,0.0,50.0,31.0,0.0,0.0,0.0,1.0,35.0,13.0,7.0,3.0,8.0,3.0,1.0,1.0,6.975,3.1528662420382165,0.8598726114649682,0.0,0.0,0.0,14.331210191082802,0.0,0.0,0.0,0.28662420382165604,10.031847133757962,0.8598726114649682,2.2929936305732483,0.8598726114649682,0.8598726114649682,0.45454545454545453,0.37142857142857144,0.42857142857142855,62.0,0.6356275303643725,,,,,,,,,0.12947819597459875,20,,,,,,,0.3898185106908289,-0.6517828551105211,,,0.3542186747636098,-1.4935351733529993,0.0487379356326859,-0.7142412543831994,,,0.7038726683515613,1.0823998068783667,2.64765300575243,1.4233865469975078,0.48621186736432837,-0.34697148815891987,,,1.9070069712490352,1.6070917889519565,SYN-ST20
