player_id,player_name,team_id,team_name,position_group,minutes,shots,shots_on,goals,goals_conceded,assists,saves,passes,passes_accurate,key_passes,tackles,blocks,interceptions,duels,duels_won,dribbles_attempted,dribbles_completed,fouls_drawn,fouls_committed,yellow_cards,red_cards,provider_rating_mean,shots_p90,goals_p90,goals_conceded_p90,assists_p90,saves_p90,passes_p90,key_passes_p90,tackles_p90,blocks_p90,interceptions_p90,duels_p90,dribbles_completed_p90,fouls_drawn_p90,fouls_committed_p90,cards_p90,shots_on_target_rate,duel_win_rate,dribble_success_rate,pass_accuracy,reliability,adjusted__saves_p90,z__saves_p90,adjusted__goals_conceded_p90,z__goals_conceded_p90,adjusted__pass_accuracy,z__pass_accuracy,adjusted__passes_p90,z__passes_p90,rank_score,position_rank,adjusted__interceptions_p90,z__interceptions_p90,adjusted__tackles_p90,z__tackles_p90,adjusted__blocks_p90,z__blocks_p90,adjusted__duel_win_rate,z__duel_win_rate,adjusted__cards_p90,z__cards_p90,adjusted__key_passes_p90,z__key_passes_p90,adjusted__assists_p90,z__assists_p90,adjusted__dribbles_completed_p90,z__dribbles_completed_p90,adjusted__goals_p90,z__goals_p90,adjusted__shots_p90,z__shots_p90,adjusted__shots_on_target_rate,z__shots_on_target_rate,adjusted__dribble_success_rate,z__dribble_success_rate,adjusted__fouls_drawn_p90,z__fouls_drawn_p90
25282,Gregor Kobel,15,Switzerland,GK,600.0,0.0,0.0,0.0,6.0,0.0,20.0,224.0,163.0,0.0,0.0,0.0,0.0,7.0,7.0,0.0,0.0,3.0,0.0,0.0,0.0,7.533333333333334,0.0,0.0,0.8999999999999999,0.0,3.0,33.6,0.0,0.0,0.0,0.0,1.05,0.0,0.44999999999999996,0.0,0.0,0.0,1.0,0.0,72.76785714285714,0.7692307692307693,2.9524136728027925,0.2860616889130389,1.0277757156381822,0.8176998249506946,71.63667453090103,0.5157369849592335,32.37238609199006,1.50846596870089,0.7819911168809642,1,,,,,,,,,,,,,,,,,,,,,,,,,,
3275,Ronwen Williams,1531,South Africa,GK,367.0,0.0,0.0,0.0,4.0,0.0,11.0,227.0,170.0,0.0,0.0,0.0,1.0,2.0,1.0,0.0,0.0,0.0,0.0,0.0,0.0,7.175000000000001,0.0,0.0,0.9809264305177112,0.0,2.697547683923706,55.66757493188011,0.0,0.0,0.0,0.2452316076294278,0.4904632152588556,0.0,0.0,0.0,0.0,0.0,0.5,0.0,74.8898678414097,0.6709323583180987,2.7292187656054443,-0.010034730302436826,1.1364991923177006,0.583061675869042,72.57856187602539,0.6673163184978369,46.655322032453824,1.755345985209877,0.7489223123185798,2,,,,,,,,,,,,,,,,,,,,,,,,,,
2482,Camilo Vargas,8,Colombia,GK,480.0,0.0,0.0,0.0,1.0,0.0,6.0,189.0,147.0,1.0,0.0,0.0,0.0,0.0,0.0,0.0,0.0,0.0,0.0,0.0,0.0,6.859999999999999,0.0,0.0,0.1875,0.0,1.125,35.4375,0.1875,0.0,0.0,0.0,0.0,0.0,0.0,0.0,0.0,0.0,0.0,0.0,77.77777777777777,0.7272727272727273,1.5801252496760274,-1.4804363620247163,0.5328258457542153,1.379432156754248,75.07458360866949,1.0690048141449562,33.48554719962461,1.755345985209877,0.6808366485210913,3,,,,,,,,,,,,,,,,,,,,,,,,,,
15304,Vozinha,1533,Cape Verde Islands,GK,390.0,0.0,0.0,0.0,5.0,0.0,18.0,138.0,91.0,0.0,0.0,0.0,0.0,5.0,5.0,1.0,1.0,3.0,0.0,0.0,0.0,7.875,0.0,0.0,1.153846153846154,0.0,4.153846153846154,31.846153846153847,0.0,0.0,0.0,0.0,1.153846153846154,0.23076923076923078,0.6923076923076923,0.0,0.0,0.0,1.0,1.0,65.94202898550725,0.6842105263157895,3.724355552256453,1.310140729151144,1.2485351898206705,0.3412747142351552,66.54961956620413,-0.3029303484692597,30.720107283775867,0.9427511254262672,0.5728090550858267,4,,,,,,,,,,,,,,,,,,,,,,,,,,
47270,Unai Simón,9,Spain,GK,630.0,0.0,0.0,0.0,1.0,0.0,10.0,215.0,170.0,0.0,0.0,0.0,0.0,5.0,4.0,0.0,0.0,3.0,0.0,0.0,0.0,7.128571428571428,0.0,0.0,0.14285714285714285,0.0,1.4285714285714284,30.71428571428571,0.0,0.0,0.0,0.0,0.7142857142857142,0.0,0.42857142857142855,0.0,0.0,0.0,0.8,0.0,79.06976744186046,0.7777777777777778,1.7319539071434296,-1.3330333475555596,0.43415439283676793,1.379432156754248,76.5800559713094,1.311282724099906,30.173408829323755,0.7555699856928798,0.5283128797478686,5,,,,,,,,,,,,,,,,,,,,,,,,,,
2682,Alireza Beiranvand,22,Iran,GK,270.0,0.0,0.0,0.0,3.0,0.0,15.0,80.0,53.0,0.0,0.0,0.0,0.0,5.0,5.0,3.0,3.0,1.0,0.0,0.0,0.0,7.666666666666667,0.0,0.0,1.0,0.0,5.0,26.666666666666664,0.0,0.0,0.0,0.0,1.6666666666666665,1.0,0.3333333333333333,0.0,0.0,0.0,1.0,1.0,66.25,0.6,4.117517032858173,1.8317194158757988,1.1814779071061825,0.4859922782710429,66.89642632975227,-0.24711821938882583,27.312135892782763,-0.224085846491208,0.46162690706670206,6,,,,,,,,,,,,,,,,,,,,,,,,,,
7525,Alexander Schlager,775,Austria,GK,360.0,0.0,0.0,0.0,9.0,0.0,13.0,123.0,105.0,0.0,0.0,0.0,0.0,2.0,2.0,0.0,0.0,1.0,0.0,0.0,0.0,6.45,0.0,0.0,2.25,0.0,3.25,30.75,0.0,0.0,0.0,0.0,0.5,0.0,0.25,0.0,0.0,0.0,1.0,0.0,85.36585365853658,0.6666666666666666,3.097930860715145,0.4791087383112383,1.9845649225884854,-1.2471646867119748,79.53259104715129,1.695032258045577,29.926779910652304,0.6711280383777007,0.3995260870056353,7,,,,,,,,,,,,,,,,,,,,,,,,,,
19172,Ørjan Nyland,1090,Norway,GK,480.0,0.0,0.0,0.0,7.0,0.0,16.0,185.0,119.0,1.0,0.0,0.0,1.0,1.0,1.0,0.0,0.0,0.0,0.0,0.0,0.0,7.359999999999999,0.0,0.0,1.3125,0.0,3.0,34.6875,0.1875,0.0,0.0,0.1875,0.1875,0.0,0.0,0.0,0.0,0.0,1.0,0.0,64.32432432432432,0.7272727272727273,2.943761613312391,0.27458363206077385,1.3510076639360336,0.12012696958456671,65.2902538243397,-0.5056019533287084,32.940092654170066,1.7028399613061405,0.39798715240569316,8,,,,,,,,,,,,,,,,,,,,,,,,,,
369,Diogo Costa,27,Portugal,GK,450.0,0.0,0.0,0.0,3.0,0.0,19.0,104.0,79.0,0.0,0.0,0.0,0.0,4.0,4.0,0.0,0.0,1.0,0.0,0.0,0.0,7.42,0.0,0.0,0.6000000000000001,0.0,3.8000000000000003,20.8,0.0,0.0,0.0,0.0,0.8,0.0,0.2,0.0,0.0,0.0,1.0,0.0,75.96153846153847,0.7142857142857143,3.512512166327267,1.029103546019309,0.8439127907901305,1.2144978090535419,73.64854627949339,0.8395105024561803,22.93723992341626,-1.7219829177051797,0.34028223495596294,9,,,,,,,,,,,,,,,,,,,,,,,,,,
732,Luca Zidane,1532,Algeria,GK,270.0,0.0,0.0,0.0,6.0,0.0,8.0,88.0,76.0,0.0,0.0,0.0,0.0,0.0,0.0,0.0,0.0,0.0,0.0,0.0,0.0,6.5,0.0,0.0,2.0,0.0,2.6666666666666665,29.333333333333332,0.0,0.0,0.0,0.0,0.0,0.0,0.0,0.0,0.0,0.0,0.0,0.0,86.36363636363636,0.6,2.7175170328581735,-0.02555856643557834,1.7814779071061826,-0.8088788364926426,78.9646081479341,1.695032258045577,28.91213589278276,0.3237295371713643,0.2960810980721801,10,,,,,,,,,,,,,,,,,,,,,,,,,,
129058,Bart Verbruggen,1118,Netherlands,GK,390.0,0.0,0.0,0.0,5.0,0.0,16.0,113.0,81.0,0.0,0.0,0.0,0.0,0.0,0.0,0.0,0.0,0.0,0.0,0.0,0.0,7.2,0.0,0.0,1.153846153846154,0.0,3.6923076923076925,26.076923076923077,0.0,0.0,0.0,0.0,0.0,0.0,0.0,0.0,0.0,0.0,0.0,0.0,71.68141592920354,0.6842105263157895,3.4085660785722425,0.8912058459230137,1.2485351898206705,0.3412747142351552,70.47656852768054,0.32903939770257723,26.772738862723234,-0.4087670908465289,0.2881882167535543,11,,,,,,,,,,,,,,,,,,,,,,,,,,
24012,Lionel Mpasi Nzau,1508,Congo DR,GK,360.0,0.0,0.0,0.0,5.0,0.0,14.0,123.0,79.0,0.0,0.0,0.0,0.0,2.0,2.0,0.0,0.0,0.0,0.0,0.0,0.0,6.775,0.0,0.0,1.25,0.0,3.5,30.75,0.0,0.0,0.0,0.0,0.5,0.0,0.0,0.0,0.0,0.0,1.0,0.0,64.22764227642277,0.6666666666666666,3.2645975273818113,0.7002132600149735,1.3178982559218189,0.1915809963587865,65.44045012574207,-0.48143063880326564,29.926779910652304,0.6711280383777007,0.27037291398704877,12,,,,,,,,,,,,,,,,,,,,,,,,,,
49866,Uğurcan Çakır,777,Türkiye,GK,270.0,0.0,0.0,0.0,5.0,0.0,8.0,89.0,71.0,0.0,0.0,0.0,0.0,0.0,0.0,0.0,0.0,0.0,0.0,0.0,0.0,6.6000000000000005,0.0,0.0,1.6666666666666665,0.0,2.6666666666666665,29.666666666666664,0.0,0.0,0.0,0.0,0.0,0.0,0.0,0.0,0.0,0.0,0.0,0.0,79.7752808988764,0.6,2.7175170328581735,-0.02555856643557834,1.5814779071061824,-0.37725513157141377,75.01159486907812,1.0588679424509908,29.11213589278276,0.3922064601291857,0.2620651761432961,13,,,,,,,,,,,,,,,,,,,,,,,,,,
2932,Jordan Pickford,10,England,GK,673.0,0.0,0.0,0.0,8.0,0.0,15.0,237.0,166.0,1.0,0.0,0.0,0.0,5.0,5.0,0.0,0.0,4.0,0.0,0.0,0.0,6.6571428571428575,0.0,0.0,1.0698365527488856,0.0,2.0059435364041605,31.693907875185733,0.1337295690936107,0.0,0.0,0.0,0.6686478454680534,0.0,0.5349182763744428,0.0,0.0,0.0,1.0,0.0,70.042194092827,0.7889800703399765,2.1721953866192005,-0.7489970570337485,1.1508382862811044,0.5521162115605521,69.58298765868828,0.1852340973279241,30.97357696571189,1.0295352448366497,0.25447212417284437,14,,,,,,,,,,,,,,,,,,,,,,,,,,
270774,Raúl Rangel,16,Mexico,GK,451.0,0.0,0.0,0.0,3.0,0.0,8.0,138.0,104.0,0.0,0.0,0.0,0.0,3.0,2.0,0.0,0.0,0.0,1.0,0.0,0.0,7.220000000000001,0.0,0.0,0.5986696230598669,0.0,1.5964523281596452,27.53880266075388,0.0,0.0,0.0,0.0,0.5986696230598669,0.0,0.0,0.19955654101995565,0.0,0.0,0.6666666666666666,0.0,75.3623188405797,0.7147385103011094,1.9380073926880794,-1.0596772033551354,0.8425753695685929,1.2173841225669435,73.22392653801897,0.7711758149235348,27.750334630352206,-0.07405334052742056,0.2137073484019806,15,,,,,,,,,,,,,,,,,,,,,,,,,,
280,Alisson,6,Brazil,GK,450.0,0.0,0.0,0.0,4.0,0.0,14.0,109.0,85.0,0.0,0.0,0.0,0.0,1.0,1.0,1.0,1.0,0.0,0.0,0.0,0.0,7.12,0.0,0.0,0.8,0.0,2.8000000000000003,21.8,0.0,0.0,0.0,0.0,0.2,0.2,0.0,0.0,0.0,0.0,1.0,1.0,77.98165137614679,0.7142857142857143,2.7982264520415527,0.0815127387175858,0.9867699336472733,0.906195162681236,75.09148407564219,1.0717246314707478,23.651525637701972,-1.4774224785701033,0.14550251357486654,16,,,,,,,,,,,,,,,,,,,,,,,,,,
44411,Mohammed Al-Owais,23,Saudi Arabia,GK,270.0,0.0,0.0,0.0,5.0,0.0,16.0,85.0,48.0,0.0,0.0,0.0,0.0,2.0,2.0,0.0,0.0,1.0,0.0,0.0,0.0,7.366666666666667,0.0,0.0,1.6666666666666665,0.0,5.333333333333333,28.333333333333332,0.0,0.0,0.0,0.0,0.6666666666666666,0.0,0.3333333333333333,0.0,0.0,0.0,1.0,0.0,56.470588235294116,0.6,4.317517032858174,1.8706947368890219,1.5814779071061824,-0.37725513157141377,61.02877927092875,-1.1914074013384854,28.312135892782763,0.11829876829790016,0.10508274306925568,17,,,,,,,,,,,,,,,,,,,,,,,,,,
2701,Yassine Bounou,31,Morocco,GK,570.0,0.0,0.0,0.0,6.0,0.0,15.0,189.0,120.0,0.0,0.0,0.0,0.0,7.0,6.0,0.0,0.0,4.0,0.0,0.0,0.0,6.783333333333334,0.0,0.0,0.9473684210526315,0.0,2.3684210526315788,29.842105263157894,0.0,0.0,0.0,0.0,1.1052631578947367,0.0,0.631578947368421,0.0,0.0,0.0,0.8571428571428571,0.0,63.492063492063494,0.76,2.470510219714904,-0.3532445061012175,1.0688867442637096,0.7289773525083305,64.54182405181962,-0.6260478715229533,29.467281535669656,0.5138028642630458,0.06587195978680138,18,,,,,,,,,,,,,,,,,,,,,,,,,,
730,Thibaut Courtois,1,Belgium,GK,551.0,0.0,0.0,0.0,6.0,0.0,14.0,165.0,116.0,0.0,0.0,0.0,0.0,2.0,2.0,0.0,0.0,0.0,0.0,0.0,0.0,7.016666666666667,0.0,0.0,0.9800362976406534,0.0,2.2867513611615244,26.950998185117967,0.0,0.0,0.0,0.0,0.32667876588021777,0.0,0.0,0.0,0.0,0.0,1.0,0.0,70.3030303030303,0.7537619699042407,2.411604192593951,-0.4313908398134909,1.096669026262356,0.66901989507122,69.70295697039428,0.20454093737372558,27.278332628936038,-0.23565956396198343,0.0516276071673678,19,,,,,,,,,,,,,,,,,,,,,,,,,,
269174,Mostafa Shobeir,32,Egypt,GK,480.0,0.0,0.0,0.0,7.0,0.0,14.0,132.0,101.0,0.0,0.0,0.0,1.0,12.0,12.0,0.0,0.0,5.0,0.0,1.0,0.0,7.459999999999999,0.0,0.0,1.3125,0.0,2.625,24.75,0.0,0.0,0.0,0.1875,2.25,0.0,0.9375,0.0,0.1875,0.0,1.0,0.0,76.51515151515152,0.7272727272727273,2.6710343405851185,-0.08722376709079281,1.3510076639360336,0.12012696958456671,74.1563099631231,0.9212256684557163,25.71281992689734,-0.7716670273969594,0.0456154608881327,20,,,,,,,,,,,,,,,,,,,,,,,,,,
70852,Orlando Gill,2380,Paraguay,GK,480.0,0.0,0.0,0.0,6.0,0.0,23.0,145.0,53.0,0.0,0.0,0.0,0.0,4.0,4.0,0.0,0.0,3.0,0.0,0.0,0.0,7.56,0.0,0.0,1.125,0.0,4.3125,27.1875,0.0,0.0,0.0,0.0,0.75,0.0,0.5625,0.0,0.0,0.0,1.0,0.0,36.55172413793103,0.7272727272727273,3.8983070678578455,1.5409095290912584,1.214644027572397,0.4144158593035863,45.09199914332639,-1.6857152519181082,27.485547199624612,-0.16471248299808555,0.026224413369662733,21,,,,,,,,,,,,,,,,,,,,,,,,,,
22221,Mike Maignan,2,France,GK,630.0,0.0,0.0,0.0,4.0,0.0,9.0,178.0,134.0,0.0,0.0,0.0,0.0,3.0,3.0,0.0,0.0,2.0,0.0,0.0,0.0,6.814285714285715,0.0,0.0,0.5714285714285714,0.0,1.2857142857142856,25.428571428571427,0.0,0.0,0.0,0.0,0.42857142857142855,0.0,0.2857142857142857,0.0,0.0,0.0,1.0,0.0,75.28089887640449,0.7777777777777778,1.6208427960323186,-1.4804363620247163,0.7674877261701014,1.379432156754248,73.63315819817699,0.8370340756069905,26.062297718212644,-0.6520112084401203,0.021004665474100487,22,,,,,,,,,,,,,,,,,,,,,,,,,,
119853,Mory Diaw,13,Senegal,GK,237.0,0.0,0.0,0.0,3.0,0.0,4.0,85.0,56.0,0.0,0.0,0.0,0.0,5.0,4.0,1.0,1.0,2.0,0.0,0.0,0.0,6.7,0.0,0.0,1.139240506329114,0.0,1.518987341772152,32.27848101265823,0.0,0.0,0.0,0.0,1.89873417721519,0.379746835443038,0.759493670886076,0.0,0.0,0.0,0.8,1.0,65.88235294117646,0.5683453237410072,2.0692629850987485,-0.8855499734697269,1.2749761587476791,0.28421196938524246,66.73863188356678,-0.2725123146728344,30.552664632499386,0.8854213377697022,0.002892754753095861,23,,,,,,,,,,,,,,,,,,,,,,,,,,
2968,Orlando Mosquera,11,Panama,GK,270.0,0.0,0.0,0.0,4.0,0.0,7.0,85.0,58.0,1.0,0.0,0.0,0.0,2.0,2.0,0.0,0.0,0.0,0.0,0.0,0.0,6.900000000000001,0.0,0.0,1.3333333333333333,0.0,2.333333333333333,28.333333333333332,0.3333333333333333,0.0,0.0,0.0,0.6666666666666666,0.0,0.0,0.0,0.0,0.0,1.0,0.0,68.23529411764706,0.6,2.5175170328581733,-0.290883992480061,1.3814779071061825,0.054368573349814577,68.08760280034052,-0.05542041553438168,28.312135892782763,0.11829876829790016,-0.043409266591682,24,,,,,,,,,,,,,,,,,,,,,,,,,,
48033,Jacob Widell Zetterström,5,Sweden,GK,180.0,0.0,0.0,0.0,4.0,0.0,11.0,59.0,24.0,0.0,0.0,0.0,0.0,1.0,1.0,0.0,0.0,0.0,0.0,0.0,0.0,7.949999999999999,0.0,0.0,2.0,0.0,5.5,29.5,0.0,0.0,0.0,0.0,0.5,0.0,0.0,0.0,0.0,0.0,1.0,0.0,40.67796610169491,0.5,4.146896291072717,1.8706947368890219,1.726847383882728,-0.6909796923151793,54.2720159630378,-1.6857152519181082,28.890169865978454,0.3162087075455244,-0.04744787494968529,25,,,,,,,,,,,,,,,,,,,,,,,,,,
497,Manuel Neuer,25,Germany,GK,390.0,0.0,0.0,0.0,5.0,0.0,5.0,102.0,94.0,0.0,0.0,0.0,0.0,2.0,2.0,0.0,0.0,2.0,0.0,0.0,0.0,6.775,0.0,0.0,1.153846153846154,0.0,1.153846153846154,23.53846153846154,0.0,0.0,0.0,0.0,0.46153846153846156,0.0,0.46153846153846156,0.0,0.0,0.0,1.0,0.0,92.15686274509804,0.6842105263157895,1.6717239733090845,-1.4129360118317027,1.2485351898206705,0.3412747142351552,84.48608477013467,1.695032258045577,25.035896757460076,-1.0034351060065587,-0.09501603638938233,26,,,,,,,,,,,,,,,,,,,,,,,,,,
1305,Dominik Livaković,3,Croatia,GK,360.0,0.0,0.0,0.0,7.0,0.0,10.0,107.0,79.0,0.0,1.0,0.0,0.0,3.0,3.0,0.0,0.0,1.0,0.0,0.0,0.0,6.9,0.0,0.0,1.75,0.0,2.5,26.75,0.0,0.25,0.0,0.0,0.75,0.0,0.25,0.0,0.0,0.0,1.0,0.0,73.83177570093459,0.6666666666666666,2.597930860715145,-0.18420482679996789,1.6512315892551521,-0.527791845176594,71.84320574208328,0.5489743604351648,27.260113243985636,-0.24189760105992145,-0.10122997815032964,27,,,,,,,,,,,,,,,,,,,,,,,,,,
429,Fernando Muslera,7,Uruguay,GK,225.0,0.0,0.0,0.0,4.0,0.0,4.0,65.0,52.0,0.0,0.0,0.0,0.0,1.0,0.0,0.0,0.0,0.0,0.0,0.0,0.0,5.8999999999999995,0.0,0.0,1.6,0.0,1.6,26.0,0.0,0.0,0.0,0.0,0.4,0.0,0.0,0.0,0.0,0.0,0.0,0.0,80.0,0.5555555555555556,2.130574480953526,-0.80421247967426,1.5349754523402028,-0.27689732250129406,74.60714036639142,0.9937784768357123,27.01348432531418,-0.32633954837510176,-0.10341771842873589,28,,,,,,,,,,,,,,,,,,,,,,,,,,
87789,Johny Placide,2386,Haiti,GK,270.0,0.0,0.0,0.0,8.0,0.0,11.0,98.0,61.0,0.0,0.0,0.0,0.0,1.0,1.0,0.0,0.0,0.0,0.0,1.0,0.0,6.733333333333333,0.0,0.0,2.6666666666666665,0.0,3.6666666666666665,32.666666666666664,0.0,0.0,0.0,0.0,0.3333333333333333,0.0,0.0,0.0,0.3333333333333333,0.0,1.0,0.0,62.244897959183675,0.6,3.3175170328581736,0.7704177116978692,2.1814779071061823,-1.6721262463350988,64.49336510526248,-0.6338464419795329,30.91213589278276,1.0084987667495806,-0.13176405246679546,29,,,,,,,,,,,,,,,,,,,,,,,,,,
19599,Emiliano Martínez,26,Argentina,GK,690.0,0.0,0.0,0.0,7.0,0.0,9.0,193.0,144.0,0.0,0.0,0.0,0.0,2.0,2.0,0.0,0.0,1.0,0.0,0.0,0.0,6.728571428571429,0.0,0.0,0.9130434782608695,0.0,1.1739130434782608,25.17391304347826,0.0,0.0,0.0,0.0,0.2608695652173913,0.0,0.13043478260869565,0.0,0.0,0.0,1.0,0.0,74.61139896373057,0.7931034482758621,1.5090605342369863,-1.4804363620247163,1.024902365744577,0.8239008545837588,73.21581279696852,0.7698700584896061,25.816622013508326,-0.736126789958351,-0.1556980597274256,30,,,,,,,,,,,,,,,,,,,,,,,,,,
353883,Patrick Beach,20,Australia,GK,389.0,0.0,0.0,0.0,3.0,0.0,14.0,100.0,58.0,0.0,0.0,0.0,0.0,2.0,1.0,1.0,1.0,0.0,0.0,0.0,0.0,7.475,0.0,0.0,0.6940874035989717,0.0,3.2390745501285347,23.13624678663239,0.0,0.0,0.0,0.0,0.46272493573264784,0.23136246786632392,0.0,0.0,0.0,0.0,0.5,1.0,58.0,0.6836555360281195,3.0982120646505766,0.4794817910811075,0.9343849880453113,1.019248084195315,61.121075304725004,-1.1765540631303526,24.763552112042607,-1.0966817225176952,-0.1936264775929063,31,,,,,,,,,,,,,,,,,,,,,,,,,,
64190,Yahia Fofana,1501,Ivory Coast,GK,360.0,0.0,0.0,0.0,4.0,0.0,9.0,102.0,64.0,0.0,0.0,0.0,0.0,4.0,4.0,0.0,0.0,3.0,0.0,0.0,0.0,7.2,0.0,0.0,1.0,0.0,2.25,25.5,0.0,0.0,0.0,0.0,1.0,0.0,0.75,0.0,0.0,0.0,1.0,0.0,62.745098039215684,0.6666666666666666,2.431264194048478,-0.40530934850370365,1.1512315892551521,0.5512674171264771,64.45208730093735,-0.6404893405192882,26.426779910652304,-0.5272181133841779,-0.2554373463201732,32,,,,,,,,,,,,,,,,,,,,,,,,,,
199578,Zion Suzuki,12,Japan,GK,360.0,0.0,0.0,0.0,5.0,0.0,12.0,93.0,60.0,0.0,0.0,0.0,0.0,6.0,5.0,0.0,0.0,1.0,0.0,0.0,0.0,7.300000000000001,0.0,0.0,1.25,0.0,3.0,23.25,0.0,0.0,0.0,0.0,1.5,0.0,0.25,0.0,0.0,0.0,0.8333333333333334,0.0,64.51612903225806,0.6666666666666666,2.931264194048478,0.2580042166075025,1.3178982559218189,0.1915809963587865,65.63277462963228,-0.45047956989494425,24.926779910652304,-1.0407950355678401,-0.26042234812412385,33,,,,,,,,,,,,,,,,,,,,,,,,,,
9026,Nikola Vasilj,1113,Bosnia & Herzegovina,GK,360.0,0.0,0.0,0.0,8.0,0.0,6.0,142.0,84.0,0.0,0.0,0.0,0.0,1.0,1.0,0.0,0.0,0.0,0.0,0.0,0.0,5.825,0.0,0.0,2.0,0.0,1.5,35.5,0.0,0.0,0.0,0.0,0.25,0.0,0.0,0.0,0.0,0.0,1.0,0.0,59.15492957746479,0.6666666666666666,1.931264194048478,-1.0686229136149095,1.8178982559218189,-0.8874782659442846,62.058641659770096,-1.0256701129619923,33.09344657731897,1.755345985209877,-0.3066063268278273,34,,,,,,,,,,,,,,,,,,,,,,,,,,
2851,Kristoffer Nordfeldt,5,Sweden,GK,180.0,0.0,0.0,0.0,6.0,0.0,3.0,62.0,41.0,0.0,0.0,0.0,0.0,0.0,0.0,0.0,0.0,0.0,0.0,0.0,0.0,5.95,0.0,0.0,3.0,0.0,1.5,31.0,0.0,0.0,0.0,0.0,0.0,0.0,0.0,0.0,0.0,0.0,0.0,0.0,66.12903225806451,0.5,2.146896291072717,-0.7825595235558027,2.226847383882728,-1.7700389546182504,66.99754904122261,-0.23084439079389268,29.640169865978454,0.5729971686373555,-0.5526114250826475,35,,,,,,,,,,,,,,,,,,,,,,,,,,
51274,Maxime Crépeau,5529,Canada,GK,457.0,0.0,0.0,0.0,6.0,0.0,6.0,105.0,78.0,0.0,1.0,0.0,0.0,4.0,3.0,0.0,0.0,1.0,1.0,0.0,0.0,6.4799999999999995,0.0,0.0,1.1816192560175054,0.0,1.1816192560175054,20.678336980306344,0.0,0.19693654266958424,0.0,0.0,0.787746170678337,0.0,0.19693654266958424,0.19693654266958424,0.0,0.0,0.75,0.0,74.28571428571429,0.717425431711146,1.6371784376549106,-1.4587650566585955,1.2585008762916516,0.31976758165171393,72.47168489318675,0.6501164464397202,22.826469625984682,-1.7305781515632834,-0.5548647950326112,36,,,,,,,,,,,,,,,,,,,,,,,,,,
42207,Mahmud Abunada,1569,Qatar,GK,270.0,0.0,0.0,0.0,10.0,0.0,12.0,86.0,45.0,0.0,0.0,0.0,0.0,2.0,1.0,0.0,0.0,1.0,1.0,1.0,0.0,6.266666666666667,0.0,0.0,3.333333333333333,0.0,4.0,28.666666666666664,0.0,0.0,0.0,0.0,0.6666666666666666,0.0,0.3333333333333333,0.3333333333333333,0.3333333333333333,0.0,0.5,0.0,52.325581395348834,0.6,3.5175170328581737,1.0357431377423518,2.5814779071061826,-2.1037499512563276,58.54177516696158,-1.5916446765694667,28.512135892782762,0.18677569125572155,-0.6182189497069303,37,,,,,,,,,,,,,,,,,,,,,,,,,,
221,Eloy Room,5530,Curaçao,GK,270.0,0.0,0.0,0.0,9.0,0.0,20.0,74.0,38.0,0.0,0.0,0.0,0.0,0.0,0.0,0.0,0.0,0.0,0.0,0.0,0.0,7.233333333333333,0.0,0.0,3.0,0.0,6.666666666666666,24.666666666666664,0.0,0.0,0.0,0.0,0.0,0.0,0.0,0.0,0.0,0.0,0.0,0.0,51.351351351351354,0.6,5.1175170328581725,1.8706947368890219,2.3814779071061825,-2.1037499512563276,57.957237140563095,-1.6857152519181082,26.11213589278276,-0.6349473842381388,-0.6384294626308882,38,,,,,,,,,,,,,,,,,,,,,,,,,,
50728,Matthew Freese,2384,USA,GK,360.0,0.0,0.0,0.0,5.0,0.0,8.0,76.0,44.0,0.0,0.0,0.0,0.0,2.0,2.0,0.0,0.0,2.0,0.0,0.0,0.0,6.45,0.0,0.0,1.25,0.0,2.0,19.0,0.0,0.0,0.0,0.0,0.5,0.0,0.5,0.0,0.0,0.0,1.0,0.0,57.89473684210526,0.6666666666666666,2.2645975273818113,-0.6264138702074389,1.3178982559218189,0.1915809963587865,61.218513169530404,-1.1608732423983605,22.09344657731897,-1.7305781515632834,-0.8315710669525741,39,,,,,,,,,,,,,,,,,,,,,,,,,,
140607,Yazeed Abu Laila,1548,Jordan,GK,270.0,0.0,0.0,0.0,8.0,0.0,8.0,58.0,36.0,0.0,0.0,0.0,0.0,3.0,3.0,0.0,0.0,0.0,0.0,0.0,0.0,6.3,0.0,0.0,2.6666666666666665,0.0,2.6666666666666665,19.333333333333332,0.0,0.0,0.0,0.0,1.0,0.0,0.0,0.0,0.0,0.0,1.0,0.0,62.06896551724138,0.6,2.7175170328581735,-0.02555856643557834,2.1814779071061823,-1.6721262463350988,64.38780564009711,-0.6508342839558424,22.912135892782764,-1.7305781515632834,-1.0197743120724507,40,,,,,,,,,,,,,,,,,,,,,,,,,,
73507,Abduvokhid Nematov,1568,Uzbekistan,GK,180.0,0.0,0.0,0.0,8.0,0.0,5.0,50.0,25.0,0.0,0.0,0.0,0.0,1.0,1.0,0.0,0.0,0.0,0.0,0.0,0.0,6.2,0.0,0.0,4.0,0.0,2.5,25.0,0.0,0.0,0.0,0.0,0.5,0.0,0.0,0.0,0.0,0.0,1.0,0.0,50.0,0.5,2.646896291072717,-0.11924595844459653,2.7268473838827285,-2.1037499512563276,58.93303291219035,-1.5286789847905167,26.640169865978454,-0.454156675729969,-1.0514578925553524,41,,,,,,,,,,,,,,,,,,,,,,,,,,
2194,Ramy Bensebaini,1532,Algeria,CB,360.0,1.0,0.0,0.0,0.0,0.0,0.0,390.0,361.0,0.0,10.0,0.0,7.0,30.0,21.0,1.0,1.0,5.0,1.0,0.0,0.0,6.825,0.25,0.0,0.0,0.0,0.0,97.5,0.0,2.5,0.0,1.75,7.5,0.25,1.25,0.25,0.0,0.0,0.7,1.0,92.56410256410257,0.6666666666666666,,,,,91.26511905088003,0.6965254149133482,84.2439252001844,1.9133334796510024,0.9146723001191255,1,1.4842929779988743,1.5210004048884878,2.0793545915966907,1.8609930729356068,0.20219922734696405,-1.5266813541188775,0.6645681455390919,1.1912591843039555,0.041331011159471145,0.7462758982603556,,,,,,,,,,,,,,,,
355994,Alexander Freeman,2384,USA,CB,373.0,4.0,1.0,1.0,0.0,1.0,0.0,262.0,232.0,4.0,14.0,2.0,8.0,53.0,37.0,13.0,9.0,1.0,1.0,0.0,0.0,7.26,0.9651474530831099,0.24128686327077747,0.0,0.24128686327077747,0.0,63.2171581769437,0.9651474530831099,3.3780160857908847,0.48257372654155495,1.9302949061662198,12.788203753351207,2.1715817694369974,0.24128686327077747,0.24128686327077747,0.0,0.25,0.6981132075471698,0.6923076923076923,88.54961832061069,0.674502712477396,,,,,88.58787522239798,-0.08387400724091491,61.43168102730485,0.34694274752526283,0.8213024442170581,2,1.612148658443747,1.8822454018609318,2.681467413132392,1.9438456505316994,0.5229431876444134,-0.2792423145526008,0.6641284358159204,1.1838092258401183,0.040359396068923,0.755390405554911,,,,,,,,,,,,,,,,
30776,Cristian Romero,26,Argentina,CB,541.0,3.0,1.0,1.0,0.0,0.0,0.0,391.0,375.0,0.0,14.0,3.0,10.0,49.0,32.0,2.0,2.0,3.0,9.0,1.0,0.0,7.25,0.49907578558225507,0.16635859519408502,0.0,0.0,0.0,65.04621072088725,0.0,2.3290203327171906,0.49907578558225507,1.6635859519408502,8.151571164510166,0.33271719038817005,0.49907578558225507,1.497227356746765,0.16635859519408502,0.3333333333333333,0.6530612244897959,1.0,95.9079283887468,0.7503467406380028,,,,,94.10024496908504,1.500007839903323,63.220138152703996,0.532480568341823,0.7886617800634096,3,1.4861556284596285,1.5262631601897354,2.05665947220834,1.8116535312169584,0.525918977485937,-0.2676382068441148,0.6382426089321627,0.7452282144967701,0.15578189462706576,-0.32736264686062805,,,,,,,,,,,,,,,,
1149,Dayot Upamecano,2,France,CB,616.0,2.0,1.0,0.0,0.0,0.0,0.0,432.0,397.0,3.0,14.0,5.0,13.0,57.0,31.0,3.0,2.0,4.0,6.0,0.0,0.0,7.271428571428571,0.2922077922077922,0.0,0.0,0.0,0.0,63.116883116883116,0.4383116883116883,2.0454545454545454,0.7305194805194805,1.8993506493506493,8.327922077922077,0.2922077922077922,0.5844155844155844,0.8766233766233766,0.0,0.5,0.543859649122807,0.6666666666666666,91.89814814814815,0.7738693467336684,,,,,91.1675208839919,0.6680761746041459,61.899145236306005,0.39543834152976254,0.7310941467185763,4,1.6853243820595378,2.0889969827376254,1.8628787430429812,1.3903712190458286,0.7024969632755785,0.4209285519567775,0.5551310834808528,-0.6629221625574566,0.028038625660947766,0.8167699197133508,,,,,,,,,,,,,,,,
38695,Jan Paul van Hecke,1118,Netherlands,CB,390.0,3.0,2.0,1.0,0.0,0.0,0.0,372.0,344.0,2.0,9.0,2.0,4.0,35.0,23.0,0.0,0.0,2.0,4.0,0.0,0.0,7.699999999999999,0.6923076923076923,0.23076923076923078,0.0,0.0,0.0,85.84615384615385,0.46153846153846156,2.076923076923077,0.46153846153846156,0.9230769230769231,8.076923076923077,0.0,0.46153846153846156,0.9230769230769231,0.0,0.6666666666666666,0.6571428571428571,0.0,92.47311827956989,0.6842105263157895,,,,,91.27123419900097,0.6983079414091421,76.96792913701681,1.9133334796510024,0.7151461815794898,5,0.9324880844199862,-0.03807586310910673,1.8120201394073914,1.2798038255507145,0.5073466364339659,-0.3400611457756712,0.6371096717137262,0.7260329709651777,0.039155694782656875,0.76668206236517,,,,,,,,,,,,,,,,
22224,Gabriel Magalhães,6,Brazil,CB,450.0,0.0,0.0,0.0,0.0,1.0,0.0,430.0,412.0,3.0,5.0,2.0,4.0,30.0,23.0,0.0,0.0,3.0,1.0,0.0,0.0,7.4,0.0,0.0,0.0,0.2,0.0,86.0,0.6000000000000001,1.0,0.4,0.8,6.0,0.0,0.6000000000000001,0.2,0.0,0.0,0.7666666666666667,0.0,95.81395348837209,0.7142857142857143,,,,,93.77201021296149,1.4272681263089075,77.92336445730092,1.9133334796510024,0.6500558600669905,6,0.8436796954276065,-0.28899616716640203,1.0680182213685918,-0.33766788921240903,0.4590279091545406,-0.5284802699569477,0.717248886652555,1.5632696828713593,0.035426580993832404,0.8016640579734232,,,,,,,,,,,,,,,,
257,Marquinhos,6,Brazil,CB,450.0,1.0,0.0,0.0,0.0,0.0,0.0,389.0,368.0,1.0,5.0,3.0,3.0,18.0,13.0,0.0,0.0,2.0,0.0,0.0,0.0,7.340000000000001,0.2,0.0,0.0,0.0,0.0,77.80000000000001,0.2,1.0,0.6000000000000001,0.6000000000000001,3.6,0.0,0.4,0.0,0.0,0.0,0.7222222222222222,0.0,94.60154241645245,0.7142857142857143,,,,,92.90600230444745,1.1748323697313827,72.06622160015807,1.4501894819596275,0.567276761571277,7,0.7008225525704637,-0.6926264787752131,1.0680182213685918,-0.33766788921240903,0.6018850520116835,0.02859188934315755,0.6855028549065233,1.5459538999789706,0.035426580993832404,0.8016640579734232,,,,,,,,,,,,,,,,
69260,Pico,1533,Cape Verde Islands,CB,390.0,2.0,0.0,0.0,0.0,0.0,0.0,182.0,152.0,0.0,7.0,8.0,7.0,27.0,19.0,0.0,0.0,3.0,0.0,0.0,0.0,7.25,0.46153846153846156,0.0,0.0,0.0,0.0,42.0,0.0,1.6153846153846154,1.8461538461538463,1.6153846153846154,6.230769230769231,0.0,0.6923076923076923,0.0,0.0,0.0,0.7037037037037037,0.0,83.51648351648352,0.6842105263157895,,,,,85.14301041373135,-1.0880300267571725,46.96792913701681,-1.1535533887500342,0.5371794809249719,8,1.406172294946302,1.3002772753832674,1.4962306657231805,0.5932726095417961,1.4547150574865977,2.075817716739174,0.6689670930448318,1.265790117952602,0.039155694782656875,0.76668206236517,,,,,,,,,,,,,,,,
1567,Aïssa Mandi,1532,Algeria,CB,360.0,0.0,0.0,0.0,0.0,0.0,0.0,392.0,362.0,3.0,5.0,1.0,4.0,23.0,16.0,0.0,0.0,5.0,0.0,0.0,0.0,6.725,0.0,0.0,0.0,0.0,0.0,98.0,0.75,1.25,0.25,1.0,5.75,0.0,1.25,0.0,0.0,0.0,0.6956521739130435,0.0,92.34693877551021,0.6666666666666666,,,,,91.12034319181846,0.6543241796162278,84.57725853351775,1.9133334796510024,0.5333747375773337,9,0.9842929779988743,0.10829431425764853,1.2460212582633572,0.049313475134295494,0.36886589401363074,-0.8800675091867157,0.6616695948144543,1.1421493253085213,0.041331011159471145,0.7462758982603556,,,,,,,,,,,,,,,,
14701,Josip Šutalo,3,Croatia,CB,360.0,1.0,0.0,0.0,0.0,0.0,0.0,268.0,240.0,0.0,5.0,2.0,6.0,21.0,15.0,2.0,2.0,1.0,2.0,0.0,0.0,6.775,0.25,0.0,0.0,0.0,0.0,67.0,0.0,1.25,0.5,1.5,5.25,0.5,0.25,0.5,0.0,0.0,0.7142857142857143,1.0,89.55223880597015,0.6666666666666666,,,,,89.25720987879176,0.11123275648395839,63.91059186685108,0.6041095023980193,0.5262143095037499,10,1.3176263113322075,1.0500983746782078,1.2460212582633572,0.049313475134295494,0.5355325606802974,-0.23014999000325975,0.6740919550629015,1.3526201495746726,0.041331011159471145,0.7462758982603556,,,,,,,,,,,,,,,,
61837,Abdülkerim Bardakcı,777,Türkiye,CB,266.0,1.0,1.0,0.0,0.0,0.0,0.0,241.0,225.0,2.0,8.0,0.0,2.0,37.0,22.0,3.0,3.0,3.0,1.0,0.0,0.0,7.133333333333333,0.3383458646616541,0.0,0.0,0.0,0.0,81.54135338345864,0.6766917293233082,2.706766917293233,0.0,0.6766917293233082,12.518796992481203,1.0150375939849623,1.0150375939849623,0.3383458646616541,0.0,1.0,0.5945945945945946,1.0,93.3609958506224,0.5964125560538116,,,,,91.46661941852882,0.7552614810138896,71.9321067446179,1.436276160984433,0.4260558065373919,11,0.788157417308054,-0.44586948809678434,2.1140167700946475,1.9363491868557217,0.24481520799856638,-1.3638037938342145,0.5942353380118203,-0.00038263554004658713,0.05004203144868705,0.6645597343787445,,,,,,,,,,,,,,,,
135068,Emmanuel Agbadou,1501,Ivory Coast,CB,270.0,3.0,1.0,0.0,0.0,0.0,0.0,160.0,141.0,0.0,8.0,0.0,4.0,24.0,18.0,1.0,1.0,0.0,0.0,0.0,0.0,6.833333333333333,1.0,0.0,0.0,0.0,0.0,53.33333333333333,0.0,2.6666666666666665,0.0,1.3333333333333333,8.0,0.3333333333333333,0.0,0.0,0.0,0.3333333333333333,0.75,1.0,88.125,0.6,,,,,88.34186080977399,-0.1555856322378204,55.09271024022129,-0.3106737026274536,0.42192155177824286,12,1.181151573598649,0.664500988251319,2.0952255099160286,1.8954966956366257,0.24263907281635688,-1.3722896441083912,0.6874817746469104,1.5632696828713593,0.04959721339136537,0.668732474662061,,,,,,,,,,,,,,,,
126949,Chris Richards,2384,USA,CB,360.0,1.0,0.0,0.0,0.0,0.0,0.0,299.0,284.0,0.0,5.0,4.0,4.0,36.0,22.0,0.0,0.0,3.0,8.0,1.0,0.0,7.025,0.25,0.0,0.0,0.0,0.0,74.75,0.0,1.25,1.0,1.0,9.0,0.0,0.75,2.0,0.25,0.0,0.6111111111111112,0.0,94.98327759197325,0.6666666666666666,,,,,92.87790240279382,1.1666414284432596,69.07725853351775,1.1401089740123875,0.41487017502658985,13,0.9842929779988743,0.10829431425764853,1.2460212582633572,0.049313475134295494,0.8688658940136307,1.0696850483636517,0.6053088862798328,0.18723540039728195,0.20799767782613782,-0.8171874154223961,,,,,,,,,,,,,,,,
25916,Moussa Niakhaté,13,Senegal,CB,390.0,1.0,0.0,0.0,0.0,1.0,0.0,303.0,277.0,2.0,2.0,5.0,4.0,24.0,15.0,2.0,1.0,6.0,3.0,0.0,0.0,7.075,0.23076923076923078,0.0,0.0,0.23076923076923078,0.0,69.92307692307693,0.46153846153846156,0.46153846153846156,1.153846153846154,0.9230769230769231,5.538461538461538,0.23076923076923078,1.3846153846153846,0.6923076923076923,0.0,0.0,0.625,0.5,91.41914191419141,0.6842105263157895,,,,,90.55009247532095,0.4880997495126636,66.07319229491155,0.8284616353180357,0.39751450587799714,14,0.9324880844199862,-0.03807586310910673,0.7067569815126542,-1.1230554304804987,0.9810308469602818,1.5070728561141509,0.6151171905107188,0.3534165314255655,0.039155694782656875,0.76668206236517,,,,,,,,,,,,,,,,
48119,Odilon Kossounou,1501,Ivory Coast,CB,280.0,0.0,0.0,0.0,0.0,0.0,0.0,150.0,142.0,0.0,5.0,2.0,3.0,13.0,9.0,1.0,1.0,1.0,0.0,0.0,0.0,6.775,0.0,0.0,0.0,0.0,0.0,48.214285714285715,0.0,1.6071428571428572,0.6428571428571429,0.9642857142857144,4.178571428571429,0.32142857142857145,0.32142857142857145,0.0,0.0,0.0,0.6923076923076923,1.0,94.66666666666667,0.6086956521739131,,,,,92.31903050231513,1.003733850301932,51.938520887173,-0.6378950884220755,0.39211720643132136,15,0.9598221915638959,0.03915425617920765,1.46272060752655,0.5204212230346318,0.6286686581899144,0.13303469863601236,0.653723809646225,1.0075246710277035,0.048519013100248726,0.6788468342618386,,,,,,,,,,,,,,,,
1411,Hannes Delcroix,2386,Haiti,CB,270.0,0.0,0.0,0.0,0.0,0.0,0.0,153.0,145.0,0.0,5.0,2.0,5.0,19.0,10.0,0.0,0.0,2.0,1.0,0.0,0.0,6.3999999999999995,0.0,0.0,0.0,0.0,0.0,51.0,0.0,1.6666666666666665,0.6666666666666666,1.6666666666666665,6.333333333333333,0.0,0.6666666666666666,0.3333333333333333,0.0,0.0,0.5263157894736842,0.0,94.77124183006536,0.6,,,,,92.3296059078132,1.0068165132450464,53.69271024022129,-0.4559122691294112,0.36191239491427696,16,1.381151573598649,1.2295834245036545,1.4952255099160285,0.5910873852196815,0.6426390728163568,0.18751240193190277,0.553271248331121,-0.6944331660329964,0.04959721339136537,0.668732474662061,,,,,,,,,,,,,,,,
47254,Mathías Olivera,7,Uruguay,CB,270.0,0.0,0.0,0.0,0.0,0.0,0.0,229.0,211.0,5.0,8.0,3.0,2.0,34.0,19.0,4.0,2.0,0.0,3.0,1.0,0.0,7.1000000000000005,0.0,0.0,0.0,0.0,0.0,76.33333333333333,1.6666666666666665,2.6666666666666665,1.0,0.6666666666666666,11.333333333333332,0.6666666666666666,0.0,1.0,0.3333333333333333,0.0,0.5588235294117647,0.5,92.13973799126637,0.6,,,,,90.75070360453381,0.5465766083067297,68.89271024022129,1.1209635957489872,0.3561992901710029,17,0.7811515735986491,-0.46566388425335253,2.0952255099160286,1.8954966956366257,0.8426390728163569,0.9674134249520502,0.5727758922939692,-0.36396790743677926,0.24959721339136537,-1.207423501757241,,,,,,,,,,,,,,,,
204043,Arthur Theate,1,Belgium,CB,227.0,4.0,1.0,0.0,0.0,0.0,0.0,166.0,155.0,2.0,1.0,1.0,3.0,10.0,8.0,0.0,0.0,0.0,1.0,0.0,0.0,6.933333333333334,1.5859030837004404,0.0,0.0,0.0,0.0,65.81497797356828,0.7929515418502202,0.3964757709251101,0.3964757709251101,1.1894273127753303,3.964757709251101,0.0,0.0,0.3964757709251101,0.0,0.25,0.8,0.0,93.37349397590361,0.5577395577395577,,,,,91.29206510301822,0.7043800164607544,62.240097317197986,0.43080933544019884,0.3302669363037195,18,1.0848113221606686,0.39230006829263586,0.7686768537155109,-0.9884406674784427,0.4894043802637852,-0.41002706548773876,0.7087636329019894,1.5632696828713593,0.054837213823376946,0.6195771840272698,,,,,,,,,,,,,,,,
16813,Hamdy Fathy,32,Egypt,CB,241.0,0.0,0.0,0.0,0.0,0.0,0.0,132.0,119.0,2.0,11.0,2.0,3.0,26.0,19.0,1.0,0.0,2.0,3.0,1.0,0.0,6.75,0.0,0.0,0.0,0.0,0.0,49.29460580912863,0.7468879668049793,4.1078838174273855,0.7468879668049793,1.120331950207469,9.709543568464731,0.0,0.7468879668049793,1.120331950207469,0.37344398340248963,0.0,0.7307692307692307,0.0,90.15151515151516,0.5724465558194775,,,,,89.51687058411746,0.18692218836780658,52.90194681258808,-0.5379475167519981,0.3135171686604227,19,1.0487368363881047,0.2903747767580827,2.8808823740195084,1.9438456505316994,0.6869063723690275,0.36013296296923875,0.6721667059536681,1.3200008438361612,0.26679037060834776,-1.3687087250880319,,,,,,,,,,,,,,,,
278898,Chadi Riad,31,Morocco,CB,345.0,1.0,0.0,0.0,0.0,1.0,0.0,229.0,214.0,1.0,2.0,3.0,4.0,15.0,10.0,3.0,2.0,1.0,0.0,0.0,0.0,6.75,0.2608695652173913,0.0,0.0,0.2608695652173913,0.0,59.73913043478261,0.2608695652173913,0.5217391304347826,0.7826086956521738,1.0434782608695652,3.9130434782608696,0.5217391304347826,0.2608695652173913,0.0,0.0,0.0,0.6666666666666666,0.6666666666666666,93.44978165938865,0.6571428571428571,,,,,91.81002292740453,0.855361403569056,59.05089449161825,0.09995558781791766,0.3125559942362529,20,1.0124156345131277,0.18775241054245814,0.767336151356596,-0.9913553752108868,0.7222620624140201,0.4980026571476036,0.641651044935447,0.8029770094698793,0.04251189719259889,0.7351982663177421,,,,,,,,,,,,,,,,
1741,Nikola Katić,1113,Bosnia & Herzegovina,CB,318.0,2.0,0.0,0.0,0.0,0.0,0.0,170.0,145.0,0.0,10.0,5.0,4.0,42.0,25.0,0.0,0.0,0.0,4.0,1.0,0.0,6.9,0.5660377358490566,0.0,0.0,0.0,0.0,48.11320754716981,0.0,2.830188679245283,1.4150943396226414,1.1320754716981132,11.88679245283019,0.0,0.0,1.1320754716981132,0.2830188679245283,0.0,0.5952380952380952,0.0,85.29411764705883,0.6385542168674698,,,,,86.51328669912249,-0.6886032693081701,51.589798409838515,-0.6740721975042697,0.2870916932653652,21,1.06730563879396,0.3428392972670272,2.254721846309664,1.9438456505316994,1.122866632062973,2.0601622256264243,0.5946837607968353,0.007214947471090757,0.2255396506548482,-0.9817448012262462,,,,,,,,,,,,,,,,
505,David Alaba,775,Austria,CB,278.0,2.0,0.0,0.0,0.0,1.0,0.0,227.0,202.0,1.0,2.0,3.0,4.0,11.0,6.0,2.0,1.0,0.0,2.0,0.0,0.0,7.125,0.6474820143884892,0.0,0.0,0.3237410071942446,0.0,73.48920863309353,0.3237410071942446,0.6474820143884892,0.9712230215827338,1.2949640287769784,3.5611510791366907,0.3237410071942446,0.0,0.6474820143884892,0.0,0.0,0.5454545454545454,0.5,88.98678414096916,0.6069868995633187,,,,,88.86116453185092,-0.004211924576247462,67.29633102205149,0.9553522891486315,0.2701891301794345,22,1.160520105064175,0.6062085857366986,0.8795883831052684,-0.7473172815308056,0.827920486391617,0.9100182219017247,0.5644173847761426,-0.5055852757731785,0.048730886519900485,0.6768592963492184,,,,,,,,,,,,,,,,
2467,Lisandro Martínez,26,Argentina,CB,582.0,3.0,2.0,1.0,0.0,1.0,0.0,432.0,406.0,2.0,11.0,1.0,5.0,41.0,28.0,5.0,5.0,4.0,6.0,1.0,0.0,7.3999999999999995,0.4639175257731959,0.15463917525773196,0.0,0.15463917525773196,0.0,66.80412371134021,0.30927835051546393,1.7010309278350517,0.15463917525773196,0.7731958762886598,6.340206185567011,0.7731958762886598,0.6185567010309279,0.9278350515463918,0.15463917525773196,0.6666666666666666,0.6829268292682927,1.0,93.98148148148148,0.7637795275590551,,,,,92.72612806643113,1.122400181854058,64.6610493544614,0.6819633379131503,0.262036933508519,23,0.8156406930700684,-0.3682179059778151,1.5916686082181273,0.8007561774708717,0.2614010272537541,-1.2991273068104738,0.6618506735239581,1.1452173240208494,0.14739992916812916,-0.24873327391100775,,,,,,,,,,,,,,,,
310835,Abdallah Nasib,1548,Jordan,CB,261.0,0.0,0.0,0.0,0.0,0.0,0.0,79.0,62.0,0.0,5.0,2.0,7.0,12.0,9.0,0.0,0.0,1.0,1.0,0.0,0.0,6.3999999999999995,0.0,0.0,0.0,0.0,0.0,27.24137931034483,0.0,1.7241379310344829,0.6896551724137931,2.413793103448276,4.137931034482759,0.0,0.3448275862068966,0.3448275862068966,0.0,0.0,0.75,0.0,78.48101265822785,0.5918367346938775,,,,,82.63862056280219,-1.8180436219784346,39.68643902063397,-1.7070283505402566,0.24925676859885001,24,1.817501605712907,2.1566848113053005,1.5257403162408458,0.6574270476791173,0.655754155935058,0.23865473563824957,0.6862058924968474,1.5578653965195812,0.050609401419760586,0.6592373615683922,,,,,,,,,,,,,,,,
336671,Renato Veiga,27,Portugal,CB,450.0,2.0,0.0,0.0,0.0,0.0,0.0,342.0,322.0,1.0,4.0,6.0,8.0,33.0,18.0,1.0,0.0,3.0,5.0,2.0,0.0,7.12,0.4,0.0,0.0,0.0,0.0,68.4,0.2,0.8,1.2000000000000002,1.6,6.6000000000000005,0.0,0.6000000000000001,1.0,0.4,0.0,0.5454545454545454,0.0,94.15204678362574,0.7142857142857143,,,,,92.58493399528551,1.081243014784922,65.35193588587235,0.7536371732257479,0.24858743043962744,25,1.415108266856178,1.3255250792688433,0.9251610785114491,-0.6482415345497763,1.0304564805831122,1.6998083672434734,0.559240228643897,-0.5933013214130951,0.32114086670811814,-1.8785587654827227,,,,,,,,,,,,,,,,
16805,Rami Rabia,32,Egypt,CB,368.0,1.0,1.0,0.0,0.0,0.0,0.0,255.0,228.0,0.0,8.0,3.0,4.0,43.0,22.0,1.0,0.0,2.0,3.0,0.0,0.0,7.1,0.24456521739130435,0.0,0.0,0.0,0.0,62.36413043478261,0.0,1.9565217391304348,0.7336956521739131,0.9782608695652174,10.516304347826088,0.0,0.4891304347826087,0.7336956521739131,0.0,1.0,0.5116279069767442,0.0,89.41176470588235,0.6715328467153284,,,,,89.16718389810767,0.08499075993612501,60.842554029378796,0.2858256327635617,0.2439895764131975,26,0.9699237374441462,0.06769528695884043,1.7205318968288557,1.0809069665288382,0.6919481437360595,0.37979337620414844,0.5385873510192547,-0.9432209896717713,0.040727638733785446,0.7519360021726398,,,,,,,,,,,,,,,,
39254,Torbjørn Heggem,1090,Norway,CB,444.0,1.0,1.0,0.0,0.0,0.0,0.0,301.0,283.0,0.0,8.0,3.0,2.0,22.0,13.0,1.0,1.0,0.0,2.0,0.0,0.0,6.720000000000001,0.20270270270270271,0.0,0.0,0.0,0.0,61.013513513513516,0.0,1.6216216216216217,0.6081081081081081,0.40540540540540543,4.45945945945946,0.20270270270270271,0.0,0.40540540540540543,0.0,1.0,0.5909090909090909,1.0,94.01993355481727,0.7115384615384616,,,,,92.47586195951469,1.0494492152126955,60.06685834631343,0.2053535405848685,0.22937049890185857,27,0.563330461729795,-1.0810983070635758,1.5109799350355977,0.6253377498967357,0.6076724082810265,0.05115971471837094,0.5917154406326058,-0.04307700825683127,0.03576722119569618,0.7984685872207462,,,,,,,,,,,,,,,,
622,Aymeric Laporte,9,Spain,CB,629.0,4.0,1.0,0.0,0.0,1.0,0.0,567.0,531.0,3.0,5.0,0.0,13.0,45.0,24.0,0.0,0.0,2.0,4.0,1.0,0.0,7.514285714285714,0.5723370429252782,0.0,0.0,0.14308426073131955,0.0,81.12877583465819,0.4292527821939587,0.7154213036565977,0.0,1.8600953895071541,6.43879173290938,0.0,0.2861685214626391,0.5723370429252782,0.14308426073131955,0.25,0.5333333333333333,0.0,93.65079365079364,0.7775030902348579,,,,,92.54194878955191,1.0687131027317849,75.92301558479552,1.8503003602611394,0.22576333824281872,28,1.6582425316679754,2.012479592750198,0.8317076383958132,-0.8514107635119894,0.13496610972479678,-1.5266813541188775,0.5467657172531228,-0.8046557373391601,0.13883652166392388,-0.16840183307336454,,,,,,,,,,,,,,,,
67971,Marc Guéhi,10,England,CB,593.0,1.0,0.0,0.0,0.0,0.0,0.0,458.0,441.0,1.0,0.0,2.0,4.0,36.0,25.0,2.0,1.0,12.0,3.0,0.0,0.0,6.971428571428571,0.15177065767284992,0.0,0.0,0.0,0.0,69.51096121416526,0.15177065767284992,0.0,0.30354131534569984,0.6070826306913997,5.463743676222597,0.15177065767284992,1.821247892074199,0.45531197301854975,0.0,0.0,0.6944444444444444,0.5,96.2882096069869,0.7671410090556274,,,,,94.5135778283849,1.500007839903323,66.76807193803309,0.9005497233597245,0.2158766008401524,29,0.6876044089513481,-0.7299731827703285,0.2882942813223971,-1.4166029119513042,0.37411071509361005,-0.8596153025575483,0.6709862278740818,1.3000001201838494,0.02887289265991516,0.8167699197133508,,,,,,,,,,,,,,,,
2803,Nico Elvedi,15,Switzerland,CB,600.0,1.0,0.0,0.0,0.0,0.0,0.0,449.0,411.0,4.0,4.0,5.0,5.0,30.0,21.0,3.0,2.0,6.0,5.0,1.0,0.0,7.083333333333333,0.15,0.0,0.0,0.0,0.0,67.35,0.6,0.6,0.75,0.75,4.5,0.3,0.8999999999999999,0.75,0.15,0.0,0.7,0.6666666666666666,91.53674832962137,0.7692307692307693,,,,,90.87453379765527,0.5826723161870361,65.13040975397382,0.7306556461974152,0.2133093602013995,30,0.7968182155376822,-0.4213991632793433,0.7472454864900165,-1.0350327923849416,0.7169071573940521,0.47712117763135964,0.6754702546039868,1.3759725427347513,0.14399839234117234,-0.2168242056764808,,,,,,,,,,,,,,,,
228,Armando Obispo,5530,Curaçao,CB,270.0,0.0,0.0,0.0,0.0,0.0,0.0,100.0,88.0,0.0,3.0,3.0,7.0,18.0,10.0,2.0,1.0,0.0,1.0,0.0,0.0,6.366666666666667,0.0,0.0,0.0,0.0,0.0,33.33333333333333,0.0,1.0,1.0,2.333333333333333,6.0,0.3333333333333333,0.0,0.3333333333333333,0.0,0.0,0.5555555555555556,0.5,88.0,0.6,,,,,88.26686080977399,-0.1774476516918936,43.09271024022129,-1.5555757012156626,0.19772846480676204,31,1.781151573598649,2.1566848113053005,1.0952255099160286,-0.27851882172494763,0.8426390728163569,0.9674134249520502,0.5708151079802437,-0.3971892826395736,0.04959721339136537,0.668732474662061,,,,,,,,,,,,,,,,
41552,Pathé Ismaël Ciss,13,Senegal,CB,191.0,1.0,1.0,0.0,0.0,0.0,0.0,140.0,127.0,1.0,1.0,3.0,0.0,6.0,4.0,2.0,2.0,0.0,1.0,0.0,0.0,6.875,0.4712041884816754,0.0,0.0,0.0,0.0,65.96858638743456,0.4712041884816754,0.4712041884816754,1.4136125654450262,0.0,2.8272251308900525,0.9424083769633508,0.0,0.4712041884816754,0.0,1.0,0.6666666666666666,1.0,90.71428571428571,0.5148247978436657,,,,,89.72106721247134,0.2464441971881879,61.972290048785936,0.4030265184666481,0.19184728851577773,32,0.4623132294323237,-1.3440623580095996,0.8432654432943745,-0.8262839163158795,1.022068956246255,1.6671011731888667,0.6312672019526766,0.6270445821433445,0.06015834508386636,0.5696608229488759,,,,,,,,,,,,,,,,
2285,Antonio Rüdiger,25,Germany,CB,262.0,1.0,0.0,0.0,0.0,0.0,0.0,245.0,226.0,0.0,2.0,2.0,0.0,16.0,10.0,0.0,0.0,0.0,1.0,0.0,0.0,6.85,0.3435114503816794,0.0,0.0,0.0,0.0,84.16030534351145,0.0,0.6870229007633588,0.6870229007633588,0.0,5.4961832061068705,0.0,0.0,0.3435114503816794,0.0,0.0,0.625,0.0,92.24489795918367,0.5927601809954751,,,,,90.78789735227244,0.5574183474618193,73.39755567443345,1.5883045194474608,0.18881021859704908,33,0.3880502446140093,-1.3440623580095996,0.9114286865660925,-0.6780959677294726,0.6542705492474221,0.23286940377101564,0.6122552004323748,0.30492611585370194,0.050494900511571086,0.6603114693844181,,,,,,,,,,,,,,,,
5,Manuel Akanji,15,Switzerland,CB,600.0,1.0,1.0,0.0,0.0,0.0,0.0,490.0,456.0,4.0,9.0,0.0,6.0,40.0,23.0,1.0,1.0,4.0,4.0,0.0,0.0,7.033333333333334,0.15,0.0,0.0,0.0,0.0,73.5,0.6,1.3499999999999999,0.0,0.8999999999999999,6.0,0.15,0.6,0.6,0.0,1.0,0.575,1.0,93.06122448979592,0.7692307692307693,,,,,92.04720776702031,0.9244992646076052,69.86117898474305,1.2214343187177663,0.18666948932084493,34,0.9122028309222975,-0.09539006544145753,1.3241685634130933,0.21920692916981177,0.1399840804709751,-1.5266813541188775,0.5793164084501405,-0.25315258740228463,0.02861377695655694,0.8167699197133508,,,,,,,,,,,,,,,,
26240,Philipp Lienhart,775,Austria,CB,180.0,1.0,0.0,0.0,0.0,0.0,0.0,138.0,127.0,0.0,1.0,1.0,1.0,4.0,3.0,0.0,0.0,0.0,0.0,0.0,0.0,6.45,0.5,0.0,0.0,0.0,0.0,69.0,0.0,0.5,0.5,0.5,2.0,0.0,0.0,0.0,0.0,0.0,0.75,0.0,92.02898550724638,0.5,,,,,90.34806876584068,0.42921113262144256,63.36588780027661,0.5476009039715459,0.18464517055548124,35,0.7264394669983114,-0.620248136704434,0.8690318873950359,-0.770267267013812,0.553298841020446,-0.16087028894053665,0.671852218308638,1.314672510689544,0.06199651673920672,0.552417339264619,,,,,,,,,,,,,,,,
290,Virgil van Dijk,1118,Netherlands,CB,390.0,2.0,2.0,1.0,0.0,1.0,0.0,356.0,333.0,1.0,1.0,0.0,3.0,23.0,16.0,1.0,0.0,2.0,2.0,0.0,0.0,7.425000000000001,0.46153846153846156,0.23076923076923078,0.0,0.23076923076923078,0.0,82.15384615384616,0.23076923076923078,0.23076923076923078,0.0,0.6923076923076923,5.307692307692308,0.0,0.46153846153846156,0.46153846153846156,0.0,1.0,0.6956521739130435,0.0,93.53932584269663,0.6842105263157895,,,,,92.00074463692978,0.9109555598884551,74.44161334754313,1.69661697643876,0.15988991761825616,36,0.7745933475778808,-0.48419357593989854,0.548862244670549,-1.4166029119513042,0.19155716274975543,-1.5266813541188775,0.6634581516091169,1.1724526666454882,0.039155694782656875,0.76668206236517,,,,,,,,,,,,,,,,
12303,Ricardo Adé,2386,Haiti,CB,270.0,4.0,1.0,0.0,0.0,0.0,0.0,139.0,123.0,0.0,5.0,1.0,5.0,25.0,15.0,0.0,0.0,4.0,6.0,0.0,0.0,6.6000000000000005,1.3333333333333333,0.0,0.0,0.0,0.0,46.33333333333333,0.0,1.6666666666666665,0.3333333333333333,1.6666666666666665,8.333333333333332,0.0,1.3333333333333333,2.0,0.0,0.25,0.6,0.0,88.48920863309353,0.6,,,,,88.5603859896301,-0.09188694246156627,50.89271024022129,-0.7463894021333263,0.15905139126009887,37,1.381151573598649,1.2295834245036545,1.4952255099160285,0.5910873852196815,0.44263907281635684,-0.5923886210882442,0.5974817746469104,0.0546214201184316,0.04959721339136537,0.668732474662061,,,,,,,,,,,,,,,,
312964,Nathan Ngoy,1,Belgium,CB,336.0,1.0,0.0,0.0,0.0,0.0,0.0,224.0,207.0,1.0,7.0,3.0,7.0,24.0,13.0,2.0,1.0,1.0,6.0,0.0,1.0,6.875,0.26785714285714285,0.0,0.0,0.0,0.0,60.0,0.26785714285714285,1.875,0.8035714285714286,1.875,6.428571428571429,0.26785714285714285,0.26785714285714285,1.6071428571428572,0.5357142857142857,0.0,0.5416666666666666,0.5,92.41071428571429,0.6511627906976745,,,,,91.1048204736401,0.6497994067256225,59.208758930425546,0.11633273409935158,0.14965567504412616,38,1.5533298606964965,1.7160580542186832,1.6528129446942113,0.9336849137686556,0.7348596565258927,0.5471270398248136,0.5598193771145537,-0.5834888660057724,0.3920905930738652,-2.3319235573224706,,,,,,,,,,,,,,,,
406752,Ime Okon,1531,South Africa,CB,367.0,1.0,0.0,0.0,0.0,0.0,0.0,276.0,254.0,2.0,3.0,1.0,5.0,22.0,13.0,4.0,3.0,0.0,1.0,0.0,0.0,6.800000000000001,0.2452316076294278,0.0,0.0,0.0,0.0,67.68392370572208,0.4904632152588556,0.7356948228882834,0.2452316076294278,1.226158038147139,5.395095367847412,0.7356948228882834,0.0,0.2452316076294278,0.0,0.0,0.5909090909090909,0.75,92.02898550724638,0.6709323583180987,,,,,90.92271489133037,0.5967167962836156,64.40899379908517,0.6558146325262227,0.12871016603438215,39,1.136230727823386,0.5375810834053136,0.9010081891448134,-0.7007502908219597,0.3641454895198548,-0.8984747506555394,0.5918289487289691,-0.041153851777333904,0.04080209511172654,0.7512375432803562,,,,,,,,,,,,,,,,
25341,Derrick Luckassen,1504,Ghana,CB,180.0,1.0,1.0,1.0,0.0,0.0,0.0,133.0,114.0,1.0,3.0,1.0,0.0,13.0,11.0,0.0,0.0,2.0,1.0,0.0,0.0,7.25,0.5,0.5,0.0,0.0,0.0,66.5,0.5,1.5,0.5,0.0,6.5,0.0,1.0,0.5,0.0,1.0,0.8461538461538461,0.0,85.71428571428571,0.5,,,,,87.19071886936034,-0.49113613218077873,62.11588780027661,0.4179236124519408,0.1245347890162463,40,0.47643946699831136,-1.3266011820198538,1.3690318873950358,0.3167404916669743,0.553298841020446,-0.16087028894053665,0.7199291413855611,1.5632696828713593,0.06199651673920672,0.552417339264619,,,,,,,,,,,,,,,,
19354,Ezri Konsa,10,England,CB,570.0,2.0,1.0,0.0,0.0,0.0,0.0,421.0,408.0,0.0,3.0,3.0,4.0,38.0,23.0,2.0,1.0,11.0,7.0,0.0,0.0,6.742857142857143,0.3157894736842105,0.0,0.0,0.0,0.0,66.47368421052632,0.0,0.47368421052631576,0.47368421052631576,0.631578947368421,6.0,0.15789473684210525,1.7368421052631577,1.1052631578947367,0.0,0.5,0.6052631578947368,0.5,96.91211401425178,0.76,,,,,94.93332313669575,1.500007839903323,64.37562614413278,0.6523530108313539,0.12290353372735464,41,0.7086909441591894,-0.6703950293334904,0.6571353059496171,-1.230933723152023,0.5055834436898141,-0.34693672490039973,0.6024890647881462,0.13945944302936805,0.029758328034819218,0.8167699197133508,,,,,,,,,,,,,,,,
137721,Gustaf Lagerbielke,5,Sweden,CB,360.0,3.0,1.0,0.0,0.0,0.0,0.0,215.0,169.0,1.0,13.0,3.0,4.0,44.0,26.0,2.0,2.0,3.0,1.0,0.0,0.0,6.575,0.75,0.0,0.0,0.0,0.0,53.75,0.25,3.25,0.75,1.0,11.0,0.5,0.75,0.25,0.0,0.3333333333333333,0.5909090909090909,1.0,78.6046511627907,0.6666666666666666,,,,,81.95881811667212,-2.0162016793413886,55.07725853351774,-0.31227669100719035,0.12125045695192109,42,0.9842929779988743,0.10829431425764853,2.5793545915966907,1.9438456505316994,0.702199227346964,0.419767529180196,0.5918408728118193,-0.0409518232178725,0.041331011159471145,0.7462758982603556,,,,,,,,,,,,,,,,
567,Rúben Dias,27,Portugal,CB,360.0,0.0,0.0,0.0,0.0,0.0,0.0,261.0,240.0,0.0,5.0,2.0,5.0,36.0,22.0,3.0,2.0,3.0,6.0,1.0,0.0,7.25,0.0,0.0,0.0,0.0,0.0,65.25,0.0,1.25,0.5,1.25,9.0,0.5,0.75,1.5,0.25,0.0,0.6111111111111112,0.6666666666666666,91.95402298850574,0.6666666666666666,,,,,90.85839933381548,0.577969223355749,62.74392520018441,0.48307736364638737,0.11849348593942656,43,1.1509596446655408,0.5791963444679279,1.2460212582633572,0.049313475134295494,0.5355325606802974,-0.23014999000325975,0.6053088862798328,0.18723540039728195,0.20799767782613782,-0.8171874154223961,,,,,,,,,,,,,,,,
25287,Kevin Danso,775,Austria,CB,239.0,1.0,0.0,0.0,0.0,0.0,0.0,169.0,147.0,1.0,2.0,3.0,0.0,20.0,13.0,2.0,2.0,2.0,1.0,0.0,0.0,6.675,0.37656903765690375,0.0,0.0,0.0,0.0,63.64016736401673,0.37656903765690375,0.7531380753138075,1.1297071129707112,0.0,7.531380753138075,0.7531380753138075,0.7531380753138075,0.37656903765690375,0.0,0.0,0.65,1.0,86.98224852071006,0.5704057279236276,,,,,87.70607341491169,-0.34091358417293655,61.10195610524959,0.31273647965435203,0.06256345987235143,44,0.40935133202718876,-1.3440623580095996,0.9614593781914389,-0.5693284677916379,0.9049822977741302,1.2105211495667632,0.6258157484274695,0.5346811428329779,0.053266696959700294,0.634309857026541,,,,,,,,,,,,,,,,
2597,Takehiro Tomiyasu,12,Japan,CB,184.0,1.0,0.0,0.0,0.0,0.0,0.0,125.0,109.0,0.0,2.0,2.0,2.0,19.0,10.0,0.0,0.0,2.0,5.0,0.0,0.0,7.366666666666667,0.4891304347826087,0.0,0.0,0.0,0.0,61.141304347826086,0.0,0.9782608695652174,0.9782608695652174,0.9782608695652174,9.293478260869565,0.0,0.9782608695652174,2.4456521739130435,0.0,0.0,0.5263157894736842,0.0,87.2,0.5054945054945055,,,,,87.92551473735796,-0.2769478447016329,59.45527364862522,0.14190662288003383,0.05987289210645241,45,0.9657093629653629,0.055787941970087886,1.1067348336873981,-0.25349737325165195,0.7944713812290126,0.7795832652246066,0.5596398457534824,-0.5865306481462496,0.06131523633547917,0.5588082807699729,,,,,,,,,,,,,,,,
396623,Pau Cubarsí,9,Spain,CB,630.0,2.0,1.0,0.0,0.0,0.0,0.0,572.0,550.0,7.0,6.0,2.0,4.0,36.0,20.0,0.0,0.0,2.0,4.0,1.0,0.0,7.557142857142857,0.2857142857142857,0.0,0.0,0.0,0.0,81.71428571428571,1.0,0.8571428571428571,0.2857142857142857,0.5714285714285714,5.142857142857142,0.0,0.2857142857142857,0.5714285714285714,0.14285714285714285,0.5,0.5555555555555556,0.0,96.15384615384616,0.7777777777777778,,,,,94.49013634731034,1.500007839903323,76.38483902234516,1.8982107702945081,0.05175309857422588,46,0.6561953186659162,-0.8187168090651358,0.9417919499533493,-0.6120857619678399,0.3570217071201982,-0.926253976561865,0.5640330846803824,-0.512096434385755,0.13866511855075853,-0.16679393819765428,,,,,,,,,,,,,,,,
2532,Boualem Khoukhi,1569,Qatar,CB,270.0,1.0,0.0,0.0,0.0,0.0,0.0,116.0,92.0,0.0,5.0,7.0,3.0,19.0,11.0,0.0,0.0,1.0,2.0,0.0,0.0,6.566666666666666,0.3333333333333333,0.0,0.0,0.0,0.0,38.666666666666664,0.0,1.6666666666666665,2.333333333333333,1.0,6.333333333333333,0.0,0.3333333333333333,0.6666666666666666,0.0,0.0,0.5789473684210527,0.0,79.3103448275862,0.6,,,,,83.0530677063257,-1.697234935119823,46.29271024022129,-1.2236018349254731,0.050689311807110005,47,0.9811515735986491,0.09941855199898338,1.4952255099160285,0.5910873852196815,1.642639072816357,2.075817716739174,0.584850195699542,-0.15939417592483382,0.04959721339136537,0.668732474662061,,,,,,,,,,,,,,,,
168,Davinson Sánchez,8,Colombia,CB,480.0,6.0,2.0,0.0,0.0,0.0,0.0,368.0,322.0,5.0,4.0,4.0,7.0,38.0,22.0,3.0,3.0,5.0,6.0,1.0,0.0,7.12,1.125,0.0,0.0,0.0,0.0,69.0,0.9375,0.75,0.75,1.3125,7.125,0.5625,0.9375,1.125,0.1875,0.3333333333333333,0.5789473684210527,1.0,87.5,0.7272727272727273,,,,,87.81831418848226,-0.3081961178350689,65.92684789105996,0.8132795985816158,0.04627657134820178,48,1.2144215274536243,0.75850232114318,0.8831083022154741,-0.739664922765361,0.7108902769202433,0.4536583214467926,0.582972023383659,-0.19121586419757258,0.17017991822138548,-0.4624273369361733,,,,,,,,,,,,,,,,
2530,Pedro Miguel,1569,Qatar,CB,270.0,3.0,1.0,0.0,0.0,0.0,0.0,72.0,55.0,1.0,6.0,4.0,3.0,25.0,16.0,2.0,2.0,7.0,1.0,0.0,0.0,6.7,1.0,0.0,0.0,0.0,0.0,24.0,0.3333333333333333,2.0,1.3333333333333333,1.0,8.333333333333332,0.6666666666666666,2.333333333333333,0.3333333333333333,0.0,0.3333333333333333,0.64,1.0,76.38888888888889,0.6,,,,,81.30019414310732,-2.036743863465489,37.49271024022129,-1.7070283505402566,0.03697640027430409,49,0.9811515735986491,0.09941855199898338,1.6952255099160287,1.0258904886919966,1.0426390728163568,1.7473144479721971,0.6214817746469105,0.4612510526006357,0.04959721339136537,0.668732474662061,,,,,,,,,,,,,,,,
19023,Tim Ream,2384,USA,CB,360.0,0.0,0.0,0.0,0.0,0.0,0.0,308.0,282.0,1.0,1.0,1.0,6.0,16.0,8.0,1.0,1.0,2.0,0.0,0.0,0.0,6.875,0.0,0.0,0.0,0.0,0.0,77.0,0.25,0.25,0.25,1.5,4.0,0.25,0.5,0.0,0.0,0.0,0.5,1.0,91.55844155844156,0.6666666666666666,,,,,90.59467838043936,0.5010962551803451,70.57725853351775,1.2957217238359136,0.03504288716789835,50,1.3176263113322075,1.0500983746782078,0.5793545915966907,-1.400030203106753,0.36886589401363074,-0.8800675091867157,0.5312348122057586,-1.0677943294860648,0.041331011159471145,0.7462758982603556,,,,,,,,,,,,,,,,
348568,Alessandro Circati,20,Australia,CB,390.0,2.0,0.0,0.0,0.0,0.0,0.0,200.0,158.0,1.0,10.0,6.0,2.0,47.0,32.0,3.0,3.0,4.0,5.0,1.0,0.0,7.425,0.46153846153846156,0.0,0.0,0.0,0.0,46.15384615384615,0.23076923076923078,2.307692307692308,1.3846153846153846,0.46153846153846156,10.846153846153847,0.6923076923076923,0.9230769230769231,1.153846153846154,0.23076923076923078,0.0,0.6808510638297872,1.0,79.0,0.6842105263157895,,,,,82.05278484982156,-1.988810978699405,49.8100344001747,-0.8587081785580903,0.02963337489599024,51,0.6166986107357756,-0.9303112887706897,1.9699148762494967,1.6230694335551736,1.1389255838023868,2.075817716739174,0.6533310762889942,1.000870628497943,0.19705043162476216,-0.7144937084921739,,,,,,,,,,,,,,,,
1119,Kristoffer Ajer,1090,Norway,CB,480.0,2.0,1.0,0.0,0.0,0.0,0.0,286.0,258.0,1.0,8.0,2.0,4.0,41.0,28.0,2.0,2.0,1.0,2.0,1.0,0.0,6.859999999999999,0.375,0.0,0.0,0.0,0.0,53.625,0.1875,1.5,0.375,0.75,7.6875,0.375,0.1875,0.375,0.1875,0.5,0.6829268292682927,1.0,90.20979020979021,0.7272727272727273,,,,,89.78907070469333,0.26626677945354804,54.74502970924179,-0.3467427182846689,-0.0019860350002099403,52,0.8053306183627152,-0.39734811664568853,1.4285628476700196,0.4461617230682246,0.4381630041929706,-0.6098430735806807,0.658593449454379,1.0900304979239692,0.17017991822138548,-0.4624273369361733,,,,,,,,,,,,,,,,
972,Jonathan Tah,25,Germany,CB,373.0,1.0,1.0,0.0,0.0,0.0,0.0,378.0,366.0,2.0,3.0,2.0,1.0,21.0,7.0,2.0,1.0,1.0,5.0,0.0,0.0,7.025,0.24128686327077747,0.0,0.0,0.0,0.0,91.20643431635389,0.48257372654155495,0.7238605898123325,0.48257372654155495,0.24128686327077747,5.067024128686327,0.24128686327077747,0.24128686327077747,1.2064343163538873,0.0,1.0,0.3333333333333333,0.5,96.82539682539682,0.674502712477396,,,,,94.16991027173836,1.500007839903323,80.31052370361589,1.9133334796510024,-0.011541121817437843,53,0.4729081521146331,-1.336578602108069,0.8912323317580704,-0.7220031564762528,0.5229431876444134,-0.2792423145526008,0.4180834212015244,-1.9116955046943789,0.040359396068923,0.755390405554911,,,,,,,,,,,,,,,,
41608,Diney Borges,1533,Cape Verde Islands,CB,390.0,4.0,2.0,0.0,0.0,0.0,0.0,201.0,162.0,1.0,11.0,3.0,4.0,34.0,23.0,2.0,1.0,0.0,2.0,1.0,0.0,7.1,0.9230769230769231,0.0,0.0,0.0,0.0,46.38461538461539,0.23076923076923078,2.5384615384615388,0.6923076923076923,0.9230769230769231,7.846153846153847,0.23076923076923078,0.0,0.46153846153846156,0.23076923076923078,0.5,0.6764705882352942,0.5,80.59701492537313,0.6842105263157895,,,,,83.14547927244529,-1.6702975557026558,49.96792913701681,-0.8423278891029818,-0.013658466097935132,54,0.9324880844199862,-0.03807586310910673,2.127809613091602,1.9438456505316994,0.6652413732760712,0.275650188187603,0.6503339087769726,0.95008991500207,0.19705043162476216,-0.7144937084921739,,,,,,,,,,,,,,,,
34121,Rustam Ashurmatov,1568,Uzbekistan,CB,257.0,0.0,0.0,0.0,0.0,0.0,0.0,114.0,86.0,0.0,2.0,1.0,7.0,18.0,13.0,1.0,1.0,0.0,1.0,0.0,0.0,6.166666666666667,0.0,0.0,0.0,0.0,0.0,39.92217898832685,0.0,0.7003891050583657,0.35019455252918286,2.45136186770428,6.303501945525292,0.35019455252918286,0.0,0.35019455252918286,0.0,0.0,0.7222222222222222,1.0,75.43859649122807,0.5881006864988558,,,,,80.88742943396775,-2.036743863465489,47.2579396066352,-1.1234671709800812,-0.039129946926892326,55,1.8341377760169153,2.1566848113053005,0.9218569324078099,-0.6554247994507179,0.45580682555460084,-0.54104090193108,0.6692858345588576,1.271190523981982,0.051072645368682876,0.654891772051839,,,,,,,,,,,,,,,,
510799,Mbekezeli Mbokazi,1531,South Africa,CB,367.0,2.0,1.0,0.0,0.0,0.0,0.0,206.0,181.0,2.0,7.0,1.0,4.0,35.0,20.0,3.0,1.0,5.0,3.0,0.0,0.0,6.975,0.4904632152588556,0.0,0.0,0.0,0.0,50.51771117166213,0.4904632152588556,1.7166212534059946,0.2452316076294278,0.9809264305177112,8.583106267029974,0.2452316076294278,1.226158038147139,0.7356948228882834,0.0,0.5,0.5714285714285714,0.3333333333333333,87.86407766990291,0.6709323583180987,,,,,88.128343453844,-0.21782457342613548,52.891626340218615,-0.5390181814752583,-0.05198973768628222,56,0.9716969069824353,0.0727052217717646,1.559143472508616,0.7300460277341031,0.3641454895198548,-0.8984747506555394,0.5787588378526424,-0.26259945103326643,0.04080209511172654,0.7512375432803562,,,,,,,,,,,,,,,,
14301,Stjepan Radeljić,1113,Bosnia & Herzegovina,CB,180.0,0.0,0.0,0.0,0.0,0.0,0.0,151.0,136.0,1.0,3.0,1.0,0.0,7.0,6.0,0.0,0.0,3.0,1.0,1.0,0.0,6.75,0.0,0.0,0.0,0.0,0.0,75.5,0.5,1.5,0.5,0.0,3.5,0.0,1.5,0.5,0.5,0.0,0.8571428571428571,0.0,90.06622516556291,0.5,,,,,89.36668859499895,0.14314510079767184,66.61588780027661,0.8847618619225192,-0.05319028070876776,57,0.47643946699831136,-1.3266011820198538,1.3690318873950358,0.3167404916669743,0.553298841020446,-0.16087028894053665,0.7254236468800666,1.5632696828713593,0.3119965167392067,-1.7927776312595083,,,,,,,,,,,,,,,,
35544,Johan Vásquez,16,Mexico,CB,373.0,1.0,0.0,0.0,0.0,0.0,0.0,240.0,218.0,1.0,3.0,3.0,2.0,24.0,17.0,0.0,0.0,2.0,0.0,1.0,0.0,7.1,0.24128686327077747,0.0,0.0,0.0,0.0,57.90884718498659,0.24128686327077747,0.7238605898123325,0.7238605898123325,0.48257372654155495,5.79088471849866,0.0,0.48257372654155495,0.0,0.24128686327077747,0.0,0.7083333333333334,0.0,90.83333333333333,0.674502712477396,,,,,90.12824719300475,0.36513455259792527,57.8512108645562,-0.024501790932340523,-0.05334768285554982,58,0.635656795875935,-0.8767466015410691,0.8912323317580704,-0.7220031564762528,0.6856918314057153,0.3553968542703035,0.671021938380548,1.3006051597721875,0.203108039830225,-0.7713187976796024,,,,,,,,,,,,,,,,
69,Brandon Mechele,1,Belgium,CB,570.0,4.0,1.0,0.0,0.0,0.0,0.0,407.0,371.0,2.0,7.0,3.0,4.0,43.0,26.0,1.0,1.0,2.0,9.0,1.0,0.0,6.933333333333334,0.631578947368421,0.0,0.0,0.0,0.0,64.26315789473684,0.3157894736842105,1.1052631578947367,0.47368421052631576,0.631578947368421,6.789473684210526,0.15789473684210525,0.3157894736842105,1.4210526315789473,0.15789473684210525,0.25,0.6046511627906976,1.0,91.15479115479116,0.76,,,,,90.55775776350568,0.49033413190487074,62.69562614413277,0.47806673102900316,-0.053659290982411414,59,0.7086909441591894,-0.6703950293334904,1.1371353059496172,-0.18740627481846753,0.5055834436898141,-0.34693672490039973,0.6020239485090765,0.13157902379521702,0.14975832803481923,-0.2708568945536131,,,,,,,,,,,,,,,,
369425,Jonas Adjei Adjetey,1504,Ghana,CB,225.0,2.0,1.0,0.0,0.0,0.0,0.0,121.0,107.0,1.0,4.0,2.0,1.0,13.0,7.0,0.0,0.0,0.0,1.0,0.0,0.0,6.966666666666666,0.8,0.0,0.0,0.0,0.0,48.400000000000006,0.4,1.6,0.8,0.4,5.2,0.0,0.0,0.4,0.0,0.5,0.5384615384615384,0.0,88.4297520661157,0.5555555555555556,,,,,88.53526315870204,-0.09921008670811052,52.5474558224681,-0.5747230619254876,-0.07135046942906496,60,0.6457239706651656,-0.8483026832606865,1.439139455462254,0.46915543252958963,0.7140434142403965,0.46595399655534503,0.5630139376418662,-0.5293637421239693,0.055108014879294856,0.6170368589298646,,,,,,,,,,,,,,,,
29704,Shoja Khalilzadeh,22,Iran,CB,270.0,2.0,0.0,0.0,0.0,0.0,0.0,142.0,116.0,0.0,6.0,5.0,3.0,24.0,13.0,0.0,0.0,0.0,4.0,1.0,0.0,7.166666666666667,0.6666666666666666,0.0,0.0,0.0,0.0,47.33333333333333,0.0,2.0,1.6666666666666665,1.0,8.0,0.0,0.0,1.3333333333333333,0.3333333333333333,0.0,0.5416666666666666,0.0,81.69014084507042,0.6,,,,,84.48094531681623,-1.281017760472113,51.492710240221285,-0.6841443022039164,-0.07283413346493796,61,0.9811515735986491,0.09941855199898338,1.6952255099160287,1.0258904886919966,1.2426390728163568,2.075817716739174,0.5624817746469104,-0.5383801272514493,0.24959721339136537,-1.207423501757241,,,,,,,,,,,,,,,,
53900,Yazan Al-Arab,1548,Jordan,CB,270.0,0.0,0.0,0.0,0.0,0.0,0.0,110.0,98.0,0.0,5.0,1.0,11.0,19.0,11.0,2.0,1.0,0.0,4.0,1.0,0.0,6.033333333333334,0.0,0.0,0.0,0.0,0.0,36.666666666666664,0.0,1.6666666666666665,0.3333333333333333,3.6666666666666665,6.333333333333333,0.3333333333333333,0.0,1.3333333333333333,0.3333333333333333,0.0,0.5789473684210527,0.5,89.0909090909091,0.6,,,,,88.92140626431944,0.013348154452738466,45.092710240221294,-1.3480920347842937,-0.07802542608241317,62,2.5811515735986488,2.1566848113053005,1.4952255099160285,0.5910873852196815,0.44263907281635684,-0.5923886210882442,0.584850195699542,-0.15939417592483382,0.24959721339136537,-1.207423501757241,,,,,,,,,,,,,,,,
22090,William Saliba,2,France,CB,480.0,1.0,0.0,0.0,0.0,0.0,0.0,324.0,309.0,1.0,2.0,2.0,6.0,29.0,14.0,1.0,1.0,0.0,4.0,0.0,0.0,6.866666666666667,0.1875,0.0,0.0,0.0,0.0,60.75,0.1875,0.375,0.375,1.125,5.4375,0.1875,0.0,0.75,0.0,0.0,0.4827586206896552,1.0,95.37037037037037,0.7272727272727273,,,,,93.54221991238799,1.3602857260223082,59.92684789105997,0.19082859928751206,-0.08254034772867079,63,1.078057891089988,0.3732188418802241,0.6103810294882014,-1.3325782456821536,0.4381630041929706,-0.6098430735806807,0.5130165704880972,-1.3764642017412567,0.03381628185774911,0.8167699197133508,,,,,,,,,,,,,,,,
73418,Abdulla Abdullaev,1568,Uzbekistan,CB,180.0,0.0,0.0,0.0,0.0,0.0,0.0,69.0,59.0,0.0,4.0,2.0,3.0,16.0,5.0,0.0,0.0,1.0,5.0,0.0,0.0,6.45,0.0,0.0,0.0,0.0,0.0,34.5,0.0,2.0,1.0,1.5,8.0,0.0,0.5,2.5,0.0,0.0,0.3125,0.0,85.5072463768116,0.5,,,,,87.08719920062327,-0.5213114523382297,46.11588780027661,-1.2419457189990044,-0.09368957457122488,64,1.2264394669983114,0.7924579539264053,1.6190318873950358,0.8602443710073676,0.803298841020446,0.8140059898346472,0.453102218308638,-1.9116955046943789,0.06199651673920672,0.552417339264619,,,,,,,,,,,,,,,,
1084,Marin Pongračić,3,Croatia,CB,270.0,1.0,0.0,0.0,0.0,0.0,0.0,205.0,181.0,0.0,5.0,2.0,0.0,16.0,7.0,0.0,0.0,0.0,3.0,0.0,0.0,6.566666666666666,0.3333333333333333,0.0,0.0,0.0,0.0,68.33333333333333,0.0,1.6666666666666665,0.6666666666666666,0.0,5.333333333333333,0.0,0.0,1.0,0.0,0.0,0.4375,0.0,88.29268292682927,0.6,,,,,88.44247056587155,-0.12625853297016415,64.0927102402213,0.6230027963137039,-0.14247104209899086,65,0.38115157359864915,-1.3440623580095996,1.4952255099160285,0.5910873852196815,0.6426390728163568,0.18751240193190277,0.4999817746469104,-1.5973114618405215,0.04959721339136537,0.668732474662061,,,,,,,,,,,,,,,,
30521,Merih Demiral,777,Türkiye,CB,180.0,6.0,2.0,0.0,0.0,0.0,0.0,126.0,118.0,1.0,1.0,1.0,1.0,28.0,13.0,4.0,0.0,1.0,2.0,0.0,0.0,6.6,3.0,0.0,0.0,0.0,0.0,63.0,0.5,0.5,0.5,0.5,14.0,0.0,0.5,1.0,0.0,0.3333333333333333,0.4642857142857143,0.0,93.65079365079364,0.5,,,,,91.1589728376143,0.6655844738547945,60.36588780027661,0.2363754043244937,-0.17182149194086674,66,0.7264394669983114,-0.620248136704434,0.8690318873950359,-0.770267267013812,0.553298841020446,-0.16087028894053665,0.5289950754514952,-1.1057419683711915,0.06199651673920672,0.552417339264619,,,,,,,,,,,,,,,,
453073,Akam Hashem,1567,Iraq,CB,270.0,1.0,0.0,0.0,0.0,0.0,0.0,148.0,127.0,0.0,2.0,2.0,2.0,18.0,11.0,5.0,4.0,3.0,0.0,0.0,0.0,6.3,0.3333333333333333,0.0,0.0,0.0,0.0,49.33333333333333,0.0,0.6666666666666666,0.6666666666666666,0.6666666666666666,6.0,1.3333333333333333,1.0,0.0,0.0,0.0,0.6111111111111112,0.8,85.8108108108108,0.6,,,,,86.95334729626047,-0.5603284248334852,52.69271024022129,-0.5596541023450953,-0.182164194889614,67,0.7811515735986491,-0.46566388425335253,0.8952255099160287,-0.7133219251972621,0.6426390728163568,0.18751240193190277,0.6041484413135771,0.16757409580793337,0.04959721339136537,0.668732474662061,,,,,,,,,,,,,,,,
20079,Harry Souttar,20,Australia,CB,390.0,1.0,1.0,0.0,0.0,0.0,0.0,215.0,178.0,1.0,2.0,7.0,4.0,40.0,25.0,1.0,1.0,1.0,8.0,1.0,0.0,7.125,0.23076923076923078,0.0,0.0,0.0,0.0,49.61538461538462,0.23076923076923078,0.46153846153846156,1.6153846153846154,0.9230769230769231,9.230769230769232,0.23076923076923078,0.23076923076923078,1.8461538461538463,0.23076923076923078,1.0,0.625,1.0,82.79069767441861,0.6842105263157895,,,,,84.64642010073956,-1.2327829212015762,52.17845545280628,-0.6130038367314699,-0.1845967874071551,68,0.9324880844199862,-0.03807586310910673,0.7067569815126542,-1.1230554304804987,1.2968203206444924,2.075817716739174,0.6151171905107188,0.3534165314255655,0.19705043162476216,-0.7144937084921739,,,,,,,,,,,,,,,,
18814,Issa Diop,31,Morocco,CB,477.0,1.0,1.0,1.0,0.0,0.0,0.0,339.0,300.0,0.0,1.0,6.0,7.0,22.0,12.0,0.0,0.0,1.0,4.0,3.0,0.0,6.94,0.18867924528301888,0.18867924528301888,0.0,0.0,0.0,63.9622641509434,0.0,0.18867924528301888,1.1320754716981134,1.3207547169811322,4.150943396226415,0.0,0.18867924528301888,0.7547169811320755,0.5660377358490567,1.0,0.5454545454545454,0.0,88.49557522123894,0.726027397260274,,,,,88.54258256458031,-0.09707652679206845,62.25528098645294,0.4323845171236482,-0.24389635500970724,69,1.2199668312319516,0.7741700899872622,0.4761818561068689,-1.4166029119513042,0.9881089539838062,1.534673970657615,0.5586736937183072,-0.6029000667706328,0.44492959821326405,-2.3319235573224706,,,,,,,,,,,,,,,,
19182,Axel Tuanzebe,1508,Congo DR,CB,360.0,0.0,0.0,0.0,0.0,0.0,0.0,156.0,139.0,0.0,5.0,3.0,1.0,18.0,10.0,0.0,0.0,3.0,3.0,0.0,0.0,6.625,0.0,0.0,0.0,0.0,0.0,39.0,0.0,1.25,0.75,0.25,4.5,0.0,0.75,0.75,0.0,0.0,0.5555555555555556,0.0,89.1025641025641,0.6666666666666666,,,,,88.95742674318772,0.023847893249583217,45.24392520018441,-1.332404717628084,-0.262555880388748,70,0.4842929779988743,-1.3044117763731908,1.2460212582633572,0.049313475134295494,0.702199227346964,0.419767529180196,0.5682718492427957,-0.4402794645443914,0.041331011159471145,0.7462758982603556,,,,,,,,,,,,,,,,
137223,Jerome Opoku,1504,Ghana,CB,270.0,0.0,0.0,0.0,0.0,0.0,0.0,111.0,95.0,2.0,3.0,1.0,1.0,17.0,12.0,1.0,1.0,4.0,2.0,0.0,0.0,7.066666666666666,0.0,0.0,0.0,0.0,0.0,37.0,0.6666666666666666,1.0,0.3333333333333333,0.3333333333333333,5.666666666666666,0.3333333333333333,1.3333333333333333,0.6666666666666666,0.0,0.0,0.7058823529411765,1.0,85.58558558558559,0.6,,,,,86.81821216112535,-0.5997194508768573,45.29271024022129,-1.3273436681411572,-0.28985577585512334,71,0.5811515735986491,-1.0307463205056882,1.0952255099160286,-0.27851882172494763,0.44263907281635684,-0.5923886210882442,0.6610111864116163,1.13099397668897,0.04959721339136537,0.668732474662061,,,,,,,,,,,,,,,,
271350,Tarik Muharemović,1113,Bosnia & Herzegovina,CB,260.0,1.0,0.0,0.0,0.0,0.0,0.0,157.0,133.0,0.0,1.0,1.0,8.0,24.0,16.0,1.0,1.0,2.0,5.0,0.0,1.0,6.833333333333333,0.34615384615384615,0.0,0.0,0.0,0.0,54.34615384615385,0.0,0.34615384615384615,0.34615384615384615,2.769230769230769,8.307692307692307,0.34615384615384615,0.6923076923076923,1.7307692307692308,0.6923076923076923,0.0,0.6666666666666666,1.0,84.71337579617834,0.5909090909090909,,,,,86.33082970773788,-0.7417883132439287,55.73118092749905,-0.24443758307478103,-0.3010427544031519,72,2.026177745725891,2.1566848113053005,0.7110260896868476,-1.1137743230645072,0.4526990517440013,-0.5531596818020889,0.6368184816464614,0.721099366380412,0.4598153318775328,-2.3319235573224706,,,,,,,,,,,,,,,,
137976,Isak Hien,5,Sweden,CB,217.0,0.0,0.0,0.0,0.0,0.0,0.0,136.0,124.0,1.0,3.0,1.0,1.0,22.0,13.0,0.0,0.0,3.0,3.0,1.0,0.0,6.366666666666667,0.0,0.0,0.0,0.0,0.0,56.405529953917046,0.4147465437788018,1.2442396313364055,0.4147465437788018,0.4147465437788018,9.12442396313364,0.0,1.2442396313364055,1.2442396313364055,0.4147465437788018,0.0,0.5909090909090909,0.0,91.17647058823529,0.5465994962216625,,,,,90.03874428726789,0.3390450290457207,57.00685039823572,-0.11209729360327708,-0.35178062001049987,73,0.6587360406030027,-0.8115382223548927,1.241439494867035,0.03935265041381198,0.501731946517281,-0.3619556578254885,0.5921765020614167,-0.0352652899506196,0.2829187557332857,-1.520005555798754,,,,,,,,,,,,,,,,
889,Victor Lindelöf,5,Sweden,CB,357.0,2.0,0.0,0.0,0.0,0.0,0.0,205.0,194.0,0.0,2.0,0.0,4.0,15.0,7.0,1.0,1.0,0.0,3.0,0.0,0.0,6.25,0.5042016806722689,0.0,0.0,0.0,0.0,51.680672268907564,0.0,0.5042016806722689,0.0,1.0084033613445378,3.7815126050420167,0.25210084033613445,0.0,0.7563025210084033,0.0,0.0,0.4666666666666667,1.0,94.63414634146342,0.664804469273743,,,,,92.63403651452651,1.0955560845301324,53.70897506163796,-0.45422492673872017,-0.355033850960837,74,0.9897918214513819,0.12383081353121458,0.7501889747899682,-1.0286336031456746,0.20332883196901413,-1.525580129368446,0.5092491593875413,-1.440295076375774,0.041561910663155344,0.7441098808414088,,,,,,,,,,,,,,,,
626,John Stones,10,England,CB,343.0,1.0,0.0,0.0,0.0,0.0,0.0,187.0,181.0,1.0,2.0,0.0,0.0,18.0,10.0,0.0,0.0,1.0,1.0,0.0,0.0,6.625,0.26239067055393583,0.0,0.0,0.0,0.0,49.067055393586,0.26239067055393583,0.5247813411078717,0.0,0.0,4.723032069970845,0.0,0.26239067055393583,0.26239067055393583,0.0,0.0,0.5555555555555556,0.0,96.79144385026738,0.655831739961759,,,,,93.99532046852774,1.4923616349953497,52.049177070936096,-0.6264154130618402,-0.38100727994776584,75,0.32795068474071154,-1.3440623580095996,0.7702705152241165,-0.9849760226293123,0.20877166877124398,-1.5043557594174921,0.5686851895729736,-0.43327628010479463,0.04267446658912892,0.7336732385933287,,,,,,,,,,,,,,,,
44362,Hassan Tambakti,23,Saudi Arabia,CB,213.0,0.0,0.0,0.0,0.0,0.0,0.0,85.0,70.0,0.0,3.0,0.0,3.0,9.0,5.0,0.0,0.0,1.0,0.0,0.0,0.0,6.166666666666667,0.0,0.0,0.0,0.0,0.0,35.91549295774648,0.0,1.267605633802817,0.0,1.267605633802817,3.8028169014084505,0.0,0.4225352112676056,0.0,0.0,0.0,0.5555555555555556,0.0,82.3529411764706,0.5419847328244275,,,,,85.2449461450039,-1.0583164142218988,45.907683481169414,-1.2635452167466084,-0.39243564623464794,76,1.1234560003037968,0.5014872126591673,1.2540750113542314,0.06682245932685472,0.2778309994080422,-1.2350585463538646,0.5730283255074886,-0.3596909564017916,0.05679070235652524,0.6012519380956061,,,,,,,,,,,,,,,,
57739,José Córdoba,11,Panama,CB,270.0,0.0,0.0,0.0,0.0,0.0,0.0,183.0,166.0,0.0,4.0,0.0,1.0,22.0,9.0,1.0,1.0,1.0,5.0,0.0,0.0,6.633333333333333,0.0,0.0,0.0,0.0,0.0,61.0,0.0,1.3333333333333333,0.0,0.3333333333333333,7.333333333333333,0.3333333333333333,0.3333333333333333,1.6666666666666665,0.0,0.0,0.4090909090909091,1.0,90.7103825136612,0.6,,,,,89.8930903179707,0.2965878302412149,59.69271024022129,0.1665387301646933,-0.4287147949324561,77,0.5811515735986491,-1.0307463205056882,1.2952255099160286,0.15628428174736694,0.24263907281635688,-1.3722896441083912,0.4829363201014559,-1.8861109167284502,0.04959721339136537,0.668732474662061,,,,,,,,,,,,,,,,
7197,Andrés Andrade,11,Panama,CB,270.0,0.0,0.0,0.0,0.0,0.0,0.0,173.0,139.0,0.0,6.0,1.0,3.0,35.0,18.0,1.0,1.0,0.0,4.0,1.0,0.0,7.0,0.0,0.0,0.0,0.0,0.0,57.666666666666664,0.0,2.0,0.3333333333333333,1.0,11.666666666666666,0.3333333333333333,0.0,1.3333333333333333,0.3333333333333333,0.0,0.5142857142857142,1.0,80.34682080924856,0.6,,,,,83.67495329532312,-1.5159592705215732,57.69271024022129,-0.040944936266674836,-0.43544786875516966,78,0.9811515735986491,0.09941855199898338,1.6952255099160287,1.0258904886919966,0.44263907281635684,-0.5923886210882442,0.546053203218339,-0.8167277923434346,0.24959721339136537,-1.207423501757241,,,,,,,,,,,,,,,,
426480,Lucas Herrington,20,Australia,CB,210.0,0.0,0.0,0.0,0.0,0.0,0.0,121.0,107.0,0.0,2.0,0.0,2.0,16.0,7.0,0.0,0.0,0.0,2.0,0.0,0.0,6.75,0.0,0.0,0.0,0.0,0.0,51.857142857142854,0.0,0.8571428571428571,0.0,0.8571428571428571,6.857142857142857,0.0,0.0,0.8571428571428571,0.0,0.0,0.4375,0.0,88.4297520661157,0.5384615384615384,,,,,88.53932127764767,-0.09802717103695803,54.56851181563995,-0.36505500816229486,-0.438159217578582,79,0.901328738767672,-0.12611385787529827,1.0329525114415716,-0.4139012867210507,0.27996816094195026,-1.2267246740205935,0.5095943553618197,-1.4344464550359757,0.05722755391311389,0.5971539298020967,,,,,,,,,,,,,,,,
2502,Gustavo Gómez,2380,Paraguay,CB,480.0,1.0,0.0,0.0,0.0,0.0,0.0,105.0,85.0,0.0,4.0,5.0,2.0,27.0,17.0,0.0,0.0,2.0,3.0,0.0,0.0,6.7,0.1875,0.0,0.0,0.0,0.0,19.6875,0.0,0.75,0.9375,0.375,5.0625,0.0,0.375,0.5625,0.0,0.0,0.6296296296296297,0.0,80.95238095238095,0.7272727272727273,,,,,83.0564094265775,-1.6962608450777583,30.063211527423608,-1.7070283505402566,-0.4393419596579455,80,0.5326033456354425,-1.1679150751716008,0.8831083022154741,-0.739664922765361,0.8472539132838797,0.9854090189605292,0.6198318497171695,0.43329653727547834,0.03381628185774911,0.8167699197133508,,,,,,,,,,,,,,,,
326183,Redouane Halhal,31,Morocco,CB,180.0,0.0,0.0,0.0,0.0,0.0,0.0,119.0,113.0,0.0,1.0,0.0,1.0,16.0,10.0,0.0,0.0,5.0,3.0,1.0,0.0,6.800000000000001,0.0,0.0,0.0,0.0,0.0,59.5,0.0,0.5,0.0,0.5,8.0,0.0,2.5,1.5,0.5,0.0,0.625,0.0,94.95798319327731,0.5,,,,,91.81256760885614,0.8561031619077163,58.61588780027661,0.054827196197046554,-0.45033829549832,81,0.7264394669983114,-0.620248136704434,0.8690318873950359,-0.770267267013812,0.3032988410204461,-1.1357465677157204,0.609352218308638,0.25574117610047176,0.3119965167392067,-1.7927776312595083,,,,,,,,,,,,,,,,
51295,Derek Cornelius,5529,Canada,CB,322.0,4.0,1.0,0.0,0.0,0.0,0.0,192.0,161.0,1.0,5.0,2.0,2.0,37.0,20.0,0.0,0.0,3.0,4.0,1.0,0.0,6.6,1.1180124223602483,0.0,0.0,0.0,0.0,53.66459627329192,0.2795031055900621,1.3975155279503104,0.5590062111801242,0.5590062111801242,10.341614906832298,0.0,0.8385093167701863,1.1180124223602483,0.2795031055900621,0.25,0.5405405405405406,0.0,83.85416666666667,0.6414342629482072,,,,,85.57993830889434,-0.9606683448361019,55.122947426493184,-0.30753684149232285,-0.4760328516448187,82,0.7002354743414185,-0.6942852167549107,1.3403415925542088,0.25436734548533785,0.5760708820066943,-0.07207059863337782,0.5596032921218401,-0.5871499727212733,0.22374252196437133,-0.9648863325610822,,,,,,,,,,,,,,,,
44475,Abdulelah Al-Amri,23,Saudi Arabia,CB,240.0,4.0,2.0,1.0,0.0,0.0,0.0,99.0,82.0,1.0,3.0,1.0,4.0,14.0,8.0,0.0,0.0,0.0,1.0,1.0,0.0,6.866666666666667,1.5,0.375,0.0,0.0,0.0,37.125,0.375,1.125,0.375,1.5,5.25,0.0,0.0,0.375,0.375,0.5,0.5714285714285714,0.0,82.82828282828282,0.5714285714285714,,,,,85.33065534091946,-1.0333327327752444,45.95647525737996,-1.2584834684366772,-0.5094565451622987,83,1.2655195431414097,0.9028752771057491,1.1734559034814593,-0.10844473218439828,0.4742561494460966,-0.46909766904604194,0.580975370795159,-0.2250449520415893,0.26742558577646286,-1.3746675387578886,,,,,,,,,,,,,,,,
1929,Jhon Lucumí,8,Colombia,CB,479.0,2.0,0.0,0.0,0.0,0.0,0.0,291.0,264.0,1.0,2.0,1.0,5.0,17.0,9.0,0.0,0.0,0.0,5.0,1.0,0.0,7.0200000000000005,0.3757828810020877,0.0,0.0,0.0,0.0,54.676409185803756,0.18789144050104384,0.3757828810020877,0.18789144050104384,0.9394572025052192,3.194154488517745,0.0,0.0,0.9394572025052192,0.18789144050104384,0.0,0.5294117647058824,0.0,90.72164948453609,0.7268588770864947,,,,,90.16048174126112,0.3745307168789116,55.510955399240636,-0.267284183097201,-0.5195930369159053,84,0.9431232293162247,-0.008027195169791463,0.6113072525981987,-1.3305646222684804,0.3022573334861314,-1.1398079316731964,0.54697273730687,-0.801148216990341,0.17043815785449834,-0.4648498260912384,,,,,,,,,,,,,,,,
16804,Yasser Ibrahim,32,Egypt,CB,466.0,1.0,1.0,1.0,0.0,0.0,0.0,271.0,242.0,0.0,8.0,5.0,2.0,57.0,25.0,1.0,1.0,3.0,6.0,2.0,0.0,6.859999999999999,0.19313304721030042,0.19313304721030042,0.0,0.0,0.0,52.33905579399141,0.0,1.5450643776824033,0.9656652360515021,0.38626609442060084,11.008583690987123,0.19313304721030042,0.5793991416309012,1.1587982832618025,0.38626609442060084,1.0,0.43859649122807015,1.0,89.2988929889299,0.7213622291021672,,,,,89.12286609479818,0.0720724042279429,53.84167121996839,-0.44045878401284244,-0.5203225101711612,85,0.5441458330021549,-1.1353027907636326,1.4595224140281933,0.5134683007416795,0.8656154532002486,1.057009937785536,0.4818154233798613,-1.9051021593098052,0.31318691335311827,-1.803944479867006,,,,,,,,,,,,,,,,
51535,Sebastián Cáceres,7,Uruguay,CB,270.0,2.0,0.0,0.0,0.0,0.0,0.0,186.0,161.0,0.0,1.0,1.0,2.0,23.0,9.0,0.0,0.0,2.0,2.0,0.0,0.0,6.5,0.6666666666666666,0.0,0.0,0.0,0.0,62.0,0.0,0.3333333333333333,0.3333333333333333,0.6666666666666666,7.666666666666666,0.0,0.6666666666666666,0.6666666666666666,0.0,0.0,0.391304347826087,0.0,86.55913978494624,0.6,,,,,87.40234468074173,-0.42944856410872645,60.29271024022129,0.2287838300941039,-0.5214007568654448,86,0.7811515735986491,-0.46566388425335253,0.6952255099160287,-1.1481250286695768,0.44263907281635684,-0.5923886210882442,0.4722643833425626,-1.9116955046943789,0.04959721339136537,0.668732474662061,,,,,,,,,,,,,,,,
32954,Shogo Taniguchi,12,Japan,CB,231.0,0.0,0.0,0.0,0.0,0.0,0.0,128.0,122.0,0.0,0.0,2.0,1.0,8.0,4.0,0.0,0.0,1.0,2.0,1.0,0.0,6.533333333333334,0.0,0.0,0.0,0.0,0.0,49.87012987012987,0.0,0.0,0.7792207792207793,0.38961038961038963,3.116883116883117,0.0,0.38961038961038963,0.7792207792207793,0.38961038961038963,0.0,0.5,0.0,95.3125,0.5620437956204379,,,,,92.40212862384013,1.027956420293617,53.31318639440288,-0.4952847686436798,-0.5235509450322803,87,0.6362973433561852,-0.8749367908876939,0.5422177115868928,-1.4166029119513042,0.7036194227916316,0.42530558858111983,0.5410384393944274,-0.9016924411226928,0.27328162050149496,-1.429601711495328,,,,,,,,,,,,,,,,
35808,Gustavo Velázquez,2380,Paraguay,CB,244.0,0.0,0.0,0.0,0.0,0.0,0.0,77.0,57.0,0.0,1.0,4.0,1.0,17.0,9.0,2.0,1.0,0.0,2.0,0.0,0.0,6.659999999999999,0.0,0.0,0.0,0.0,0.0,28.401639344262296,0.0,0.36885245901639346,1.4754098360655739,0.36885245901639346,6.270491803278689,0.36885245901639346,0.0,0.7377049180327869,0.0,0.0,0.5294117647058824,0.5,74.02597402597402,0.5754716981132075,,,,,80.24156845928292,-2.036743863465489,40.85311228325373,-1.7070283505402566,-0.532668780254429,88,0.6167882266966794,-0.9300580867431165,0.7378572628825777,-1.055442936187974,1.1065744876588695,1.9966309251866625,0.556705823536191,-0.6362414971425743,0.05263855194838306,0.6402023471117451,,,,,,,,,,,,,,,,
360114,Abdukodir Khusanov,1568,Uzbekistan,CB,270.0,0.0,0.0,0.0,0.0,0.0,0.0,94.0,81.0,0.0,5.0,1.0,5.0,15.0,8.0,1.0,1.0,0.0,6.0,2.0,0.0,6.233333333333333,0.0,0.0,0.0,0.0,0.0,31.333333333333332,0.0,1.6666666666666665,0.3333333333333333,1.6666666666666665,5.0,0.3333333333333333,0.0,2.0,0.6666666666666666,0.0,0.5333333333333333,1.0,86.17021276595744,0.6,,,,,87.16898846934845,-0.4974704045515083,41.89271024022129,-1.680065901074483,-0.5577531869045635,89,1.381151573598649,1.2295834245036545,1.4952255099160285,0.5910873852196815,0.44263907281635684,-0.5923886210882442,0.5574817746469104,-0.6230946340185752,0.4495972133913654,-2.3319235573224706,,,,,,,,,,,,,,,,
32893,Hiroki Itō,12,Japan,CB,360.0,1.0,0.0,0.0,0.0,0.0,0.0,191.0,167.0,2.0,4.0,2.0,1.0,28.0,11.0,1.0,0.0,0.0,7.0,0.0,0.0,6.625,0.25,0.0,0.0,0.0,0.0,47.75,0.5,1.0,0.5,0.25,7.0,0.0,0.0,1.75,0.0,0.0,0.39285714285714285,0.0,87.43455497382199,0.6666666666666666,,,,,87.84542065735965,-0.3002947558360189,51.07725853351774,-0.7272440238699267,-0.5772203709917694,90,0.4842929779988743,-1.3044117763731908,1.0793545915966907,-0.3130224444259664,0.5355325606802974,-0.23014999000325975,0.45980624077718724,-1.9116955046943789,0.041331011159471145,0.7462758982603556,,,,,,,,,,,,,,,,
6168,Omar Alderete,2380,Paraguay,CB,322.0,1.0,0.0,0.0,0.0,0.0,0.0,105.0,71.0,1.0,0.0,3.0,3.0,17.0,10.0,0.0,0.0,3.0,2.0,0.0,0.0,6.75,0.2795031055900621,0.0,0.0,0.0,0.0,29.34782608695652,0.2795031055900621,0.0,0.8385093167701863,0.8385093167701863,4.751552795031055,0.0,0.8385093167701863,0.5590062111801242,0.0,0.0,0.5882352941176471,0.0,67.61904761904762,0.6414342629482072,,,,,75.16617668870842,-2.036743863465489,39.5253378647402,-1.7070283505402566,-0.5818509491056988,91,0.8795183428673149,-0.18773721613030717,0.443927249924727,-1.4166029119513042,0.7553537505325908,0.6270438642332882,0.5901963412290678,-0.06881495959702268,0.04445965343847494,0.7169267937112003,,,,,,,,,,,,,,,,
199767,Steve Kapuadi,1508,Congo DR,CB,180.0,1.0,0.0,0.0,0.0,0.0,0.0,56.0,47.0,2.0,1.0,1.0,1.0,5.0,2.0,0.0,0.0,0.0,2.0,0.0,0.0,6.3,0.5,0.0,0.0,0.0,0.0,28.0,1.0,0.5,0.5,0.5,2.5,0.0,0.0,1.0,0.0,0.0,0.4,0.0,83.92857142857143,0.5,,,,,86.2978617265032,-0.751398268538782,42.86588780027661,-1.5791066769499778,-0.7114012178632543,92,0.7264394669983114,-0.620248136704434,0.8690318873950359,-0.770267267013812,0.553298841020446,-0.16087028894053665,0.496852218308638,-1.6503352261598572,0.06199651673920672,0.552417339264619,,,,,,,,,,,,,,,,
407017,Moise Bombito,5529,Canada,CB,194.0,1.0,1.0,0.0,0.0,0.0,0.0,119.0,96.0,0.0,1.0,0.0,1.0,8.0,3.0,0.0,0.0,0.0,2.0,0.0,0.0,6.466666666666666,0.4639175257731959,0.0,0.0,0.0,0.0,55.20618556701031,0.0,0.4639175257731959,0.0,0.4639175257731959,3.711340206185567,0.0,0.0,0.9278350515463918,0.0,1.0,0.375,0.0,80.67226890756302,0.5187165775401069,,,,,84.52007361621797,-1.2696121119024386,56.42171018208444,-0.1728008123150326,-0.7854298383865643,93,0.6992465457737757,-0.6970793475763266,0.8365012819845266,-0.8409893079654257,0.2919454084688786,-1.1800193360245088,0.4802588197623254,-1.9116955046943789,0.059675791513674914,0.5741875517721616,,,,,,,,,,,,,,,,
2873,César Montes,16,Mexico,CB,315.0,1.0,1.0,0.0,0.0,0.0,0.0,176.0,159.0,0.0,2.0,1.0,2.0,26.0,14.0,0.0,0.0,3.0,4.0,0.0,1.0,7.075,0.2857142857142857,0.0,0.0,0.0,0.0,50.285714285714285,0.0,0.5714285714285714,0.2857142857142857,0.5714285714285714,7.428571428571428,0.0,0.8571428571428571,1.1428571428571428,0.5714285714285714,1.0,0.5384615384615384,0.0,90.3409090909091,0.6363636363636364,,,,,89.73227015764577,0.24970978392613907,52.99337294565572,-0.5284628021037399,-0.7887912030459724,94,0.7101377941805901,-0.6663070816585662,0.8138413726509353,-0.8902523024786595,0.40239915710577895,-0.7493043782328651,0.5585498650636248,-0.6049980834516443,0.4087247394466958,-2.3319235573224706,,,,,,,,,,,,,,,,
375,Chancel Mbemba,1508,Congo DR,CB,360.0,1.0,0.0,0.0,0.0,1.0,0.0,165.0,129.0,2.0,3.0,3.0,1.0,22.0,13.0,2.0,2.0,3.0,1.0,1.0,0.0,6.7,0.25,0.0,0.0,0.25,0.0,41.25,0.5,0.75,0.75,0.25,5.5,0.5,0.75,0.25,0.25,0.0,0.5909090909090909,1.0,78.18181818181819,0.6666666666666666,,,,,81.67692946269045,-2.036743863465489,46.74392520018441,-1.176791967804558,-0.8045253830127912,95,0.4842929779988743,-1.3044117763731908,0.9126879249300239,-0.6753583639862287,0.702199227346964,0.419767529180196,0.5918408728118193,-0.0409518232178725,0.20799767782613782,-0.8171874154223961,,,,,,,,,,,,,,,,
327738,Luc De Fougerolles,5529,Canada,CB,379.0,3.0,1.0,0.0,0.0,0.0,0.0,212.0,178.0,3.0,8.0,0.0,2.0,55.0,30.0,0.0,0.0,8.0,8.0,2.0,0.0,6.640000000000001,0.7124010554089709,0.0,0.0,0.0,0.0,50.34300791556728,0.7124010554089709,1.8997361477572559,0.0,0.47493403693931396,13.060686015831134,0.0,1.8997361477572559,1.8997361477572559,0.47493403693931396,0.3333333333333333,0.5454545454545454,0.0,83.9622641509434,0.6779964221824687,,,,,85.47725487943801,-0.9905999066012385,52.72221754579531,-0.5565929603715909,-0.8267745020263304,96,0.6288340037913991,-0.8960238014069327,1.6866752763188066,1.0073021481745694,0.19532662391298855,-1.5266813541188775,0.5609911830382511,-0.5636350738352068,0.3619297782220294,-2.2611905660250358,,,,,,,,,,,,,,,,
9,Achraf Hakimi,31,Morocco,FB,570.0,11.0,4.0,1.0,0.0,2.0,0.0,400.0,357.0,17.0,12.0,1.0,5.0,85.0,42.0,20.0,10.0,16.0,7.0,1.0,0.0,7.083333333333333,1.7368421052631577,0.15789473684210525,0.0,0.3157894736842105,0.0,63.1578947368421,2.6842105263157894,1.894736842105263,0.15789473684210525,0.7894736842105263,13.421052631578947,1.5789473684210527,2.526315789473684,1.1052631578947367,0.15789473684210525,0.36363636363636365,0.49411764705882355,0.5,89.25,0.76,,,,,88.00300663226648,0.9048747387926965,,,0.8053319665598292,1,0.8342899552457586,-0.38768435314548694,1.9579236440834196,-0.2839132052717834,,,0.5071878229386895,-0.7822131037632627,,,2.2424222908239173,2.0690930945706896,0.26045138327030937,2.084359797793267,1.3554301899446894,2.0328067969426837,,,,,,,,,,
753,Marcos Llorente,9,Spain,FB,193.0,0.0,0.0,0.0,0.0,1.0,0.0,139.0,130.0,4.0,7.0,0.0,1.0,18.0,11.0,1.0,1.0,1.0,2.0,0.0,0.0,7.233333333333333,0.0,0.0,0.0,0.46632124352331605,0.0,64.81865284974093,1.8652849740932642,3.2642487046632125,0.0,0.46632124352331605,8.393782383419689,0.46632124352331605,0.46632124352331605,0.9326424870466321,0.0,0.0,0.6111111111111112,1.0,93.5251798561151,0.517426273458445,,,,,88.9547310628152,1.1319722709619964,,,0.7735808213275979,2,0.7123792665799433,-0.7267272079541148,2.7304094720176,0.9661075231407926,,,0.5809336536861451,0.5702054759591205,,,1.3721627831580112,1.564067345117611,0.28240894759445584,2.0972220340641883,0.5538140548485713,-0.1877816919964092,,,,,,,,,,
21138,Rayan Aït-Nouri,1532,Algeria,FB,284.0,1.0,0.0,0.0,0.0,0.0,0.0,184.0,162.0,1.0,16.0,0.0,5.0,45.0,29.0,16.0,9.0,4.0,6.0,0.0,0.0,6.575,0.31690140845070425,0.0,0.0,0.0,0.0,58.30985915492958,0.31690140845070425,5.070422535211268,0.0,1.5845070422535212,14.260563380281692,2.852112676056338,1.267605633802817,1.9014084507042255,0.0,0.0,0.6444444444444445,0.5625,88.04347826086956,0.6120689655172413,,,,,86.49591120751468,0.5452563022800971,,,0.7498383790981091,3,1.3485290224877562,1.0424534249273045,3.940609338496907,2.047328167898676,,,0.6072543762989437,1.0528989914090912,,,0.5211567200817633,-0.9069912657591438,0.03305719278606041,-0.5796859601663733,1.9969237984019763,2.0476089930971124,,,,,,,,,,
280074,Nathaniel Brown,25,Germany,FB,283.0,2.0,2.0,1.0,0.0,1.0,0.0,122.0,105.0,5.0,13.0,2.0,2.0,27.0,16.0,2.0,1.0,1.0,4.0,0.0,0.0,7.433333333333334,0.6360424028268551,0.31802120141342755,0.0,0.31802120141342755,0.0,38.79858657243816,1.5901060070671378,4.134275618374558,0.6360424028268551,0.6360424028268551,8.586572438162543,0.31802120141342755,0.31802120141342755,1.2720848056537102,0.0,1.0,0.5925925925925926,0.5,86.06557377049181,0.6112311015118791,,,,,85.28361198973874,0.2559812224663366,,,0.6737111314564236,4,0.7682882644369738,-0.5712400521486175,3.365967026053056,1.9945537261838961,,,0.575480587654841,0.4702021572299034,,,1.2998201255247044,1.3540066242429643,0.2275130398547128,1.698469314559413,0.4461612148132118,-0.4859950723389307,,,,,,,,,,
502,Joshua Kimmich,25,Germany,FB,353.0,3.0,1.0,0.0,0.0,2.0,0.0,340.0,311.0,8.0,6.0,0.0,4.0,30.0,17.0,1.0,1.0,7.0,0.0,0.0,0.0,7.425,0.7648725212464589,0.0,0.0,0.509915014164306,0.0,86.68555240793201,2.039660056657224,1.5297450424929178,0.0,1.019830028328612,7.64872521246459,0.254957507082153,1.7847025495750708,0.0,0.0,0.3333333333333333,0.5666666666666667,1.0,91.47058823529412,0.6622889305816135,,,,,88.96598990855287,1.1346588218164553,,,0.6147270962631121,5,1.0050984360869022,0.08734696366262648,1.7419188237571572,-0.633447776756334,,,0.5605574891441295,0.1965287103603667,,,1.6356786456246495,2.0690930945706896,0.36648881323214266,2.0972220340641883,0.3875659333180433,-0.6483121738762088,,,,,,,,,,
46601,Khuliso Mudau,1531,South Africa,FB,367.0,0.0,0.0,0.0,0.0,0.0,0.0,161.0,150.0,1.0,10.0,0.0,11.0,33.0,23.0,4.0,3.0,10.0,4.0,0.0,0.0,6.825,0.0,0.0,0.0,0.0,0.0,39.48228882833788,0.2452316076294278,2.452316076294278,0.0,2.697547683923706,8.092643051771118,0.7356948228882834,2.452316076294278,0.9809264305177112,0.0,0.0,0.696969696969697,0.75,93.16770186335404,0.6709323583180987,,,,,90.16874142239632,1.2492449430379724,,,0.5923388417391093,6,2.131110541927457,2.274359070250531,2.3554711756171205,0.35939005930114326,,,0.6481383677666663,1.8026670679734342,,,0.4420780952795944,-1.1366111535979257,0.02804120192455581,-0.6384510022639693,0.7067141544031391,0.23577290747257904,,,,,,,,,,
81,Krépin Diatta,13,Senegal,FB,390.0,1.0,0.0,0.0,0.0,0.0,0.0,261.0,234.0,3.0,13.0,0.0,3.0,46.0,31.0,8.0,7.0,6.0,4.0,0.0,0.0,6.75,0.23076923076923078,0.0,0.0,0.0,0.0,60.23076923076923,0.6923076923076923,3.0,0.0,0.6923076923076923,10.615384615384617,1.6153846153846154,1.3846153846153846,0.9230769230769231,0.0,0.0,0.6739130434782609,0.875,89.65517241379311,0.6842105263157895,,,,,87.88644248347222,0.8770605630913038,,,0.5498020105341765,7,0.7819604674286296,-0.533216620532044,2.7341100580044997,0.9720957355113268,,,0.6343331497140516,1.5494943366849045,,,0.7400293300314704,-0.27145284721225427,0.026909714829354434,-0.6517069847045853,1.3097765657166967,1.9063398909005844,,,,,,,,,,
2920,Timothy Castagne,1,Belgium,FB,478.0,3.0,1.0,0.0,0.0,1.0,0.0,222.0,193.0,8.0,14.0,1.0,8.0,39.0,23.0,1.0,0.0,2.0,7.0,1.0,0.0,6.933333333333334,0.5648535564853556,0.0,0.0,0.18828451882845187,0.0,41.79916317991631,1.506276150627615,2.6359832635983262,0.18828451882845187,1.506276150627615,7.343096234309623,0.0,0.37656903765690375,1.3179916317991631,0.18828451882845187,0.3333333333333333,0.5897435897435898,0.0,86.93693693693693,0.7264437689969605,,,,,86.14834472652844,0.4623210664458802,,,0.5495562593414124,8,1.3612727453409101,1.0778946829852194,2.5052321171163596,0.6017301442723627,,,0.5784821341609782,0.525247265836816,,,1.3249494196321248,1.4269743283330254,0.16008896269412162,0.908559834631612,0.17716207060564904,-1.1558335071150285,,,,,,,,,,
47519,Pedro Porro,9,Spain,FB,444.0,7.0,3.0,2.0,0.0,0.0,0.0,262.0,233.0,9.0,12.0,1.0,6.0,44.0,27.0,5.0,3.0,6.0,7.0,0.0,0.0,7.62,1.418918918918919,0.40540540540540543,0.0,0.0,0.0,53.10810810810811,1.8243243243243243,2.4324324324324325,0.20270270270270271,1.2162162162162162,8.91891891891892,0.6081081081081081,1.2162162162162162,1.418918918918919,0.0,0.42857142857142855,0.6136363636363636,0.6,88.93129770992367,0.7115384615384616,,,,,87.52444095738136,0.7906808815595844,,,0.5464045200368062,9,1.1469831192857676,0.48193900946123347,2.353273610677187,0.35583400477222654,,,0.5948691567869121,0.825767493774024,,,1.541372945701824,2.055401364161234,0.024580989507583376,-0.6789892596022244,0.6195074398373671,-0.005801853868434544,,,,,,,,,,
855,João Cancelo,27,Portugal,FB,314.0,2.0,0.0,0.0,0.0,1.0,0.0,161.0,140.0,3.0,7.0,3.0,5.0,33.0,16.0,7.0,5.0,2.0,6.0,0.0,0.0,6.840000000000001,0.5732484076433121,0.0,0.0,0.28662420382165604,0.0,46.146496815286625,0.8598726114649682,2.006369426751592,0.8598726114649682,1.4331210191082802,9.45859872611465,1.4331210191082802,0.5732484076433121,1.7197452229299364,0.0,0.0,0.48484848484848486,0.7142857142857143,86.95652173913044,0.6356275303643725,,,,,85.8989935228478,0.4028216555011939,,,0.48298252875856384,10,1.2666345474378924,0.8146986897369232,2.061624965713694,-0.11610585280774892,,,0.508069296807514,-0.7660478287144193,,,0.8538799961901582,0.05913430271769115,0.21323590577476118,1.5312049776802756,1.146908183114407,1.4551717571960314,,,,,,,,,,
33321,Keito Nakamura,12,Japan,FB,310.0,4.0,2.0,1.0,0.0,1.0,0.0,108.0,95.0,4.0,4.0,0.0,1.0,18.0,12.0,6.0,5.0,1.0,3.0,0.0,0.0,7.275,1.1612903225806452,0.2903225806451613,0.0,0.2903225806451613,0.0,31.35483870967742,1.1612903225806452,1.1612903225806452,0.0,0.2903225806451613,5.225806451612904,1.4516129032258065,0.2903225806451613,0.870967741935484,0.0,0.5,0.6666666666666666,0.8333333333333334,87.96296296296296,0.6326530612244898,,,,,86.52708876064975,0.5526957933226551,,,0.48067337101923024,11,0.5422805437435079,-1.1997846340166909,1.5274341491072752,-0.9805224796750577,,,0.6232866837697028,1.3469141279871617,,,1.0445239145264045,0.6127053246598199,0.2149766070463919,1.5515982332365736,1.1562706988949327,1.48110723162015,,,,,,,,,,
19549,Antonee Robinson,2384,USA,FB,349.0,0.0,0.0,0.0,0.0,0.0,0.0,195.0,160.0,3.0,12.0,2.0,6.0,41.0,24.0,9.0,6.0,1.0,4.0,1.0,0.0,7.05,0.0,0.0,0.0,0.0,0.0,50.286532951289395,0.7736389684813754,3.0945558739255015,0.5157593123209169,1.5472779369627507,10.573065902578795,1.5472779369627507,0.25787965616045844,1.0315186246418337,0.25787965616045844,0.0,0.5853658536585366,0.6666666666666666,82.05128205128206,0.6597353497164461,,,,,82.73280228751851,-0.3526850782124565,,,0.4496840723909344,12,1.3529630745450263,1.054784859392316,2.775884183483109,1.0396937688619385,,,0.5728478096546634,0.4219198631986934,,,0.7973851004119813,-0.10490941534773568,0.028995344901194757,-0.6272727019565213,1.2411581142883121,1.716257210800306,,,,,,,,,,
24866,Douglas Santos,6,Brazil,FB,442.0,2.0,0.0,0.0,0.0,0.0,0.0,242.0,220.0,3.0,18.0,0.0,6.0,29.0,21.0,0.0,0.0,2.0,3.0,1.0,0.0,7.06,0.4072398190045249,0.0,0.0,0.0,0.0,49.276018099547514,0.6108597285067874,3.665158371040724,0.0,1.2217194570135748,5.904977375565611,0.0,0.4072398190045249,0.6108597285067874,0.20361990950226244,0.0,0.7241379310344828,0.0,90.9090909090909,0.7106109324758842,,,,,88.92535877173317,1.124963545952131,,,0.418183659622132,13,1.1506711679008343,0.49219575187495973,3.229007609425345,1.7729288062888995,,,0.6733324339191786,1.822190968871967,,,0.6781619262346272,-0.4510966682352793,0.024660028059054706,-0.6780632802827261,0.18741582388829114,-1.1558335071150285,,,,,,,,,,
2878,Jorge Sánchez,16,Mexico,FB,349.0,1.0,1.0,0.0,0.0,1.0,0.0,105.0,97.0,5.0,9.0,0.0,5.0,30.0,13.0,4.0,2.0,1.0,5.0,1.0,0.0,6.7,0.25787965616045844,0.0,0.0,0.25787965616045844,0.0,27.077363896848137,1.2893982808022921,2.320916905444126,0.0,1.2893982808022921,7.736389684813753,0.5157593123209169,0.25787965616045844,1.2893982808022921,0.25787965616045844,1.0,0.43333333333333335,0.5,92.38095238095238,0.6597353497164461,,,,,89.54765095491916,1.2492449430379724,,,0.38675605053676637,14,1.1828307494032493,0.5816339827746178,2.2654872080577784,0.2137798479464743,,,0.4725465816896428,-1.4174959097878257,,,1.1376497506955352,0.8831139731352307,0.19912767004297166,1.365919376172475,0.5606288137212043,-0.1689038595215801,,,,,,,,,,
271444,Merchas Doski,1567,Iraq,FB,270.0,0.0,0.0,0.0,0.0,0.0,0.0,114.0,93.0,2.0,13.0,1.0,5.0,34.0,22.0,3.0,1.0,8.0,3.0,1.0,0.0,6.3999999999999995,0.0,0.0,0.0,0.0,0.0,38.0,0.6666666666666666,4.333333333333333,0.3333333333333333,1.6666666666666665,11.333333333333332,0.3333333333333333,2.6666666666666665,1.0,0.3333333333333333,0.0,0.6470588235294118,0.3333333333333333,81.57894736842105,0.6,,,,,82.56904614149676,-0.39176006194241547,,,0.36829226417727234,15,1.3904832587429308,1.1591313322292804,3.463206073472366,2.047328167898676,,,0.6076659794076197,1.0604473461567803,,,0.7373704847065291,-0.2791733123420039,0.03408563878384895,-0.5676371598348234,0.45905031657448236,-0.45029046292458785,,,,,,,,,,
310785,Mohannad Abu Taha,1548,Jordan,FB,265.0,0.0,0.0,0.0,0.0,0.0,0.0,80.0,52.0,3.0,9.0,1.0,7.0,29.0,18.0,6.0,4.0,1.0,2.0,1.0,0.0,6.666666666666667,0.0,0.0,0.0,0.0,0.0,27.169811320754715,1.0188679245283019,3.0566037735849054,0.33962264150943394,2.3773584905660377,9.849056603773585,1.3584905660377358,0.33962264150943394,0.6792452830188679,0.33962264150943394,0.0,0.6206896551724138,0.6666666666666666,65.0,0.5955056179775281,,,,,72.70731454876372,-2.6184894999596993,,,0.33425136984544496,16,1.8106010481670087,2.274359070250531,2.6931297372192464,0.9057822206400507,,,0.5915203752835446,0.7643544717945938,,,0.9479027373436812,0.3321472860868034,0.03446862348928545,-0.5631502871591901,1.0709497583337462,1.244756327265025,,,,,,,,,,
2691,Ramin Rezaeian,22,Iran,FB,270.0,3.0,2.0,2.0,0.0,1.0,0.0,88.0,64.0,6.0,6.0,0.0,2.0,20.0,13.0,1.0,1.0,3.0,2.0,0.0,0.0,7.6000000000000005,1.0,0.6666666666666666,0.0,0.3333333333333333,0.0,29.333333333333332,2.0,2.0,0.0,0.6666666666666666,6.666666666666666,0.3333333333333333,1.0,0.6666666666666666,0.0,0.6666666666666666,0.65,1.0,72.72727272727273,0.6,,,,,77.25804135680777,-1.6590555533976674,,,0.31137900119487594,17,0.7904832587429309,-0.5095140926424679,2.063206073472366,-0.11354733665026881,,,0.6094306852899727,1.0928101387221338,,,1.5373704847065293,2.0437794543579484,0.23408563878384894,1.7754708608990415,0.45905031657448236,-0.45029046292458785,,,,,,,,,,
353808,Deveron Fonville,5530,Curaçao,FB,243.0,0.0,0.0,0.0,0.0,0.0,0.0,59.0,51.0,1.0,5.0,0.0,4.0,23.0,14.0,7.0,5.0,3.0,2.0,0.0,0.0,6.066666666666666,0.0,0.0,0.0,0.0,0.0,21.85185185185185,0.37037037037037035,1.8518518518518516,0.0,1.4814814814814814,8.518518518518517,1.8518518518518516,1.1111111111111112,0.7407407407407407,0.0,0.0,0.6086956521739131,0.7142857142857143,86.44067796610169,0.574468085106383,,,,,85.42515300227558,0.28975529993677235,,,0.30791714556881183,18,1.2664715518541818,0.8142453866785349,1.9821341207152832,-0.2447363083758103,,,0.5831131249615805,0.6101746161395876,,,0.5716707284112013,-0.7603141965016783,0.03626131785515845,-0.542147904422183,1.3394152303983855,1.9884431255264596,,,,,,,,,,
2973,Amir Murillo,11,Panama,FB,270.0,3.0,1.0,0.0,0.0,0.0,0.0,92.0,71.0,6.0,7.0,1.0,1.0,42.0,25.0,11.0,5.0,7.0,1.0,0.0,0.0,6.8999999999999995,1.0,0.0,0.0,0.0,0.0,30.666666666666664,2.0,2.333333333333333,0.3333333333333333,0.3333333333333333,14.0,1.6666666666666665,2.333333333333333,0.3333333333333333,0.0,0.3333333333333333,0.5952380952380952,0.45454545454545453,77.17391304347827,0.6,,,,,79.92602554653108,-1.0224294398875389,,,0.26487700748167414,19,0.5904832587429308,-1.0657292342663844,2.2632060734723662,0.2100885627306801,,,0.5765735424328298,0.4902457628624748,,,1.5373704847065293,2.0437794543579484,0.03408563878384895,-0.5676371598348234,1.2590503165744824,1.7658211064093627,,,,,,,,,,
36970,Sherel Constancio Floranus,5530,Curaçao,FB,270.0,2.0,0.0,0.0,0.0,0.0,0.0,103.0,90.0,1.0,9.0,3.0,4.0,16.0,12.0,1.0,1.0,0.0,2.0,0.0,0.0,6.666666666666667,0.6666666666666666,0.0,0.0,0.0,0.0,34.33333333333333,0.3333333333333333,3.0,1.0,1.3333333333333333,5.333333333333333,0.3333333333333333,0.0,0.6666666666666666,0.0,0.0,0.75,1.0,87.37864077669903,0.6,,,,,86.04886218646354,0.4385828512467116,,,0.2633158922057453,20,1.1904832587429308,0.6029161906053643,2.663206073472366,0.8573603614925772,,,0.6694306852899726,1.822190968871967,,,0.5373704847065292,-0.8599115040169917,0.03408563878384895,-0.5676371598348234,0.45905031657448236,-0.45029046292458785,,,,,,,,,,
125171,Josip Stanišić,3,Croatia,FB,360.0,0.0,0.0,0.0,0.0,1.0,0.0,128.0,112.0,2.0,4.0,1.0,5.0,25.0,15.0,4.0,4.0,4.0,0.0,0.0,0.0,6.675,0.0,0.0,0.0,0.25,0.0,32.0,0.5,1.0,0.25,1.25,6.25,1.0,1.0,0.0,0.0,0.0,0.6,1.0,87.5,0.6666666666666666,,,,,86.3513981003701,0.5107730328112983,,,0.26096364099350317,21,1.1587360489524423,0.5146247966564605,1.3860050612269719,-1.2093801299489035,,,0.5828589044083106,0.6055124868218369,,,0.6144754039221076,-0.6360226472444863,0.19507136565320746,1.3183975794215026,0.8825419304787353,0.7228403684368139,,,,,,,,,,
2649,Ahmed Fatouh,32,Egypt,FB,268.0,1.0,1.0,0.0,0.0,0.0,0.0,159.0,139.0,4.0,6.0,0.0,3.0,24.0,14.0,5.0,3.0,3.0,2.0,1.0,0.0,6.866666666666667,0.3358208955223881,0.0,0.0,0.0,0.0,53.3955223880597,1.3432835820895523,2.0149253731343286,0.0,1.0074626865671643,8.059701492537314,1.0074626865671643,1.0074626865671643,0.6716417910447762,0.3358208955223881,1.0,0.5833333333333334,0.6,87.42138364779875,0.5982142857142857,,,,,86.06849507100429,0.44326758927114124,,,0.25161711339338433,22,0.9949050590051761,0.05899841027693523,2.0724168148717967,-0.09864270376641839,,,0.569368619896922,0.3581152952243655,,,1.1424480315132548,0.897046697761387,0.03423780681413399,-0.5658544291735227,0.8628853626306185,0.6683889341598023,,,,,,,,,,
207,Ivan Perišić,3,Croatia,FB,360.0,2.0,2.0,1.0,0.0,1.0,0.0,142.0,128.0,5.0,9.0,1.0,4.0,33.0,17.0,1.0,0.0,1.0,4.0,2.0,0.0,7.0,0.5,0.25,0.0,0.25,0.0,35.5,1.25,2.25,0.25,1.0,8.25,0.0,0.25,1.0,0.5,1.0,0.5151515151515151,0.0,90.14084507042253,0.6666666666666666,,,,,88.11196148065179,0.930873206828153,,,0.2427927118455382,23,0.9920693822857757,0.05111217863653045,2.2193383945603053,0.1391027841383826,,,0.526293247842654,-0.43184032537397354,,,1.1144754039221076,0.8158228319429837,0.19507136565320746,1.3183975794215026,0.21587526381206867,-1.1239192726748113,,,,,,,,,,
19235,Djed Spence,10,England,FB,325.0,2.0,2.0,0.0,0.0,0.0,0.0,138.0,120.0,0.0,14.0,2.0,4.0,36.0,22.0,6.0,3.0,3.0,1.0,0.0,0.0,7.042857142857143,0.5538461538461539,0.0,0.0,0.0,0.0,38.215384615384615,0.0,3.8769230769230774,0.5538461538461539,1.1076923076923078,9.96923076923077,0.8307692307692308,0.8307692307692308,0.27692307692307694,0.0,1.0,0.6111111111111112,0.5,86.95652173913044,0.6435643564356436,,,,,85.92202879092524,0.408318259733816,,,0.2421392256351011,24,1.0608266662065722,0.24233139070493864,3.2642430357674552,1.8299460507603995,,,0.5888216227556412,0.7148622764553305,,,0.3006271645899765,-1.2879459230276802,0.030373341490558467,-0.6111287276511113,0.7654903811059744,0.3985912524700146,,,,,,,,,,
24845,Julian Ryerson,1090,Norway,FB,226.0,0.0,0.0,0.0,0.0,0.0,0.0,128.0,113.0,6.0,11.0,0.0,0.0,34.0,14.0,4.0,2.0,1.0,6.0,0.0,0.0,6.925000000000001,0.0,0.0,0.0,0.0,0.0,50.97345132743363,2.3893805309734515,4.380530973451328,0.0,0.0,13.539823008849558,0.7964601769911505,0.39823008849557523,2.3893805309734515,0.0,0.0,0.4117647058823529,0.5,88.28125,0.5566502463054187,,,,,86.40718589704399,0.5240849438468246,,,0.21259553615293786,25,0.4328016414638396,-1.5042537496982737,3.3951791454742977,2.0418241788924822,,,0.47242027564014644,-1.4198122257929324,,,1.7039820643298969,2.0690930945706896,0.037779648898354744,-0.5243598361949707,0.7304744888140815,0.3015923474467453,,,,,,,,,,
2688,Milad Mohammadi,22,Iran,FB,204.0,1.0,1.0,0.0,0.0,0.0,0.0,63.0,52.0,2.0,7.0,0.0,2.0,27.0,14.0,7.0,4.0,1.0,1.0,0.0,0.0,6.666666666666667,0.4411764705882353,0.0,0.0,0.0,0.0,27.794117647058822,0.8823529411764706,3.0882352941176467,0.0,0.8823529411764706,11.911764705882353,1.7647058823529411,0.4411764705882353,0.4411764705882353,0.0,1.0,0.5185185185185185,0.5714285714285714,82.53968253968254,0.53125,,,,,83.24960992785181,-0.22936604177849312,,,0.20976183608226376,26,0.9263475688393721,-0.13166516023282945,2.652194617350429,0.8395418489649925,,,0.5326082972871496,-0.3160291654204173,,,0.8641060367654638,0.08882756427618137,0.039944107949822984,-0.49900202937474447,1.2410745897357216,1.716025836141157,,,,,,,,,,
263482,Nuno Mendes,27,Portugal,FB,397.0,1.0,1.0,1.0,0.0,0.0,0.0,252.0,220.0,11.0,9.0,0.0,0.0,63.0,31.0,19.0,7.0,12.0,3.0,0.0,0.0,7.42,0.22670025188916876,0.22670025188916876,0.0,0.0,0.0,57.12846347607053,2.4937027707808563,2.040302267002519,0.0,0.0,14.282115869017632,1.5869017632241813,2.720403022670025,0.6801007556675063,0.0,1.0,0.49206349206349204,0.3684210526315789,87.3015873015873,0.6880415944540728,,,,,86.2885357589775,0.4957730158542752,,,0.20550043934729148,27,0.3045363369745562,-1.5057004493755688,2.077023800801672,-0.09118777359216537,,,0.509693266429279,-0.7362659865801705,,,1.9788851267208631,2.0690930945706896,0.02658325381755984,-0.6555316517805494,1.2938867286976032,1.8623228263345297,,,,,,,,,,
2654,Mohamed Hany,32,Egypt,FB,480.0,0.0,0.0,0.0,0.0,1.0,0.0,241.0,205.0,5.0,14.0,0.0,6.0,46.0,23.0,8.0,3.0,1.0,2.0,0.0,0.0,6.4,0.0,0.0,0.0,0.1875,0.0,45.1875,0.9375,2.625,0.0,1.125,8.625,0.5625,0.1875,0.375,0.0,0.0,0.5,0.375,85.06224066390041,0.7272727272727273,,,,,84.78731892859402,0.13755731129939,,,0.19925544444155113,28,1.084420403688362,0.3079473608792948,2.4976405046402497,0.5894455526150754,,,0.5132481945158904,-0.6710724597708455,,,0.9118435122999062,0.2274424403611867,0.15960384462535154,0.9028764144419216,0.5857161249371471,-0.09940850873516492,,,,,,,,,,
6231,Facundo Medina,26,Argentina,FB,259.0,0.0,0.0,0.0,0.0,1.0,0.0,126.0,117.0,1.0,8.0,2.0,1.0,20.0,12.0,0.0,0.0,2.0,3.0,1.0,0.0,7.0,0.0,0.0,0.0,0.3474903474903475,0.0,43.78378378378379,0.3474903474903475,2.77992277992278,0.694980694980695,0.3474903474903475,6.94980694980695,0.0,0.694980694980695,1.0424710424710426,0.3474903474903475,0.0,0.6,0.0,92.85714285714286,0.5899772209567198,,,,,89.24773342642337,1.2018875863194285,,,0.1973047446575992,29,0.605278966820772,-1.0245812499466718,2.5249264990035645,0.6335991892464498,,,0.5789152810489469,0.5331907101386893,,,0.550835348788014,-0.8208136999278367,0.23995111037068798,1.8441880285015873,0.265541326784777,-0.986337351728452,,,,,,,,,,
18846,Aaron Wan-Bissaka,1508,Congo DR,FB,355.0,0.0,0.0,0.0,0.0,0.0,0.0,105.0,83.0,3.0,11.0,1.0,7.0,29.0,18.0,5.0,2.0,1.0,1.0,0.0,0.0,6.95,0.0,0.0,0.0,0.0,0.0,26.619718309859156,0.7605633802816901,2.788732394366197,0.2535211267605634,1.7746478873239435,7.352112676056338,0.5070422535211268,0.2535211267605634,0.2535211267605634,0.0,0.0,0.6206896551724138,0.4,79.04761904761905,0.6635514018691588,,,,,80.73207427309275,-0.8300925924401928,,,0.18192894904677567,30,1.5060139559519978,1.4804309477795354,2.5765284730141396,0.7171004455901737,,,0.5964273569470927,0.8543431952909175,,,0.788442463771847,-0.13087606850372605,0.02867016346305052,-0.6310823781360689,0.5543413877729291,-0.18632090625320918,,,,,,,,,,
2810,Denis Zakaria,15,Switzerland,FB,360.0,3.0,2.0,0.0,0.0,0.0,0.0,158.0,138.0,2.0,8.0,3.0,9.0,34.0,16.0,8.0,4.0,0.0,4.0,2.0,0.0,6.675,0.75,0.0,0.0,0.0,0.0,39.5,0.5,2.0,0.75,2.25,8.5,1.0,0.0,1.0,0.5,0.6666666666666666,0.47058823529411764,0.5,87.34177215189874,0.6666666666666666,,,,,86.2459128683026,0.48560247386176564,,,0.157903506532713,31,1.825402715619109,2.274359070250531,2.0526717278936384,-0.13059379867907506,,,0.49658439460438897,-0.97666848303984,,,0.6144754039221076,-0.6360226472444863,0.028404698986540793,-0.6341924378567183,0.8825419304787353,0.7228403684368139,,,,,,,,,,
7578,Gideon Mensah,1504,Ghana,FB,360.0,0.0,0.0,0.0,0.0,0.0,0.0,164.0,140.0,2.0,7.0,0.0,8.0,29.0,17.0,5.0,3.0,3.0,2.0,0.0,0.0,7.075,0.0,0.0,0.0,0.0,0.0,41.0,0.5,1.75,0.0,2.0,7.25,0.75,0.75,0.5,0.0,0.0,0.5862068965517241,0.6,85.36585365853658,0.6666666666666666,,,,,84.92863387272783,0.17127744502857026,,,0.1577091236773311,32,1.6587360489524423,1.9051626507162511,1.8860050612269719,-0.400290381496532,,,0.5736635021094599,0.4368787784353249,,,0.6144754039221076,-0.6360226472444863,0.028404698986540793,-0.6341924378567183,0.7158752638120687,0.26115045815890764,,,,,,,,,,
337587,Jordan Bos,20,Australia,FB,309.0,4.0,2.0,0.0,0.0,0.0,0.0,104.0,90.0,4.0,5.0,2.0,3.0,51.0,25.0,15.0,9.0,4.0,4.0,1.0,0.0,6.675,1.1650485436893203,0.0,0.0,0.0,0.0,30.291262135922327,1.1650485436893203,1.4563106796116503,0.5825242718446602,0.8737864077669902,14.854368932038835,2.6213592233009706,1.1650485436893203,1.1650485436893203,0.2912621359223301,0.5,0.49019607843137253,0.6,86.53846153846153,0.6319018404907976,,,,,85.62400734066354,0.3372053054841005,,,0.12198250952845575,33,0.911487661419875,-0.17299168778209864,1.7146068160788646,-0.6776435076006522,,,0.5116858826498605,-0.6997235655150513,,,1.046659955251407,0.6189077267997306,0.03136715225507572,-0.5994856977839511,1.894831579669769,2.0476089930971124,,,,,,,,,,
46334,Aubrey Modiba,1531,South Africa,FB,354.0,4.0,1.0,0.0,0.0,0.0,0.0,119.0,98.0,3.0,11.0,2.0,4.0,29.0,19.0,4.0,2.0,6.0,4.0,1.0,0.0,7.1,1.0169491525423728,0.0,0.0,0.0,0.0,30.25423728813559,0.7627118644067796,2.796610169491525,0.5084745762711864,1.0169491525423728,7.372881355932203,0.5084745762711864,1.5254237288135593,1.0169491525423728,0.2542372881355932,0.25,0.6551724137931034,0.5,82.3529411764706,0.6629213483146067,,,,,82.92639728589971,-0.30649004006749464,,,0.11896697270853893,34,1.0032162292777507,0.08211240402803792,2.581353432701432,0.7249080964295423,,,0.6192412787701241,1.2727257863754469,,,0.7899189477864009,-0.1265888152204807,0.02872385290773788,-0.6304533772936906,0.5553794802593953,-0.18344524529158857,,,,,,,,,,
191240,Marvin Senaya,1504,Ghana,FB,280.0,0.0,0.0,0.0,0.0,0.0,0.0,77.0,61.0,0.0,20.0,1.0,5.0,40.0,26.0,1.0,0.0,4.0,6.0,0.0,0.0,6.95,0.0,0.0,0.0,0.0,0.0,24.750000000000004,0.0,6.428571428571429,0.32142857142857145,1.6071428571428572,12.857142857142858,0.0,1.2857142857142858,1.9285714285714288,0.0,0.0,0.65,0.0,79.22077922077922,0.6086956521739131,,,,,81.11211555656095,-0.7394083199472385,,,0.08682663160223804,35,1.3602553618137367,1.0750652623719563,4.757484202309923,2.047328167898676,,,0.6103126269141037,1.1089839918961517,,,0.3300363437346481,-1.2879459230276802,0.033344646636373966,-0.5763182830550707,0.253418787953298,-1.0199184749211279,,,,,,,,,,
18816,Arthur Masuaku,1508,Congo DR,FB,318.0,0.0,0.0,0.0,0.0,1.0,0.0,141.0,115.0,6.0,8.0,1.0,0.0,30.0,16.0,6.0,1.0,4.0,0.0,0.0,0.0,6.85,0.0,0.0,0.0,0.2830188679245283,0.0,39.90566037735849,1.6981132075471699,2.2641509433962264,0.2830188679245283,0.0,8.49056603773585,0.2830188679245283,1.1320754716981132,0.0,0.0,0.0,0.5333333333333333,0.16666666666666666,81.56028368794327,0.6385542168674698,,,,,82.46169716258196,-0.4173753423848746,,,0.08236634452511747,36,0.3528463181412026,-1.5057004493755688,2.2257886206075597,0.14954040767845045,,,0.5388429887158387,-0.20169168435155208,,,1.3891901970239722,1.61350969280471,0.2115231675757671,1.5111393246228744,0.41480450292874915,-0.572857537318217,,,,,,,,,,
1290,Guillermo Varela,7,Uruguay,FB,270.0,1.0,0.0,0.0,0.0,0.0,0.0,117.0,95.0,2.0,2.0,0.0,7.0,14.0,11.0,0.0,0.0,1.0,1.0,1.0,0.0,6.3999999999999995,0.3333333333333333,0.0,0.0,0.0,0.0,39.0,0.6666666666666666,0.6666666666666666,0.0,2.333333333333333,4.666666666666666,0.0,0.3333333333333333,0.3333333333333333,0.3333333333333333,0.0,0.7857142857142857,0.0,81.19658119658119,0.6,,,,,82.33962643839284,-0.4465034800302264,,,0.05543276324426964,37,1.7904832587429307,2.2715616154771126,1.2632060734723662,-1.408090934174063,,,0.6908592567185441,1.822190968871967,,,0.7373704847065291,-0.2791733123420039,0.03408563878384895,-0.5676371598348234,0.2590503165744824,-1.0043183552580752,,,,,,,,,,
50816,Richie Laryea,5529,Canada,FB,438.0,1.0,1.0,0.0,0.0,0.0,0.0,174.0,144.0,5.0,10.0,0.0,2.0,44.0,29.0,5.0,4.0,14.0,8.0,1.0,0.0,7.38,0.2054794520547945,0.0,0.0,0.0,0.0,35.75342465753425,1.0273972602739725,2.054794520547945,0.0,0.410958904109589,9.041095890410958,0.821917808219178,2.8767123287671232,1.643835616438356,0.2054794520547945,1.0,0.6590909090909091,0.8,82.75862068965517,0.7087378640776699,,,,,83.1359722269722,-0.2564819175538715,,,0.016651765087414134,38,0.5755946058807748,-1.1071357050679516,2.084858791363373,-0.07850935250677862,,,0.6269023083532457,1.413220762742282,,,0.9738134597377639,0.40738401642746425,0.024819639891152143,-0.6761933414627684,0.771153143136759,0.41427789303352286,,,,,,,,,,
264,Thomas Meunier,1,Belgium,FB,190.0,2.0,1.0,0.0,0.0,1.0,0.0,112.0,90.0,3.0,3.0,0.0,2.0,29.0,8.0,2.0,1.0,0.0,9.0,0.0,0.0,6.766666666666667,0.9473684210526315,0.0,0.0,0.47368421052631576,0.0,53.05263157894736,1.4210526315789473,1.4210526315789473,0.0,0.9473684210526315,13.736842105263158,0.47368421052631576,0.0,4.263157894736842,0.0,0.5,0.27586206896551724,0.5,80.35714285714286,0.5135135135135135,,,,,82.15570842447838,-0.49038942615159753,,,0.005806804202285187,39,0.9613985579305916,-0.03418570592567444,1.7795749542231483,-0.5725133985034973,,,0.4085340580646918,-1.674212744080962,,,1.1400451841025354,0.8900695714605265,0.2846987498722487,2.0972220340641883,0.5583044390770732,-0.17534270144698702,,,,,,,,,,
1631,Ricardo Rodríguez,15,Switzerland,FB,519.0,1.0,0.0,0.0,0.0,1.0,0.0,263.0,223.0,7.0,11.0,1.0,4.0,45.0,25.0,3.0,0.0,2.0,11.0,0.0,0.0,7.0,0.17341040462427745,0.0,0.0,0.17341040462427745,0.0,45.60693641618497,1.2138728323699421,1.907514450867052,0.17341040462427745,0.6936416184971098,7.803468208092485,0.0,0.3468208092485549,1.907514450867052,0.0,0.0,0.5555555555555556,0.0,84.79087452471482,0.7424892703862661,,,,,84.60117146284242,0.09313938029452432,,,-0.02891885997089284,40,0.7664055313795692,-0.5764760753194392,1.9720210773427251,-0.2611010278125921,,,0.5537584287751374,0.0718413148224659,,,1.118478852815362,0.8274476102966424,0.1506989090883148,0.7985502850371774,0.16677059006940925,-1.1558335071150285,,,,,,,,,,
545,Noussair Mazraoui,31,Morocco,FB,486.0,0.0,0.0,0.0,0.0,0.0,0.0,257.0,232.0,0.0,14.0,4.0,2.0,52.0,33.0,6.0,4.0,6.0,4.0,0.0,0.0,7.1000000000000005,0.0,0.0,0.0,0.0,0.0,47.59259259259259,0.0,2.5925925925925926,0.7407407407407407,0.37037037037037035,9.62962962962963,0.7407407407407407,1.1111111111111112,0.7407407407407407,0.0,0.0,0.6346153846153846,0.6666666666666666,90.27237354085604,0.7297297297297297,,,,,88.59178455714098,1.045367101332629,,,-0.029783886298020677,41,0.5341103099614397,-1.2225066727176586,2.47513923883268,0.5530344656308621,,,0.6113616896449919,1.1282226649732259,,,0.22795303020711433,-1.2879459230276802,0.023030837016114157,-0.684976246623333,0.7155745382260016,0.2603174063458102,,,,,,,,,,
308689,Sidny Lopes Cabral,1533,Cape Verde Islands,FB,286.0,3.0,2.0,1.0,0.0,0.0,0.0,79.0,70.0,2.0,5.0,2.0,3.0,35.0,19.0,8.0,3.0,9.0,2.0,2.0,0.0,6.933333333333334,0.9440559440559441,0.3146853146853147,0.0,0.0,0.0,24.86013986013986,0.6293706293706294,1.5734265734265733,0.6293706293706294,0.9440559440559441,11.013986013986013,0.9440559440559441,2.832167832167832,0.6293706293706294,0.6293706293706294,0.6666666666666666,0.5428571428571428,0.375,88.60759493670886,0.6137339055793991,,,,,86.84877065686393,0.6294545298107617,,,-0.057808972074058475,42,0.9564752498590534,-0.04787779840701833,1.799233332752285,-0.5407026134252559,,,0.5450664189648724,-0.08756072110804859,,,0.7120530431715411,-0.3526873384163348,0.032915316422171735,-0.5813481183972738,0.8295550267350151,0.5760592554247606,,,,,,,,,,
162891,Juan Sanabria,7,Uruguay,FB,205.0,1.0,0.0,0.0,0.0,0.0,0.0,79.0,66.0,3.0,7.0,0.0,1.0,14.0,8.0,1.0,0.0,0.0,1.0,1.0,0.0,6.666666666666667,0.43902439024390244,0.0,0.0,0.0,0.0,34.68292682926829,1.3170731707317074,3.073170731707317,0.0,0.43902439024390244,6.146341463414634,0.0,0.0,0.43902439024390244,0.43902439024390244,0.0,0.5714285714285714,0.0,83.54430379746836,0.5324675324675324,,,,,83.78269416280746,-0.10216313481204208,,,-0.06922477722779,43,0.6901752374917374,-0.7884782938737049,2.645305800162506,0.8283945062335704,,,0.5607445857749216,0.19995985971650032,,,1.0956278392673717,0.7610953288676399,0.03984035702008319,-0.500217527552904,0.3027860843078366,-0.8831641791735895,,,,,,,,,,
161747,Guéla Doué,1501,Ivory Coast,FB,277.0,1.0,0.0,0.0,0.0,0.0,0.0,140.0,126.0,3.0,6.0,0.0,3.0,30.0,17.0,1.0,0.0,5.0,6.0,1.0,0.0,6.9,0.3249097472924188,0.0,0.0,0.0,0.0,45.48736462093863,0.9747292418772564,1.9494584837545128,0.0,0.9747292418772564,9.747292418772563,0.0,1.6245487364620939,1.9494584837545128,0.3249097472924188,0.0,0.5666666666666667,0.0,90.0,0.6061269146608315,,,,,87.65810716455111,0.8225758973943463,,,-0.06984223424599302,44,0.9753117427446804,0.004507914383366075,2.03160335462268,-0.16468620833927558,,,0.5595415208909286,0.1778969541226156,,,0.9230125122930812,0.2598737646554587,0.03356353928387752,-0.5737538374648444,0.25508236861819933,-1.0153101244736178,,,,,,,,,,
307123,Nico O'Reilly,10,England,FB,462.0,7.0,1.0,0.0,0.0,0.0,0.0,206.0,186.0,5.0,6.0,3.0,4.0,46.0,24.0,8.0,5.0,4.0,7.0,1.0,0.0,6.485714285714286,1.3636363636363638,0.0,0.0,0.0,0.0,40.129870129870135,0.974025974025974,1.168831168831169,0.5844155844155845,0.7792207792207793,8.96103896103896,0.974025974025974,0.7792207792207793,1.3636363636363638,0.19480519480519481,0.14285714285714285,0.5217391304347826,0.625,90.29126213592232,0.719626168224299,,,,,88.54255152803111,1.0336192686058545,,,-0.07193476968803554,45,0.8344508822964469,-0.3872368028340382,1.4461724814058643,-1.112018444233767,,,0.5292636863572543,-0.37736570360415855,,,0.9374092182522401,0.3016773495794509,0.023891802885875432,-0.684976246623333,0.8825119041409923,0.7227571912937427,,,,,,,,,,
1442,Sead Kolašinac,1113,Bosnia & Herzegovina,FB,339.0,0.0,0.0,0.0,0.0,1.0,0.0,147.0,119.0,3.0,8.0,2.0,2.0,29.0,16.0,2.0,1.0,4.0,6.0,0.0,0.0,6.6,0.0,0.0,0.0,0.26548672566371684,0.0,39.02654867256638,0.7964601769911506,2.1238938053097347,0.5309734513274337,0.5309734513274337,7.6991150442477885,0.26548672566371684,1.0619469026548674,1.5929203539823011,0.0,0.0,0.5517241379310345,0.5,80.95238095238095,0.653179190751445,,,,,82.02815436812524,-0.5208259795132457,,,-0.08186717037629841,46,0.6853901087366453,-0.801786099214716,2.135727809369104,0.0038058494577730565,,,0.550632545547415,0.01451600554916686,,,0.8127489751790716,-0.06029747110093059,0.20296442669119852,1.4108690525527967,0.3980205057004183,-0.6193515503649332,,,,,,,,,,
38735,Sergiño Dest,2384,USA,FB,298.0,1.0,1.0,0.0,0.0,0.0,0.0,102.0,88.0,3.0,1.0,0.0,3.0,32.0,15.0,16.0,10.0,4.0,2.0,0.0,0.0,6.720000000000001,0.30201342281879195,0.0,0.0,0.0,0.0,30.80536912751678,0.9060402684563759,0.30201342281879195,0.0,0.9060402684563759,9.664429530201343,3.0201342281879198,1.2080536912751678,0.6040268456375839,0.0,1.0,0.46875,0.625,86.27450980392157,0.6234309623430963,,,,,85.43840773173324,0.2929181023749425,,,-0.08341549419252235,47,0.9324633189002487,-0.11465679630159464,1.0009262197961608,-1.425028310468153,,,0.49881026857842614,-0.9358483676774236,,,0.8824617533848078,0.14212689265826312,0.032088990486887084,-0.5910289730308033,2.126721009327442,2.0476089930971124,,,,,,,,,,
44594,Saud Abdulhamid,23,Saudi Arabia,FB,269.0,1.0,0.0,0.0,0.0,0.0,0.0,100.0,79.0,1.0,11.0,1.0,2.0,28.0,18.0,1.0,1.0,2.0,4.0,1.0,0.0,6.633333333333333,0.3345724907063197,0.0,0.0,0.0,0.0,33.457249070631974,0.3345724907063197,3.680297397769517,0.3345724907063197,0.6691449814126395,9.368029739776953,0.3345724907063197,0.6691449814126395,1.338289962825279,0.3345724907063197,0.0,0.6428571428571429,1.0,79.0,0.5991091314031181,,,,,81.02618034342953,-0.7599139140059481,,,-0.08668970115854965,48,0.7922438005218684,-0.5046178926679353,3.070028358713953,1.515671842354446,,,0.6050609795301986,1.0126744727795227,,,0.5385673009308198,-0.8564363195676824,0.03416155334684193,-0.5667477797276267,0.4600727003530447,-0.44745831727462365,,,,,,,,,,
47380,Marc Cucurella,9,Spain,FB,630.0,4.0,3.0,0.0,0.0,2.0,0.0,344.0,313.0,6.0,7.0,3.0,5.0,32.0,15.0,3.0,2.0,3.0,7.0,1.0,0.0,7.071428571428571,0.5714285714285714,0.0,0.0,0.2857142857142857,0.0,49.14285714285714,0.8571428571428571,1.0,0.42857142857142855,0.7142857142857142,4.571428571428571,0.2857142857142857,0.42857142857142855,1.0,0.14285714285714285,0.75,0.46875,0.6666666666666666,90.98837209302326,0.7777777777777778,,,,,89.44744369482038,1.2492449430379724,,,-0.09703898978454939,49,0.7724906993016282,-0.5595527626315726,1.2573367074846478,-1.4175886218752192,,,0.48648926960554034,-1.1618021302532973,,,0.8540947137258496,0.05975777608468268,0.2411586882132494,1.858335455144418,0.3661390647636013,-0.7076675879988297,,,,,,,,,,
303362,Rafik Belghali,1532,Algeria,FB,333.0,2.0,1.0,1.0,0.0,0.0,0.0,164.0,154.0,5.0,8.0,1.0,1.0,35.0,15.0,9.0,3.0,2.0,4.0,0.0,0.0,6.775,0.5405405405405406,0.2702702702702703,0.0,0.0,0.0,44.32432432432433,1.3513513513513513,2.1621621621621623,0.2702702702702703,0.2702702702702703,9.45945945945946,0.8108108108108109,0.5405405405405406,1.0810810810810811,0.0,0.5,0.42857142857142855,0.3333333333333333,93.90243902439025,0.6491228070175439,,,,,90.4469145600815,1.2492449430379724,,,-0.09867054924098727,50,0.5179677708271324,-1.2674002961714503,2.1607070819933036,0.044226796265847024,,,0.47067854599371034,-1.451753659102703,,,1.1731320041285342,0.9861434716113981,0.029899683143727145,-0.6166778910088513,0.7535529092758618,0.36552279068087623,,,,,,,,,,
6503,Nahuel Molina,26,Argentina,FB,469.0,1.0,0.0,0.0,0.0,0.0,0.0,225.0,194.0,3.0,12.0,0.0,6.0,27.0,15.0,3.0,2.0,0.0,3.0,0.0,0.0,6.466666666666666,0.19189765458422176,0.0,0.0,0.0,0.0,43.17697228144989,0.5756929637526653,2.3027718550106613,0.0,1.1513859275053306,5.181236673773987,0.3837953091684435,0.0,0.5756929637526653,0.0,0.0,0.5555555555555556,0.6666666666666666,86.22222222222223,0.7226502311248074,,,,,85.62092017938687,0.3364686566340383,,,-0.10001026817511503,51,1.1028004105305378,0.35906355142314156,2.2626236256742143,0.20914605764569327,,,0.5536199752481407,0.0693022272504556,,,0.6499487182094579,-0.5330191052847149,0.023634110096659514,-0.684976246623333,0.4569686324476381,-0.4560570182710859,,,,,,,,,,
195992,Juan Cáceres,2380,Paraguay,FB,439.0,2.0,1.0,0.0,0.0,0.0,0.0,109.0,66.0,1.0,22.0,1.0,5.0,75.0,45.0,9.0,5.0,6.0,9.0,1.0,0.0,6.94,0.41002277904328016,0.0,0.0,0.0,0.0,22.34624145785877,0.20501138952164008,4.5102505694760815,0.20501138952164008,1.0250569476082003,15.375854214123006,1.0250569476082003,1.2300683371298404,1.8451025056947608,0.20501138952164008,0.5,0.6,0.5555555555555556,60.55045871559633,0.7092084006462036,,,,,67.38514757729668,-2.6184894999596993,,,-0.1387390188090786,52,1.010852126711339,0.10334841289028324,3.826240279584111,2.047328167898676,,,0.585046540194649,0.6456313552801968,,,0.39065705673334106,-1.2859219582949308,0.024779543542378067,-0.6766630918448419,0.9153031380589935,0.8135934823667657,,,,,,,,,,
13736,Daniel Muñoz,8,Colombia,FB,399.0,3.0,2.0,2.0,0.0,0.0,0.0,186.0,165.0,3.0,10.0,1.0,7.0,30.0,14.0,0.0,0.0,1.0,9.0,0.0,0.0,7.24,0.6766917293233082,0.45112781954887216,0.0,0.0,0.0,41.95488721804511,0.6766917293233082,2.2556390977443606,0.22556390977443608,1.5789473684210527,6.7669172932330826,0.0,0.22556390977443608,2.0300751879699246,0.0,0.6666666666666666,0.4666666666666667,0.0,88.70967741935483,0.689119170984456,,,,,87.26237696808711,0.7281479851361393,,,-0.16237258576121785,53,1.391567299541138,1.1621461317597848,2.2252896944085747,0.1487330555327844,,,0.4921309298454019,-1.058340198215423,,,0.7285262834506703,-0.3048541395626894,0.02649142910661835,-0.6566074278640922,0.20133444293353553,-1.1558335071150285,,,,,,,,,,
1257,Jules Koundé,2,France,FB,602.0,0.0,0.0,0.0,0.0,0.0,0.0,320.0,277.0,4.0,14.0,1.0,3.0,46.0,31.0,2.0,1.0,5.0,6.0,0.0,0.0,6.828571428571428,0.0,0.0,0.0,0.0,0.0,47.840531561461795,0.5980066445182725,2.0930232558139537,0.14950166112956811,0.44850498338870437,6.877076411960133,0.14950166112956811,0.7475083056478405,0.8970099667774087,0.0,0.0,0.6739130434782609,0.5,86.5625,0.7698209718670077,,,,,85.98514063196913,0.4233778115238918,,,-0.16988119001036478,54,0.5699711846986175,-1.1227748651141742,2.1079830346068604,-0.041090176208729484,,,0.6450632487907938,1.7462727200398003,,,0.6544970819922482,-0.5198120624932265,0.019614498021396448,-0.684976246623333,0.26415938933314204,-0.9901655111967822,,,,,,,,,,
190747,Martin Expérience,2386,Haiti,FB,270.0,1.0,0.0,0.0,0.0,0.0,0.0,94.0,76.0,2.0,10.0,2.0,4.0,35.0,17.0,0.0,0.0,6.0,7.0,0.0,0.0,6.333333333333333,0.3333333333333333,0.0,0.0,0.0,0.0,31.333333333333332,0.6666666666666666,3.333333333333333,0.6666666666666666,1.3333333333333333,11.666666666666666,0.0,2.0,2.333333333333333,0.0,0.0,0.4857142857142857,0.0,80.85106382978724,0.6,,,,,82.13231601831647,-0.4959712495663935,,,-0.1825815163398925,55,1.1904832587429308,0.6029161906053643,2.863206073472366,1.1809962608735254,,,0.510859256718544,-0.7148829888568412,,,0.7373704847065291,-0.2791733123420039,0.03408563878384895,-0.5676371598348234,0.2590503165744824,-1.0043183552580752,,,,,,,,,,
162451,Anass Salah-Eddine,31,Morocco,FB,212.0,0.0,0.0,0.0,0.0,0.0,0.0,152.0,141.0,1.0,7.0,0.0,1.0,22.0,11.0,2.0,0.0,2.0,3.0,0.0,0.0,6.55,0.0,0.0,0.0,0.0,0.0,64.52830188679246,0.42452830188679247,2.9716981132075473,0.0,0.42452830188679247,9.339622641509434,0.0,0.8490566037735849,1.2735849056603774,0.0,0.0,0.5,0.0,92.76315789473684,0.5408163265306123,,,,,88.76414399970425,1.0864949770031371,,,-0.2178583921681773,56,0.6778506796793848,-0.822753822218954,2.5980681965881756,0.7519555846466746,,,0.5223056336236931,-0.5049688467266726,,,0.6168793829539237,-0.6290422350656789,0.039128922073295984,-0.5085523722031414,0.29737918994519663,-0.8981420306126057,,,,,,,,,,
226,Denzel Dumfries,1118,Netherlands,FB,390.0,3.0,2.0,0.0,0.0,2.0,0.0,156.0,131.0,4.0,6.0,0.0,1.0,33.0,17.0,4.0,0.0,3.0,6.0,0.0,0.0,7.0,0.6923076923076923,0.0,0.0,0.46153846153846156,0.0,36.0,0.9230769230769231,1.3846153846153846,0.0,0.23076923076923078,7.615384615384616,0.0,0.6923076923076923,1.3846153846153846,0.0,0.6666666666666666,0.5151515151515151,0.0,83.97435897435898,0.6842105263157895,,,,,83.99957013017519,-0.05041286404548847,,,-0.22743189276855966,57,0.46617099374441917,-1.4114510546750691,1.6288469001097627,-0.8164184452781263,,,0.5257068408589098,-0.4425943936657851,,,0.8979240668735757,0.1870246725311574,0.34269918851356496,2.0972220340641883,0.20451340782195976,-1.1553931983107946,,,,,,,,,,
529,Nicolás Tagliafico,26,Argentina,FB,357.0,0.0,0.0,0.0,0.0,0.0,0.0,163.0,142.0,2.0,5.0,1.0,3.0,39.0,25.0,1.0,1.0,13.0,4.0,0.0,0.0,6.616666666666667,0.0,0.0,0.0,0.0,0.0,41.09243697478991,0.5042016806722689,1.2605042016806722,0.25210084033613445,0.7563025210084033,9.831932773109244,0.25210084033613445,3.277310924369748,1.0084033613445378,0.0,0.0,0.6410256410256411,1.0,87.11656441717791,0.664804469273743,,,,,86.09007164084241,0.44841612345355153,,,-0.24108177467578115,58,0.830013903974523,-0.39957637546259395,1.561345871624888,-0.9256472255923336,,,0.6100371736064089,1.1039324768830763,,,0.617908227407706,-0.6260547887276572,0.02856338445573934,-0.6323333518784531,0.3846790362355998,-0.6563092814060582,,,,,,,,,,
618,Danilo,6,Brazil,FB,405.0,1.0,0.0,0.0,0.0,0.0,0.0,273.0,239.0,2.0,7.0,1.0,7.0,28.0,14.0,2.0,1.0,1.0,7.0,2.0,0.0,6.640000000000001,0.2222222222222222,0.0,0.0,0.0,0.0,60.666666666666664,0.4444444444444444,1.5555555555555554,0.2222222222222222,1.5555555555555554,6.222222222222221,0.2222222222222222,0.2222222222222222,1.5555555555555554,0.4444444444444444,0.0,0.5,0.5,87.54578754578755,0.6923076923076923,,,,,86.47145116280994,0.5394197222671261,,,-0.25570141681891684,59,1.377294814417639,1.1224532700883236,1.7409277488248969,-0.635051513891614,,,0.5149466809922867,-0.6399240593148001,,,0.5672080651588686,-0.7732723914377488,0.02621972214142227,-0.6597906217112932,0.35311562813421726,-0.7437443237324116,,,,,,,,,,
78547,Alistair Johnston,5529,Canada,FB,457.0,3.0,2.0,0.0,0.0,0.0,0.0,197.0,154.0,9.0,2.0,0.0,6.0,30.0,14.0,6.0,3.0,4.0,5.0,1.0,0.0,7.08,0.5908096280087527,0.0,0.0,0.0,0.0,38.796498905908095,1.772428884026258,0.3938730853391685,0.0,1.1816192560175054,5.908096280087527,0.5908096280087527,0.787746170678337,0.9846827133479212,0.19693654266958424,0.6666666666666666,0.4666666666666667,0.5,78.1725888324873,0.717425431711146,,,,,79.83458095862882,-1.0442496638686218,,,-0.27356115516590596,60,1.1235753005248335,0.4168400933251338,0.8923747771782806,-1.425028310468153,,,0.48981236271138834,-1.1008602056326806,,,1.5099163549732153,1.964061146081272,0.024079336660489836,-0.6848663936504688,0.6068644308610943,-0.04082475194782345,,,,,,,,,,
162007,Maxim De Cuyper,1,Belgium,FB,443.0,8.0,6.0,0.0,0.0,0.0,0.0,218.0,181.0,5.0,6.0,2.0,6.0,29.0,14.0,3.0,3.0,2.0,7.0,1.0,0.0,6.716666666666666,1.6252821670428894,0.0,0.0,0.0,0.0,44.28893905191874,1.0158013544018059,1.2189616252821671,0.40632054176072235,1.2189616252821671,5.891647855530474,0.6094808126410836,0.40632054176072235,1.4221218961625282,0.20316027088036118,0.75,0.4827586206896552,1.0,83.02752293577981,0.7110754414125201,,,,,83.32415350682233,-0.21157868413599565,,,-0.2776470693300878,61,1.148824183682695,0.4870591489326119,1.4902772601325278,-1.0406489955827598,,,0.5017750840224798,-0.8814768669248279,,,0.9659979424043951,0.38469016941153855,0.02462044534948961,-0.678527013104048,0.6205018338017931,-0.0030472439071340955,,,,,,,,,,
19545,Reece James,10,England,FB,311.0,0.0,0.0,0.0,0.0,0.0,0.0,165.0,148.0,3.0,5.0,2.0,3.0,25.0,12.0,3.0,1.0,1.0,3.0,0.0,0.0,6.775,0.0,0.0,0.0,0.0,0.0,47.749196141479096,0.8681672025723473,1.4469453376205788,0.5787781350482315,0.8681672025723473,7.234726688102894,0.28938906752411575,0.28938906752411575,0.8681672025723473,0.0,0.0,0.48,0.3333333333333333,89.6969696969697,0.6334012219959266,,,,,87.6283351322962,0.8154717873854681,,,-0.2799615473656942,62,0.907774880721627,-0.18331721199157136,1.7076226742618428,-0.6889451026924318,,,0.5051401392677957,-0.819765402162267,,,0.8590971855762487,0.07428340836621185,0.031239383814118185,-0.6009825740779724,0.42071821274647064,-0.5564757363872965,,,,,,,,,,
158121,Ismail Jakobs,13,Senegal,FB,219.0,1.0,0.0,0.0,0.0,0.0,0.0,91.0,82.0,2.0,5.0,0.0,2.0,26.0,10.0,2.0,1.0,0.0,2.0,0.0,0.0,6.6000000000000005,0.410958904109589,0.0,0.0,0.0,0.0,37.3972602739726,0.821917808219178,2.054794520547945,0.0,0.821917808219178,10.684931506849315,0.410958904109589,0.0,0.821917808219178,0.0,0.0,0.38461538461538464,0.5,90.10989010989012,0.5488721804511278,,,,,87.37799726382404,0.7557369415480317,,,-0.28685802622337897,63,0.8915224722664633,-0.2285163903446645,2.1013602332395105,-0.05180705759344785,,,0.4585829012813457,-1.6735746688726296,,,0.8316208474133787,-0.0054993863265660305,0.03844244975622062,-0.5165947661638967,0.5177259209486643,-0.2877508558104799,,,,,,,,,,
7318,Amar Dedić,1113,Bosnia & Herzegovina,FB,270.0,1.0,1.0,0.0,0.0,0.0,0.0,77.0,62.0,1.0,9.0,2.0,1.0,36.0,18.0,9.0,3.0,3.0,6.0,1.0,0.0,6.366666666666667,0.3333333333333333,0.0,0.0,0.0,0.0,25.666666666666664,0.3333333333333333,3.0,0.6666666666666666,0.3333333333333333,12.0,1.0,1.0,2.0,0.3333333333333333,1.0,0.5,0.3333333333333333,80.51948051948052,0.6,,,,,81.93336603213244,-0.5434440782942015,,,-0.29704122504118285,64,0.5904832587429308,-1.0657292342663844,2.663206073472366,0.8573603614925772,,,0.5194306852899726,-0.5576922821108437,,,0.5373704847065292,-0.8599115040169917,0.03408563878384895,-0.5676371598348234,0.8590503165744824,0.6577653217423874,,,,,,,,,,
47300,Theo Hernández,2,France,FB,210.0,2.0,0.0,0.0,0.0,0.0,0.0,118.0,111.0,2.0,2.0,0.0,2.0,23.0,10.0,2.0,0.0,4.0,2.0,0.0,0.0,6.5,0.8571428571428571,0.0,0.0,0.0,0.0,50.57142857142857,0.8571428571428571,0.8571428571428571,0.0,0.8571428571428571,9.857142857142856,0.0,1.7142857142857142,0.8571428571428571,0.0,0.0,0.43478260869565216,0.0,94.0677966101695,0.5384615384615384,,,,,89.44613400598834,1.249229317343594,,,-0.3589225790717663,65,0.9120960677803048,-0.17129966363244187,1.4575454693911918,-1.0936149082573663,,,0.4873029646322427,-1.1468798456822749,,,0.8508120977383029,0.05022607372182647,0.0393295832121334,-0.5062015185838437,0.2989042114320951,-0.8939175084118574,,,,,,,,,,
152849,Micky van de Ven,1118,Netherlands,FB,266.0,3.0,1.0,0.0,0.0,0.0,0.0,97.0,89.0,1.0,4.0,2.0,2.0,22.0,11.0,2.0,1.0,1.0,5.0,1.0,0.0,6.633333333333333,1.0150375939849623,0.0,0.0,0.0,0.0,32.81954887218045,0.3383458646616541,1.3533834586466165,0.6766917293233082,0.6766917293233082,7.443609022556391,0.3383458646616541,0.3383458646616541,1.6917293233082706,0.3383458646616541,0.3333333333333333,0.5,0.5,91.75257731958763,0.5964125560538116,,,,,88.64560659464163,1.0582099490103694,,,-0.36737485889129456,66,0.7975727946957822,-0.48979755642215267,1.6781227198712214,-0.7366813240469604,,,0.5196049515257571,-0.5544964282882678,,,0.5421899509370811,-0.8459172634991446,0.034391339580116656,-0.5640557098964255,0.4631673597724598,-0.438885679096481,,,,,,,,,,
64268,Johan Mojica,8,Colombia,FB,390.0,3.0,2.0,0.0,0.0,0.0,0.0,185.0,152.0,2.0,5.0,0.0,3.0,23.0,19.0,2.0,0.0,7.0,1.0,1.0,0.0,7.15,0.6923076923076923,0.0,0.0,0.0,0.0,42.69230769230769,0.46153846153846156,1.153846153846154,0.0,0.6923076923076923,5.307692307692308,0.0,1.6153846153846154,0.23076923076923078,0.23076923076923078,0.6666666666666666,0.8260869565217391,0.0,82.16216216216216,0.6842105263157895,,,,,82.7596459955142,-0.34627971585711487,,,-0.3808937697990612,67,0.7819604674286296,-0.533216620532044,1.4709521632676577,-1.0719204711051908,,,0.7384521428490631,1.822190968871967,,,0.5821345931893651,-0.7299303669556659,0.026909714829354434,-0.6517069847045853,0.20451340782195976,-1.1553931983107946,,,,,,,,,,
2724,Lucas Digne,2,France,FB,420.0,2.0,1.0,0.0,0.0,0.0,0.0,235.0,202.0,1.0,5.0,0.0,3.0,27.0,17.0,3.0,2.0,2.0,5.0,0.0,0.0,6.8,0.42857142857142855,0.0,0.0,0.0,0.0,50.357142857142854,0.21428571428571427,1.0714285714285714,0.0,0.6428571428571428,5.785714285714286,0.42857142857142855,0.42857142857142855,1.0714285714285714,0.0,0.5,0.6296296296296297,0.6666666666666666,85.95744680851064,0.7,,,,,85.38647105629055,0.2805251339446665,,,-0.4007426550032836,68,0.7428624440571981,-0.6419511835658235,1.3974045551042749,-1.1909337026815607,,,0.6053137547082202,1.0173100954823147,,,0.40302786352989695,-1.2500009584519682,0.025564229087886713,-0.6674700768676657,0.4942877374308618,-0.352677892882948,,,,,,,,,,
202381,Moteb Al-Harbi,23,Saudi Arabia,FB,187.0,0.0,0.0,0.0,0.0,0.0,0.0,62.0,48.0,0.0,0.0,0.0,4.0,12.0,6.0,3.0,1.0,4.0,0.0,0.0,0.0,6.3,0.0,0.0,0.0,0.0,0.0,29.83957219251337,0.0,0.0,0.0,1.9251336898395721,5.775401069518717,0.48128342245989303,1.9251336898395721,0.0,0.0,0.0,0.5,0.3333333333333333,77.41935483870968,0.5095367847411444,,,,,80.67349953416503,-0.8440695149935795,,,-0.46480601279938444,69,1.4597206169872448,1.3516856673369149,1.0584270655655716,-1.425028310468153,,,0.5238250909550073,-0.4771036466857116,,,0.41366953165650716,-1.2191008429307035,0.04179437998019626,-0.4773250932002087,0.5628682355817904,-0.16270034865424976,,,,,,,,,,
22002,Ghislain Konan,1501,Ivory Coast,FB,269.0,3.0,0.0,0.0,0.0,0.0,0.0,122.0,98.0,1.0,3.0,2.0,0.0,25.0,12.0,9.0,6.0,1.0,0.0,0.0,0.0,6.8999999999999995,1.0037174721189592,0.0,0.0,0.0,0.0,40.817843866171,0.3345724907063197,1.0037174721189592,0.6691449814126395,0.0,8.364312267657994,2.0074349442379185,0.3345724907063197,0.0,0.0,0.0,0.48,0.6666666666666666,80.32786885245902,0.5991091314031181,,,,,81.8217186982435,-0.5700850188707101,,,-0.47245445191874885,70,0.3913529319249863,-1.5057004493755688,1.466464884326425,-1.079181693884786,,,0.5074917781302621,-0.77663889510198,,,0.5385673009308198,-0.8564363195676824,0.03416155334684193,-0.5667477797276267,1.4622998718452498,2.0476089930971124,,,,,,,,,,
53902,Ehsan Haddad,1548,Jordan,FB,261.0,1.0,0.0,0.0,0.0,1.0,0.0,64.0,47.0,3.0,3.0,1.0,2.0,15.0,5.0,2.0,0.0,1.0,3.0,0.0,0.0,6.433333333333334,0.3448275862068966,0.0,0.0,0.3448275862068966,0.0,22.06896551724138,1.0344827586206897,1.0344827586206897,0.3448275862068966,0.6896551724137931,5.172413793103448,0.0,0.3448275862068966,1.0344827586206897,0.0,0.0,0.3333333333333333,0.0,73.4375,0.5918367346938775,,,,,77.77084461269808,-1.536692030761257,,,-0.5018299303120364,71,0.8066155701458478,-0.46464891328399516,1.493067421910578,-1.0361340130004717,,,0.42118777410541425,-1.674212744080962,,,0.9565004945984992,0.35711251608992073,0.23886289671821323,1.831439017814659,0.2643370577290637,-0.9896733449621484,,,,,,,,,,
22139,Steven Moreira,1533,Cape Verde Islands,FB,301.0,0.0,0.0,0.0,0.0,0.0,0.0,89.0,72.0,1.0,3.0,2.0,2.0,17.0,9.0,3.0,3.0,2.0,0.0,0.0,0.0,6.266666666666667,0.0,0.0,0.0,0.0,0.0,26.611295681063126,0.29900332225913623,0.8970099667774087,0.5980066445182725,0.5980066445182725,5.083056478405316,0.8970099667774087,0.5980066445182725,0.0,0.0,0.0,0.5294117647058824,1.0,80.89887640449439,0.6257796257796258,,,,,82.07966064855025,-0.5085357106073672,,,-0.5270520661183754,72,0.7395373522543013,-0.6511985156061275,1.3689038109408833,-1.2370530225332885,,,0.5365836789125952,-0.2431249765700531,,,0.502737459704653,-0.9604751055761127,0.031888851253081135,-0.5933737122507745,0.8036853273565845,0.5043965803150963,,,,,,,,,,
265782,David Møller Wolfe,1090,Norway,FB,431.0,0.0,0.0,0.0,0.0,1.0,0.0,170.0,139.0,1.0,6.0,4.0,3.0,32.0,16.0,3.0,1.0,2.0,7.0,0.0,0.0,6.9,0.0,0.0,0.0,0.2088167053364269,0.0,35.498839907192576,0.2088167053364269,1.2529002320185614,0.8352668213457076,0.6264501160092807,6.682134570765661,0.2088167053364269,0.4176334106728538,1.4617169373549883,0.0,0.0,0.5,0.3333333333333333,81.76470588235294,0.7054009819967266,,,,,82.43918692224874,-0.4227466661253658,,,-0.5357676989392584,73,0.7294884884358738,-0.6791451666657581,1.519546207958371,-0.9932865843150056,,,0.5143106520138915,-0.6515881411877025,,,0.3957720427462163,-1.2710696196571307,0.17240349828597712,1.0528312702160585,0.3380894311923357,-0.7853689848399042,,,,,,,,,,
2881,Jesús Gallardo,16,Mexico,FB,385.0,3.0,0.0,0.0,0.0,0.0,0.0,138.0,105.0,1.0,3.0,0.0,7.0,28.0,15.0,2.0,2.0,3.0,7.0,0.0,0.0,6.7,0.7012987012987013,0.0,0.0,0.0,0.0,32.25974025974026,0.23376623376623376,0.7012987012987013,0.0,1.6363636363636362,6.545454545454545,0.4675324675324675,0.7012987012987013,1.6363636363636362,0.0,0.0,0.5357142857142857,1.0,76.08695652173913,0.6814159292035398,,,,,78.62519156649455,-1.3328304101115984,,,-0.5397169218842794,74,1.4260486131580863,1.2580412754439327,1.1653853682523272,-1.425028310468153,,,0.5398120502309517,-0.18392014683344007,,,0.42799419135918254,-1.1775064580702472,0.02714785389864076,-0.648917056888111,0.5249073317849859,-0.2678573462623392,,,,,,,,,,
2598,Ritsu Doan,12,Japan,FB,282.0,0.0,0.0,0.0,0.0,1.0,0.0,86.0,70.0,1.0,4.0,0.0,1.0,20.0,8.0,4.0,0.0,4.0,6.0,0.0,0.0,6.6,0.0,0.0,0.0,0.3191489361702128,0.0,27.4468085106383,0.3191489361702128,1.2765957446808511,0.0,0.3191489361702128,6.382978723404255,0.0,1.2765957446808511,1.9148936170212767,0.0,0.0,0.4,0.0,81.3953488372093,0.6103896103896104,,,,,82.43126265431358,-0.4246375303656416,,,-0.6081596172970783,75,0.5751460312431145,-1.1083832250960273,1.6200059157198372,-0.8307247449503588,,,0.45788703112659673,-1.674212744080962,,,0.5234128097790869,-0.9004402785037424,0.2280054923219308,1.7042386611882563,0.25232173692319715,-1.022957459271073,,,,,,,,,,
73514,Sherzod Nasrullaev,1568,Uzbekistan,FB,180.0,1.0,1.0,0.0,0.0,0.0,0.0,48.0,33.0,0.0,2.0,0.0,2.0,18.0,9.0,2.0,1.0,2.0,3.0,1.0,0.0,6.366666666666667,0.5,0.0,0.0,0.0,0.0,24.0,0.0,1.0,0.0,1.0,9.0,0.5,1.0,1.5,0.5,1.0,0.5,0.5,68.75,0.5,,,,,76.40209715055516,-1.8632983054750762,,,-0.7121171922194398,76,0.9881040734286636,0.04008435449882456,1.5790075918404578,-0.8970673920594306,,,0.5242883566124659,-0.4686078568065542,,,0.42171310588316147,-1.1957447891757498,0.042607048479811185,-0.4678042428019813,0.573812895718103,-0.1323821137161118,,,,,,,,,,
711,Stefan Posch,775,Austria,FB,333.0,3.0,0.0,0.0,0.0,0.0,0.0,119.0,80.0,1.0,4.0,0.0,10.0,35.0,16.0,1.0,0.0,3.0,7.0,2.0,0.0,5.7,0.8108108108108109,0.0,0.0,0.0,0.0,32.16216216216216,0.2702702702702703,1.0810810810810811,0.0,2.7027027027027026,9.45945945945946,0.0,0.8108108108108109,1.891891891891892,0.5405405405405406,0.0,0.45714285714285713,0.0,67.22689075630252,0.6491228070175439,,,,,73.1312077895684,-2.6184894999596993,,,-0.758251320153314,77,2.0969151392481846,2.274359070250531,1.4589526960283914,-1.0913377629655516,,,0.4892249119084973,-1.111633416435924,,,0.47137761816362206,-1.0515343939148751,0.029899683143727145,-0.6166778910088513,0.22723711980217753,-1.0924453470388282,,,,,,,,,,
39362,Marcus Pedersen,1090,Norway,FB,236.0,1.0,1.0,1.0,0.0,0.0,0.0,81.0,72.0,2.0,2.0,0.0,0.0,19.0,5.0,2.0,0.0,1.0,3.0,0.0,0.0,6.55,0.3813559322033898,0.3813559322033898,0.0,0.0,0.0,30.889830508474574,0.7627118644067796,0.7627118644067796,0.0,0.0,7.245762711864407,0.0,0.3813559322033898,1.1440677966101696,0.0,1.0,0.2631578947368421,0.0,88.88888888888889,0.5673076923076923,,,,,86.79695373071547,0.6170901355857129,,,-0.769813696080499,78,0.4223977558517281,-1.5057004493755688,1.3664488775542423,-1.2410255454058179,,,0.38665642196726546,-1.674212744080962,,,0.7976363416296589,-0.10417988849559409,0.03687148426137506,-0.5349994754202405,0.28022269821758916,-0.9456679053710221,,,,,,,,,,
225,Aziz Behich,20,Australia,FB,223.0,1.0,1.0,0.0,0.0,0.0,0.0,62.0,40.0,0.0,6.0,0.0,1.0,21.0,11.0,4.0,1.0,4.0,1.0,0.0,0.0,6.666666666666667,0.40358744394618834,0.0,0.0,0.0,0.0,25.022421524663677,0.0,2.42152466367713,0.0,0.40358744394618834,8.475336322869955,0.40358744394618834,1.6143497757847534,0.40358744394618834,0.0,1.0,0.5238095238095238,0.25,64.51612903225806,0.5533498759305211,,,,,73.2428083086685,-2.617158011470862,,,-0.8001515965668026,79,0.6593485519462008,-0.8742096402062378,2.303828121743337,0.27582232836503967,,,0.534871792034768,-0.27451912585945304,,,0.37671642212887874,-1.2879459230276802,0.038060886979483934,-0.5210649801768227,0.5125872021303153,-0.30198582359160164,,,,,,,,,,
2499,Junior Alonso,2380,Paraguay,FB,390.0,3.0,1.0,0.0,0.0,0.0,0.0,94.0,60.0,2.0,11.0,4.0,4.0,37.0,17.0,1.0,0.0,3.0,3.0,1.0,0.0,6.35,0.6923076923076923,0.0,0.0,0.0,0.0,21.692307692307693,0.46153846153846156,2.5384615384615388,0.9230769230769231,0.9230769230769231,8.538461538461538,0.0,0.6923076923076923,0.6923076923076923,0.23076923076923078,0.3333333333333333,0.4594594594594595,0.0,63.829787234042556,0.6842105263157895,,,,,70.2164420973271,-2.6184894999596993,,,-0.8471326018967004,80,0.9398552042707349,-0.09409940346053101,2.4183205843202895,0.4610916838571979,,,0.48760175012224016,-1.1414004437428242,,,0.5821345931893651,-0.7299303669556659,0.026909714829354434,-0.6517069847045853,0.20451340782195976,-1.1553931983107946,,,,,,,,,,
44,Rodri,9,Spain,DM,627.0,3.0,0.0,0.0,0.0,0.0,0.0,706.0,656.0,9.0,22.0,2.0,2.0,63.0,41.0,3.0,2.0,6.0,9.0,0.0,0.0,7.7,0.430622009569378,0.0,0.0,0.0,0.0,101.33971291866028,1.291866028708134,3.1578947368421053,0.28708133971291866,0.28708133971291866,9.043062200956937,0.28708133971291866,0.861244019138756,1.291866028708134,0.0,0.0,0.6507936507936508,0.6666666666666666,92.91784702549575,0.7769516728624535,,,,,92.24305098737301,1.0634455869453245,93.09593323077577,2.315920352517937,0.8451903400197572,1,0.4450932244394368,-1.3290951810412457,2.916496099610461,1.3078636545954923,,,0.6249237300406221,1.1395366980244621,0.03219982133431079,0.8665107847605096,1.2326265607742162,0.5521504843358208,,,,,,,,,,,,,,
328,Fabián Ruiz,9,Spain,DM,269.0,6.0,2.0,1.0,0.0,0.0,0.0,242.0,219.0,5.0,7.0,0.0,3.0,15.0,11.0,0.0,0.0,3.0,1.0,0.0,0.0,7.066666666666666,2.0074349442379185,0.3345724907063197,0.0,0.0,0.0,80.96654275092938,1.6728624535315986,2.342007434944238,0.0,1.0037174721189592,5.018587360594796,0.0,1.0037174721189592,0.3345724907063197,0.0,0.3333333333333333,0.7333333333333333,0.0,90.49586776859505,0.5991091314031181,,,,,90.25398773179566,0.13012363237196733,74.31718957068163,0.9764871758819516,0.6571623354326385,2,1.0004236795604131,0.07484611880744182,2.2352168204580005,0.24931017863583638,,,0.6537472110508454,1.5142589357249978,0.057873620972803574,0.6719545429362207,1.4136517473157961,0.9831557636700532,,,,,,,,,,,,,,
22149,Ibrahim Sangaré,1501,Ivory Coast,DM,268.0,1.0,0.0,0.0,0.0,1.0,0.0,199.0,172.0,2.0,13.0,3.0,6.0,33.0,22.0,0.0,0.0,4.0,2.0,0.0,0.0,7.5,0.3358208955223881,0.0,0.0,0.3358208955223881,0.0,66.82835820895522,0.6716417910447762,4.365671641791045,1.0074626865671643,2.0149253731343286,11.082089552238807,0.0,1.3432835820895523,0.6716417910447762,0.0,0.0,0.6666666666666666,0.0,86.4321608040201,0.5982142857142857,,,,,87.82248026183387,-1.010805042501039,65.8446832974019,0.17906444138137317,0.6001752104482858,3,1.6053353395594319,1.7519916666773803,3.4455632865750943,2.0608722165370135,,,0.6136886110755124,0.9934735310549917,0.05800280316247501,0.6708864326225041,0.8141286485374832,-0.44425677263422286,,,,,,,,,,,,,,
335051,João Neves,27,Portugal,DM,391.0,3.0,1.0,1.0,0.0,0.0,0.0,256.0,245.0,2.0,13.0,1.0,5.0,31.0,22.0,4.0,2.0,4.0,1.0,0.0,0.0,7.140000000000001,0.690537084398977,0.23017902813299232,0.0,0.0,0.0,58.925831202046034,0.46035805626598464,2.9923273657289,0.23017902813299232,1.1508951406649617,7.135549872122762,0.46035805626598464,0.9207161125319693,0.23017902813299232,0.0,0.3333333333333333,0.7096774193548387,0.5,95.703125,0.6847635726795096,,,,,93.87140794540137,1.6429865606970488,60.645215616875745,-0.310303592352469,0.5861010671530191,4,1.1019093382182583,0.35621980003377074,2.7033491285212645,0.9766816062915555,,,0.6545528932800435,1.5247332794620911,0.04550832892607497,0.774193837693649,0.638755927398936,-0.8618040217545124,,,,,,,,,,,,,,
1271,Aurélien Tchouaméni,2,France,DM,360.0,3.0,0.0,0.0,0.0,1.0,0.0,266.0,241.0,4.0,17.0,1.0,5.0,37.0,28.0,1.0,1.0,3.0,4.0,1.0,0.0,7.375,0.75,0.0,0.0,0.25,0.0,66.5,1.0,4.25,0.25,1.25,9.25,0.25,0.75,1.0,0.25,0.0,0.7567567567567568,1.0,90.6015037593985,0.6666666666666666,,,,,90.36517299112526,0.18229474521429315,65.79336688377046,0.17423459840895775,0.5746832506614317,5,1.1651670965233805,0.5316048599115062,3.5252080599734112,2.0608722165370135,,,0.6827745620881396,1.6800844337931868,0.2147875107718311,-0.6254483303700932,1.0087585824903564,0.019140231135157552,,,,,,,,,,,,,,
409,Nabil Bentaleb,1532,Algeria,DM,288.0,0.0,0.0,0.0,0.0,0.0,0.0,283.0,259.0,4.0,8.0,0.0,3.0,22.0,12.0,2.0,1.0,3.0,2.0,0.0,0.0,6.925,0.0,0.0,0.0,0.0,0.0,88.4375,1.25,2.5,0.0,0.9375,6.875,0.3125,0.9375,0.625,0.0,0.0,0.5454545454545454,0.5,91.51943462897526,0.6153846153846154,,,,,90.89369494651508,0.4302914557543905,79.18465409665824,1.4346074471681374,0.4810630153926955,6,0.9598081882962082,-0.03776220874310032,2.3367785307385516,0.4071140407694827,,,0.5413605559531454,0.05316619432602488,0.05552405089057437,0.6913813698386891,1.163952210565796,0.38864280863524425,,,,,,,,,,,,,,
271,Leandro Paredes,26,Argentina,DM,398.0,3.0,1.0,0.0,0.0,0.0,0.0,524.0,497.0,4.0,9.0,2.0,3.0,26.0,16.0,3.0,2.0,2.0,5.0,1.0,0.0,7.333333333333333,0.678391959798995,0.0,0.0,0.0,0.0,118.49246231155779,0.9045226130653267,2.035175879396985,0.45226130653266333,0.678391959798995,5.8793969849246235,0.45226130653266333,0.45226130653266333,1.1306532663316584,0.22613065326633167,0.3333333333333333,0.6153846153846154,0.6666666666666666,94.8473282442748,0.6885813148788927,,,,,93.30430571461169,1.5614148363139746,101.64086179452605,2.315920352517937,0.4761499244525073,7,0.777145730315961,-0.5442023196264782,2.0477722359613186,-0.04193619057066406,,,0.5902922284052593,0.6893067697541732,0.20066653255499795,-0.508692587867757,0.9424388140913365,-0.13876138935363375,,,,,,,,,,,,,,
1640,Hakan Çalhanoğlu,777,Türkiye,DM,180.0,5.0,2.0,0.0,0.0,0.0,0.0,191.0,169.0,7.0,4.0,0.0,1.0,16.0,7.0,0.0,0.0,1.0,2.0,0.0,0.0,7.25,2.5,0.0,0.0,0.0,0.0,95.5,3.5,2.0,0.0,0.5,8.0,0.0,0.5,1.0,0.0,0.4,0.4375,0.0,88.48167539267016,0.5,,,,,89.18709342362448,-0.370491859987772,79.9400503256557,1.5057044882477433,0.3905752794786715,8,0.7477506447850707,-0.6257015534608347,2.037812089960117,-0.057411998353566474,,,0.48615508637545257,-0.6645374406417484,0.07218126615774668,0.5536553917459258,2.263137873735535,2.392809928800953,,,,,,,,,,,,,,
7328,Nicolas Seiwald,775,Austria,DM,315.0,1.0,0.0,0.0,0.0,0.0,0.0,156.0,143.0,1.0,10.0,1.0,4.0,17.0,13.0,0.0,0.0,1.0,1.0,0.0,0.0,6.775,0.2857142857142857,0.0,0.0,0.0,0.0,44.57142857142857,0.2857142857142857,2.8571428571428568,0.2857142857142857,1.1428571428571428,4.857142857142857,0.0,0.2857142857142857,0.2857142857142857,0.0,0.0,0.7647058823529411,0.0,91.66666666666667,0.6363636363636364,,,,,91.02151931681654,0.49027008679960227,51.77458205502232,-1.1451976182152004,0.25366358194180655,9,1.089273196207324,0.3211855120256259,2.5729542472437212,0.7740775362024065,,,0.6811074424976553,1.6800844337931868,0.052495466296543045,0.7164224567646461,0.5550093627167525,-1.061197333777622,,,,,,,,,,,,,,
277003,Neil El Aynaoui,31,Morocco,DM,563.0,6.0,2.0,0.0,0.0,0.0,0.0,441.0,407.0,3.0,18.0,1.0,7.0,66.0,30.0,6.0,2.0,7.0,15.0,0.0,0.0,6.883333333333333,0.9591474245115452,0.0,0.0,0.0,0.0,70.49733570159857,0.4795737122557726,2.8774422735346357,0.15985790408525755,1.119005328596803,10.550621669626999,0.3197158081705151,1.119005328596803,2.3978685612788633,0.0,0.3333333333333333,0.45454545454545453,0.3333333333333333,92.29024943310658,0.7577388963660835,,,,,91.70937078420349,0.813028487869856,69.01536758712793,0.4774856705901666,0.23852745770641248,10,1.0890851037989575,0.3206640171262208,2.6831929372619676,0.9453634567858495,,,0.4739904737607723,-0.8226845727704583,0.034973426402138366,0.8612990188988504,0.6120183506659387,-0.9254638745555978,,,,,,,,,,,,,,
128384,Vitinha,27,Portugal,DM,381.0,1.0,0.0,0.0,0.0,0.0,0.0,400.0,380.0,2.0,2.0,1.0,2.0,24.0,14.0,7.0,5.0,5.0,4.0,0.0,0.0,7.24,0.23622047244094488,0.0,0.0,0.0,0.0,94.48818897637796,0.47244094488188976,0.47244094488188976,0.23622047244094488,0.47244094488188976,5.669291338582677,1.1811023622047243,1.1811023622047243,0.9448818897637795,0.0,0.0,0.5833333333333334,0.7142857142857143,95.0,0.679144385026738,,,,,93.36123362178999,1.5881269408427996,84.82783978116943,1.9657377189779535,0.20320290710095237,11,0.6402677934449652,-0.9237027287030457,0.9868312876749412,-1.5369651173311152,,,0.567764404804212,0.39643178816144925,0.04631952908518504,0.7674866340254212,0.6501419510602362,-0.8346948862667959,,,,,,,,,,,,,,
49,Thomas Partey,1504,Ghana,DM,270.0,2.0,0.0,0.0,0.0,0.0,0.0,152.0,136.0,1.0,4.0,1.0,6.0,17.0,11.0,3.0,1.0,5.0,2.0,0.0,0.0,6.733333333333333,0.6666666666666666,0.0,0.0,0.0,0.0,50.666666666666664,0.3333333333333333,1.3333333333333333,0.3333333333333333,2.0,5.666666666666666,0.3333333333333333,1.6666666666666665,0.6666666666666666,0.0,0.0,0.6470588235294118,0.3333333333333333,89.47368421052632,0.6,,,,,89.6412151081473,-0.1574057567557409,56.15204026052456,-0.7331961891454603,0.10549807764087359,12,1.5982005158280566,1.7322100379748813,1.6302496719680935,-0.6906715549522803,,,0.6021593632180091,0.8435865151655716,0.05774501292619735,0.6730179060929873,0.6105102989884277,-0.929054414893844,,,,,,,,,,,,,,
138908,Elliot Anderson,10,England,DM,623.0,4.0,1.0,0.0,0.0,1.0,0.0,442.0,387.0,4.0,19.0,2.0,8.0,85.0,54.0,3.0,3.0,13.0,9.0,1.0,0.0,7.328571428571428,0.5778491171749599,0.0,0.0,0.14446227929373998,0.0,63.85232744783307,0.5778491171749599,2.7447833065810596,0.28892455858747995,1.1556982343499198,12.279293739967898,0.4333868378812199,1.8780096308186196,1.3001605136436598,0.14446227929373998,0.25,0.6352941176470588,1.0,87.55656108597285,0.775840597758406,,,,,88.08018632426558,-0.8898824296983853,63.9706327736439,0.0026809197827688657,0.07097517568987559,13,1.119788582967155,0.4057908328188516,2.594784996744262,0.8079975694013474,,,0.6127696966242597,0.9815271017077996,0.14443992007072082,-0.04379704110122784,0.678368162571348,-0.7674907230820253,,,,,,,,,,,,,,
2291,Mateo Kovačić,3,Croatia,DM,271.0,4.0,4.0,0.0,0.0,1.0,0.0,205.0,197.0,1.0,5.0,1.0,2.0,19.0,9.0,1.0,1.0,3.0,3.0,0.0,0.0,6.9,1.3284132841328413,0.0,0.0,0.33210332103321033,0.0,68.08118081180812,0.33210332103321033,1.6605166051660516,0.33210332103321033,0.6642066420664207,6.3099630996309966,0.33210332103321033,0.996309963099631,0.996309963099631,0.0,1.0,0.47368421052631576,1.0,96.09756097560975,0.6008869179600886,,,,,93.62104453706081,1.6429865606970488,66.6040313020755,0.25053341913050137,0.035551595452502575,14,0.7964306698949567,-0.49073393292699574,1.8261914687043062,-0.3862224452143019,,,0.49808038170242686,-0.5095015742736799,0.057616975203522866,0.6740765536703448,0.6091566176159479,-0.9322774129153993,,,,,,,,,,,,,,
1095,Xaver Schlager,775,Austria,DM,239.0,1.0,0.0,0.0,0.0,1.0,0.0,142.0,130.0,1.0,6.0,1.0,7.0,33.0,10.0,1.0,0.0,0.0,6.0,0.0,0.0,6.45,0.37656903765690375,0.0,0.0,0.37656903765690375,0.0,53.47280334728033,0.37656903765690375,2.2594142259414225,0.37656903765690375,2.6359832635983262,12.426778242677823,0.0,0.0,2.2594142259414225,0.0,0.0,0.30303030303030304,0.0,91.54929577464789,0.5704057279236276,,,,,90.83755072068027,0.40394707558084675,58.15851579292614,-0.5443489750923741,-0.007525339967170831,15,1.9312416041112779,1.8304949392247152,2.180459074906067,0.1642290618846809,,,0.4026016074448815,-1.7231820264104842,0.06201731698517615,0.637693438839919,0.6556793187226551,-0.8215108937974993,,,,,,,,,,,,,,
272,Adrien Rabiot,2,France,DM,495.0,7.0,1.0,0.0,0.0,1.0,0.0,322.0,291.0,6.0,7.0,0.0,9.0,41.0,20.0,1.0,1.0,3.0,11.0,1.0,0.0,7.016666666666667,1.2727272727272727,0.0,0.0,0.18181818181818182,0.0,58.54545454545455,1.0909090909090908,1.2727272727272727,0.0,1.6363636363636365,7.454545454545455,0.18181818181818182,0.5454545454545454,2.0,0.18181818181818182,0.14285714285714285,0.4878048780487805,1.0,90.37267080745342,0.7333333333333333,,,,,90.24462831335352,0.1257319416152262,60.10136017368304,-0.36149065326400615,-0.051680697606187036,16,1.4654670105520378,1.3642002571298453,1.4868331146453957,-0.913508356114018,,,0.5003396233026804,-0.4801301021862909,0.1718300086174649,-0.27026507159982777,1.0736735326589517,0.17369710117576218,,,,,,,,,,,,,,
266345,Erik Lira,16,Mexico,DM,359.0,0.0,0.0,0.0,0.0,1.0,0.0,199.0,184.0,5.0,7.0,0.0,2.0,28.0,14.0,3.0,2.0,4.0,3.0,0.0,0.0,7.125,0.0,0.0,0.0,0.25069637883008355,0.0,49.888579387186624,1.2534818941504178,1.7548746518105849,0.0,0.5013927576601671,7.0194986072423395,0.5013927576601671,1.0027855153203342,0.7520891364902507,0.0,0.0,0.5,0.6666666666666666,92.46231155778895,0.6660482374768089,,,,,91.60412228398964,0.763643062011698,54.728048454983394,-0.8672206917961364,-0.06369047378582904,17,0.6664011727692494,-0.8512467261446051,1.8619895220512839,-0.33060038982143225,,,0.5116249185439016,-0.33341461406042355,0.04821012210907015,0.7518547430272247,1.1776060010107468,0.42115130028287123,,,,,,,,,,,,,,
78,Hans Vanaken,1,Belgium,DM,324.0,3.0,1.0,1.0,0.0,2.0,0.0,169.0,155.0,8.0,3.0,2.0,1.0,29.0,15.0,3.0,2.0,6.0,0.0,0.0,0.0,6.8,0.8333333333333334,0.2777777777777778,0.0,0.5555555555555556,0.0,46.94444444444445,2.2222222222222223,0.8333333333333334,0.5555555555555556,0.2777777777777778,8.055555555555555,0.5555555555555556,1.6666666666666667,0.0,0.0,0.3333333333333333,0.5172413793103449,0.6666666666666666,91.71597633136095,0.6428571428571429,,,,,91.06473887536733,0.5105498656097089,53.1714645183255,-1.0137246162799738,-0.07486329907064923,18,0.5341076034179076,-1.2180367642962677,1.2770086356857977,-1.2395280052370923,,,0.5235159483962593,-0.17882421905369594,0.05155804725553334,0.7241732693845853,1.7950984812396678,1.8913473763781907,,,,,,,,,,,,,,
754,Luka Modrić,3,Croatia,DM,319.0,1.0,0.0,0.0,0.0,1.0,0.0,247.0,223.0,7.0,7.0,4.0,1.0,23.0,11.0,2.0,1.0,3.0,4.0,1.0,0.0,7.075,0.28213166144200624,0.0,0.0,0.28213166144200624,0.0,69.68652037617554,1.9749216300940438,1.9749216300940438,1.128526645768025,0.28213166144200624,6.489028213166144,0.28213166144200624,0.8463949843260188,1.128526645768025,0.28213166144200624,0.0,0.4782608695652174,0.5,90.2834008097166,0.6392785571142284,,,,,90.1423986375226,0.0777630293172545,67.77238099646502,0.360497174612308,-0.09031655526517554,19,0.5394593830112735,-1.2031987079126145,2.0112471991696235,-0.09868781334642567,,,0.49865941580454365,-0.5019737897436586,0.23243538239837436,-0.7713653004059738,1.6327247185266383,1.5047495206228816,,,,,,,,,,,,,,
51494,Manuel Ugarte,7,Uruguay,DM,186.0,3.0,1.0,0.0,0.0,0.0,0.0,138.0,118.0,3.0,3.0,0.0,3.0,15.0,5.0,3.0,1.0,0.0,1.0,0.0,0.0,6.366666666666667,1.4516129032258065,0.0,0.0,0.0,0.0,66.7741935483871,1.4516129032258065,1.4516129032258065,0.0,1.4516129032258065,7.258064516129032,0.4838709677419355,0.0,0.4838709677419355,0.0,0.3333333333333333,0.3333333333333333,0.3333333333333333,85.5072463768116,0.5081967213114754,,,,,87.66393411997579,-1.0851991547014066,65.59677081212035,0.15573119788133408,-0.13445590238749422,20,1.2272957161820368,0.7038593306816501,1.758503695042738,-0.49139389293330543,,,0.43242030353869654,-1.3631212813582698,0.07099796671253772,0.5634392043973243,1.242430695477575,0.575493279320214,,,,,,,,,,,,,,
438688,Ayyoub Bouaddi,31,Morocco,DM,384.0,2.0,0.0,0.0,0.0,0.0,0.0,261.0,235.0,0.0,9.0,0.0,2.0,36.0,21.0,9.0,5.0,6.0,3.0,0.0,0.0,6.659999999999999,0.46875,0.0,0.0,0.0,0.0,61.171875,0.0,2.109375,0.0,0.46875,8.4375,1.171875,1.40625,0.703125,0.0,0.0,0.5833333333333334,0.5555555555555556,90.03831417624521,0.6808510638297872,,,,,89.99178139273465,0.007089368786965386,62.195776803610016,-0.16436652229852505,-0.14229796168668832,21,0.6368621136925983,-0.933145133291779,2.0986034616766704,0.03704400494506383,,,0.567847218253835,0.39750841180532603,0.04607314861132768,0.769523768756569,0.3275348130226817,-1.1097396305104383,,,,,,,,,,,,,,
16841,Mohanad Lasheen,32,Egypt,DM,359.0,2.0,0.0,0.0,0.0,0.0,0.0,198.0,171.0,1.0,16.0,4.0,8.0,47.0,26.0,4.0,3.0,3.0,5.0,2.0,0.0,6.925,0.5013927576601671,0.0,0.0,0.0,0.0,49.637883008356546,0.25069637883008355,4.011142061281337,1.0027855153203342,2.0055710306406684,11.782729805013927,0.7520891364902507,0.7520891364902507,1.2534818941504178,0.5013927576601671,0.0,0.5531914893617021,0.75,86.36363636363636,0.6660482374768089,,,,,87.54211041998077,-1.1423621099135608,54.5610725737218,-0.8829362734123092,-0.1689041690495882,22,1.6682564603388226,1.8304949392247152,3.364772453405644,2.0043834329318293,,,0.5470530162820296,0.12717153294922778,0.3821618846322612,-2.009341074616581,0.5097024759643646,-1.1097396305104383,,,,,,,,,,,,,,
2120,Nicolas Raskin,1,Belgium,DM,346.0,2.0,1.0,0.0,0.0,2.0,0.0,232.0,194.0,4.0,10.0,0.0,2.0,42.0,20.0,2.0,1.0,3.0,12.0,0.0,0.0,7.2,0.5202312138728323,0.0,0.0,0.5202312138728323,0.0,60.34682080924855,1.0404624277456647,2.6011560693641615,0.0,0.5202312138728323,10.92485549132948,0.26011560693641617,0.7803468208092486,3.121387283236994,0.0,0.5,0.47619047619047616,0.5,83.62068965517241,0.6577946768060836,,,,,85.76694046105293,-1.835300098778969,61.727030641133176,-0.20848438242307585,-0.28844628819111845,23,0.682871163731227,-0.805582914646272,2.4213162592882926,0.5384664965749618,,,0.49625044839746707,-0.5332917855473999,0.04940162702811561,0.7420030854874868,1.035607670237248,0.08306558199543876,,,,,,,,,,,,,,
2926,Youri Tielemans,1,Belgium,DM,475.0,9.0,3.0,2.0,0.0,0.0,0.0,257.0,223.0,8.0,7.0,2.0,1.0,44.0,26.0,2.0,1.0,10.0,7.0,0.0,0.0,7.42,1.7052631578947368,0.37894736842105264,0.0,0.0,0.0,48.694736842105264,1.5157894736842106,1.3263157894736843,0.37894736842105264,0.18947368421052632,8.336842105263159,0.18947368421052632,1.8947368421052633,1.3263157894736843,0.0,0.3333333333333333,0.5909090909090909,0.5,86.7704280155642,0.7251908396946565,,,,,87.62840514384303,-1.1018703054831847,53.00521849959703,-1.029371504057724,-0.29684337465364014,24,0.41097745362232896,-1.3290951810412457,1.5322325990620491,-0.8429678545801823,,,0.5754925943160017,0.4969028057392541,0.03967214628517375,0.8224488400847286,1.3812666176256374,0.9060495767628731,,,,,,,,,,,,,,
2937,Declan Rice,10,England,DM,481.0,4.0,2.0,0.0,0.0,1.0,0.0,240.0,220.0,15.0,4.0,2.0,2.0,22.0,12.0,8.0,5.0,0.0,3.0,2.0,0.0,7.033333333333334,0.7484407484407485,0.0,0.0,0.18711018711018712,0.0,44.90644490644491,2.806652806652807,0.7484407484407485,0.37422037422037424,0.37422037422037424,4.116424116424117,0.9355509355509356,0.0,0.5613305613305614,0.37422037422037424,0.5,0.5454545454545454,0.625,91.66666666666667,0.7276853252647504,,,,,91.18353816715712,0.5662936871821415,50.20940713651445,-1.2114882423178963,-0.32876129663000125,25,0.5434042846030642,-1.1922612858409891,1.109852272898097,-1.4992510795654637,,,0.5425559265639929,0.06870671665292079,0.3116267107667002,-1.4261388013216745,2.321830006875632,2.392809928800953,,,,,,,,,,,,,,
22147,Manu Koné,2,France,DM,386.0,4.0,2.0,0.0,0.0,0.0,0.0,264.0,243.0,3.0,7.0,0.0,3.0,41.0,18.0,10.0,2.0,7.0,6.0,1.0,0.0,6.88,0.9326424870466321,0.0,0.0,0.0,0.0,61.55440414507772,0.6994818652849741,1.6321243523316062,0.0,0.6994818652849741,9.55958549222798,0.46632124352331605,1.6321243523316062,1.3989637305699483,0.23316062176165803,0.5,0.43902439024390244,0.2,92.04545454545455,0.6819787985865724,,,,,91.36077299711951,0.6494570342778866,62.453035542819876,-0.140153619920173,-0.33610243878150126,26,0.7936223182378542,-0.49852021775174227,1.7731667003279896,-0.46861090849845305,,,0.4694862998751047,-0.8812414874203934,0.20492094667277172,-0.5438691366596081,0.8034092483123543,-0.46977873549802546,,,,,,,,,,,,,,
1464,Granit Xhaka,15,Switzerland,DM,600.0,8.0,2.0,1.0,0.0,0.0,0.0,470.0,430.0,4.0,5.0,4.0,4.0,47.0,28.0,7.0,3.0,12.0,4.0,2.0,0.0,7.6000000000000005,1.2,0.15,0.0,0.0,0.0,70.5,0.6,0.75,0.6,0.6,7.05,0.44999999999999996,1.7999999999999998,0.6,0.3,0.25,0.5957446808510638,0.42857142857142855,91.48936170212765,0.7692307692307693,,,,,91.12085779884715,0.5368823732380518,69.08771553491802,0.4842949778366218,-0.3533731141426089,27,0.6912695283623402,-0.782298060374356,1.0559132722892846,-1.5369651173311152,,,0.5816828712894887,0.5773800540864743,0.2640836613035754,-1.0330411025889232,0.6983713263394775,-0.7198649238650153,,,,,,,,,,,,,,
158433,Sphephelo Sithole,1531,South Africa,DM,236.0,0.0,0.0,0.0,0.0,0.0,0.0,131.0,112.0,2.0,7.0,3.0,5.0,32.0,14.0,3.0,2.0,1.0,5.0,0.0,1.0,6.366666666666667,0.0,0.0,0.0,0.0,0.0,49.95762711864406,0.7627118644067796,2.669491525423729,1.1440677966101696,1.906779661016949,12.203389830508474,0.7627118644067796,0.3813559322033898,1.906779661016949,0.7627118644067796,0.0,0.4375,0.6666666666666666,85.49618320610686,0.5673076923076923,,,,,87.39844062131107,-1.2097758419462554,56.19812047412512,-0.7288591714141642,-0.4774617385070496,28,1.5124765195255419,1.4945362944325353,2.4125296932347164,0.5248141658460233,,,0.4796053632095263,-0.749687701298482,0.49515686494420386,-2.378108507917949,0.8767539291942127,-0.2951514072510551,,,,,,,,,,,,,,
2807,Remo Freuler,15,Switzerland,DM,594.0,2.0,1.0,0.0,0.0,0.0,0.0,336.0,301.0,3.0,10.0,3.0,6.0,50.0,20.0,2.0,1.0,3.0,8.0,0.0,0.0,6.833333333333333,0.30303030303030304,0.0,0.0,0.0,0.0,50.909090909090914,0.4545454545454546,1.5151515151515151,0.4545454545454546,0.9090909090909092,7.575757575757576,0.15151515151515152,0.4545454545454546,1.2121212121212122,0.0,0.5,0.4,0.5,89.58333333333333,0.7674418604651163,,,,,89.65523522199507,-0.15082714241401773,54.041883872398,-0.9318017284001827,-0.4809445723222619,29,0.9291863464116609,-0.12266268129198296,1.645493995330287,-0.6669853340770793,,,0.4313512029653268,-1.377020218791883,0.03357268193383567,0.8665107847605096,0.5875059877839697,-0.983825686041197,,,,,,,,,,,,,,
20696,Pape Gueye,13,Senegal,DM,236.0,5.0,3.0,2.0,0.0,1.0,0.0,160.0,140.0,3.0,3.0,0.0,4.0,26.0,8.0,4.0,0.0,2.0,4.0,1.0,0.0,7.25,1.906779661016949,0.7627118644067796,0.0,0.3813559322033898,0.0,61.01694915254237,1.1440677966101696,1.1440677966101696,0.0,1.5254237288135593,9.915254237288135,0.0,0.7627118644067796,1.5254237288135593,0.3813559322033898,0.6,0.3076923076923077,0.0,87.5,0.5673076923076923,,,,,88.53522130246199,-0.6763677845212289,62.47215893566358,-0.1383537477545486,-0.48310471210378936,30,1.296130365679388,0.8947065792598271,1.547145077850101,-0.8197972449061217,,,0.40596446084266236,-1.7070628258162437,0.27881071109805,-1.1548079948834695,1.0931000830403665,0.21995003389526,,,,,,,,,,,,,,
96512,Kevin Lenini,1533,Cape Verde Islands,DM,351.0,4.0,1.0,1.0,0.0,0.0,0.0,161.0,136.0,2.0,8.0,1.0,3.0,36.0,21.0,7.0,5.0,3.0,5.0,1.0,0.0,7.125,1.0256410256410255,0.2564102564102564,0.0,0.0,0.0,41.28205128205128,0.5128205128205128,2.051282051282051,0.2564102564102564,0.7692307692307692,9.23076923076923,1.282051282051282,0.7692307692307692,1.282051282051282,0.2564102564102564,0.25,0.5833333333333334,0.7142857142857143,84.472049689441,0.6610169491525424,,,,,86.30949435558941,-1.7207387056454762,49.11189852586827,-1.2114882423178963,-0.6181670442530113,31,0.8459326405322513,-0.35348743041246056,2.0595336203119436,-0.023661666939268747,,,0.5668848043223408,0.3849964635824252,0.21842797705609945,-0.6555486065370649,0.6868731347359557,-0.7472411215013379,,,,,,,,,,,,,,
47792,Amir Al-Ammari,1567,Iraq,DM,248.0,0.0,0.0,0.0,0.0,1.0,0.0,126.0,104.0,4.0,2.0,4.0,2.0,13.0,4.0,1.0,1.0,0.0,3.0,2.0,0.0,6.633333333333333,0.0,0.0,0.0,0.3629032258064516,0.0,45.725806451612904,1.4516129032258065,0.7258064516129032,1.4516129032258065,0.7258064516129032,4.717741935483871,0.3629032258064516,0.0,1.088709677419355,0.7258064516129032,0.0,0.3076923076923077,1.0,82.53968253968254,0.5794392523364486,,,,,85.6319937655735,-1.835300098778969,53.57107036737395,-0.9761141644735702,-1.1215802401676582,32,0.8392295143051997,-0.3720721578229523,1.2934868046393508,-1.2139246681666709,,,0.403209166829101,-1.7231820264104842,0.48127396218875884,-2.378108507917949,1.2727327909925057,0.6476399423969866,,,,,,,,,,,,,,
1646,Lucas Paquetá,6,Brazil,CM,236.0,2.0,1.0,0.0,0.0,1.0,0.0,185.0,159.0,9.0,8.0,1.0,5.0,37.0,21.0,8.0,3.0,6.0,3.0,0.0,0.0,7.15,0.7627118644067796,0.0,0.0,0.3813559322033898,0.0,70.55084745762711,3.432203389830508,3.0508474576271185,0.3813559322033898,1.906779661016949,14.110169491525424,1.1440677966101696,2.288135593220339,1.1440677966101696,0.0,0.5,0.5675675675675675,0.375,85.94594594594595,0.5673076923076923,,,,,84.8090172599675,0.356932155301313,57.7067034480971,1.8210413860011634,1.230536281079036,1,1.533842073632705,1.2129248300390596,2.5622231923146317,0.9934461084201671,,,,,,,2.360010642956409,2.288013792424467,0.2652383670453543,1.5138743945796773,1.03214073536468,0.4275213007874053,,,,,,,,,,
294824,Nathan-Dylan Saliba,5529,Canada,CM,182.0,2.0,1.0,1.0,0.0,2.0,0.0,102.0,85.0,4.0,6.0,0.0,4.0,28.0,16.0,7.0,4.0,2.0,5.0,1.0,0.0,7.5,0.989010989010989,0.4945054945054945,0.0,0.989010989010989,0.0,50.43956043956044,1.978021978021978,2.967032967032967,0.0,1.978021978021978,13.846153846153847,1.978021978021978,0.989010989010989,2.4725274725274726,0.4945054945054945,0.5,0.5714285714285714,0.5714285714285714,83.33333333333333,0.5027624309392266,,,,,83.32589669494448,-0.030664300356382936,45.67952661438783,0.5208731784355719,1.102132828181229,2,1.514028460307197,1.1654314280492533,2.447195712715157,0.8157388217651649,,,,,,,1.4689625068228347,1.3158005170469982,0.5534230958311255,2.5083850311333316,1.4347252649494666,1.4193651211946667,,,,,,,,,,
13708,Jhon Arias,8,Colombia,CM,381.0,7.0,4.0,1.0,0.0,0.0,0.0,237.0,226.0,8.0,15.0,2.0,2.0,40.0,24.0,8.0,6.0,2.0,5.0,1.0,0.0,7.32,1.6535433070866141,0.23622047244094488,0.0,0.0,0.0,55.98425196850393,1.889763779527559,3.543307086614173,0.47244094488188976,0.47244094488188976,9.448818897637794,1.4173228346456692,0.47244094488188976,1.1811023622047243,0.23622047244094488,0.5714285714285714,0.6,0.75,95.35864978902954,0.679144385026738,,,,,91.49546079594205,1.581312845894307,51.133669580050615,1.1231968020198329,0.7799758766748026,3,0.6561110563836101,-0.8910039867944503,3.022967643498907,1.705255552097481,,,,,,,1.58959790992846,1.6185829998783132,0.036255188397268115,-0.6335184317769554,1.2466498144593705,0.9560053554050898,,,,,,,,,,
201713,Sebastian Berhalter,2384,USA,CM,195.0,3.0,1.0,1.0,0.0,1.0,0.0,139.0,116.0,7.0,3.0,0.0,3.0,28.0,15.0,2.0,1.0,6.0,5.0,1.0,0.0,7.140000000000001,1.3846153846153846,0.46153846153846156,0.0,0.46153846153846156,0.0,64.15384615384616,3.230769230769231,1.3846153846153846,0.0,1.3846153846153846,12.923076923076923,0.46153846153846156,2.769230769230769,2.307692307692308,0.46153846153846156,0.3333333333333333,0.5357142857142857,0.5,83.45323741007195,0.52,,,,,83.38850461831271,-0.014302441606727567,52.97596969175573,1.3266496425482015,0.7065483435772878,4,1.2215421403498807,0.4643391970643875,1.6423595946743648,-0.4276618268188745,,,,,,,2.1380384732529762,2.288013792424467,0.2942377618423131,1.785829272328046,0.6649881224312184,-0.47702923089848615,,,,,,,,,,
37127,Martin Ødegaard,1090,Norway,CM,471.0,6.0,3.0,0.0,0.0,4.0,0.0,356.0,317.0,6.0,6.0,0.0,3.0,36.0,15.0,9.0,4.0,4.0,3.0,0.0,0.0,7.0,1.1464968152866244,0.0,0.0,0.7643312101910829,0.0,68.02547770700637,1.1464968152866244,1.1464968152866244,0.0,0.5732484076433122,6.8789808917197455,0.7643312101910829,0.7643312101910829,0.5732484076433122,0.0,0.5,0.4166666666666667,0.4444444444444444,89.04494382022472,0.7235023041474654,,,,,87.46156140741793,1.0501439779095354,60.51611157359201,1.8210413860011634,0.5661577377919382,5,0.7036533066531572,-0.7770448029516579,1.3608062181303946,-0.8626369020652555,,,,,,,1.0933401343623137,0.37302690654225495,0.5842383420750652,2.5083850311333316,0.7978042179903332,-0.1498114320258033,,,,,,,,,,
10135,Bruno Guimarães,6,Brazil,CM,419.0,4.0,2.0,0.0,0.0,4.0,0.0,191.0,165.0,10.0,11.0,1.0,2.0,43.0,23.0,7.0,2.0,7.0,4.0,0.0,0.0,7.159999999999999,0.8591885441527446,0.0,0.0,0.8591885441527446,0.0,41.02625298329355,2.1479713603818613,2.3627684964200477,0.21479713603818615,0.4295942720763723,9.236276849642005,0.4295942720763723,1.503579952267303,0.8591885441527446,0.0,0.5,0.5348837209302325,0.2857142857142857,86.38743455497382,0.6994991652754591,,,,,85.46518032627256,0.5284128055135741,40.978278187660095,0.0016948207020844412,0.5611983124450799,6,0.6144879843592743,-0.9907748493436591,2.2301917328929663,0.48048685778390393,,,,,,,1.7892561393486912,2.1197046678569142,0.6349568625890941,2.5083850311333316,0.5665618462632835,-0.7195211465305911,,,,,,,,,,
3287,Teboho Mokoena,1531,South Africa,CM,277.0,3.0,2.0,1.0,0.0,0.0,0.0,194.0,177.0,6.0,4.0,1.0,5.0,30.0,17.0,2.0,2.0,6.0,3.0,2.0,0.0,7.066666666666666,0.9747292418772564,0.3249097472924188,0.0,0.0,0.0,63.03249097472924,1.9494584837545128,1.2996389891696751,0.3249097472924188,1.6245487364620939,9.747292418772563,0.6498194945848376,1.9494584837545128,0.9747292418772564,0.6498194945848376,0.6666666666666666,0.5666666666666667,1.0,91.23711340206185,0.6061269146608315,,,,,88.11813643167258,1.2217322885810395,54.301944495423186,1.473082538340356,0.5278864586495723,7,1.3962326096962916,0.8830737584064074,1.544605794317039,-0.5786828061727024,,,,,,,1.5574713949012389,1.537948743812185,0.04450582208067269,-0.5561444006833074,0.7426051332860107,-0.28580491173697237,,,,,,,,,,
32966,Ao Tanaka,12,Japan,CM,192.0,2.0,0.0,0.0,0.0,0.0,0.0,161.0,147.0,1.0,9.0,0.0,1.0,27.0,17.0,3.0,3.0,2.0,6.0,0.0,0.0,7.033333333333334,0.9375,0.0,0.0,0.0,0.0,75.46875,0.46875,4.21875,0.0,0.46875,12.65625,1.40625,0.9375,2.8125,0.0,0.0,0.6296296296296297,1.0,91.30434782608695,0.5161290322580645,,,,,87.44016860083852,1.0445532146214391,58.725775898947305,1.8210413860011634,0.5273745944481644,8,0.7475223189010896,-0.6718904023202242,3.1072173333410937,1.8354138745740944,,,,,,,0.7036678157792098,-0.6050106269993857,0.054675163147493065,-0.4607768274642058,1.1542218976121152,0.7282915427242693,,,,,,,,,,
19047,Juninho Bacuna,5530,Curaçao,CM,255.0,3.0,1.0,0.0,0.0,0.0,0.0,71.0,59.0,6.0,6.0,1.0,5.0,50.0,18.0,16.0,7.0,3.0,6.0,2.0,0.0,6.6000000000000005,1.0588235294117647,0.0,0.0,0.0,0.0,25.058823529411768,2.1176470588235294,2.1176470588235294,0.35294117647058826,1.7647058823529413,17.647058823529413,2.4705882352941178,1.0588235294117647,2.1176470588235294,0.7058823529411765,0.3333333333333333,0.36,0.4375,83.09859154929578,0.5862068965517241,,,,,83.1895374298245,-0.06630022173932926,31.599973872203215,-1.0339902124780946,0.520288510626166,9,1.4668466727154146,1.0523362763532558,2.0365168919606593,0.18127635090971345,,,,,,,1.6362400631491174,1.7356500182923356,0.04675669124337338,-0.5350358619618705,1.8146449331303605,2.3080832250071524,,,,,,,,,,
35570,Stephen Eustaquio,5529,Canada,CM,398.0,3.0,1.0,1.0,0.0,0.0,0.0,278.0,243.0,12.0,11.0,0.0,3.0,31.0,21.0,2.0,2.0,7.0,2.0,0.0,0.0,7.74,0.678391959798995,0.22613065326633167,0.0,0.0,0.0,62.8643216080402,2.71356783919598,2.4874371859296485,0.0,0.678391959798995,7.010050251256281,0.45226130653266333,1.5829145728643217,0.45226130653266333,0.0,0.3333333333333333,0.6774193548387096,1.0,87.41007194244604,0.6885813148788927,,,,,86.13584181660339,0.7036824516426474,56.01382116679653,1.6621321775453413,0.48330667340217154,10,0.7925230149328812,-0.5640233459006119,2.311219460212607,0.6056675330097957,,,,,,,2.1656824004668964,2.288013792424467,0.03518885932676025,-0.6435184126055178,0.5871462732036452,-0.6688074823009212,,,,,,,,,,
538,Frenkie de Jong,1118,Netherlands,CM,331.0,0.0,0.0,0.0,0.0,0.0,0.0,233.0,217.0,2.0,9.0,0.0,8.0,29.0,17.0,1.0,1.0,6.0,6.0,0.0,0.0,7.2,0.0,0.0,0.0,0.0,0.0,63.353474320241695,0.5438066465256798,2.447129909365559,0.0,2.175226586102719,7.885196374622357,0.2719033232628399,1.6314199395770395,1.6314199395770395,0.0,0.0,0.5862068965517241,1.0,93.13304721030043,0.6477495107632094,,,,,89.67582497751992,1.581312845894307,55.432463081034044,1.5979303935031952,0.47830302504503763,11,1.7770612575953137,1.7959233112246018,2.262005573391168,0.5296364287620399,,,,,,,0.688384398179777,-0.6433704368708899,0.039802662800131935,-0.6002503937954361,0.4880049822146906,-0.9130609734025542,,,,,,,,,,
2472,Rodrigo De Paul,26,Argentina,CM,425.0,1.0,1.0,0.0,0.0,1.0,0.0,292.0,267.0,6.0,6.0,1.0,6.0,25.0,12.0,1.0,1.0,4.0,2.0,1.0,0.0,7.083333333333333,0.21176470588235294,0.0,0.0,0.21176470588235294,0.0,61.83529411764706,1.2705882352941176,1.2705882352941176,0.21176470588235294,1.2705882352941176,5.294117647058823,0.21176470588235294,0.8470588235294118,0.4235294117647059,0.21176470588235294,1.0,0.48,1.0,91.43835616438356,0.7024793388429752,,,,,89.02249472192769,1.4580758982740851,55.596675428774205,1.616065043979141,0.43013133849978036,12,1.2034352109606699,0.4209367311862573,1.4642724760378294,-0.7027906808223024,,,,,,,1.1764701280493655,0.5816746603386972,0.18237877800143376,0.7368213020412542,0.412182720515218,-1.0998635854986698,,,,,,,,,,
162037,Malik Tillman,2384,USA,CM,365.0,5.0,4.0,2.0,0.0,1.0,0.0,150.0,116.0,7.0,8.0,0.0,6.0,68.0,31.0,14.0,6.0,13.0,3.0,1.0,0.0,7.18,1.2328767123287672,0.4931506849315068,0.0,0.2465753424657534,0.0,36.986301369863014,1.7260273972602738,1.9726027397260273,0.0,1.4794520547945205,16.767123287671232,1.4794520547945205,3.2054794520547945,0.7397260273972602,0.2465753424657534,0.8,0.45588235294117646,0.42857142857142855,77.33333333333333,0.6697247706422018,,,,,79.31004514416496,-1.0801607905526693,38.26786905396036,-0.297626898784144,0.3871071037557477,13,1.3359234910664317,0.7385122810179613,1.9557520146841958,0.05650175576253683,,,,,,,1.471127389852965,1.3212341513038368,0.20245717557957324,0.9251155129024652,1.283248708094875,1.0461737146402468,,,,,,,,,,
39064,Patrick Berg,1090,Norway,CM,444.0,2.0,0.0,0.0,0.0,2.0,0.0,175.0,160.0,4.0,10.0,2.0,2.0,34.0,19.0,7.0,6.0,2.0,4.0,1.0,0.0,6.883333333333333,0.40540540540540543,0.0,0.0,0.40540540540540543,0.0,35.472972972972975,0.8108108108108109,2.027027027027027,0.40540540540540543,0.40540540540540543,6.891891891891892,1.2162162162162162,0.40540540540540543,0.8108108108108109,0.20270270270270271,0.0,0.5588235294117647,0.8571428571428571,91.42857142857143,0.7115384615384616,,,,,89.08909238972588,1.4754804307189893,37.02882793975705,-0.43445934677372977,0.36598053697280625,14,0.5898690747294957,-1.0497865880098476,1.9966103333379597,0.11962424588861796,,,,,,,0.8521865824837598,-0.23224376277732256,0.3210563472610055,2.0373326285184157,1.120786131268761,0.6459161512445213,,,,,,,,,,
747,Casemiro,6,Brazil,CM,379.0,2.0,2.0,1.0,0.0,0.0,0.0,227.0,202.0,4.0,14.0,4.0,6.0,46.0,27.0,2.0,1.0,6.0,6.0,2.0,0.0,7.42,0.47493403693931396,0.23746701846965698,0.0,0.0,0.0,53.90501319261214,0.9498680738786279,3.3245382585751977,0.9498680738786279,1.4248021108179418,10.923482849604222,0.23746701846965698,1.4248021108179418,1.4248021108179418,0.47493403693931396,1.0,0.5869565217391305,0.5,88.98678414096916,0.6779964221824687,,,,,87.16153689862352,0.9717360325532197,49.70659863042647,0.9655994396292791,0.3481064092046138,15,1.3024656576586855,0.6583135658398294,2.872781481221622,1.4732312090069797,,,,,,,0.9512780455632667,0.016465641313039427,0.03638490284591667,-0.6323019761484361,0.44610115547711426,-1.016299047761615,,,,,,,,,,
1150,Tyler Adams,2384,USA,CM,342.0,0.0,0.0,0.0,0.0,0.0,0.0,235.0,210.0,2.0,8.0,1.0,7.0,37.0,19.0,3.0,2.0,6.0,5.0,1.0,0.0,6.9,0.0,0.0,0.0,0.0,0.0,61.84210526315789,0.5263157894736842,2.1052631578947367,0.2631578947368421,1.8421052631578947,9.736842105263158,0.5263157894736842,1.5789473684210527,1.3157894736842104,0.2631578947368421,0.0,0.5135135135135135,0.6666666666666666,89.36170212765957,0.6551724137931034,,,,,87.27779705854944,1.0021192845855869,54.60917362913486,1.5070111255176415,0.3128753423133488,16,1.5671998134697418,1.2928836200651155,2.0419249961741124,0.18963139380091332,,,,,,,0.6738782135438047,-0.6797794717596236,0.038963909369477814,-0.608116181626239,0.6501351454247258,-0.5136223743899531,,,,,,,,,,
441269,Paul Okon-Engstler,20,Australia,CM,204.0,0.0,0.0,0.0,0.0,1.0,0.0,87.0,74.0,2.0,6.0,2.0,4.0,24.0,12.0,1.0,0.0,2.0,3.0,0.0,0.0,6.825,0.0,0.0,0.0,0.4411764705882353,0.0,38.38235294117647,0.8823529411764706,2.6470588235294117,0.8823529411764706,1.7647058823529411,10.588235294117647,0.0,0.8823529411764706,1.3235294117647058,0.0,0.0,0.5,0.0,85.05747126436782,0.53125,,,,,84.24227102821425,0.20881956360415277,39.5468454021052,-0.15638423731688073,0.3093486310761299,17,1.4272872464354305,0.9575119904476351,2.306991791674184,0.5991361588767985,,,,,,,0.9160531965361095,-0.07194511515836277,0.2873415642991339,1.7211570757903243,0.4150274633117367,-1.0928550187107577,,,,,,,,,,
1934,Sander Berge,1090,Norway,CM,480.0,0.0,0.0,0.0,0.0,0.0,0.0,431.0,409.0,2.0,6.0,1.0,10.0,30.0,14.0,3.0,3.0,2.0,6.0,0.0,0.0,7.0,0.0,0.0,0.0,0.0,0.0,80.8125,0.375,1.125,0.1875,1.875,5.625,0.5625,0.375,1.125,0.0,0.0,0.4666666666666667,1.0,94.89559164733178,0.7272727272727273,,,,,91.7381695873068,1.581312845894307,69.91816459758849,1.8210413860011634,0.2575579512121772,18,1.6486034888351595,1.4880089318425591,1.3422497697013436,-0.8913049743533942,,,,,,,0.5329764052573729,-1.0334285519639936,0.0308169101376779,-0.6501518458341944,0.6505614331995558,-0.5125721331012072,,,,,,,,,,
6067,Thiago Almada,26,Argentina,CM,243.0,5.0,2.0,0.0,0.0,0.0,0.0,168.0,153.0,3.0,5.0,0.0,0.0,20.0,12.0,5.0,4.0,2.0,2.0,1.0,0.0,6.8,1.8518518518518516,0.0,0.0,0.0,0.0,62.22222222222222,1.1111111111111112,1.8518518518518516,0.0,0.0,7.4074074074074066,1.4814814814814814,0.7407407407407407,0.7407407407407407,0.37037037037037035,0.4,0.6,0.8,91.07142857142857,0.574468085106383,,,,,87.77225787177395,1.1313409157781023,53.13472490403876,1.3441816389273218,0.24027796590209904,19,0.44462955704776663,-1.372529713953654,1.8815244633637984,-0.05817324873311047,,,,,,,1.0443603486285251,0.25009267039569555,0.04808312220063218,-0.5225966586147441,1.227826349673066,0.9096301575150827,,,,,,,,,,
365331,Noah Sadiki,1508,Congo DR,CM,258.0,0.0,0.0,0.0,0.0,0.0,0.0,113.0,103.0,4.0,9.0,1.0,2.0,26.0,14.0,3.0,2.0,3.0,2.0,2.0,0.0,6.875,0.0,0.0,0.0,0.0,0.0,39.418604651162795,1.3953488372093024,3.1395348837209305,0.3488372093023256,0.6976744186046512,9.069767441860465,0.6976744186046512,1.0465116279069768,0.6976744186046512,0.6976744186046512,0.0,0.5384615384615384,0.6666666666666666,91.15044247787611,0.589041095890411,,,,,87.93178560775176,1.173031649830555,40.01367268129771,-0.10483056515217462,0.2374989854895305,20,0.8403614215324322,-0.44935427278110723,2.6390065022896962,1.1120695340882802,,,,,,,1.214074035319329,0.6760566088732326,0.046436439933487256,-0.5380391627699953,0.7748185979719335,-0.20644089366207746,,,,,,,,,,
140609,Noor Al-Rawabdeh,1548,Jordan,CM,270.0,1.0,0.0,0.0,0.0,1.0,0.0,111.0,85.0,2.0,11.0,1.0,2.0,25.0,15.0,7.0,4.0,0.0,1.0,0.0,0.0,6.5,0.3333333333333333,0.0,0.0,0.3333333333333333,0.0,37.0,0.6666666666666666,3.6666666666666665,0.3333333333333333,0.6666666666666666,8.333333333333332,1.3333333333333333,0.0,0.3333333333333333,0.0,0.0,0.6,0.5714285714285714,76.57657657657657,0.6,,,,,79.27329691684201,-1.0897645159664937,38.546641409796436,-0.26684091158516315,0.2009350951418167,21,0.8179517836249006,-0.5030703680789904,2.96863299556197,1.6213133246414952,,,,,,,0.7816987277108135,-0.4091610451684535,0.24519813486859424,1.3259380969486916,1.154156768692682,0.7281310852016308,,,,,,,,,,
542,Ryan Gravenberch,1118,Netherlands,CM,347.0,2.0,0.0,0.0,0.0,2.0,0.0,127.0,111.0,2.0,4.0,0.0,6.0,28.0,12.0,7.0,2.0,3.0,5.0,0.0,0.0,6.675,0.5187319884726225,0.0,0.0,0.5187319884726225,0.0,32.93948126801153,0.5187319884726225,1.037463976945245,0.0,1.5561959654178674,7.262247838616714,0.5187319884726225,0.7780979827089337,1.2968299711815563,0.0,0.0,0.42857142857142855,0.2857142857142857,87.4015748031496,0.6584440227703985,,,,,86.00693433319952,0.6699939674739208,35.64703725694193,-0.5870562215435932,0.1884167477565198,22,1.3815527564159493,0.847886023512182,1.3394399392844152,-0.8956459139366285,,,,,,,0.6674846821060076,-0.6958265795982843,0.3801502100395966,2.5083850311333316,0.6439668802878689,-0.5288190727452898,,,,,,,,,,
44339,Nasser Al-Dawsari,23,Saudi Arabia,CM,206.0,0.0,0.0,0.0,0.0,0.0,0.0,108.0,92.0,0.0,5.0,3.0,4.0,25.0,13.0,5.0,4.0,2.0,7.0,1.0,0.0,6.6000000000000005,0.0,0.0,0.0,0.0,0.0,47.18446601941747,0.0,2.1844660194174756,1.3106796116504853,1.7475728155339805,10.922330097087379,1.7475728155339805,0.8737864077669902,3.058252427184466,0.4368932038834951,0.0,0.52,0.8,85.18518518518519,0.533678756476684,,,,,84.3146530700813,0.2277357755039609,44.23831252437408,0.3617139304065302,0.17469658986124445,23,1.4198919757285111,0.9397854627953067,2.0618778445670642,0.22045678058063276,,,,,,,0.4449855633934354,-1.247031986038789,0.052692126142143574,-0.47937364957501993,1.3455195489940592,1.1995898153560893,,,,,,,,,,
415,Weston McKennie,2384,USA,CM,444.0,3.0,1.0,0.0,0.0,0.0,0.0,215.0,172.0,8.0,8.0,0.0,7.0,42.0,17.0,9.0,6.0,2.0,8.0,1.0,0.0,7.0200000000000005,0.6081081081081081,0.0,0.0,0.0,0.0,43.58108108108108,1.6216216216216217,1.6216216216216217,0.0,1.418918918918919,8.513513513513514,1.2162162162162162,0.40540540540540543,1.6216216216216217,0.20270270270270271,0.3333333333333333,0.40476190476190477,0.6666666666666666,80.0,0.7115384615384616,,,,,80.95722425785775,-0.6496895251968448,42.79805870898782,0.2026607294864304,0.15961593428741086,24,1.311022920883342,0.6788253995767872,1.7081487948764211,-0.32602332878502255,,,,,,,1.4291096594068367,1.2157739595201988,0.03259480879946701,-0.6501518458341944,1.120786131268761,0.6459161512445213,,,,,,,,,,
324034,Gustavo Puerta,8,Colombia,CM,470.0,9.0,5.0,0.0,0.0,1.0,0.0,286.0,263.0,6.0,3.0,1.0,3.0,41.0,18.0,7.0,3.0,8.0,9.0,1.0,0.0,7.1,1.7234042553191489,0.0,0.0,0.19148936170212766,0.0,54.76595744680851,1.148936170212766,0.574468085106383,0.19148936170212766,0.574468085106383,7.851063829787234,0.574468085106383,1.5319148936170213,1.7234042553191489,0.19148936170212766,0.5555555555555556,0.43902439024390244,0.42857142857142855,91.95804195804196,0.7230769230769231,,,,,89.56551947258916,1.581312845894307,50.91690559139753,1.099258655929774,0.13039063973025203,25,0.7047358502018544,-0.7744499367308885,0.947515150773672,-1.5011350629781746,,,,,,,1.0950221961074864,0.3772487089184035,0.1697525549090268,0.6184132117496847,0.6605700706333952,-0.48791394467134175,,,,,,,,,,
36902,Tijjani Reijnders,1118,Netherlands,CM,201.0,4.0,2.0,0.0,0.0,1.0,0.0,62.0,51.0,6.0,0.0,0.0,2.0,12.0,5.0,3.0,1.0,3.0,0.0,0.0,0.0,6.633333333333333,1.791044776119403,0.0,0.0,0.44776119402985076,0.0,27.761194029850746,2.6865671641791047,0.0,0.0,0.8955223880597015,5.373134328358209,0.44776119402985076,1.3432835820895523,0.0,0.0,0.5,0.4166666666666667,0.3333333333333333,82.25806451612904,0.5275590551181102,,,,,82.75899974972486,-0.17881627927987956,33.95272607456272,-0.7741660309627465,0.12476278937258445,26,0.9660847838089378,-0.1479942893185746,0.9078342467267371,-1.5532430283316632,,,,,,,1.868148103595449,2.288013792424467,0.2896040963014893,1.7423749880402335,0.6545158685346637,-0.5028296269637456,,,,,,,,,,
33889,Kaishu Sano,12,Japan,CM,270.0,1.0,1.0,1.0,0.0,1.0,0.0,138.0,125.0,1.0,3.0,2.0,4.0,21.0,7.0,1.0,1.0,1.0,4.0,1.0,0.0,7.166666666666667,0.3333333333333333,0.3333333333333333,0.0,0.3333333333333333,0.0,46.0,0.3333333333333333,1.0,0.6666666666666666,1.3333333333333333,7.0,0.3333333333333333,0.3333333333333333,1.3333333333333333,0.3333333333333333,1.0,0.3333333333333333,1.0,90.57971014492753,0.6,,,,,87.6751770578526,1.1059699646392136,43.946641409796435,0.3295034797943469,0.1007679221022302,27,1.2179517836249005,0.45573308103572935,1.3686329955619705,-0.8505452228816293,,,,,,,0.5816987277108134,-0.9111405222315945,0.24519813486859424,1.3259380969486916,0.554156768692682,-0.7500834225891463,,,,,,,,,,
305832,Matías Galarza,2380,Paraguay,CM,388.0,1.0,1.0,1.0,0.0,1.0,0.0,110.0,78.0,3.0,17.0,0.0,7.0,73.0,35.0,8.0,4.0,9.0,10.0,2.0,0.0,7.075,0.23195876288659795,0.23195876288659795,0.0,0.23195876288659795,0.0,25.515463917525775,0.6958762886597938,3.943298969072165,0.0,1.6237113402061856,16.93298969072165,0.9278350515463918,2.0876288659793816,2.3195876288659796,0.4639175257731959,1.0,0.4794520547945205,0.5,70.9090909090909,0.6830985915492958,,,,,74.84161128456076,-1.9494334031374734,30.380261680296474,-1.1686880874300936,0.04327734400621906,28,1.4402787018155023,0.9886526210162173,3.302614169019167,1.8658302704738468,,,,,,,0.7777542737145529,-0.41906121994016615,0.19425908572335815,0.8482342351990102,0.9143847639290614,0.13740699186219216,,,,,,,,,,
278370,Diego Gómez,2380,Paraguay,CM,307.0,4.0,0.0,0.0,0.0,0.0,0.0,111.0,82.0,2.0,11.0,2.0,9.0,58.0,23.0,7.0,3.0,1.0,5.0,2.0,0.0,6.35,1.1726384364820848,0.0,0.0,0.0,0.0,32.54071661237785,0.5863192182410424,3.224755700325733,0.5863192182410424,2.638436482084691,17.00325732899023,0.8794788273615636,0.2931596091205212,1.465798045602606,0.5863192182410424,0.0,0.39655172413793105,0.42857142857142855,73.87387387387388,0.6303901437371663,,,,,77.36465547470742,-1.588565945559829,35.61804647722463,-0.590257793559543,-0.025315408775989194,29,2.049442099858738,1.8120311791183354,2.743090036966913,1.2728693933684665,,,,,,,0.7223088859750844,-0.5582234536552736,0.04176419033032325,-0.5818552864696384,0.88166436532178,0.056794045325558026,,,,,,,,,,
338367,Danley Jean Jacques,2386,Haiti,CM,260.0,0.0,0.0,0.0,0.0,0.0,0.0,121.0,104.0,1.0,13.0,1.0,3.0,29.0,18.0,3.0,0.0,3.0,5.0,1.0,0.0,6.866666666666667,0.0,0.0,0.0,0.0,0.0,41.88461538461539,0.34615384615384615,4.5,0.34615384615384615,1.0384615384615383,10.038461538461538,0.0,1.0384615384615383,1.7307692307692308,0.34615384615384615,0.0,0.6206896551724138,0.0,85.9504132231405,0.5909090909090909,,,,,84.87367130663583,0.373828744778636,41.46815598729181,0.05579405741906739,-0.04016889176354399,30,1.0410870514345574,0.03178679290859874,3.4451928363701976,1.8658302704738468,,,,,,,0.5949191533406046,-0.8779586105106209,0.046225365206516864,-0.5400186110298957,0.36220578616297017,-1.1904448863844403,,,,,,,,,,
162733,Ruben Providence,2386,Haiti,CM,223.0,3.0,1.0,0.0,0.0,0.0,0.0,48.0,42.0,2.0,6.0,0.0,0.0,31.0,16.0,12.0,5.0,5.0,3.0,0.0,0.0,6.666666666666667,1.210762331838565,0.0,0.0,0.0,0.0,19.37219730941704,0.8071748878923767,2.42152466367713,0.0,0.0,12.511210762331839,2.0179372197309418,2.0179372197309418,1.210762331838565,0.0,0.3333333333333333,0.5161290322580645,0.4166666666666667,87.5,0.5533498759305211,,,,,85.6322777590651,0.5720817925314197,28.972676512179643,-1.324133554169993,-0.10522711402516162,31,0.46669554002780467,-1.34503461278893,2.19822542928756,0.4311017447840646,,,,,,,0.8728645842924716,-0.18034410010408336,0.05046938136691667,-0.5002184391937348,1.5120857218652777,1.6099573707651256,,,,,,,,,,
18997,Leandro Bacuna,5530,Curaçao,CM,270.0,6.0,1.0,0.0,0.0,0.0,0.0,128.0,107.0,4.0,6.0,1.0,0.0,28.0,16.0,5.0,3.0,3.0,3.0,1.0,0.0,6.6000000000000005,2.0,0.0,0.0,0.0,0.0,42.666666666666664,1.3333333333333333,2.0,0.3333333333333333,0.0,9.333333333333332,1.0,1.0,1.0,0.3333333333333333,0.16666666666666666,0.5714285714285714,0.6,83.59375,0.6,,,,,83.48360097089608,0.010549893447176776,41.946641409796435,0.10863518669082461,-0.1280577146249983,32,0.4179517836249007,-1.372529713953654,1.9686329955619706,0.07640173243954279,,,,,,,1.1816987277108133,0.5947979089578277,0.04519813486859427,-0.5496519258947442,0.954156768692682,0.23539291593803843,,,,,,,,,,
20665,Jean-Ricner Bellegarde,2386,Haiti,CM,261.0,3.0,0.0,0.0,0.0,0.0,0.0,134.0,115.0,3.0,2.0,0.0,3.0,24.0,10.0,4.0,2.0,5.0,4.0,1.0,0.0,6.8,1.0344827586206897,0.0,0.0,0.0,0.0,46.20689655172414,1.0344827586206897,0.6896551724137931,0.0,1.0344827586206897,8.275862068965518,0.6896551724137931,1.7241379310344829,1.3793103448275863,0.3448275862068966,0.0,0.4166666666666667,0.5,85.82089552238806,0.5918367346938775,,,,,84.79945956518485,0.3544343619934854,44.02718511203718,0.3383982548114229,-0.1458637362578147,33,1.0387263098213273,0.02612807490551462,1.1924826485326232,-1.1226819359776647,,,,,,,1.001733395623279,0.14310339250385296,0.04612054578427986,-0.5410016023426353,0.7695477231557979,-0.2194266996986787,,,,,,,,,,
2601,Daichi Kamada,12,Japan,CM,331.0,2.0,2.0,2.0,0.0,0.0,0.0,198.0,170.0,5.0,4.0,0.0,1.0,25.0,10.0,4.0,2.0,4.0,2.0,1.0,0.0,6.9,0.5438066465256798,0.5438066465256798,0.0,0.0,0.0,53.8368580060423,1.3595166163141994,1.0876132930513596,0.0,0.2719033232628399,6.797583081570997,0.5438066465256798,1.0876132930513596,0.5438066465256798,0.2719033232628399,1.0,0.4,0.5,85.85858585858585,0.6477495107632094,,,,,84.96379619588093,0.39738184522222814,49.26807951939021,0.917171955855353,-0.15316957255747451,34,0.5441845452665466,-1.1592927990604942,1.3813793502991913,-0.8308532316897785,,,,,,,1.216760132034963,0.6827984359965078,0.039802662800131935,-0.6002503937954361,0.6641302268330859,-0.4791428204307018,,,,,,,,,,
2490,Jefferson Lerma,8,Colombia,CM,412.0,3.0,1.0,0.0,0.0,0.0,0.0,286.0,248.0,4.0,2.0,2.0,5.0,34.0,19.0,0.0,0.0,5.0,6.0,1.0,0.0,6.8,0.6553398058252426,0.0,0.0,0.0,0.0,62.4757281553398,0.8737864077669902,0.4368932038834951,0.4368932038834951,1.0922330097087378,7.427184466019417,0.0,1.0922330097087378,1.3106796116504853,0.21844660194174756,0.3333333333333333,0.5588235294117647,0.0,86.7132867132867,0.6959459459459459,,,,,85.68105078171851,0.5848280595295309,55.905386206770935,1.65015725527854,-0.16508715326186293,35,1.0778349706608197,0.11987187216342231,0.8883190000048764,-1.5532430283316632,,,,,,,0.8982507220774765,-0.11662749925423542,0.03435669035619496,-0.6501518458341944,0.26920700322923463,-1.1904448863844403,,,,,,,,,,
46855,Yoel Bárcenas,11,Panama,CM,250.0,1.0,0.0,0.0,0.0,0.0,0.0,113.0,100.0,2.0,2.0,0.0,2.0,26.0,13.0,5.0,3.0,3.0,3.0,1.0,0.0,6.8999999999999995,0.36,0.0,0.0,0.0,0.0,40.68,0.72,0.72,0.0,0.72,9.36,1.08,1.08,1.08,0.36,0.0,0.5,0.6,88.49557522123894,0.5813953488372093,,,,,86.32837614468133,0.7539990778936541,40.75811310327534,-0.022618922492442246,-0.17988069111043634,36,0.85599605263071,-0.4118779272244447,1.2229880186113644,-1.0755538361186068,,,,,,,0.8180568080694559,-0.31790599434119865,0.04730037369969167,-0.5299372350085425,0.9985361532830394,0.3447299995185264,,,,,,,,,,
395559,Kerim Alajbegović,1113,Bosnia & Herzegovina,CM,277.0,2.0,1.0,1.0,0.0,0.0,0.0,92.0,72.0,4.0,0.0,0.0,2.0,37.0,16.0,17.0,10.0,6.0,4.0,0.0,0.0,6.6,0.6498194945848376,0.3249097472924188,0.0,0.0,0.0,29.89169675090253,1.2996389891696751,0.0,0.0,0.6498194945848376,12.021660649819495,3.2490974729241877,1.9494584837545128,1.2996389891696751,0.0,0.5,0.43243243243243246,0.5882352941176471,78.26086956521739,0.6061269146608315,,,,,80.25288579095941,-0.8337602607738482,34.214417143125594,-0.7452664011457869,-0.19486645193004445,37,0.805422981687539,-0.5331020143560341,0.756859623638702,-1.5532430283316632,,,,,,,1.16359830956207,0.5493677167731762,0.04450582208067269,-0.5561444006833074,2.3180974746426846,2.3080832250071524,,,,,,,,,,
264094,Benjamin Tahirović,1113,Bosnia & Herzegovina,CM,237.0,1.0,0.0,0.0,0.0,0.0,0.0,113.0,94.0,1.0,6.0,0.0,4.0,18.0,11.0,0.0,0.0,2.0,3.0,0.0,0.0,6.5,0.379746835443038,0.0,0.0,0.0,0.0,42.911392405063296,0.379746835443038,2.278481012658228,0.0,1.518987341772152,6.835443037974684,0.0,0.759493670886076,1.139240506329114,0.0,0.0,0.6111111111111112,0.0,83.1858407079646,0.5683453237410072,,,,,83.24305080261594,-0.052315118900484785,42.02874972280191,0.11770274816238938,-0.2023200906204039,38,1.3143364571491736,0.6867679745779024,2.124424095930184,0.31708520936029383,,,,,,,0.627732439975698,-0.7956006281815852,0.04877496568553337,-0.5161085849264946,0.38218356333742654,-1.1737722344348485,,,,,,,,,,
6236,Andrés Cubas,2380,Paraguay,CM,480.0,1.0,0.0,0.0,0.0,0.0,0.0,133.0,104.0,2.0,21.0,7.0,11.0,54.0,26.0,3.0,1.0,3.0,14.0,1.0,0.0,6.959999999999999,0.1875,0.0,0.0,0.0,0.0,24.9375,0.375,3.9375,1.3125,2.0625,10.125,0.1875,0.5625,2.625,0.1875,0.0,0.48148148148148145,0.3333333333333333,78.19548872180451,0.7272727272727273,,,,,79.59264018692333,-1.0063078351404573,29.281800961224842,-1.289995659461403,-0.21235860875264542,39,1.784967125198796,1.8120311791183354,3.387704315155889,1.8658302704738468,,,,,,,0.5329764052573729,-1.0334285519639936,0.0308169101376779,-0.6501518458341944,0.37783416047228313,-1.1844878184606513,,,,,,,,,,
73522,Akmal Mozgovoy,1568,Uzbekistan,CM,217.0,1.0,0.0,0.0,0.0,1.0,0.0,79.0,65.0,1.0,2.0,1.0,2.0,10.0,6.0,1.0,1.0,3.0,0.0,0.0,0.0,6.466666666666666,0.4147465437788018,0.0,0.0,0.4147465437788018,0.0,32.764976958525345,0.4147465437788018,0.8294930875576036,0.4147465437788018,0.8294930875576036,4.147465437788018,0.4147465437788018,1.2442396313364055,0.0,0.0,0.0,0.6,1.0,82.27848101265823,0.5465994962216625,,,,,82.74997057090698,-0.18117595103539644,36.43825852495818,-0.49967837607661614,-0.21311495345842577,40,0.9271493769047993,-0.2413227953995074,1.3246469722994627,-0.9184997401147423,,,,,,,0.659356240478252,-0.7162281339864794,0.27793239468732345,1.6329183525545579,0.6281373952435941,-0.5678180301507966,,,,,,,,,,
2507,Miguel Almirón,2380,Paraguay,CM,288.0,0.0,0.0,0.0,0.0,0.0,0.0,70.0,47.0,2.0,9.0,0.0,3.0,46.0,26.0,12.0,7.0,7.0,2.0,1.0,1.0,6.425,0.0,0.0,0.0,0.0,0.0,21.875,0.625,2.8125,0.0,0.9375,14.375,2.1875,2.1875,0.625,0.9375,0.0,0.5652173913043478,0.5833333333333334,67.14285714285714,0.6153846153846154,,,,,73.36421109838908,-1.9494334031374734,29.179462894035034,-1.3012972765712665,-0.2182822410264393,41,0.9787997919470198,-0.11751630517278767,2.4698394188095874,0.8507213458008644,,,,,,,0.7516333920296283,-0.48462195258329915,0.04345974506595601,-0.5659544587429496,1.6866892006660403,2.040126363221837,,,,,,,,,,
19614,Saeid Ezatolahi,22,Iran,CM,265.0,6.0,2.0,0.0,0.0,0.0,0.0,104.0,83.0,0.0,6.0,2.0,7.0,40.0,21.0,2.0,1.0,4.0,7.0,2.0,0.0,6.8999999999999995,2.0377358490566038,0.0,0.0,0.0,0.0,35.32075471698113,0.0,2.0377358490566038,0.6792452830188679,2.3773584905660377,13.584905660377357,0.33962264150943394,1.3584905660377358,2.3773584905660377,0.6792452830188679,0.3333333333333333,0.525,0.5,79.8076923076923,0.5955056179775281,,,,,81.22774471559931,-0.5789921233292484,37.564019403164934,-0.375355934270492,-0.22262959875136865,42,1.838378208160012,1.8120311791183354,1.9907524674222175,0.11057436092982309,,,,,,,0.3859874774603732,-1.247031986038789,0.045705979080600936,-0.5448893882087518,0.5603832492397908,-0.7347432994604577,,,,,,,,,,
21101,Samuel Moutoussamy,1508,Congo DR,CM,333.0,1.0,0.0,0.0,0.0,0.0,0.0,145.0,121.0,2.0,14.0,0.0,1.0,33.0,17.0,1.0,1.0,1.0,8.0,1.0,0.0,6.7,0.2702702702702703,0.0,0.0,0.0,0.0,39.18918918918919,0.5405405405405406,3.783783783783784,0.0,0.2702702702702703,8.91891891891892,0.2702702702702703,0.2702702702702703,2.1621621621621623,0.2702702702702703,0.0,0.5151515151515151,1.0,83.44827586206897,0.6491228070175439,,,,,83.40269746388343,-0.010593305095076404,39.777755622628455,-0.13088386418331596,-0.2299407771029339,43,0.5420629680920181,-1.1643782378417464,3.1303798206683955,1.8658302704738468,,,,,,,0.6857006383428188,-0.6501063986684866,0.03964748672683707,-0.6017056272697154,0.4861024286777912,-0.9177482771360431,,,,,,,,,,
309763,Livano Comenencia,5530,Curaçao,CM,235.0,5.0,2.0,1.0,0.0,0.0,0.0,64.0,51.0,2.0,2.0,3.0,10.0,17.0,7.0,4.0,2.0,1.0,4.0,1.0,0.0,6.8999999999999995,1.9148936170212765,0.3829787234042553,0.0,0.0,0.0,24.51063829787234,0.7659574468085106,0.7659574468085106,1.148936170212766,3.829787234042553,6.51063829787234,0.7659574468085106,0.3829787234042553,1.5319148936170213,0.3829787234042553,0.4,0.4117647058823529,0.5,79.6875,0.5662650602409639,,,,,81.26233840217647,-0.5699514622922075,31.604791890140714,-1.033458138779096,-0.23669754719635666,44,2.6218754280270007,1.8120311791183354,1.267192404826233,-1.0072619674290841,,,,,,,0.8476251264334123,-0.2436925493913223,0.0490100257611263,-0.51390420326374,0.8177603515944744,-0.10064568833738242,,,,,,,,,,
906,Tahith Chong,5530,Curaçao,CM,249.0,4.0,2.0,0.0,0.0,0.0,0.0,61.0,51.0,2.0,2.0,0.0,1.0,45.0,27.0,14.0,11.0,13.0,3.0,0.0,0.0,6.5,1.4457831325301205,0.0,0.0,0.0,0.0,22.048192771084338,0.7228915662650602,0.7228915662650602,0.0,0.3614457831325301,16.265060240963855,3.9759036144578315,4.698795180722891,1.0843373493975903,0.0,0.5,0.6,0.7857142857142857,83.60655737704919,0.5804195804195804,,,,,83.48564271279366,0.011083479145828053,29.944029450835423,-1.2168630213889968,-0.24583330354159635,45,0.6482011716345113,-0.90996404874329,1.2258388065335355,-1.0711496208107354,,,,,,,0.8199637003959582,-0.3131198902768319,0.04741063098104294,-0.5289032477243012,2.6791854217056104,2.3080832250071524,,,,,,,,,,
1324,Ivan Šunjić,1113,Bosnia & Herzegovina,CM,198.0,1.0,1.0,0.0,0.0,0.0,0.0,101.0,87.0,2.0,5.0,0.0,0.0,21.0,7.0,1.0,0.0,0.0,7.0,0.0,0.0,6.525,0.45454545454545453,0.0,0.0,0.0,0.0,45.90909090909091,0.9090909090909091,2.2727272727272725,0.0,0.0,9.545454545454545,0.0,0.0,3.1818181818181817,0.0,1.0,0.3333333333333333,0.0,86.13861386138613,0.5238095238095238,,,,,84.79564413084044,0.35343724222887446,43.50790644023385,0.28105215786829035,-0.27566802283233727,46,0.49756164717250073,-1.2710482878112324,2.1055154709071076,0.28787305536954294,,,,,,,0.9305937234652542,-0.03544988463779004,0.053807303414993166,-0.46891557274172774,0.42161520082462134,-1.0766248701023184,,,,,,,,,,
213980,Nizar Al-Rashdan,1548,Jordan,CM,256.0,2.0,1.0,1.0,0.0,0.0,0.0,82.0,58.0,1.0,8.0,1.0,2.0,38.0,21.0,8.0,6.0,4.0,5.0,0.0,0.0,6.6000000000000005,0.703125,0.3515625,0.0,0.0,0.0,28.828125,0.3515625,2.8125,0.3515625,0.703125,13.359375,2.109375,1.40625,1.7578125,0.0,0.5,0.5526315789473685,0.75,70.73170731707317,0.5871559633027523,,,,,75.92803901393111,-1.9494334031374734,33.798139069744025,-0.791237714907892,-0.27609470904579797,47,0.8442162904385443,-0.4401141187734438,2.444690018355245,0.8118677455020218,,,,,,,0.6003771272244635,-0.8642596561304021,0.046649451125842706,-0.536041554434316,1.6040608851185936,1.8365557385609201,,,,,,,,,,
329409,Esmir Bajraktarević,1113,Bosnia & Herzegovina,CM,229.0,3.0,2.0,0.0,0.0,0.0,0.0,70.0,58.0,4.0,0.0,0.0,4.0,19.0,4.0,6.0,1.0,2.0,1.0,0.0,0.0,6.275,1.1790393013100435,0.0,0.0,0.0,0.0,27.510917030567683,1.5720524017467248,0.0,0.0,1.5720524017467248,7.467248908296943,0.3930131004366812,0.7860262008733624,0.3930131004366812,0.0,0.6666666666666666,0.21052631578947367,0.16666666666666666,82.85714285714286,0.5599022004889975,,,,,83.0601311765011,-0.10011905367448702,33.38872526750219,-0.8364509787449806,-0.2813841399603906,48,1.3400447497095485,0.7483909735222468,0.8456842249459335,-1.5532430283316632,,,,,,,1.3001575243762007,0.8921173329759281,0.04972899924417462,-0.5071617058062678,0.6097079362144422,-0.6132225196635102,,,,,,,,,,
71230,Carlos Harvey,11,Panama,CM,268.0,4.0,0.0,0.0,0.0,0.0,0.0,108.0,84.0,3.0,7.0,1.0,1.0,47.0,17.0,6.0,3.0,3.0,8.0,1.0,0.0,6.366666666666667,1.3432835820895523,0.0,0.0,0.0,0.0,36.268656716417915,1.0074626865671643,2.3507462686567164,0.3358208955223881,0.3358208955223881,15.78358208955224,1.0074626865671643,1.0074626865671643,2.6865671641791047,0.3358208955223881,0.0,0.3617021276595745,0.5,77.77777777777777,0.5982142857142857,,,,,80.0039115655082,-0.898826803313166,38.11604605894732,-0.31439334166534155,-0.2838275287536617,49,0.6207104969446546,-0.9758594330211031,2.1783143928635864,0.40034095379991247,,,,,,,0.9860813113166654,0.10381826702794257,0.045399912256400485,-0.5477596676177204,0.9584163971243458,0.24588732351384435,,,,,,,,,,
195107,Damián Bobadilla,2380,Paraguay,CM,190.0,0.0,0.0,0.0,0.0,0.0,0.0,31.0,24.0,0.0,7.0,1.0,5.0,15.0,8.0,0.0,0.0,1.0,1.0,0.0,0.0,6.3999999999999995,0.0,0.0,0.0,0.0,0.0,14.68421052631579,0.0,3.31578947368421,0.47368421052631576,2.3684210526315788,7.105263157894736,0.0,0.47368421052631576,0.47368421052631576,0.0,0.0,0.5333333333333333,0.0,77.41935483870968,0.5135135135135135,,,,,80.28914961150831,-0.8242831294840258,27.421590903806475,-1.3726881613624953,-0.3050455702633143,50,1.7245359530573114,1.6700197033325075,2.637526616224018,1.1097832409502755,,,,,,,0.4642281823509894,-1.2059795368818267,0.054970704569911946,-0.45800525474807674,0.4307312051667754,-1.0541658536495586,,,,,,,,,,
375598,Ngal'ayel Mukau,1508,Congo DR,CM,196.0,1.0,0.0,0.0,0.0,0.0,0.0,70.0,60.0,1.0,2.0,0.0,3.0,17.0,7.0,2.0,1.0,4.0,3.0,0.0,0.0,6.5,0.45918367346938777,0.0,0.0,0.0,0.0,32.142857142857146,0.45918367346938777,0.9183673469387755,0.0,1.3775510204081634,7.806122448979592,0.45918367346938777,1.836734693877551,1.3775510204081634,0.0,0.0,0.4117647058823529,0.5,85.71428571428571,0.5212765957446809,,,,,84.56730834282774,0.29376431730240005,36.31911870853297,-0.5128354800238678,-0.30544846329371883,51,1.2182933580617163,0.45655183790610043,1.3986299149012946,-0.8042026344639605,,,,,,,0.6961819879517714,-0.6237992866903966,0.05409351247571122,-0.46623151844807686,0.6632195369992204,-0.48138647863823086,,,,,,,,,,
2749,Jackson Irvine,20,Australia,CM,229.0,2.0,1.0,0.0,0.0,0.0,0.0,131.0,104.0,1.0,3.0,3.0,1.0,20.0,13.0,4.0,3.0,3.0,3.0,1.0,0.0,6.8,0.7860262008733624,0.0,0.0,0.0,0.0,51.484716157205234,0.3930131004366812,1.1790393013100435,1.1790393013100435,0.3930131004366812,7.860262008733624,1.1790393013100435,1.1790393013100435,1.1790393013100435,0.3930131004366812,0.5,0.65,0.75,79.38931297709924,0.5599022004889975,,,,,81.11848559574318,-0.6075457342785102,46.81170815258776,0.6459046803483414,-0.3193023443007298,52,0.6798980504430447,-0.8339863569238071,1.505830924212437,-0.638586552483427,,,,,,,0.640010825109697,-0.764783141437862,0.04972899924417462,-0.5071617058062678,1.0498057357254447,0.4710424004764245,,,,,,,,,,
7050,Aiden O'Neill,20,Australia,CM,360.0,2.0,0.0,0.0,0.0,0.0,0.0,175.0,139.0,5.0,5.0,2.0,2.0,29.0,18.0,6.0,3.0,8.0,2.0,0.0,0.0,7.025,0.5,0.0,0.0,0.0,0.0,43.75,1.25,1.25,0.5,0.5,7.25,0.75,2.0,0.5,0.0,0.0,0.6206896551724138,0.5,79.42857142857143,0.6666666666666666,,,,,80.72517342812769,-0.7103333334326241,42.78886784149703,0.20164574387901502,-0.32634464942837177,53,0.681626486354084,-0.8298432811411117,1.4738608296349756,-0.6879775221999401,,,,,,,1.151415606425678,0.5187903820250681,0.03766511239049522,-0.6202962349036337,0.7951306405772349,-0.15639830022537596,,,,,,,,,,
362145,Ali Ahmed,5529,Canada,CM,236.0,2.0,1.0,0.0,0.0,0.0,0.0,67.0,49.0,3.0,7.0,0.0,3.0,32.0,18.0,4.0,1.0,5.0,1.0,0.0,0.0,6.925000000000001,0.7627118644067796,0.0,0.0,0.0,0.0,25.550847457627118,1.1440677966101696,2.669491525423729,0.0,1.1440677966101696,12.203389830508474,0.3813559322033898,1.906779661016949,0.3813559322033898,0.0,0.5,0.5625,0.25,73.13432835820896,0.5673076923076923,,,,,77.54088805153978,-1.5425095939977527,32.177857294250956,-0.9701721499578413,-0.3624316386632214,54,1.1011497659403975,0.1757576374870793,2.345877038468478,0.6592104274149371,,,,,,,1.0619337198794858,0.29420002894966396,0.048892213199200535,-0.5150090435923079,0.5994484276723724,-0.6384987769463284,,,,,,,,,,
2699,Saman Ghoddos,22,Iran,CM,211.0,4.0,0.0,0.0,0.0,0.0,0.0,64.0,45.0,1.0,7.0,0.0,4.0,20.0,11.0,3.0,1.0,0.0,3.0,0.0,0.0,6.666666666666667,1.7061611374407584,0.0,0.0,0.0,0.0,27.298578199052134,0.4265402843601896,2.985781990521327,0.0,1.7061611374407584,8.530805687203792,0.4265402843601896,0.0,1.2796208530805688,0.0,0.0,0.55,0.3333333333333333,70.3125,0.5396419437340153,,,,,76.29986045243794,-1.8668378449365324,33.54472796523886,-0.8192229539606586,-0.37420850594146454,55,1.401734789338121,0.8962625304519943,2.4958691764779712,0.8909350201649584,,,,,,,0.6694742390533659,-0.6908329958181731,0.05201831378738471,-0.48569262822429177,0.6377763322550049,-0.5440706692675485,,,,,,,,,,
44315,Abdullah Al-Khaibari,23,Saudi Arabia,CM,180.0,1.0,0.0,0.0,0.0,0.0,0.0,60.0,50.0,0.0,2.0,1.0,2.0,11.0,6.0,2.0,2.0,2.0,0.0,0.0,0.0,6.633333333333333,0.5,0.0,0.0,0.0,0.0,30.0,0.0,1.0,0.5,1.0,5.5,1.0,1.0,0.0,0.0,0.0,0.5454545454545454,1.0,83.33333333333333,0.5,,,,,83.32585538028675,-0.03067509746571933,35.43330176224555,-0.6106599184882063,-0.39607959481442256,56,1.0224397295311258,-0.012910998485807842,1.4607912444524631,-0.7081688758536744,,,,,,,0.47712340963851685,-1.1736138396298097,0.05649766858574283,-0.44368546238141,0.9426959608658525,0.20715702860366944,,,,,,,,,,
44340,Salem Al-Dawsari,23,Saudi Arabia,CM,246.0,1.0,0.0,0.0,0.0,0.0,0.0,73.0,54.0,0.0,5.0,0.0,1.0,36.0,16.0,10.0,7.0,4.0,3.0,1.0,0.0,6.366666666666667,0.36585365853658536,0.0,0.0,0.0,0.0,26.70731707317073,0.0,1.8292682926829267,0.0,0.36585365853658536,13.170731707317072,2.5609756097560976,1.4634146341463414,1.0975609756097562,0.36585365853658536,0.0,0.4444444444444444,0.7,73.97260273972603,0.5774647887323944,,,,,77.92152162177426,-1.4430354000538987,32.690114165277926,-0.9136014995907022,-0.39986051494874797,57,0.6527659686178529,-0.899022191012949,1.8682742910865886,-0.07864359348284487,,,,,,,0.4032028813846621,-1.247031986038789,0.04774450866400802,-0.5257721594692042,1.852982502140157,2.3080832250071524,,,,,,,,,,
50272,Otabek Shukurov,1568,Uzbekistan,CM,238.0,1.0,0.0,0.0,0.0,0.0,0.0,116.0,101.0,1.0,3.0,2.0,0.0,22.0,13.0,2.0,1.0,5.0,2.0,0.0,0.0,6.6000000000000005,0.37815126050420167,0.0,0.0,0.0,0.0,43.865546218487395,0.37815126050420167,1.134453781512605,0.7563025210084033,0.0,8.319327731092436,0.37815126050420167,1.8907563025210083,0.7563025210084033,0.0,0.0,0.5909090909090909,0.5,87.06896551724138,0.569377990430622,,,,,85.4538797368581,0.5254595267935668,42.574135489015305,0.17793195979564375,-0.47427885956546373,58,0.44994809241915146,-1.372529713953654,1.4734087272796335,-0.6886759803695699,,,,,,,0.6262306877269523,-0.7993698722241039,0.0486582791647546,-0.5172028652973595,0.5965802533772893,-0.6455650717027692,,,,,,,,,,
51016,Tajon Buchanan,5529,Canada,CM,380.0,4.0,3.0,0.0,0.0,0.0,0.0,88.0,72.0,3.0,7.0,0.0,1.0,52.0,21.0,15.0,5.0,8.0,5.0,0.0,0.0,6.5,0.9473684210526315,0.0,0.0,0.0,0.0,20.842105263157894,0.7105263157894737,1.657894736842105,0.0,0.23684210526315788,12.31578947368421,1.1842105263157894,1.894736842105263,1.1842105263157894,0.0,0.75,0.40384615384615385,0.3333333333333333,81.81818181818181,0.6785714285714286,,,,,82.30038754966486,-0.29866928884412575,27.278551132872135,-1.3726881613624953,-0.525150319398444,59,0.4965683975557237,-1.2734291157072266,1.7426515142908692,-0.27271967759915033,,,,,,,0.7888650490533322,-0.39117431396853364,0.03631992980512039,-0.6329112900837927,1.088161689128048,0.5655396117762164,,,,,,,,,,
366516,Issa Laye,1569,Qatar,CM,270.0,1.0,0.0,0.0,0.0,0.0,0.0,95.0,87.0,1.0,3.0,1.0,1.0,13.0,10.0,1.0,0.0,3.0,0.0,0.0,0.0,6.833333333333333,0.3333333333333333,0.0,0.0,0.0,0.0,31.666666666666664,0.3333333333333333,1.0,0.3333333333333333,0.3333333333333333,4.333333333333333,0.0,1.0,0.0,0.0,0.0,0.7692307692307693,0.0,91.57894736842105,0.6,,,,,88.27471939194871,1.2626534394643285,35.34664140979643,-0.6202301805507991,-0.5488330558736041,60,0.6179517836249007,-0.9824720926363503,1.3686329955619705,-0.8505452228816293,,,,,,,0.5816987277108134,-0.9111405222315945,0.04519813486859427,-0.5496519258947442,0.354156768692682,-1.1904448863844403,,,,,,,,,,
174915,Josué Casimir,2386,Haiti,CM,181.0,1.0,0.0,0.0,0.0,0.0,0.0,52.0,41.0,1.0,0.0,1.0,0.0,20.0,8.0,6.0,3.0,4.0,4.0,1.0,0.0,5.966666666666666,0.4972375690607735,0.0,0.0,0.0,0.0,25.85635359116022,0.4972375690607735,0.0,0.4972375690607735,0.0,9.94475138121547,1.4917127071823204,1.988950276243094,1.988950276243094,0.4972375690607735,0.0,0.4,0.5,78.84615384615384,0.5013850415512465,,,,,81.07607142121074,-0.618630189653293,33.340688737973394,-0.8417558518868015,-0.620202104821703,61,0.5209925280642806,-1.2148842642741453,0.9581297728611822,-1.4847364102683371,,,,,,,0.72510921736805,-0.5511949092140516,0.056341165348663215,-0.4451531419314561,1.1893920939382463,0.814940033476164,,,,,,,,,,
322101,Amar Memić,1113,Bosnia & Herzegovina,CM,224.0,2.0,1.0,0.0,0.0,0.0,0.0,46.0,37.0,0.0,3.0,0.0,2.0,24.0,11.0,5.0,1.0,3.0,4.0,0.0,0.0,6.300000000000001,0.8035714285714286,0.0,0.0,0.0,0.0,18.482142857142858,0.0,1.2053571428571428,0.0,0.8035714285714286,9.642857142857142,0.4017857142857143,1.2053571428571428,1.6071428571428572,0.0,0.5,0.4583333333333333,0.2,80.43478260869566,0.5544554455445545,,,,,81.71955257735411,-0.45046381040831734,28.45541741190197,-1.3726881613624953,-0.7222614215048716,62,0.9110849075029834,-0.27982946707615464,1.5244674455516998,-0.609794774628081,,,,,,,0.42515947393531195,-1.247031986038789,0.05034445715561242,-0.5013899722154039,0.6172538265141259,-0.59463177880486,,,,,,,,,,
2979,José Luis Rodríguez,11,Panama,CM,235.0,3.0,1.0,0.0,0.0,0.0,0.0,47.0,36.0,1.0,4.0,0.0,0.0,35.0,9.0,7.0,1.0,2.0,4.0,0.0,0.0,6.166666666666667,1.148936170212766,0.0,0.0,0.0,0.0,18.0,0.3829787234042553,1.5319148936170213,0.0,0.0,13.404255319148936,0.3829787234042553,0.7659574468085106,1.5319148936170213,0.0,0.3333333333333333,0.2571428571428571,0.14285714285714285,76.59574468085107,0.5662650602409639,,,,,79.51158539012827,-1.0274905715226015,27.918044902188903,-1.3726881613624953,-0.863820030700067,63,0.45320072923182,-1.372529713953654,1.7009273445852693,-0.3371798310523332,,,,,,,0.6307576565538942,-0.788007645001957,0.0490100257611263,-0.51390420326374,0.6008928817149564,-0.6349400887436873,,,,,,,,,,
134217,Mohammad Mohebi,22,Iran,CM,245.0,1.0,1.0,1.0,0.0,0.0,0.0,76.0,51.0,2.0,3.0,0.0,1.0,27.0,14.0,1.0,0.0,1.0,1.0,0.0,0.0,6.833333333333333,0.3673469387755102,0.3673469387755102,0.0,0.0,0.0,27.918367346938776,0.7346938775510204,1.1020408163265307,0.0,0.3673469387755102,9.918367346938776,0.0,0.3673469387755102,0.3673469387755102,0.0,1.0,0.5185185185185185,0.0,67.10526315789474,0.5764705882352941,,,,,73.97199390726458,-1.9494334031374734,33.402326198607994,-0.8349489715260017,-0.9164006397371942,64,0.6543018885440125,-0.8953405777060343,1.4491408188303219,-0.726167753451407,,,,,,,0.8276810058114497,-0.29375024559280727,0.04785684868439394,-0.5247186403621948,0.3749895197922515,-1.1904448863844403,,,,,,,,,,
19617,Michael Olise,2,France,AM,560.0,11.0,5.0,0.0,0.0,5.0,0.0,355.0,306.0,13.0,10.0,0.0,3.0,78.0,42.0,29.0,15.0,16.0,4.0,1.0,0.0,7.385714285714285,1.767857142857143,0.0,0.0,0.8035714285714286,0.0,57.05357142857143,2.0892857142857144,1.6071428571428572,0.0,0.4821428571428572,12.535714285714286,2.410714285714286,2.5714285714285716,0.6428571428571429,0.16071428571428573,0.45454545454545453,0.5384615384615384,0.5172413793103449,86.19718309859155,0.7567567567567568,,,,,85.8770251800745,0.39819852505301323,,,0.9579278471513379,1,,,,,,,,,,,1.8821141725131723,1.5904726398427433,0.6486022175575499,2.4878452853198154,2.1384723619402712,1.5736404920073472,0.045085172923768096,-0.6323920603331235,1.6491903744586391,0.9042841002786582,0.4304855528539739,0.3834459478909119,,,,
406244,Johan Manzambi,15,Switzerland,AM,200.0,4.0,3.0,3.0,0.0,2.0,0.0,55.0,43.0,3.0,0.0,0.0,0.0,31.0,9.0,14.0,5.0,3.0,3.0,0.0,0.0,7.699999999999999,1.8,1.35,0.0,0.9,0.0,24.75,1.35,0.0,0.0,0.0,13.950000000000001,2.25,1.35,1.35,0.0,0.75,0.2903225806451613,0.35714285714285715,78.18181818181819,0.5263157894736842,,,,,81.35510456423026,-1.3605390084982092,,,0.9406097306311879,2,,,,,,,,,,,1.2967486517361775,0.09273605456376287,0.5525411605068075,2.4276392265845907,1.7959724943047384,0.9416062942494932,0.798323757798917,2.6673467437279026,1.5536865186826128,0.6635781537656318,0.5631943541223319,1.1519006500251445,,,,
129718,Jude Bellingham,10,England,AM,618.0,15.0,11.0,6.0,0.0,1.0,0.0,223.0,184.0,8.0,14.0,0.0,3.0,84.0,44.0,21.0,13.0,16.0,9.0,1.0,0.0,7.728571428571429,2.1844660194174756,0.8737864077669902,0.0,0.14563106796116504,0.0,32.4757281553398,1.1650485436893203,2.0388349514563107,0.0,0.4368932038834951,12.233009708737864,1.8932038834951455,2.3300970873786406,1.3106796116504853,0.14563106796116504,0.7333333333333333,0.5238095238095238,0.6190476190476191,82.51121076233184,0.7744360902255639,,,,,83.0457447984523,-0.7029882268149242,,,0.8306296441273183,3,,,,,,,,,,,1.1814091324056986,-0.202375652050679,0.1503328834493569,-0.09319240860379531,1.757480636385715,0.870575111936898,0.7185000350420907,2.6281610953194416,1.980452226941595,1.739189634695669,0.6481376623640176,1.5750379544086186,,,,
129678,Azzedine Ounahi,31,Morocco,AM,437.0,4.0,3.0,2.0,0.0,0.0,0.0,315.0,279.0,9.0,3.0,2.0,2.0,45.0,22.0,23.0,12.0,7.0,3.0,1.0,0.0,7.133333333333333,0.8237986270022883,0.41189931350114417,0.0,0.0,0.0,64.8741418764302,1.8535469107551488,0.6178489702517163,0.41189931350114417,0.41189931350114417,9.267734553775744,2.471395881006865,1.4416475972540046,0.6178489702517163,0.20594965675057209,0.75,0.4888888888888889,0.5217391304347826,88.57142857142857,0.7082658022690438,,,,,87.49479802878145,1.0274085602340026,,,0.6366260017845956,4,,,,,,,,,,,1.673848440291325,1.0575966921877904,0.0485666790803676,-0.7068518982085139,2.1271791699121563,1.5528005319428648,0.34580717660225024,0.7986033133981099,0.9568895901124682,-0.8405765047063221,0.6349495211774492,1.5674013176442376,,,,
1323,Dani Olmo,9,Spain,AM,420.0,7.0,1.0,0.0,0.0,2.0,0.0,207.0,189.0,9.0,7.0,1.0,0.0,40.0,22.0,10.0,5.0,8.0,5.0,0.0,0.0,7.085714285714286,1.5,0.0,0.0,0.42857142857142855,0.0,44.357142857142854,1.9285714285714284,1.5,0.21428571428571427,0.0,8.571428571428571,1.0714285714285714,1.7142857142857142,1.0714285714285714,0.0,0.14285714285714285,0.55,0.5,91.30434782608695,0.7,,,,,89.37733697500065,1.7595956515966253,,,0.378037379527727,5,,,,,,,,,,,1.7212741460995789,1.178941752924226,0.3499427349876446,1.1578579977534542,1.1374492463930008,-0.27360355552976434,0.055605046605980674,-0.6260055924109204,1.4340014618323216,0.36192640726257164,0.20668975761081024,-0.912451004902104,,,,
629,Kevin De Bruyne,1,Belgium,AM,387.0,13.0,5.0,1.0,0.0,0.0,0.0,186.0,150.0,10.0,3.0,1.0,0.0,33.0,17.0,11.0,6.0,4.0,2.0,1.0,0.0,7.159999999999999,3.0232558139534884,0.23255813953488372,0.0,0.0,0.0,43.25581395348837,2.3255813953488373,0.6976744186046512,0.23255813953488372,0.0,7.674418604651163,1.3953488372093024,0.9302325581395349,0.46511627906976744,0.23255813953488372,0.38461538461538464,0.5151515151515151,0.5454545454545454,80.64516129032258,0.6825396825396826,,,,,81.98986511005062,-1.1136578065505065,,,0.2907706841646482,6,,,,,,,,,,,1.9801842815868562,1.6155651991186957,0.05284945501338063,-0.7041676777003366,1.3623801549132284,0.1414740539857215,0.21757147788992665,0.1690913300416537,2.469842816753779,1.8625346286523194,0.3754144769182363,0.06455506160499028,,,,
348205,Petar Sučić,3,Croatia,AM,288.0,3.0,2.0,1.0,0.0,1.0,0.0,128.0,108.0,4.0,5.0,0.0,1.0,37.0,13.0,4.0,1.0,6.0,7.0,1.0,0.0,7.0249999999999995,0.9375,0.3125,0.0,0.3125,0.0,40.0,1.25,1.5625,0.0,0.3125,11.5625,0.3125,1.875,2.1875,0.3125,0.6666666666666666,0.35135135135135137,0.25,84.375,0.6153846153846154,,,,,84.56960704710227,-0.11030340097525446,,,0.030949463118430755,7,,,,,,,,,,,1.2452232642302297,-0.039098594384982345,0.2563368397277496,0.5711850835668345,0.6890374953756422,-1.1010828864737396,0.26359621359741114,0.395027812235055,1.0692326433747712,-0.5574293924778538,0.54703815078309,1.0583476203389561,,,,
374058,Lamine Camara,13,Senegal,AM,250.0,3.0,0.0,0.0,0.0,1.0,0.0,138.0,117.0,6.0,3.0,0.0,2.0,28.0,12.0,5.0,3.0,3.0,5.0,1.0,0.0,6.625,1.08,0.0,0.0,0.36,0.0,49.68,2.16,1.08,0.0,0.72,10.08,1.08,1.08,1.7999999999999998,0.36,0.0,0.42857142857142855,0.6,84.78260869565217,0.5813953488372093,,,,,84.82378667896955,-0.011443801967063828,,,-0.040804750310846814,8,,,,,,,,,,,1.7738709015342966,1.313517641126495,0.2789898627734577,0.7131624131833403,1.1685338321762804,-0.21624142755639852,0.07758843712462418,-0.5180886246300846,1.163722969998588,-0.3192779239167257,0.14886942922438634,-1.2472615284154904,,,,
380587,Ibrahim Maza,1532,Algeria,AM,351.0,8.0,3.0,0.0,0.0,0.0,0.0,141.0,113.0,3.0,5.0,0.0,0.0,45.0,25.0,23.0,13.0,5.0,1.0,0.0,0.0,6.65,2.051282051282051,0.0,0.0,0.0,0.0,36.15384615384615,0.7692307692307692,1.282051282051282,0.0,0.0,11.538461538461537,3.333333333333333,1.282051282051282,0.2564102564102564,0.0,0.375,0.5555555555555556,0.5652173913043478,80.1418439716312,0.6610169491525424,,,,,81.74833019225314,-1.2075994215592276,,,-0.05447393282341084,9,,,,,,,,,,,0.9279933854232532,-0.8507739981603162,0.056432468912592876,-0.6817112159573482,2.6411855891446336,1.666408980781327,0.06283056113670132,-0.5905353760150258,1.78983216026251,1.2587547538048902,0.3684347543624974,0.02413874734182474,,,,
474591,Christ Inao Oulaï,1501,Ivory Coast,AM,208.0,2.0,0.0,0.0,0.0,0.0,0.0,127.0,115.0,3.0,6.0,2.0,6.0,30.0,19.0,8.0,5.0,5.0,3.0,0.0,0.0,7.075,0.8653846153846154,0.0,0.0,0.0,0.0,54.95192307692308,1.2980769230769231,2.5961538461538463,0.8653846153846154,2.5961538461538463,12.980769230769232,2.1634615384615383,2.1634615384615383,1.2980769230769231,0.0,0.0,0.6333333333333333,0.625,90.55118110236221,0.5360824742268041,,,,,87.92067465808042,1.1930472956832623,,,-0.09684700804530477,10,,,,,,,,,,,1.2700115661333697,0.02432561720505663,0.0772310334860485,-0.5513566645123852,1.758942133597424,0.8732720946367887,0.08598718547316599,-0.47685897653916487,1.0577342193283321,-0.586409783070639,0.16498416125383025,-1.1539486397200522,,,,
1485,Bruno Fernandes,27,Portugal,AM,423.0,6.0,3.0,0.0,0.0,1.0,0.0,276.0,237.0,6.0,8.0,1.0,0.0,36.0,24.0,5.0,2.0,8.0,2.0,0.0,0.0,7.5200000000000005,1.2765957446808511,0.0,0.0,0.2127659574468085,0.0,58.72340425531915,1.2765957446808511,1.702127659574468,0.2127659574468085,0.0,7.659574468085107,0.425531914893617,1.702127659574468,0.425531914893617,0.0,0.5,0.6666666666666666,0.4,85.8695652173913,0.7014925373134329,,,,,85.57446465174193,0.280521855656149,,,-0.1042989552785063,11,,,,,,,,,,,1.2649493991040588,0.011373380540129385,0.19894799501258179,0.2115017465572262,0.6840291008885581,-1.1103251574665787,0.055328404583065344,-0.6273636344403544,1.2776133948580313,-0.03223084825881747,0.4569052314535425,0.5364299704627018,,,,
482605,Gilberto Mora,16,Mexico,AM,215.0,2.0,0.0,0.0,0.0,0.0,0.0,86.0,78.0,5.0,3.0,0.0,2.0,23.0,9.0,7.0,2.0,3.0,3.0,0.0,0.0,6.6,0.8372093023255814,0.0,0.0,0.0,0.0,36.0,2.0930232558139537,1.255813953488372,0.0,0.8372093023255814,9.627906976744187,0.8372093023255814,1.255813953488372,1.255813953488372,0.0,0.0,0.391304347826087,0.2857142857142857,90.69767441860465,0.5443037974683544,,,,,88.04702809631358,1.2421906914198608,,,-0.13136403531829746,12,,,,,,,,,,,1.7032012345816392,1.1326997727901753,0.07586238225971347,-0.559934656328282,1.0442267033817736,-0.4456323378817239,0.0844633619331352,-0.4843394612138887,1.038989562276944,-0.6336534297376151,0.16206039130755984,-1.1708788262766086,,,,
756,Federico Valverde,7,Uruguay,AM,237.0,6.0,2.0,0.0,0.0,0.0,0.0,120.0,97.0,1.0,3.0,0.0,3.0,19.0,7.0,5.0,4.0,0.0,1.0,0.0,0.0,6.8,2.278481012658228,0.0,0.0,0.0,0.0,45.56962025316456,0.379746835443038,1.139240506329114,0.0,1.139240506329114,7.215189873417722,1.518987341772152,0.0,0.379746835443038,0.0,0.3333333333333333,0.3684210526315789,0.8,80.83333333333333,0.5683453237410072,,,,,82.58051822072869,-0.8839315722113897,,,-0.2501899315941248,13,,,,,,,,,,,0.7500347425893223,-1.3061051725779405,0.07186005034193481,-0.5850191846395169,1.4207902825798575,0.24926153558555897,0.0800072613035693,-0.5062145613109913,1.8474841177443475,1.404059557273128,0.34295888385248474,-0.1233801232777221,,,,
37435,Deroy Duarte,1533,Cape Verde Islands,AM,264.0,3.0,2.0,1.0,0.0,0.0,0.0,101.0,86.0,2.0,8.0,1.0,6.0,19.0,12.0,0.0,0.0,1.0,4.0,0.0,0.0,7.0,1.0227272727272727,0.3409090909090909,0.0,0.0,0.0,34.43181818181818,0.6818181818181818,2.727272727272727,0.3409090909090909,2.0454545454545454,6.477272727272727,0.0,0.3409090909090909,1.3636363636363635,0.0,0.6666666666666666,0.631578947368421,0.0,85.14851485148515,0.5945945945945946,,,,,85.04005409647735,0.07267037357206989,,,-0.25374195944972916,14,,,,,,,,,,,0.9071272244588906,-0.9041628835001344,0.06749018241573607,-0.6124072368957946,0.5235800626932444,-1.4064107584242638,0.2778446575756496,0.46497375021139054,1.12702900247611,-0.41176064214885666,0.5405717445191129,1.0209036810374845,,,,
163032,Fabian Rieder,15,Switzerland,AM,304.0,4.0,2.0,0.0,0.0,0.0,0.0,87.0,67.0,3.0,6.0,0.0,1.0,36.0,15.0,7.0,3.0,6.0,3.0,0.0,0.0,6.6,1.1842105263157894,0.0,0.0,0.0,0.0,25.756578947368418,0.888157894736842,1.776315789473684,0.0,0.29605263157894735,10.657894736842104,0.888157894736842,1.776315789473684,0.888157894736842,0.0,0.5,0.4166666666666667,0.42857142857142855,77.01149425287356,0.628099173553719,,,,,79.9381618820608,-1.41564900466423,,,-0.4862003768092523,15,,,,,,,,,,,1.0181084455779905,-0.6202024703067225,0.061912481389642185,-0.6473653568555978,1.0381602228012408,-0.45682715443275046,0.06893187595782728,-0.5605838817533111,1.2198365229326298,-0.17785048351187602,0.44630961687290527,0.4750757138597218,,,,
50745,Jamiro Monteiro,1533,Cape Verde Islands,AM,283.0,2.0,1.0,0.0,0.0,0.0,0.0,103.0,85.0,3.0,7.0,2.0,4.0,26.0,9.0,5.0,0.0,2.0,4.0,0.0,0.0,6.5,0.6360424028268551,0.0,0.0,0.0,0.0,32.75618374558304,0.9540636042402826,2.2261484098939928,0.6360424028268551,1.2720848056537102,8.268551236749117,0.0,0.6360424028268551,1.2720848056537102,0.0,0.5,0.34615384615384615,0.0,82.52427184466019,0.6112311015118791,,,,,83.44048602609654,-0.5494591686829774,,,-0.5991659739591478,16,,,,,,,,,,,1.064286150453018,-0.5020505881737588,0.06472060689543588,-0.629765491277563,0.5020940558008651,-1.4103756916731418,0.07205837573129244,-0.5452358227251239,0.8863949829360537,-1.0182496573406716,0.4438744159103372,0.4609746021592018,,,,
863,Rodrigo Bentancur,7,Uruguay,AM,270.0,2.0,0.0,0.0,0.0,0.0,0.0,181.0,153.0,2.0,6.0,1.0,7.0,38.0,20.0,5.0,4.0,5.0,7.0,1.0,0.0,6.933333333333334,0.6666666666666666,0.0,0.0,0.0,0.0,60.33333333333333,0.6666666666666666,2.0,0.3333333333333333,2.333333333333333,12.666666666666666,1.3333333333333333,1.6666666666666665,2.333333333333333,0.3333333333333333,0.0,0.5263157894736842,0.8,84.5303867403315,0.6,,,,,84.67062337318526,-0.07101451926399305,,,-0.6152856787657252,17,,,,,,,,,,,0.8950321947994387,-0.9351096471512458,0.06659031331685959,-0.6180471469159761,1.3165989951906678,0.05699151459839574,0.07414006214130757,-0.535016776438843,0.912001949109762,-0.9537103884275443,0.14225301014774697,-1.251092787760869,,,,
3608,Kwasi Sibo,1504,Ghana,AM,249.0,0.0,0.0,0.0,0.0,0.0,0.0,94.0,90.0,0.0,1.0,2.0,2.0,16.0,4.0,0.0,0.0,1.0,7.0,0.0,0.0,6.475,0.0,0.0,0.0,0.0,0.0,33.975903614457835,0.0,0.3614457831325301,0.7228915662650602,0.7228915662650602,5.783132530120482,0.0,0.3614457831325301,2.5301204819277108,0.0,0.0,0.25,0.0,95.74468085106383,0.5804195804195804,,,,,91.18648398591785,1.8299598844551912,,,-0.6613322385541783,18,,,,,,,,,,,0.5192645399994112,-1.3651508394208336,0.06984997900369888,-0.5976172630666469,0.541887057892309,-1.3726278343493545,0.07776929595242052,-0.5172007845002545,0.5370649815836664,-1.3614367063364292,0.1492164442109234,-1.2452521266609209,,,,
327895,Paul Wanner,775,Austria,AM,234.0,1.0,0.0,0.0,0.0,0.0,0.0,77.0,64.0,1.0,3.0,1.0,2.0,33.0,11.0,14.0,3.0,2.0,4.0,0.0,0.0,6.35,0.38461538461538464,0.0,0.0,0.0,0.0,29.615384615384617,0.38461538461538464,1.153846153846154,0.38461538461538464,0.7692307692307693,12.692307692307693,1.153846153846154,0.7692307692307693,1.5384615384615385,0.0,0.0,0.3333333333333333,0.21428571428571427,83.11688311688312,0.5652173913043478,,,,,83.8838810323539,-0.3770069064823483,,,-0.7718459095967134,19,,,,,,,,,,,0.7554697769559118,-1.2921989045724651,0.0723807753444126,-0.581755552003503,1.2136945599898565,-0.13290380593667797,0.08058702406663866,-0.5033684926224684,0.7739151620758282,-1.3017414757995087,0.15462283711711627,-1.213946229760022,,,,
762,Vinícius Júnior,6,Brazil,W,441.0,14.0,11.0,4.0,0.0,1.0,0.0,143.0,121.0,9.0,3.0,0.0,1.0,61.0,29.0,37.0,16.0,10.0,4.0,0.0,0.0,8.040000000000001,2.857142857142857,0.8163265306122449,0.0,0.20408163265306123,0.0,29.183673469387756,1.836734693877551,0.6122448979591837,0.0,0.20408163265306123,12.448979591836736,3.2653061224489797,2.0408163265306123,0.8163265306122449,0.0,0.7857142857142857,0.47540983606557374,0.43243243243243246,84.61538461538461,0.7101449275362319,,,,,,,,,0.8890043143050322,1,,,,,,,0.46920184420647665,0.3172686033345166,,,1.7604547271667006,0.30818342416185746,0.20752835083616422,-0.03687996918164478,2.7446188861745533,2.265699324273969,0.6509198610550719,2.1492826279337085,,,0.6998675796118251,1.1497797347419367,0.4291189567371042,0.06969645487088105,,
48471,Rubén Vargas,15,Switzerland,W,289.0,5.0,4.0,2.0,0.0,1.0,0.0,85.0,64.0,9.0,5.0,0.0,2.0,35.0,19.0,9.0,5.0,6.0,6.0,0.0,0.0,7.433333333333334,1.5570934256055362,0.6228373702422145,0.0,0.31141868512110726,0.0,26.470588235294116,2.8027681660899653,1.5570934256055362,0.0,0.6228373702422145,10.899653979238755,1.5570934256055362,1.8685121107266436,1.8685121107266436,0.0,0.8,0.5428571428571428,0.5555555555555556,75.29411764705883,0.6162046908315565,,,,,,,,,0.8714280122779309,2,,,,,,,0.5087512192601669,1.1796704432367793,,,2.331007218700471,1.329570217640043,0.2747870061178208,0.41034607117890604,1.523258695766306,0.10689997474873134,0.47808365397697167,1.2827466710005,,,0.6808481171406042,1.0444593052501867,0.5039141257709905,0.7463034028903704,,
157997,Amad Diallo,1501,Ivory Coast,W,184.0,7.0,4.0,2.0,0.0,0.0,0.0,75.0,69.0,4.0,5.0,1.0,2.0,27.0,15.0,14.0,8.0,2.0,0.0,0.0,0.0,7.7,3.4239130434782608,0.9782608695652174,0.0,0.0,0.0,36.684782608695656,1.9565217391304348,2.4456521739130435,0.4891304347826087,0.9782608695652174,13.206521739130435,3.9130434782608696,0.9782608695652174,0.0,0.0,0.5714285714285714,0.5555555555555556,0.5714285714285714,92.0,0.5054945054945055,,,,,,,,,0.8418238066460285,3,,,,,,,0.5053319499162807,1.1051108789127997,,,1.7671494109080248,0.3201680560079475,0.10679974139906037,-0.7066593003462749,2.704418484380213,2.232361960090907,0.6159924003164827,2.0433357898246163,,,0.530935780444507,0.21431851074374209,0.49704128179641793,0.6841307512884618,,
161904,Bradley Barcola,2,France,W,339.0,8.0,4.0,2.0,0.0,1.0,0.0,112.0,96.0,7.0,4.0,1.0,1.0,43.0,23.0,21.0,12.0,1.0,3.0,1.0,0.0,7.071428571428571,2.1238938053097347,0.5309734513274337,0.0,0.26548672566371684,0.0,29.734513274336287,1.858407079646018,1.0619469026548674,0.26548672566371684,0.26548672566371684,11.415929203539823,3.1858407079646023,0.26548672566371684,0.7964601769911506,0.26548672566371684,0.5,0.5348837209302325,0.5714285714285714,85.71428571428571,0.653179190751445,,,,,,,,,0.80609606121037,4,,,,,,,0.5068288804290034,1.1377524978163944,,,1.759619240020272,0.30668775890730915,0.2483142694976069,0.23431969767222458,2.590382135480535,2.027156934598196,0.43202549848786076,1.0287284681819129,,,0.49637334670316646,0.022928750311439466,0.5192571390083327,0.8850983209851139,,
37724,Crysencio Summerville,1118,Netherlands,W,253.0,2.0,2.0,2.0,0.0,2.0,0.0,65.0,57.0,4.0,4.0,0.0,2.0,28.0,14.0,9.0,4.0,5.0,2.0,1.0,0.0,7.575,0.7114624505928854,0.7114624505928854,0.0,0.7114624505928854,0.0,23.122529644268774,1.4229249011857708,1.4229249011857708,0.0,0.7114624505928854,9.960474308300395,1.4229249011857708,1.7786561264822134,0.7114624505928854,0.3557312252964427,1.0,0.5,0.4444444444444444,87.6923076923077,0.5842956120092379,,,,,,,,,0.7866784512191044,5,,,,,,,0.4808743823263371,0.5717964773459594,,,1.4855482345739515,-0.18394633627583423,0.5054852329544064,1.9443382997518284,1.4420515665459528,-0.03922984423128986,0.5178319485339485,1.5019649666800605,,,0.7878008474340494,1.5916524441271074,0.4346988773105853,0.12017315113589981,,
51776,Maximiliano Araújo,7,Uruguay,W,252.0,4.0,3.0,2.0,0.0,1.0,0.0,57.0,49.0,10.0,2.0,0.0,0.0,34.0,15.0,10.0,5.0,7.0,2.0,0.0,0.0,7.433333333333334,1.4285714285714286,0.7142857142857143,0.0,0.35714285714285715,0.0,20.357142857142858,3.5714285714285716,0.7142857142857143,0.0,0.0,12.142857142857142,1.7857142857142858,2.5,0.7142857142857143,0.0,0.75,0.4411764705882353,0.5,85.96491228070175,0.5833333333333334,,,,,,,,,0.7552984035961722,6,,,,,,,0.4465163845730075,-0.17740374231881478,,,2.7389870036354655,1.8078432991822977,0.2983220043269861,0.5668384068478328,1.6537229822092536,0.341666586304892,0.5190306335999993,1.5085759093674136,,,0.6414763123586653,0.8264376132190046,0.4670837255348125,0.413130752570579,,
1946,Leandro Trossard,1,Belgium,W,510.0,5.0,3.0,2.0,0.0,2.0,0.0,201.0,170.0,17.0,6.0,0.0,5.0,56.0,25.0,15.0,10.0,8.0,4.0,0.0,0.0,7.533333333333332,0.8823529411764707,0.35294117647058826,0.0,0.35294117647058826,0.0,35.47058823529412,3.0,1.0588235294117647,0.0,0.8823529411764707,9.882352941176471,1.7647058823529413,1.411764705882353,0.7058823529411765,0.0,0.6,0.44642857142857145,0.6666666666666666,84.57711442786069,0.7391304347826086,,,,,,,,,0.7544000980419364,7,,,,,,,0.448401708660689,-0.13629292932059855,,,2.6278875153195953,1.8078432991822977,0.3172102983612435,0.6924332007778058,1.687548301904924,0.4025342452349015,0.32495830973217354,0.4382355450558874,,,0.5711851694767296,0.43719983276157254,0.6025799556971579,1.638847492601688,,
407806,Rayan,6,Brazil,W,289.0,4.0,2.0,0.0,0.0,1.0,0.0,97.0,90.0,10.0,4.0,0.0,3.0,31.0,18.0,6.0,5.0,4.0,5.0,0.0,0.0,7.175,1.245674740484429,0.0,0.0,0.31141868512110726,0.0,30.207612456747405,3.1141868512110724,1.245674740484429,0.0,0.9342560553633218,9.653979238754324,1.5570934256055362,1.245674740484429,1.5570934256055362,0.0,0.5,0.5806451612903226,0.8333333333333334,92.78350515463917,0.6162046908315565,,,,,,,,,0.7074220189880779,8,,,,,,,0.5320363734759216,1.6874195495327358,,,2.522904873284693,1.6730999243719638,0.2747870061178208,0.41034607117890604,1.523258695766306,0.10689997474873134,0.09428834480852819,-0.8339467495213199,,,0.4959867098911373,0.020787745792418565,0.675082095446423,1.8873476168131096,,
1460,Bukayo Saka,10,England,W,267.0,6.0,3.0,0.0,0.0,3.0,0.0,75.0,61.0,5.0,10.0,0.0,1.0,40.0,24.0,12.0,6.0,7.0,4.0,0.0,0.0,7.0,2.0224719101123596,0.0,0.0,1.0112359550561798,0.0,25.280898876404493,1.6853932584269662,3.3707865168539324,0.0,0.33707865168539325,13.48314606741573,2.0224719101123596,2.359550561797753,1.348314606741573,0.0,0.5,0.6,0.5,81.33333333333333,0.5973154362416108,,,,,,,,,0.6436356931018371,9,,,,,,,0.5412049385845726,1.7571158819435546,,,1.640363278681255,0.09319913908238396,0.690995762571047,2.416555010906831,1.7995712042827685,0.6041161334663129,0.0989289344859054,-0.808353144277086,,,0.4957891877828711,0.01969396549719792,0.46818829850344296,0.4231228650936659,,
35532,Julián Quiñones,16,Mexico,W,414.0,11.0,6.0,4.0,0.0,1.0,0.0,135.0,111.0,10.0,4.0,0.0,0.0,45.0,20.0,9.0,6.0,7.0,5.0,0.0,0.0,7.76,2.391304347826087,0.8695652173913043,0.0,0.21739130434782608,0.0,29.34782608695652,2.1739130434782608,0.8695652173913043,0.0,0.0,9.782608695652174,1.3043478260869565,1.5217391304347825,1.0869565217391304,0.0,0.5454545454545454,0.4444444444444444,0.6666666666666666,82.22222222222223,0.696969696969697,,,,,,,,,0.6124396645251549,10,,,,,,,0.44733772314360937,-0.1594938791791787,,,1.9919905480985203,0.7226722454816276,0.21696145769235348,0.025844017938300747,1.3542227749400633,-0.197275148157462,0.6805071274666663,2.1492826279337085,,,0.5285116982443185,0.20089513567026338,0.5922225074596617,1.545152651988824,,
2879,Roberto Alvarado,16,Mexico,W,443.0,3.0,0.0,0.0,0.0,3.0,0.0,191.0,159.0,13.0,9.0,0.0,2.0,36.0,21.0,8.0,7.0,5.0,3.0,0.0,0.0,7.32,0.6094808126410836,0.0,0.0,0.6094808126410836,0.0,38.80361173814899,2.6410835214446955,1.8284424379232507,0.0,0.40632054176072235,7.313769751693003,1.4221218961625282,1.0158013544018059,0.6094808126410836,0.0,0.0,0.5833333333333334,0.875,83.24607329842932,0.7110754414125201,,,,,,,,,0.5813877612247226,11,,,,,,,0.545963522012794,1.7571158819435546,,,2.332652304286551,1.3325152029248262,0.4957866867885361,1.879849314938611,1.4356473969733508,-0.0507539573152818,0.07098111350754369,-0.9365359442328599,,,0.14144103842527028,-1.799823786498902,0.7438285223612183,1.8873476168131096,,
304,Sadio Mané,13,Senegal,W,363.0,5.0,3.0,0.0,0.0,1.0,0.0,135.0,110.0,12.0,4.0,0.0,3.0,49.0,25.0,15.0,8.0,10.0,4.0,0.0,0.0,6.875,1.2396694214876034,0.0,0.0,0.24793388429752067,0.0,33.47107438016529,2.975206611570248,0.9917355371900827,0.0,0.743801652892562,12.148760330578513,1.9834710743801653,2.479338842975207,0.9917355371900827,0.0,0.6,0.5102040816326531,0.5333333333333333,81.48148148148148,0.6685082872928176,,,,,,,,,0.48718298048675673,12,,,,,,,0.49157032998150463,0.805029111864013,,,2.5105752957099834,1.6510278663390214,0.23733905316622095,0.16134169177199573,1.8129066819786326,0.628112929811877,0.0814387361237564,-0.9048144269253687,,,0.5633844695008166,0.3940033926391137,0.496096076300256,0.6755802979066446,,
153,Ousmane Dembélé,2,France,W,552.0,13.0,8.0,5.0,0.0,2.0,0.0,265.0,207.0,16.0,3.0,0.0,0.0,30.0,13.0,12.0,5.0,3.0,0.0,0.0,0.0,7.8428571428571425,2.119565217391304,0.8152173913043479,0.0,0.32608695652173914,0.0,43.20652173913044,2.608695652173913,0.4891304347826087,0.0,0.0,4.891304347826087,0.8152173913043479,0.4891304347826087,0.0,0.0,0.6153846153846154,0.43333333333333335,0.4166666666666667,78.11320754716981,0.7540983606557377,,,,,,,,,0.47670958463413277,13,,,,,,,0.43841339828866666,-0.3540950369557532,,,2.3541562644406024,1.371010978922203,0.2990097074716639,0.571411182694299,0.9759676616316907,-0.8779339987620018,0.6751656198295077,2.1492826279337085,,,0.5844399926656436,0.5105985249278724,0.41773247190032653,-0.03330718632139872,,
517,James Rodríguez,8,Colombia,W,317.0,3.0,3.0,0.0,0.0,0.0,0.0,227.0,197.0,11.0,4.0,1.0,1.0,22.0,12.0,5.0,3.0,5.0,0.0,0.0,0.0,7.0200000000000005,0.8517350157728707,0.0,0.0,0.0,0.0,64.44794952681389,3.1230283911671926,1.135646687697161,0.28391167192429023,0.28391167192429023,6.246056782334385,0.8517350157728707,1.4195583596214512,0.0,0.0,1.0,0.5454545454545454,0.6,86.78414096916299,0.6378269617706237,,,,,,,,,0.45172122876574067,14,,,,,,,0.5123293731516999,1.2576945964711201,,,2.5618559065805253,1.7428289529732477,0.07821952891198788,-0.8966990091351388,1.0752682662261521,-0.699245507821499,0.08897632538269562,-0.8632433988021715,,,0.8151262916276527,1.5916524441271074,0.5351713670644648,1.0290605235475188,,
301528,Andreas Schjelderup,1090,Norway,W,251.0,3.0,2.0,1.0,0.0,3.0,0.0,102.0,85.0,5.0,8.0,0.0,5.0,35.0,15.0,10.0,4.0,3.0,2.0,0.0,0.0,7.116666666666667,1.0756972111553784,0.35856573705179284,0.0,1.0756972111553784,0.0,36.57370517928287,1.7928286852589643,2.8685258964143427,0.0,1.7928286852589643,12.54980079681275,1.4342629482071714,1.0756972111553784,0.7171314741035857,0.0,0.6666666666666666,0.42857142857142855,0.4,83.33333333333333,0.5823665893271461,,,,,,,,,0.4371232151362687,15,,,,,,,0.43918801883696645,-0.3372038930331765,,,1.7012584351984248,0.20221191104701727,0.7166475774228722,2.416555010906831,1.448743221147094,-0.02718841037037556,0.3114181756733172,0.3635595081406318,,,0.5926939681491339,0.5563049818927294,0.40877069473558936,-0.11437660262977595,,
343027,Désiré Doué,2,France,W,353.0,10.0,8.0,1.0,0.0,1.0,0.0,175.0,146.0,13.0,9.0,0.0,2.0,58.0,25.0,23.0,8.0,6.0,3.0,0.0,0.0,6.971428571428571,2.54957507082153,0.254957507082153,0.0,0.254957507082153,0.0,44.61756373937677,3.314447592067989,2.2946175637393766,0.0,0.509915014164306,14.787535410764873,2.039660056657224,1.5297450424929178,0.7648725212464589,0.0,0.8,0.43103448275862066,0.34782608695652173,83.42857142857143,0.6622889305816135,,,,,,,,,0.4369426160269293,16,,,,,,,0.4387875796643472,-0.34593574982653785,,,2.726533556417488,1.8078432991822977,0.24179194346952715,0.1909504981058127,1.8469199405523407,0.6893187791752958,0.25182220209230716,0.034878041340442464,,,0.6951552850636837,1.1236853650165644,0.3725380452658371,-0.44214192080536946,,
635,Riyad Mahrez,1532,Algeria,W,263.0,3.0,3.0,2.0,0.0,1.0,0.0,132.0,116.0,5.0,4.0,0.0,1.0,29.0,14.0,6.0,2.0,7.0,1.0,0.0,0.0,7.425,1.026615969581749,0.6844106463878327,0.0,0.34220532319391633,0.0,45.171102661596954,1.7110266159695817,1.3688212927756653,0.0,0.34220532319391633,9.923954372623573,0.6844106463878327,2.3954372623574143,0.34220532319391633,0.0,1.0,0.4827586206896552,0.3333333333333333,87.87878787878788,0.5936794582392777,,,,,,,,,0.38870431999086674,17,,,,,,,0.47107025911666656,0.35801069986729733,,,1.6551746852607698,0.11971409659748396,0.29091446020148526,0.5175830862623898,1.0031790706871275,-0.8289678757425258,0.5061427397634305,1.437497083137476,,,0.7925908960247029,1.5916524441271074,0.36895448329053193,-0.47455929431316146,,
513776,Yan Diomande,1501,Ivory Coast,W,331.0,4.0,0.0,0.0,0.0,1.0,0.0,146.0,127.0,11.0,13.0,0.0,4.0,57.0,33.0,24.0,10.0,7.0,2.0,0.0,0.0,7.575,1.0876132930513596,0.0,0.0,0.2719033232628399,0.0,39.69788519637462,2.990936555891239,3.5347432024169185,0.0,1.0876132930513596,15.498489425981873,2.719033232628399,1.9033232628398793,0.5438066465256798,0.0,0.0,0.5789473684210527,0.4166666666666667,86.98630136986301,0.6477495107632094,,,,,,,,,0.3453579930735739,18,,,,,,,0.534931871809535,1.7505579199103278,,,2.491668073523525,1.6171806965708326,0.25220177273827393,0.2601690500556715,2.278685574000778,1.466268222695348,0.08653861783796421,-0.8766877515543432,,,0.17244181397053504,-1.7708447700992902,0.4181934170209504,-0.029137416063529428,,
744,Brahim Díaz,31,Morocco,W,462.0,2.0,1.0,0.0,0.0,4.0,0.0,162.0,141.0,8.0,4.0,0.0,4.0,45.0,21.0,14.0,7.0,10.0,3.0,0.0,0.0,6.8500000000000005,0.38961038961038963,0.0,0.0,0.7792207792207793,0.0,31.55844155844156,1.5584415584415585,0.7792207792207793,0.0,0.7792207792207793,8.766233766233766,1.3636363636363638,1.948051948051948,0.5844155844155845,0.0,0.5,0.4666666666666667,0.5,87.03703703703704,0.719626168224299,,,,,,,,,0.2898218685252287,19,,,,,,,0.4631130958680747,0.1844991787200627,,,1.5626828435677897,-0.04586215977067053,0.6213007879583459,2.416555010906831,1.3931593898978156,-0.12720986509552742,0.06888042634766312,-0.9365359442328599,,,0.49706817280209253,0.026776355535388447,0.4778507312009953,0.5105305036133769,,
48648,Dan Ndoye,15,Switzerland,W,408.0,13.0,8.0,2.0,0.0,0.0,0.0,92.0,70.0,2.0,6.0,0.0,5.0,63.0,36.0,18.0,9.0,16.0,5.0,0.0,0.0,7.066666666666666,2.8676470588235294,0.4411764705882353,0.0,0.0,0.0,20.294117647058822,0.4411764705882353,1.3235294117647058,0.0,1.1029411764705883,13.897058823529411,1.9852941176470589,3.5294117647058822,1.1029411764705883,0.0,0.6153846153846154,0.5714285714285714,0.5,76.08695652173913,0.6938775510204082,,,,,,,,,0.26629238821553,20,,,,,,,0.5354786814458522,1.7571158819435546,,,0.7878271863444235,-1.2972305637192234,0.06611412562798974,-0.9596073919342195,1.8272250481537373,0.65387840480583,0.3813286287673464,0.7491270035080246,,,0.5768617177140587,0.4686337652026591,0.47581661467863773,0.49212961770208447,,
138787,Anthony Gordon,10,England,W,412.0,5.0,4.0,1.0,0.0,3.0,0.0,104.0,86.0,6.0,5.0,0.0,3.0,63.0,24.0,25.0,8.0,10.0,4.0,0.0,0.0,6.8500000000000005,1.0922330097087378,0.21844660194174756,0.0,0.6553398058252426,0.0,22.718446601941746,1.3106796116504853,1.0922330097087378,0.0,0.6553398058252426,13.762135922330096,1.7475728155339805,2.1844660194174756,0.8737864077669902,0.0,0.8,0.38095238095238093,0.32,82.6923076923077,0.6959459459459459,,,,,,,,,0.1960386264897823,21,,,,,,,0.40316045354676505,-1.1228102029000002,,,1.3906121377880423,-0.35389822838102386,0.5217484896440168,2.052478313289169,1.6628519059364821,0.3580938136253226,0.22672505695135087,-0.10353678740992213,,,0.7056043360455125,1.1815470705643742,0.35070974566053886,-0.6396035933594435,,
386828,Lamine Yamal,9,Spain,W,495.0,17.0,10.0,1.0,0.0,0.0,0.0,217.0,180.0,6.0,8.0,0.0,2.0,85.0,38.0,42.0,22.0,8.0,12.0,0.0,0.0,7.185714285714285,3.090909090909091,0.18181818181818182,0.0,0.0,0.0,39.45454545454545,1.0909090909090908,1.4545454545454546,0.0,0.36363636363636365,15.454545454545455,4.0,1.4545454545454546,2.1818181818181817,0.0,0.5882352941176471,0.4470588235294118,0.5238095238095238,82.94930875576037,0.7333333333333333,,,,,,,,,0.18966972011842817,22,,,,,,,0.44890774102868564,-0.12525853890057428,,,1.2196183489933645,-0.6600064309272651,0.05759274943593776,-0.9596073919342195,3.3250493752805887,2.265699324273969,0.19884627217066625,-0.2572928102369749,,,0.5619173889291537,0.385879421935928,0.49639390180259746,0.6782744666181337,,
1422,Jérémy Doku,1,Belgium,W,311.0,3.0,1.0,0.0,0.0,0.0,0.0,95.0,74.0,5.0,1.0,0.0,3.0,60.0,31.0,25.0,12.0,18.0,4.0,0.0,0.0,6.76,0.8681672025723473,0.0,0.0,0.0,0.0,27.491961414790996,1.4469453376205788,0.28938906752411575,0.0,0.8681672025723473,17.363344051446944,3.472668810289389,5.209003215434084,1.157556270096463,0.0,0.3333333333333333,0.5166666666666667,0.48,77.89473684210526,0.6334012219959266,,,,,,,,,0.1387048672391654,23,,,,,,,0.4936903072925404,0.851256702846331,,,1.4933653473941364,-0.1699523639137079,0.07917536836916084,-0.8903433022917339,2.73810250165865,2.265699324273969,0.09006361245458192,-0.8572468341326692,,,0.39059966111122213,-0.5627939015419183,0.45837101717115886,0.3343144454338873,,
340573,Bilal El Khannouss,31,Morocco,W,466.0,5.0,4.0,0.0,0.0,0.0,0.0,231.0,182.0,7.0,14.0,1.0,1.0,53.0,29.0,15.0,7.0,6.0,5.0,1.0,0.0,6.916666666666667,0.9656652360515021,0.0,0.0,0.0,0.0,44.613733905579394,1.351931330472103,2.703862660944206,0.19313304721030042,0.19313304721030042,10.236051502145923,1.351931330472103,1.1587982832618025,0.9656652360515021,0.19313304721030042,0.8,0.5471698113207547,0.4666666666666667,78.78787878787878,0.7213622291021672,,,,,,,,,0.08847260028872357,24,,,,,,,0.5212070272798385,1.4512780663421125,,,1.4136879033599397,-0.3125886511654811,0.060178182460151664,-0.9596073919342195,1.3845330159665596,-0.14273276897269677,0.06845392215975188,-0.9365359442328599,,,0.7134949952615224,1.2252416607169974,0.45394247073948246,0.2942532312672124,,
136723,Noni Madueke,10,England,W,288.0,2.0,1.0,0.0,0.0,0.0,0.0,91.0,80.0,9.0,5.0,0.0,2.0,29.0,14.0,13.0,5.0,3.0,2.0,0.0,0.0,6.9,0.625,0.0,0.0,0.0,0.0,28.4375,2.8125,1.5625,0.0,0.625,9.0625,1.5625,0.9375,0.625,0.0,0.5,0.4827586206896552,0.38461538461538464,87.91208791208791,0.6153846153846154,,,,,,,,,-0.00856988654700626,25,,,,,,,0.4716946374058219,0.3716257060369677,,,2.3359880033558142,1.3384866762369558,0.0830664655326025,-0.8644700526738696,1.526513522039311,0.11275693803079784,0.09448981563076861,-0.832835605237698,,,0.4959781344849218,0.02074025941013773,0.3986098294877559,-0.20629312763233548,,
354831,Thapelo Maseko,1531,South Africa,W,245.0,3.0,1.0,1.0,0.0,0.0,0.0,45.0,36.0,3.0,6.0,0.0,2.0,48.0,22.0,16.0,6.0,10.0,4.0,0.0,0.0,7.066666666666666,1.1020408163265307,0.3673469387755102,0.0,0.0,0.0,16.53061224489796,1.1020408163265307,2.2040816326530615,0.0,0.7346938775510204,17.63265306122449,2.2040816326530615,3.673469387755102,1.469387755102041,0.0,0.3333333333333333,0.4583333333333333,0.375,80.0,0.5764705882352941,,,,,,,,,-0.12557302059044553,26,,,,,,,0.45649476285640145,0.04018178916322489,,,1.3017467895776966,-0.5129824395740881,0.09147083733943054,-0.8085864803790389,1.8927254783868177,0.7717444850991179,0.3158146675651758,0.38780687448035506,,,0.3994927849543766,-0.5135481552911185,0.3944827516024447,-0.24362721763157089,,
249,Donyell Malen,1118,Netherlands,W,187.0,4.0,2.0,0.0,0.0,0.0,0.0,35.0,28.0,4.0,0.0,0.0,0.0,18.0,8.0,10.0,4.0,2.0,0.0,0.0,0.0,6.633333333333333,1.9251336898395721,0.0,0.0,0.0,0.0,16.844919786096256,1.9251336898395721,0.0,0.0,0.0,8.663101604278074,1.9251336898395721,0.9625668449197861,0.0,0.0,0.5,0.4444444444444444,0.4,80.0,0.5095367847411444,,,,,,,,,-0.12664892243246487,27,,,,,,,0.4491272987967713,-0.12047092789774849,,,1.752704047876079,0.29430837920912273,0.10592671898980374,-0.7124643280204508,1.701385090774925,0.4274331361604935,0.12049382483705645,-0.6894192739818598,,,0.49487129956115367,0.01461115193803556,0.41030018918539235,-0.10054059443484693,,
247,Cody Gakpo,1118,Netherlands,W,371.0,8.0,6.0,3.0,0.0,1.0,0.0,103.0,76.0,3.0,3.0,0.0,2.0,42.0,17.0,14.0,3.0,3.0,3.0,0.0,0.0,7.425000000000001,1.940700808625337,0.7277628032345014,0.0,0.24258760107816713,0.0,24.986522911051214,0.7277628032345014,0.7277628032345014,0.0,0.48517520215633425,10.18867924528302,0.7277628032345014,0.7277628032345014,0.7277628032345014,0.0,0.75,0.40476190476190477,0.21428571428571427,73.7864077669903,0.6733212341197822,,,,,,,,,-0.14984762578246816,28,,,,,,,0.42084441781119897,-0.737198968899207,,,1.0040696652822523,-1.045875535279613,0.2338931141002867,0.13842845216992758,0.9698880731658758,-0.8888740377771958,0.5702744713524496,1.7911939915110229,,,0.6649142775661405,0.9562255378671993,0.28181518953001633,-1.262832820069411,,
179893,Oswin Appollis,1531,South Africa,W,262.0,3.0,1.0,0.0,0.0,0.0,0.0,95.0,80.0,1.0,5.0,0.0,1.0,22.0,11.0,5.0,4.0,2.0,1.0,0.0,0.0,6.725,1.0305343511450382,0.0,0.0,0.0,0.0,32.63358778625955,0.3435114503816794,1.717557251908397,0.0,0.3435114503816794,7.557251908396947,1.3740458015267176,0.6870229007633588,0.3435114503816794,0.0,0.3333333333333333,0.5,0.8,84.21052631578948,0.5927601809954751,,,,,,,,,-0.1547802690308416,29,,,,,,,0.4812638179803257,0.5802883947041315,,,0.8444397863586448,-1.2972305637192234,0.0879527282109909,-0.831979603665247,1.4126885255981845,-0.09206776498523418,0.10004804007963736,-0.8021810952954191,,,0.3969481906612595,-0.5276388670680084,0.6456564919254276,1.8873476168131096,,
583,João Félix,27,Portugal,W,204.0,5.0,1.0,0.0,0.0,0.0,0.0,56.0,46.0,2.0,6.0,1.0,4.0,34.0,17.0,10.0,5.0,6.0,3.0,0.0,0.0,6.666666666666667,2.2058823529411766,0.0,0.0,0.0,0.0,24.705882352941174,0.8823529411764706,2.6470588235294117,0.4411764705882353,1.7647058823529411,15.0,2.2058823529411766,2.6470588235294117,1.3235294117647058,0.0,0.2,0.5,0.5,82.14285714285714,0.53125,,,,,,,,,-0.20068047883399107,30,,,,,,,0.4784338738211041,0.5185794790406043,,,1.2063603790898985,-0.6837404704217364,0.1012372548678593,-0.743646195423055,1.8604383549854102,0.7136447647502945,0.11515946279999925,-0.7188391463898489,,,0.3357233514034984,-0.8666719168162773,0.462969191226664,0.37591013342208107,,
336659,Chemsdine Talbi,31,Morocco,W,183.0,1.0,0.0,0.0,0.0,1.0,0.0,54.0,47.0,2.0,2.0,1.0,2.0,12.0,6.0,5.0,2.0,1.0,0.0,0.0,0.0,6.5200000000000005,0.4918032786885246,0.0,0.0,0.4918032786885246,0.0,26.557377049180328,0.9836065573770492,0.9836065573770492,0.4918032786885246,0.9836065573770492,5.9016393442622945,0.9836065573770492,0.4918032786885246,0.0,0.0,0.0,0.5,0.4,87.03703703703704,0.5041322314049587,,,,,,,,,-0.24539945276140265,31,,,,,,,0.4771862466867878,0.49137409501909424,,,1.2761498225083223,-0.5588053997849409,0.3550278398602148,0.9438951021484153,1.2242653672572934,-0.4311296464277482,0.12182158048264385,-0.6820964861000463,,,0.2427486692532876,-1.3815199820934125,0.4104136898926694,-0.09951385209118044,,
7562,Romano Schmid,775,Austria,W,266.0,2.0,1.0,1.0,0.0,0.0,0.0,89.0,66.0,2.0,5.0,0.0,0.0,30.0,12.0,5.0,3.0,4.0,3.0,0.0,0.0,6.825,0.6766917293233082,0.3383458646616541,0.0,0.0,0.0,30.112781954887215,0.6766917293233082,1.6917293233082706,0.0,0.0,10.150375939849624,1.0150375939849623,1.3533834586466165,1.0150375939849623,0.0,0.5,0.4,0.6,74.15730337078652,0.5964125560538116,,,,,,,,,-0.2468993736258169,32,,,,,,,0.42179059988184747,-0.7165668057486627,,,1.038660057333007,-0.983952802233792,0.08716391450506272,-0.8372246985724686,1.198224951377573,-0.47798860198006815,0.3009444702134523,0.305795322634004,,,0.4957797464998731,0.019641684315129367,0.5277582274238543,0.9620002862051398,,
278133,Oscar Bobb,1090,Norway,W,233.0,3.0,2.0,0.0,0.0,0.0,0.0,107.0,99.0,4.0,5.0,0.0,2.0,26.0,12.0,10.0,3.0,4.0,1.0,0.0,0.0,6.75,1.1587982832618025,0.0,0.0,0.0,0.0,41.33047210300429,1.5450643776824033,1.9313304721030042,0.0,0.7725321888412017,10.042918454935622,1.1587982832618025,1.5450643776824033,0.38626609442060084,0.0,0.6666666666666666,0.46153846153846156,0.3,92.5233644859813,0.5641646489104116,,,,,,,,,-0.27422679810300593,33,,,,,,,0.4582495619510061,0.07844641321332486,,,1.5574876163935132,-0.05516250724730755,0.09412858563984981,-0.7909141935381263,1.2939668966450302,-0.3057038128851952,0.10707320512154894,-0.7634361698962194,,,0.5894699764461906,0.5384521013843756,0.3527364877264867,-0.6212694177518933,,
50270,Ryan Mendes,1533,Cape Verde Islands,W,331.0,2.0,0.0,0.0,0.0,1.0,0.0,86.0,67.0,3.0,5.0,1.0,4.0,40.0,17.0,7.0,5.0,2.0,1.0,0.0,0.0,6.775,0.5438066465256798,0.0,0.0,0.2719033232628399,0.0,23.38368580060423,0.8157099697885197,1.3595166163141994,0.2719033232628399,1.0876132930513596,10.876132930513595,1.3595166163141994,0.5438066465256798,0.2719033232628399,0.0,0.0,0.425,0.7142857142857143,77.90697674418605,0.6477495107632094,,,,,,,,,-0.3028604462290971,34,,,,,,,0.4352125392315146,-0.42389201191195275,,,1.082666116576362,-0.9051744103923095,0.25220177273827393,0.2601690500556715,1.3980593509088015,-0.11839253067650614,0.08653861783796421,-0.8766877515543432,,,0.17244181397053504,-1.7708447700992902,0.6109760095100009,1.7147993009750513,,
47696,Alexander Bernhardsson,5,Sweden,W,219.0,1.0,1.0,0.0,0.0,0.0,0.0,65.0,44.0,1.0,5.0,0.0,2.0,31.0,13.0,5.0,2.0,4.0,2.0,0.0,0.0,6.366666666666667,0.410958904109589,0.0,0.0,0.0,0.0,26.712328767123285,0.410958904109589,2.054794520547945,0.0,0.821917808219178,12.739726027397259,0.821917808219178,1.643835616438356,0.821917808219178,0.0,1.0,0.41935483870967744,0.4,67.6923076923077,0.5488721804511278,,,,,,,,,-0.33009618504065613,35,,,,,,,0.4349807449241186,-0.42894644923000924,,,0.9354445753647144,-1.168726213496093,0.09743134303072173,-0.7689530183703255,1.113805334121297,-0.6298991978410338,0.11083015968721732,-0.7427159557081416,,,0.7697187141326902,1.5365809652896099,0.4094741088497218,-0.10801342592859946,,
42075,Edmilson Junior,1569,Qatar,W,212.0,3.0,2.0,0.0,0.0,1.0,0.0,38.0,32.0,2.0,2.0,0.0,0.0,25.0,7.0,5.0,2.0,2.0,4.0,0.0,0.0,6.566666666666666,1.2735849056603774,0.0,0.0,0.42452830188679247,0.0,16.132075471698116,0.8490566037735849,0.8490566037735849,0.0,0.0,10.61320754716981,0.8490566037735849,0.8490566037735849,1.6981132075471699,0.0,0.6666666666666666,0.28,0.4,84.21052631578948,0.5408163265306123,,,,,,,,,-0.37875602610218984,36,,,,,,,0.3598944070084285,-1.7758885257314079,,,1.1817407795166353,-0.7278137752236379,0.32876302517667855,0.7692512734466374,1.1336947150877488,-0.5941088470657249,0.11280926968163191,-0.7318008428769222,,,0.5853344394700937,0.5155515314465764,0.4096432893648954,-0.10648299671084976,,
909,Marcus Rashford,10,England,W,184.0,9.0,3.0,1.0,0.0,0.0,0.0,82.0,71.0,1.0,2.0,0.0,0.0,26.0,8.0,11.0,4.0,1.0,5.0,0.0,0.0,6.8,4.4021739130434785,0.4891304347826087,0.0,0.0,0.0,40.108695652173914,0.4891304347826087,0.9782608695652174,0.0,0.0,12.717391304347826,1.9565217391304348,0.4891304347826087,2.4456521739130435,0.0,0.3333333333333333,0.3076923076923077,0.36363636363636365,86.58536585365853,0.5054945054945055,,,,,,,,,-0.4181732726288226,37,,,,,,,0.38003844000738624,-1.6270019124158943,,,1.025391169149783,-1.0077063873212064,0.10679974139906037,-0.7066593003462749,1.715407495369224,0.4526660370732861,0.36873965306373546,0.679696759296136,,,0.41057994580295804,-0.4521529111203849,0.39200346247288437,-0.26605519356741947,,
182219,Alex Baena,9,Spain,W,412.0,6.0,4.0,1.0,0.0,1.0,0.0,195.0,161.0,10.0,7.0,0.0,1.0,41.0,15.0,6.0,1.0,6.0,9.0,1.0,0.0,7.1499999999999995,1.3106796116504853,0.21844660194174756,0.0,0.21844660194174756,0.0,42.59708737864077,2.1844660194174756,1.529126213592233,0.0,0.21844660194174756,8.95631067961165,0.21844660194174756,1.3106796116504853,1.966019417475728,0.21844660194174756,0.6666666666666666,0.36585365853658536,0.16666666666666666,82.56410256410257,0.6959459459459459,,,,,,,,,-0.443631160208636,38,,,,,,,0.3926525588925289,-1.35194220994209,,,1.9987202458961502,0.7347195584924262,0.2176944355899628,0.030717841261810135,0.5986627167472931,-1.4781509537841009,0.22672505695135087,-0.10353678740992213,,,0.6128115432527197,0.6677062190963688,0.24399803394882716,-1.6049317891749444,,
2489,Luis Díaz,8,Colombia,W,478.0,10.0,6.0,1.0,0.0,1.0,0.0,160.0,136.0,10.0,2.0,0.0,1.0,52.0,17.0,16.0,4.0,9.0,7.0,0.0,0.0,6.9,1.8828451882845187,0.18828451882845187,0.0,0.18828451882845187,0.0,30.1255230125523,1.8828451882845187,0.37656903765690375,0.0,0.18828451882845187,9.790794979079497,0.7531380753138075,1.6945606694560669,1.3179916317991631,0.0,0.6,0.3269230769230769,0.25,85.0,0.7264437689969605,,,,,,,,,-0.4811547616118883,39,,,,,,,0.3616836448579555,-1.7758885257314079,,,1.7982407075539832,0.37582680828317955,0.1958588235095106,-0.11447468881027079,0.9489488272255281,-0.9265535894153081,0.20398363786504514,-0.22895940463160902,,,0.5697838403327407,0.4294399611286311,0.2967783729955,-1.1274738921064331,,
314511,Antonio Nusa,1090,Norway,W,325.0,3.0,2.0,1.0,0.0,0.0,0.0,86.0,62.0,2.0,4.0,0.0,2.0,45.0,16.0,22.0,6.0,5.0,1.0,1.0,0.0,6.616666666666667,0.8307692307692308,0.27692307692307694,0.0,0.0,0.0,23.815384615384616,0.5538461538461539,1.1076923076923078,0.0,0.5538461538461539,12.461538461538462,1.6615384615384616,1.3846153846153846,0.27692307692307694,0.27692307692307694,0.6666666666666666,0.35555555555555557,0.2727272727272727,72.09302325581395,0.6435643564356436,,,,,,,,,-0.48692270092824624,40,,,,,,,0.3906419071343753,-1.3957858806266563,,,0.9173116545950911,-1.2011872509573294,0.07698040766189698,-0.9049383545083715,1.5928877788403912,0.23219544329991854,0.2657846212182173,0.11188304893789326,,,0.6035335318922972,0.6163291550606411,0.3255772932027775,-0.866955067703819,,
931,Ferran Torres,9,Spain,W,225.0,9.0,2.0,0.0,0.0,1.0,0.0,79.0,59.0,2.0,0.0,0.0,0.0,30.0,10.0,8.0,3.0,2.0,5.0,1.0,0.0,6.328571428571428,3.6,0.0,0.0,0.4,0.0,31.6,0.8,0.0,0.0,0.0,12.0,1.2000000000000002,0.8,2.0,0.4,0.2222222222222222,0.3333333333333333,0.375,74.68354430379746,0.5555555555555556,,,,,,,,,-0.5223433486312129,41,,,,,,,0.38695952480815793,-1.4760828079243007,,,1.1438083594333852,-0.7957193115110122,0.31821013794878517,0.6990814796923851,1.3195267365787595,-0.25970963948523146,0.10918823139555484,-0.7517714567236721,,,0.34103152330603304,-0.8372778713516948,0.39544486279268887,-0.23492383311496445,,
51603,Agustín Canobbio,7,Uruguay,W,225.0,3.0,1.0,1.0,0.0,0.0,0.0,70.0,59.0,2.0,6.0,0.0,2.0,29.0,13.0,5.0,1.0,5.0,7.0,0.0,1.0,6.833333333333333,1.2000000000000002,0.4,0.0,0.0,0.0,28.0,0.8,2.4000000000000004,0.0,0.8,11.600000000000001,0.4,2.0,2.8000000000000003,0.8,0.3333333333333333,0.4482758620689655,0.2,84.28571428571429,0.5555555555555556,,,,,,,,,-0.5504895009989694,42,,,,,,,0.4508164852168425,-0.08363703419829914,,,1.1438083594333852,-0.7957193115110122,0.09598791572656289,-0.7785508652955125,0.8750822921343149,-1.0594742271129034,0.3314104536177771,0.4738201657759993,,,0.4027599183677615,-0.4954563772072107,0.29822264057046666,-1.1144088574438469,,
1159,Marcel Sabitzer,775,Austria,W,360.0,4.0,2.0,1.0,0.0,0.0,0.0,117.0,91.0,6.0,4.0,0.0,6.0,20.0,8.0,4.0,1.0,3.0,2.0,1.0,0.0,6.875,1.0,0.25,0.0,0.0,0.0,29.25,1.5,1.0,0.0,1.5,5.0,0.25,0.75,0.5,0.25,0.5,0.4,0.25,77.77777777777777,0.6666666666666666,,,,,,,,,-0.6141622403574537,43,,,,,,,0.41799742138389623,-0.799279721218755,,,1.5245229362417057,-0.11417493723035287,0.07199093679492219,-0.9381150704267469,0.6563117191007362,-1.45314538064926,0.2485578402133328,0.016874555767890296,,,0.49651438322026553,0.02370974118210002,0.3070003137611833,-1.0350048699270518,,
140747,Ibrahim Bayesh,1567,Iraq,W,237.0,0.0,0.0,0.0,0.0,0.0,0.0,44.0,38.0,1.0,6.0,0.0,1.0,42.0,19.0,7.0,3.0,5.0,3.0,0.0,0.0,6.3999999999999995,0.0,0.0,0.0,0.0,0.0,16.70886075949367,0.379746835443038,2.278481012658228,0.0,0.379746835443038,15.949367088607596,1.139240506329114,1.89873417721519,1.139240506329114,0.0,0.0,0.4523809523809524,0.42857142857142855,86.36363636363636,0.5683453237410072,,,,,,,,,-0.6699764536799578,44,,,,,,,0.45307648264170186,-0.034356206505643826,,,0.8950656728309856,-1.241011372872445,0.09322567354738122,-0.7969179680444316,1.2815547441592268,-0.328039112917551,0.10604612401726551,-0.7691006888828881,,,0.21131358978163883,-1.5555919925969155,0.4253035923320565,0.03518216606016974,,
842,Nikola Vlašić,3,Croatia,W,189.0,3.0,1.0,1.0,0.0,0.0,0.0,40.0,33.0,2.0,8.0,0.0,2.0,21.0,9.0,0.0,0.0,0.0,5.0,0.0,0.0,6.566666666666666,1.4285714285714284,0.47619047619047616,0.0,0.0,0.0,19.047619047619047,0.9523809523809523,3.8095238095238093,0.0,0.9523809523809523,10.0,0.0,0.0,2.380952380952381,0.0,0.3333333333333333,0.42857142857142855,0.0,82.5,0.5121951219512195,,,,,,,,,-0.6704220115888683,45,,,,,,,0.44097183617155544,-0.2983065059237548,,,1.2553994188903008,-0.5959521803691682,0.10535259043159342,-0.7162819071955185,0.7165537352693699,-1.3447416604065843,0.36374318079999923,0.6521404038279441,,,0.409533243736974,-0.4579490323991093,0.20536631282124387,-1.9318631986558872,,
1864,Pedro Neto,27,Portugal,W,352.0,0.0,0.0,0.0,0.0,1.0,0.0,150.0,133.0,2.0,4.0,0.0,0.0,26.0,12.0,10.0,3.0,4.0,4.0,0.0,0.0,6.859999999999999,0.0,0.0,0.0,0.2556818181818182,0.0,38.35227272727273,0.5113636363636364,1.0227272727272727,0.0,0.0,6.6477272727272725,0.7670454545454546,1.0227272727272727,1.0227272727272727,0.0,0.0,0.46153846153846156,0.3,88.66666666666667,0.6616541353383458,,,,,,,,,-0.7494203602971187,46,,,,,,,0.4589852368587264,0.09448832014931631,,,0.870756363854363,-1.2845292043002892,0.24224643960386835,0.19397259995529806,1.0045269329217998,-0.8265424376528697,0.08312261976541302,-0.8955275353452151,,,0.16563490026117184,-1.799823786498902,0.34094016810345673,-0.7279804783871687,,
19281,Antoine Semenyo,1504,Ghana,W,360.0,2.0,0.0,0.0,0.0,0.0,0.0,63.0,50.0,2.0,2.0,0.0,0.0,39.0,15.0,10.0,4.0,4.0,6.0,0.0,0.0,6.375,0.5,0.0,0.0,0.0,0.0,15.75,0.5,0.5,0.0,0.0,9.75,1.0,1.0,1.5,0.0,0.0,0.38461538461538464,0.4,79.36507936507937,0.6666666666666666,,,,,,,,,-0.9491740625839432,47,,,,,,,0.407741011127486,-1.0229279347218228,,,0.8578562695750389,-1.2972305637192234,0.07199093679492219,-0.9381150704267469,1.1563117191007362,-0.5534102195681293,0.08189117354666614,-0.9023191611068629,,,0.16318104988693222,-1.799823786498902,0.40700031376118334,-0.13039170204591513,,
957,Djibril Sow,15,Switzerland,W,254.0,2.0,1.0,0.0,0.0,0.0,0.0,90.0,79.0,2.0,1.0,0.0,2.0,16.0,6.0,0.0,0.0,4.0,5.0,0.0,0.0,6.7,0.7086614173228346,0.0,0.0,0.0,0.0,31.889763779527556,0.7086614173228346,0.3543307086614173,0.0,0.7086614173228346,5.669291338582677,0.0,1.4173228346456692,1.7716535433070866,0.0,0.5,0.375,0.0,87.77777777777777,0.5852534562211982,,,,,,,,,-0.9941778143103567,48,,,,,,,0.40776176854217505,-1.0224753047473885,,,1.0673787685956704,-0.9325413846260197,0.08957397665727643,-0.8211993625195291,0.6092357795262615,-1.4781509537841009,0.10189224358340948,-0.7920100136555848,,,0.4956630574630032,0.01899551781601234,0.17460868532497464,-1.9318631986558872,,
2544,Akram Afif,1569,Qatar,W,239.0,2.0,0.0,0.0,0.0,0.0,0.0,91.0,73.0,4.0,1.0,1.0,0.0,12.0,5.0,3.0,0.0,4.0,0.0,0.0,0.0,7.166666666666667,0.7531380753138075,0.0,0.0,0.0,0.0,34.26778242677824,1.506276150627615,0.37656903765690375,0.37656903765690375,0.0,4.518828451882845,0.0,1.506276150627615,0.0,0.0,0.0,0.4166666666666667,0.0,80.21978021978022,0.5704057279236276,,,,,,,,,-1.0166708222217962,49,,,,,,,0.4327015295480604,-0.4786463378168127,,,1.5351846910990954,-0.09508856784588893,0.09278068226553216,-0.7998768688452718,0.6310461296286337,-1.4781509537841009,0.10553993726777977,-0.7718923909610435,,,0.21030493302850456,-1.5611774376435672,0.18085959291417422,-1.9318631986558872,,
8492,Alexander Sørloth,1090,Norway,W,341.0,2.0,0.0,0.0,0.0,0.0,0.0,121.0,94.0,4.0,1.0,1.0,0.0,59.0,19.0,10.0,1.0,2.0,6.0,0.0,0.0,6.5,0.5278592375366569,0.0,0.0,0.0,0.0,31.93548387096774,1.0557184750733137,0.26392961876832843,0.26392961876832843,0.0,15.571847507331377,0.26392961876832843,0.5278592375366569,1.5835777126099706,0.0,0.0,0.3220338983050847,0.1,77.68595041322314,0.654510556621881,,,,,,,,,-1.3312992990008503,50,,,,,,,0.36762412067051414,-1.7758885257314079,,,1.2346302985998483,-0.6331324670064274,0.07461632604464102,-0.9206579500956906,0.6802463115439492,-1.410075791874649,0.0848776078986559,-0.8858484909536155,,,0.16913199028587989,-1.789172945910637,0.21090243652790597,-1.9043189214335272,,
154,Lionel Messi,26,Argentina,ST,620.0,28.0,18.0,8.0,0.0,4.0,0.0,314.0,257.0,26.0,10.0,0.0,1.0,90.0,51.0,35.0,24.0,16.0,2.0,0.0,0.0,9.071428571428571,4.064516129032258,1.1612903225806452,0.0,0.5806451612903226,0.0,45.58064516129033,3.774193548387097,1.4516129032258065,0.0,0.14516129032258066,13.06451612903226,3.483870967741936,2.3225806451612905,0.2903225806451613,0.0,0.6428571428571429,0.5666666666666667,0.6857142857142857,81.84713375796179,0.775,,,,,,,,,1.6991986575831497,1,,,,,,,0.5340938827325392,1.5144523482449064,,,3.143730031666529,2.1940250369083616,0.4800956752531836,2.0843352929356,,,0.9971413727070892,2.0317058071906775,3.547425731052126,2.0343781398607645,0.6200410229026676,0.4224116799783115,,,2.0775768047462795,1.6130822979634258
278,Kylian Mbappé,2,France,ST,608.0,30.0,19.0,8.0,0.0,3.0,0.0,202.0,173.0,16.0,1.0,0.0,0.0,55.0,21.0,29.0,11.0,8.0,6.0,1.0,0.0,7.957142857142857,4.440789473684211,1.1842105263157894,0.0,0.444078947368421,0.0,29.90131578947368,2.3684210526315788,0.14802631578947367,0.0,0.0,8.141447368421051,1.6282894736842104,1.1842105263157894,0.888157894736842,0.14802631578947367,0.6333333333333333,0.38181818181818183,0.3793103448275862,85.64356435643565,0.7715736040609137,,,,,,,,,1.1419307061307014,2,,,,,,,0.3909736388301429,-0.6277693610237186,,,2.049472113367034,2.1940250369083616,0.37319357893724214,2.0600891700362483,,,1.0123262667077046,2.0317058071906775,3.8298738386316,2.0343781398607645,0.6123452492606245,0.3781687145186223,,,1.195509446442923,-0.0770825645760476
18979,Viktor Gyökeres,5,Sweden,ST,360.0,9.0,6.0,1.0,0.0,2.0,0.0,69.0,47.0,9.0,2.0,0.0,0.0,40.0,16.0,5.0,1.0,7.0,4.0,1.0,0.0,6.95,2.25,0.25,0.0,0.5,0.0,17.25,2.25,0.5,0.0,0.0,10.0,0.25,1.75,1.0,0.25,0.6666666666666666,0.4,0.2,68.1159420289855,0.6666666666666666,,,,,,,,,0.748749434977488,3,,,,,,,0.40729957935684824,-0.2883759526592155,,,1.8240444913578209,2.1940250369083616,0.37791951889360526,2.0843352929356,,,0.3105798114179097,-0.5269061867925748,2.088778860817964,0.4996100992310271,0.6249284995383435,0.4505097595262749,,,1.5778915625870802,0.8280479956929426
1100,Erling Haaland,1090,Norway,ST,465.0,17.0,13.0,7.0,0.0,0.0,0.0,56.0,35.0,6.0,1.0,0.0,1.0,43.0,22.0,4.0,1.0,3.0,5.0,0.0,0.0,7.9399999999999995,3.290322580645161,1.3548387096774193,0.0,0.0,0.0,10.838709677419354,1.161290322580645,0.1935483870967742,0.0,0.1935483870967742,8.32258064516129,0.1935483870967742,0.5806451612903225,0.967741935483871,0.0,0.7647058823529411,0.5116279069767442,0.25,62.5,0.7209302325581395,,,,,,,,,0.6595501204089168,4,,,,,,,0.4865872086773397,1.359902669463968,,,1.1085023648577104,0.44442285006882437,0.037327969306274175,-0.7966338766088917,,,1.0972296095591803,2.0317058071906775,2.8650241625452715,1.7826845336533905,0.7024025194493382,0.8959075254142306,,,0.76288595937523,-1.1011386663197813
147859,Charles De Ketelaere,1,Belgium,ST,353.0,5.0,5.0,3.0,0.0,1.0,0.0,104.0,74.0,6.0,6.0,0.0,5.0,49.0,26.0,7.0,4.0,3.0,2.0,0.0,0.0,7.080000000000001,1.274787535410765,0.7648725212464589,0.0,0.254957507082153,0.0,26.51558073654391,1.5297450424929178,1.5297450424929178,0.0,1.274787535410765,12.492917847025495,1.019830028328612,0.7648725212464589,0.509915014164306,0.0,1.0,0.5306122448979592,0.5714285714285714,71.15384615384616,0.6622889305816135,,,,,,,,,0.638265774443784,5,,,,,,,0.49389849024705,1.5118939600972756,,,1.3414334434019197,1.102994039970232,0.21402727992973142,0.6991021907951972,,,0.6523697901794958,0.8716563644985024,1.440789089759288,-0.5714676994525937,0.8451433203577965,1.575361900968079,,,0.9231922022458224,-0.7216803357702047
38750,Brian Brobbey,1118,Netherlands,ST,232.0,3.0,3.0,3.0,0.0,0.0,0.0,22.0,19.0,5.0,2.0,1.0,0.0,16.0,8.0,0.0,0.0,3.0,4.0,0.0,0.0,7.175,1.1637931034482758,1.1637931034482758,0.0,0.0,0.0,8.53448275862069,1.9396551724137931,0.7758620689655172,0.3879310344827586,0.0,6.206896551724138,0.0,1.1637931034482758,1.5517241379310345,0.0,1.0,0.5,0.0,86.36363636363636,0.5631067961165048,,,,,,,,,0.6191352053873623,6,,,,,,,0.46587808944829623,0.9293891227635546,,,1.5169515177990855,1.5992401734934,0.058438204375113684,-0.6312969405686262,,,0.8439638304992021,1.6556356105038554,1.4270402544701468,-0.5941934783053954,0.7996635673560812,1.455060819581132,,,1.1943238927112219,-0.07988886975638482
421,Breel Embolo,15,Switzerland,ST,506.0,7.0,5.0,2.0,0.0,2.0,0.0,74.0,54.0,8.0,1.0,0.0,2.0,53.0,25.0,5.0,3.0,11.0,9.0,2.0,1.0,6.8500000000000005,1.2450592885375493,0.3557312252964427,0.0,0.3557312252964427,0.0,13.162055335968379,1.4229249011857708,0.17786561264822134,0.0,0.3557312252964427,9.42687747035573,0.5335968379446641,1.9565217391304348,1.6007905138339922,0.7114624505928854,0.7142857142857143,0.4716981132075472,0.6,72.97297297297297,0.7376093294460642,,,,,,,,,0.6056923745190124,7,,,,,,,0.4586312217721821,0.7787369066453033,,,1.3046414363458065,0.9989711847237748,0.29748766793374176,1.4127488739445244,,,0.37567507021234875,-0.2605443948337533,1.3818375872327995,-0.668910048661291,0.6689358034683337,0.7035075370481852,,,1.7668534166137366,1.275336562766343
17,Christian Pulišić,2384,USA,ST,224.0,3.0,2.0,0.0,0.0,1.0,0.0,78.0,68.0,3.0,3.0,0.0,0.0,39.0,20.0,21.0,9.0,8.0,1.0,0.0,0.0,7.0,1.2053571428571428,0.0,0.0,0.4017857142857143,0.0,31.339285714285715,1.2053571428571428,1.2053571428571428,0.0,0.0,15.669642857142858,3.616071428571429,3.2142857142857144,0.4017857142857143,0.0,0.6666666666666666,0.5128205128205128,0.42857142857142855,87.17948717948718,0.5544554455445545,,,,,,,,,0.4565328711234162,8,,,,,,,0.4723108111992399,1.0631163868401334,,,1.1014456072604535,0.4244711232459513,0.2823676737686803,1.2834619877558957,,,0.19235915387542385,-1.010650575750389,1.4552984773309416,-0.5474847855323568,0.6108780274357396,0.36973366334125274,,,2.331835256923325,1.6130822979634258
47323,Mikel Oyarzabal,9,Spain,ST,543.0,20.0,11.0,5.0,0.0,1.0,0.0,140.0,116.0,6.0,5.0,0.0,1.0,38.0,17.0,3.0,1.0,4.0,3.0,0.0,0.0,7.271428571428571,3.314917127071823,0.8287292817679558,0.0,0.16574585635359115,0.0,23.204419889502763,0.9944751381215469,0.8287292817679558,0.0,0.16574585635359115,6.2983425414364635,0.16574585635359115,0.6629834254143646,0.49723756906077343,0.0,0.55,0.4473684210526316,0.3333333333333333,82.85714285714286,0.7510373443983402,,,,,,,,,0.4030562743359449,9,,,,,,,0.44102742114007887,0.412778578736068,,,0.9889128981095756,0.10630490587596328,0.1577822132815309,0.2181661896940228,,,0.729893635083916,1.1888744020438597,2.9293784022706784,1.8890571964632257,0.5478719083688873,0.00751178945519127,,,0.8050642376169064,-1.0012991419167172
1942,Junya Ito,12,Japan,ST,215.0,1.0,1.0,1.0,0.0,0.0,0.0,81.0,64.0,5.0,4.0,0.0,1.0,29.0,11.0,12.0,1.0,5.0,2.0,0.0,0.0,6.675,0.4186046511627907,0.4186046511627907,0.0,0.0,0.0,33.906976744186046,2.0930232558139537,1.6744186046511629,0.0,0.4186046511627907,12.13953488372093,0.4186046511627907,2.0930232558139537,0.8372093023255814,0.0,1.0,0.3793103448275862,0.08333333333333333,79.01234567901234,0.5443037974683544,,,,,,,,,0.275271827091163,10,,,,,,,0.3987177139003268,-0.4667809004568659,,,1.5822380388182866,1.7838261982559913,0.06095326633556161,-0.6097913416981481,,,0.4245901219384082,-0.060390019955921304,1.0327609742827861,-1.2459071354510742,0.7910414930397607,1.4054925560236073,,,1.701421376701325,1.1204534329205518
1165,Matheus Cunha,6,Brazil,ST,293.0,10.0,5.0,3.0,0.0,0.0,0.0,89.0,78.0,1.0,6.0,0.0,3.0,26.0,14.0,5.0,2.0,3.0,1.0,0.0,0.0,7.38,3.071672354948806,0.9215017064846417,0.0,0.0,0.0,27.33788395904437,0.30716723549488056,1.8430034129692834,0.0,0.9215017064846417,7.986348122866895,0.6143344709897611,0.9215017064846417,0.30716723549488056,0.0,0.5,0.5384615384615384,0.4,87.64044943820225,0.6194503171247357,,,,,,,,,0.22927417537655467,11,,,,,,,0.4941036017376931,1.5144523482449064,,,0.5602199267087172,-1.1057482131939735,0.050901776326737494,-0.6957388513737711,,,0.7351228291028991,1.2102716207536754,2.574927240680128,1.3031763896149926,0.5157746083524429,-0.17701543315160884,,,1.0402990355116775,-0.4444786332583385
217,Lautaro Martínez,26,Argentina,ST,311.0,8.0,4.0,3.0,0.0,1.0,0.0,69.0,57.0,5.0,3.0,1.0,0.0,38.0,9.0,6.0,0.0,5.0,8.0,1.0,0.0,6.785714285714286,2.315112540192926,0.8681672025723473,0.0,0.28938906752411575,0.0,19.967845659163988,1.4469453376205788,0.8681672025723473,0.28938906752411575,0.0,10.996784565916398,0.0,1.4469453376205788,2.315112540192926,0.28938906752411575,0.5,0.23684210526315788,0.0,82.6086956521739,0.6334012219959266,,,,,,,,,0.2251528766012922,12,,,,,,,0.3046836407118944,-1.982609438705658,,,1.2728798886623691,0.9091710585159632,0.23233511242881227,0.8556474004579501,,,0.708173316019697,1.0999975281361556,2.113931944687781,0.5411862334613133,0.515196313137893,-0.18034004954404753,,,1.368760577998011,0.3330174038873689
70747,Julio Enciso,2380,Paraguay,ST,387.0,5.0,1.0,1.0,0.0,2.0,0.0,72.0,57.0,6.0,5.0,0.0,1.0,64.0,27.0,29.0,13.0,9.0,3.0,0.0,0.0,6.9799999999999995,1.1627906976744187,0.23255813953488372,0.0,0.46511627906976744,0.0,16.74418604651163,1.3953488372093024,1.1627906976744187,0.0,0.23255813953488372,14.883720930232558,3.0232558139534884,2.0930232558139537,0.6976744186046512,0.0,0.2,0.421875,0.4482758620689655,79.16666666666667,0.6825396825396826,,,,,,,,,0.22395618991366906,13,,,,,,,0.421882535895411,0.01478326291910131,,,1.260994753674115,0.8755679535105152,0.35992335132724307,1.9466191258033192,,,0.29579029658848544,-0.5874230622935528,1.3543925658583782,-0.7142745812379607,0.30839751278784033,-1.3692253529017406,,,1.8202141865908703,1.4016459835960018
184,Harry Kane,10,England,ST,654.0,18.0,12.0,6.0,0.0,1.0,0.0,106.0,75.0,5.0,3.0,3.0,1.0,58.0,22.0,6.0,1.0,9.0,8.0,1.0,0.0,7.185714285714285,2.4770642201834865,0.8256880733944955,0.0,0.13761467889908258,0.0,14.587155963302752,0.6880733944954129,0.41284403669724773,0.41284403669724773,0.13761467889908258,7.9816513761467895,0.13761467889908258,1.2385321100917432,1.1009174311926606,0.13761467889908258,0.6666666666666666,0.3793103448275862,0.16666666666666666,70.75471698113208,0.7841726618705036,,,,,,,,,0.20952938766321977,14,,,,,,,0.38850208437642614,-0.6791495120559534,,,0.7493813253395962,-0.570928007327334,0.13678242230521204,0.03860278799549477,,,0.7406631872490064,1.2329420847970087,2.323669765997243,0.8878668972344698,0.6396419541375366,0.5350973388787236,,,1.23748374555998,0.022274124120128438
2887,Raúl Jiménez,16,Mexico,ST,333.0,14.0,7.0,3.0,0.0,0.0,0.0,74.0,49.0,2.0,1.0,0.0,0.0,36.0,18.0,2.0,0.0,2.0,7.0,0.0,0.0,7.275,3.783783783783784,0.8108108108108109,0.0,0.0,0.0,20.0,0.5405405405405406,0.2702702702702703,0.0,0.0,9.72972972972973,0.0,0.5405405405405406,1.891891891891892,0.0,0.5,0.5,0.0,66.21621621621621,0.6491228070175439,,,,,,,,,0.19719952420825176,15,,,,,,,0.47259604844580516,1.0690460691849843,,,0.691976657569636,-0.7332294940822773,0.04693282690554938,-0.7296762396097596,,,0.6778033102644664,0.9757272002416452,3.0759075727908396,2.0343781398607645,0.5145446193970867,-0.18408663370905876,,,0.7837455044776285,-1.051762372428536
15286,Mousa Tamari,1548,Jordan,ST,217.0,7.0,3.0,1.0,0.0,1.0,0.0,36.0,29.0,2.0,2.0,0.0,0.0,29.0,11.0,10.0,5.0,3.0,2.0,0.0,0.0,7.033333333333334,2.903225806451613,0.4147465437788018,0.0,0.4147465437788018,0.0,14.930875576036865,0.8294930875576036,0.8294930875576036,0.0,0.0,12.027649769585253,2.073732718894009,1.2442396313364055,0.8294930875576036,0.0,0.42857142857142855,0.3793103448275862,0.5,80.55555555555556,0.5465994962216625,,,,,,,,,0.18044604441178347,16,,,,,,,0.3986199437790535,-0.4688134041671952,,,0.8941663106630309,-0.16157421623923346,0.28734644887291394,1.3260341159745188,,,0.42245112888078395,-0.06914251644134817,2.3877596595508828,0.993802615931307,0.4797516114627342,-0.3841114681023922,,,1.2394494805970362,0.02692718392682767
907,Romelu Lukaku,1,Belgium,ST,236.0,4.0,3.0,3.0,0.0,1.0,0.0,46.0,34.0,3.0,0.0,0.0,0.0,23.0,8.0,6.0,2.0,0.0,2.0,1.0,0.0,6.783333333333334,1.5254237288135593,1.1440677966101696,0.0,0.3813559322033898,0.0,17.54237288135593,1.1440677966101696,0.0,0.0,0.0,8.771186440677965,0.7627118644067796,0.0,0.7627118644067796,0.3813559322033898,0.75,0.34782608695652173,0.3333333333333333,73.91304347826087,0.5673076923076923,,,,,,,,,0.15854502521933098,17,,,,,,,0.37987675330393555,-0.8584580490542563,,,1.0696731378202482,0.33464011771368296,0.27422245240996834,1.213814453815812,,,0.835848793667479,1.6224298779767692,1.6296648674079337,-0.25927040686562486,0.6597629561315036,0.6507728820586923,,,0.5338015475889986,-1.5941136991097582
874,Cristiano Ronaldo,27,Portugal,ST,441.0,14.0,9.0,3.0,0.0,0.0,0.0,101.0,85.0,1.0,2.0,0.0,1.0,16.0,10.0,0.0,0.0,5.0,2.0,0.0,0.0,7.06,2.857142857142857,0.6122448979591837,0.0,0.0,0.0,20.612244897959183,0.20408163265306123,0.40816326530612246,0.0,0.20408163265306123,3.2653061224489797,0.0,1.0204081632653061,0.40816326530612246,0.0,0.6428571428571429,0.625,0.0,84.15841584158416,0.7101449275362319,,,,,,,,,0.1449101732998224,18,,,,,,,0.566130069005955,1.5144523482449064,,,0.42670535480390215,-1.483236915165714,0.038770596139366884,-0.7966338766088917,,,0.559924473696733,0.49338150066690434,2.540967125348954,1.2470429023339689,0.6134643957338253,0.38460268218207466,,,1.0822245471771712,-0.34523742855449163
978,Kai Havertz,25,Germany,ST,355.0,9.0,7.0,3.0,0.0,0.0,0.0,123.0,102.0,2.0,3.0,0.0,1.0,43.0,20.0,4.0,0.0,4.0,3.0,1.0,0.0,7.325,2.2816901408450705,0.7605633802816901,0.0,0.0,0.0,31.183098591549296,0.5070422535211268,0.7605633802816901,0.0,0.2535211267605634,10.901408450704226,0.0,1.0140845070422535,0.7605633802816901,0.2535211267605634,0.7777777777777778,0.46511627906976744,0.0,82.92682926829268,0.6635514018691588,,,,,,,,,0.14077867645854278,19,,,,,,,0.4505757979859168,0.6112759429005827,,,0.663521542678922,-0.8136812697297336,0.045002878883265124,-0.7461786911043248,,,0.6499310246087313,0.8616772357627579,2.1083001585826175,0.5318773194420068,0.6982663567510591,0.8721287460598218,,,1.087965315508455,-0.33164854812131145
138835,Folarin Balogun,2384,USA,ST,314.0,11.0,5.0,3.0,0.0,0.0,0.0,50.0,31.0,0.0,0.0,0.0,1.0,35.0,13.0,7.0,3.0,8.0,3.0,1.0,1.0,6.975,3.1528662420382165,0.8598726114649682,0.0,0.0,0.0,14.331210191082802,0.0,0.0,0.0,0.28662420382165604,10.031847133757962,0.8598726114649682,2.2929936305732483,0.8598726114649682,0.8598726114649682,0.45454545454545453,0.37142857142857144,0.42857142857142855,62.0,0.6356275303643725,,,,,,,,,0.12947819597459875,20,,,,,,,0.3898185106908289,-0.6517828551105211,,,0.3542186747636098,-1.4935351733529993,0.0487379356326859,-0.7142412543831994,,,0.7038726683515613,1.0823998068783667,2.64765300575243,1.4233865469975078,0.48621186736432837,-0.34697148815891987,,,1.9070069712490352,1.6070917889519565
2864,Alexander Isak,5,Sweden,ST,358.0,7.0,6.0,1.0,0.0,3.0,0.0,79.0,61.0,7.0,2.0,0.0,0.0,27.0,7.0,4.0,1.0,1.0,4.0,0.0,0.0,7.0,1.7597765363128492,0.25139664804469275,0.0,0.7541899441340782,0.0,19.860335195530727,1.7597765363128492,0.5027932960893855,0.0,0.0,6.787709497206704,0.25139664804469275,0.25139664804469275,1.005586592178771,0.0,0.8571428571428571,0.25925925925925924,0.25,77.21518987341773,0.6654275092936803,,,,,,,,,0.10343224431143071,21,,,,,,,0.31367395477232873,-1.982609438705658,,,1.496252835191865,1.5407183303833076,0.5466106695214625,2.0843352929356,,,0.31173438320756736,-0.5221818210471453,1.761971347289406,-0.04057786023560378,0.7515214360740675,1.17829193960398,,,0.5800398583587795,-1.533950732754466
20649,Yoane Wissa,1508,Congo DR,ST,360.0,10.0,3.0,3.0,0.0,0.0,0.0,70.0,57.0,1.0,1.0,0.0,0.0,37.0,16.0,3.0,1.0,9.0,5.0,0.0,0.0,7.025,2.5,0.75,0.0,0.0,0.0,17.5,0.25,0.25,0.0,0.0,9.25,0.25,2.25,1.25,0.0,0.3,0.43243243243243246,0.3333333333333333,81.42857142857143,0.6666666666666666,,,,,,,,,0.05421799817511719,22,,,,,,,0.42892120097846986,0.16110723910705368,,,0.4907111580244875,-1.3022718921596668,0.044586185560271926,-0.7497417204042877,,,0.6439131447512431,0.8370528116139072,2.2554455274846306,0.77509742082195,0.38048405509389904,-0.954800169716562,,,1.9112248959204137,1.6130822979634258
72155,Ayase Ueda,12,Japan,ST,324.0,7.0,4.0,2.0,0.0,1.0,0.0,38.0,27.0,3.0,1.0,0.0,0.0,35.0,13.0,3.0,2.0,4.0,6.0,0.0,0.0,7.2749999999999995,1.9444444444444446,0.5555555555555556,0.0,0.2777777777777778,0.0,10.555555555555555,0.8333333333333334,0.2777777777777778,0.0,0.0,9.722222222222223,0.5555555555555556,1.1111111111111112,1.6666666666666667,0.0,0.5714285714285714,0.37142857142857144,0.6666666666666666,71.05263157894737,0.6428571428571429,,,,,,,,,0.044317438233574154,23,,,,,,,0.3894536309435619,-0.6593681933558467,,,0.8829048121690938,-0.1934140999918751,0.22634234167171993,0.8044048759987092,,,0.5113355122334747,0.2945614470337935,1.8808344937335328,0.15589387886296907,0.560722712090402,0.08139099791762705,,,1.1548838170575861,-0.17324683883035802
338014,Nestory Irankunda,20,Australia,ST,264.0,4.0,2.0,1.0,0.0,0.0,0.0,48.0,32.0,3.0,0.0,0.0,1.0,32.0,16.0,2.0,1.0,5.0,4.0,0.0,0.0,6.9,1.3636363636363635,0.3409090909090909,0.0,0.0,0.0,16.363636363636363,1.0227272727272727,0.0,0.0,0.3409090909090909,10.909090909090908,0.3409090909090909,1.7045454545454544,1.3636363636363635,0.0,0.5,0.5,0.5,66.66666666666667,0.5945945945945946,,,,,,,,,0.04010638559044439,24,,,,,,,0.46833732624481544,0.9805132069766982,,,1.0022162732730253,0.14391783269472208,0.054226441897628014,-0.6673105560591989,,,0.3777322030758361,-0.2521268601935395,1.5268932091029288,-0.429144140157045,0.5168049318709583,-0.17109210822519114,,,1.5136519004437463,0.6759873240966648
42315,Mehdi Taremi,22,Iran,ST,260.0,4.0,2.0,0.0,0.0,0.0,0.0,85.0,62.0,4.0,3.0,0.0,2.0,51.0,25.0,7.0,2.0,5.0,3.0,0.0,0.0,6.6000000000000005,1.3846153846153846,0.0,0.0,0.0,0.0,29.423076923076923,1.3846153846153846,1.0384615384615383,0.0,0.6923076923076923,17.653846153846153,0.6923076923076923,1.7307692307692308,1.0384615384615383,0.0,0.5,0.49019607843137253,0.2857142857142857,72.94117647058823,0.5909090909090909,,,,,,,,,-0.000558620875545939,25,,,,,,,0.46225625737467024,0.8540963131406676,,,1.2158727848482347,0.7479936131259011,0.05471940955124281,-0.6630953260642796,,,0.17662067764925282,-1.0750504845600664,1.54077405645841,-0.4062001554008012,0.5169577039788761,-0.17021382211541222,,,1.5274123722659623,0.7085595157451688
351587,Tani Oluwaseyi,5529,Canada,ST,260.0,7.0,4.0,0.0,0.0,0.0,0.0,50.0,26.0,2.0,5.0,0.0,0.0,52.0,25.0,5.0,3.0,5.0,5.0,0.0,0.0,6.74,2.423076923076923,0.0,0.0,0.0,0.0,17.307692307692307,0.6923076923076923,1.7307692307692308,0.0,0.0,18.0,1.0384615384615383,1.7307692307692308,1.7307692307692308,0.0,0.5714285714285714,0.4807692307692308,0.6,52.0,0.5909090909090909,,,,,,,,,-0.0027709299680213073,26,,,,,,,0.45668584739249557,0.7382953014473193,,,0.8067818757573255,-0.4086381616534128,0.05471940955124281,-0.6630953260642796,,,0.17662067764925282,-1.0750504845600664,2.1544104200947736,0.608094074093052,0.5591654961866683,0.07243857121606957,,,1.5274123722659623,0.7085595157451688
53535,Eldor Shomurodov,1568,Uzbekistan,ST,269.0,4.0,2.0,1.0,0.0,0.0,0.0,73.0,53.0,4.0,6.0,1.0,0.0,36.0,17.0,4.0,1.0,4.0,8.0,0.0,0.0,6.6000000000000005,1.338289962825279,0.3345724907063197,0.0,0.0,0.0,24.42379182156134,1.338289962825279,2.0074349442379185,0.3345724907063197,0.0,12.04460966542751,0.3345724907063197,1.338289962825279,2.676579925650558,0.0,0.5,0.4722222222222222,0.25,72.6027397260274,0.5991091314031181,,,,,,,,,-0.012663551277198747,27,,,,,,,0.4520479969498348,0.6418808947768619,,,1.1915011700071787,0.6790872074800492,0.053622583970037496,-0.6724739781019732,,,0.3735258311039449,-0.2693388168986571,1.5098899439681526,-0.45724924397872396,0.5166177945450011,-0.17216795980732594,,,1.296350654336355,0.16161703758937782
299813,Ali Al-Hamadi,1567,Iraq,ST,181.0,4.0,0.0,0.0,0.0,0.0,0.0,36.0,25.0,2.0,3.0,0.0,2.0,29.0,15.0,3.0,2.0,5.0,1.0,0.0,0.0,6.6000000000000005,1.988950276243094,0.0,0.0,0.0,0.0,17.900552486187845,0.994475138121547,1.4917127071823204,0.0,0.994475138121547,14.41988950276243,0.994475138121547,2.4861878453038675,0.4972375690607735,0.0,0.0,0.5172413793103449,0.6666666666666666,69.44444444444444,0.5013850415512465,,,,,,,,,-0.04534188557362003,28,,,,,,,0.4697021122101675,1.0088851932467198,,,0.9833352502305354,0.09053509867158276,0.06669401718157018,-0.560703769761101,,,0.2152717400711115,-0.9168950913952719,1.8779517585642673,0.1511289369191476,0.269976148893921,-1.5901095881638285,,,1.8616660492992336,1.4997660214674107
164026,Ali Olwan,1548,Jordan,ST,268.0,5.0,3.0,1.0,0.0,0.0,0.0,56.0,35.0,4.0,2.0,0.0,1.0,41.0,16.0,18.0,6.0,4.0,1.0,0.0,0.0,6.833333333333333,1.6791044776119404,0.3358208955223881,0.0,0.0,0.0,18.80597014925373,1.3432835820895523,0.6716417910447762,0.0,0.3358208955223881,13.768656716417912,2.0149253731343286,1.3432835820895523,0.3358208955223881,0.0,0.6,0.3902439024390244,0.3333333333333333,62.5,0.5982142857142857,,,,,,,,,-0.058357770735509726,29,,,,,,,0.40296236318383166,-0.3785405944675001,,,1.1941607708330877,0.686606755715212,0.05374227723782776,-0.6714505140899233,,,0.3743595941198019,-0.2659271611946069,1.71415309116451,-0.11961780005358207,0.5764763164078247,0.17195839297114168,,,1.2992442941897844,0.16846652597069064
2001,Cyle Larin,5529,Canada,ST,189.0,5.0,4.0,2.0,0.0,0.0,0.0,24.0,19.0,2.0,0.0,0.0,0.0,20.0,6.0,1.0,1.0,1.0,5.0,2.0,0.0,6.775,2.380952380952381,0.9523809523809523,0.0,0.0,0.0,11.428571428571427,0.9523809523809523,0.0,0.0,0.0,9.523809523809524,0.47619047619047616,0.47619047619047616,2.380952380952381,0.9523809523809523,0.8,0.3,1.0,79.16666666666667,0.5121951219512195,,,,,,,,,-0.06454447345792613,30,,,,,,,0.3594627990588023,-1.2828355296728862,,,0.9620163288163232,0.03025964066520257,0.06524807642966622,-0.57306760901832,,,0.6984094801237704,1.0600451126485153,2.0811397963189715,0.4869833067213005,0.673879105015462,0.7319265537421797,,,0.8456949696396298,-0.9051227892914748
81573,Omar Marmoush,32,Egypt,ST,326.0,5.0,1.0,0.0,0.0,0.0,0.0,76.0,62.0,3.0,4.0,1.0,2.0,43.0,22.0,18.0,8.0,8.0,3.0,0.0,0.0,6.7,1.3803680981595092,0.0,0.0,0.0,0.0,20.98159509202454,0.8282208588957056,1.1042944785276074,0.27607361963190186,0.5521472392638037,11.87116564417178,2.208588957055215,2.208588957055215,0.8282208588957056,0.0,0.2,0.5116279069767442,0.4444444444444444,81.57894736842105,0.6442687747035574,,,,,,,,,-0.15812058713258667,31,,,,,,,0.4797084397769104,1.2169027106775463,,,0.8794150698285045,-0.20328072569100875,0.04758209526195027,-0.7241245255559375,,,0.153583197955872,-1.157890771298558,1.5176691400033606,-0.4443908246995028,0.3214651971357816,-1.2940992987665783,,,1.8617815094802834,1.500039325405932
283058,Nicolas Jackson,13,Senegal,ST,233.0,5.0,3.0,0.0,0.0,1.0,0.0,50.0,35.0,3.0,2.0,0.0,0.0,31.0,12.0,4.0,1.0,0.0,2.0,0.0,0.0,6.5,1.9313304721030042,0.0,0.0,0.38626609442060084,0.0,19.313304721030043,1.1587982832618025,0.7725321888412017,0.0,0.0,11.974248927038627,0.38626609442060084,0.0,0.7725321888412017,0.0,0.6,0.3870967741935484,0.25,70.0,0.5641646489104116,,,,,,,,,-0.16378714419944937,32,,,,,,,0.40226470033848627,-0.3930440266332446,,,1.0774431606131314,0.3566084749988141,0.2762143830570141,1.2308469015832417,,,0.1881673079071943,-1.027803093835291,1.8594203022801463,0.12049784937779694,0.5744827839000133,0.16049758422229535,,,0.5376790406707588,-1.5941136991097582
263676,Abbosbek Fayzullaev,1568,Uzbekistan,ST,223.0,3.0,2.0,1.0,0.0,0.0,0.0,35.0,24.0,1.0,6.0,0.0,1.0,26.0,11.0,2.0,0.0,4.0,6.0,0.0,0.0,6.866666666666667,1.210762331838565,0.40358744394618834,0.0,0.0,0.0,14.125560538116591,0.40358744394618834,2.42152466367713,0.0,0.40358744394618834,10.493273542600896,0.0,1.6143497757847534,2.42152466367713,0.0,0.6666666666666666,0.4230769230769231,0.0,68.57142857142857,0.5533498759305211,,,,,,,,,-0.1682386761125565,33,,,,,,,0.4225506865976474,0.028673179016872167,,,0.657528598841745,-0.8306252523812927,0.059743275936840784,-0.6201376347761068,,,0.4161615339098542,-0.09487876541214346,1.4589096398057082,-0.5415158086643383,0.6107395940877721,0.3689378106931013,,,1.4443212004888917,0.5118757387360122
8489,Jonathan David,5529,Canada,ST,428.0,12.0,8.0,3.0,0.0,0.0,0.0,107.0,76.0,3.0,4.0,1.0,3.0,39.0,12.0,3.0,1.0,5.0,5.0,1.0,0.0,6.8,2.5233644859813085,0.6308411214953271,0.0,0.0,0.0,22.5,0.6308411214953271,0.8411214953271028,0.2102803738317757,0.6308411214953271,8.200934579439252,0.2102803738317757,1.0514018691588785,1.0514018691588785,0.2102803738317757,0.6666666666666666,0.3076923076923077,0.3333333333333333,71.02803738317758,0.7039473684210527,,,,,,,,,-0.21317513879977207,34,,,,,,,0.3415034219490226,-1.6561857938993865,,,0.7318816206138541,-0.6204053095241205,0.0395995727015573,-0.7923808670926602,,,0.5718965430356435,0.5423697357799642,2.299244382963323,0.8474935971293877,0.6295965840198007,0.4773465546403774,,,1.10536421677142,-0.29046388863196637
84087,Wilson Isidor,2386,Haiti,ST,188.0,3.0,2.0,1.0,0.0,0.0,0.0,23.0,17.0,2.0,1.0,0.0,1.0,23.0,8.0,5.0,0.0,2.0,3.0,0.0,0.0,6.733333333333333,1.4361702127659575,0.4787234042553192,0.0,0.0,0.0,11.01063829787234,0.9574468085106383,0.4787234042553192,0.0,0.4787234042553192,11.01063829787234,0.0,0.9574468085106383,1.4361702127659575,0.0,0.6666666666666666,0.34782608695652173,0.0,73.91304347826087,0.5108695652173914,,,,,,,,,-0.2189934992600278,35,,,,,,,0.3840572750014243,-0.7715508656468703,,,0.9646305036228893,0.037650754911229524,0.06542538098518162,-0.5715515268267928,,,0.4557421145806284,0.0670801020920249,1.597664632722012,-0.3121643605290579,0.6054204431631489,0.3383580377450886,,,1.0925582711875634,-0.320776636565817
6904,Connor Metcalfe,20,Australia,ST,315.0,2.0,2.0,1.0,0.0,0.0,0.0,78.0,58.0,3.0,6.0,2.0,2.0,28.0,13.0,2.0,2.0,0.0,1.0,0.0,0.0,6.875,0.5714285714285714,0.2857142857142857,0.0,0.0,0.0,22.285714285714285,0.8571428571428571,1.7142857142857142,0.5714285714285714,0.5714285714285714,8.0,0.5714285714285714,0.0,0.2857142857142857,0.0,1.0,0.4642857142857143,1.0,74.35897435897436,0.6363636363636364,,,,,,,,,-0.2868019736329902,36,,,,,,,0.448872268389289,0.5758619515839067,,,0.8989576269358045,-0.14802762177586037,0.04863947515666028,-0.7150831626682844,,,0.33881433972862873,-0.4113739699270714,1.0059405754377786,-1.2902392145019426,0.8332553328297081,1.575361900968079,,,0.448608977367724,-1.5941136991097582
47237,Luis Javier Suárez,8,Colombia,ST,332.0,5.0,0.0,0.0,0.0,1.0,0.0,55.0,42.0,2.0,4.0,0.0,0.0,42.0,16.0,5.0,1.0,8.0,7.0,1.0,0.0,6.4799999999999995,1.355421686746988,0.0,0.0,0.2710843373493976,0.0,14.909638554216867,0.5421686746987951,1.0843373493975903,0.0,0.0,11.385542168674698,0.2710843373493976,2.1686746987951806,1.897590361445783,0.2710843373493976,0.0,0.38095238095238093,0.2,76.36363636363636,0.6484375,,,,,,,,,-0.35396592811086663,37,,,,,,,0.3953475846267354,-0.5368411618502098,,,0.6933281744789517,-0.7294083204342493,0.22280574258309926,0.7741643958190365,,,0.15178339485482667,-1.157890771298558,1.4998839547689462,-0.47378838296486636,0.19035427685684664,-1.8023921312659086,,,1.8399637574160612,1.4483948752186893
201354,Evidence Makgopa,1531,South Africa,ST,214.0,4.0,3.0,0.0,0.0,0.0,0.0,38.0,26.0,0.0,4.0,0.0,1.0,43.0,22.0,3.0,1.0,1.0,1.0,0.0,0.0,6.7,1.6822429906542056,0.0,0.0,0.0,0.0,15.981308411214952,0.0,1.6822429906542056,0.0,0.4205607476635514,18.08411214953271,0.4205607476635514,0.4205607476635514,0.4205607476635514,0.0,0.75,0.5116279069767442,0.3333333333333333,68.42105263157895,0.5431472081218274,,,,,,,,,-0.36057955691850807,38,,,,,,,0.4706348856490389,1.028276244937285,,,0.44412189170868854,-1.4339947551884658,0.061107970057225486,-0.6084685129829139,,,0.1972413659027189,-0.9906731646701166,1.7206613828469555,-0.10886008899120572,0.6547243394687956,0.6218058992260707,,,0.7920341213122422,-1.0321425207602102
25297,Michael Gregoritsch,775,Austria,ST,190.0,1.0,0.0,0.0,0.0,1.0,0.0,35.0,22.0,2.0,1.0,0.0,0.0,18.0,8.0,1.0,0.0,1.0,1.0,0.0,0.0,6.466666666666666,0.47368421052631576,0.0,0.0,0.47368421052631576,0.0,16.57894736842105,0.9473684210526315,0.47368421052631576,0.0,0.0,8.526315789473683,0.0,0.47368421052631576,0.47368421052631576,0.0,0.0,0.4444444444444444,0.0,62.857142857142854,0.5135135135135135,,,,,,,,,-0.4033204044257821,39,,,,,,,0.43347626296525,0.2558005898806937,,,0.9594162846843871,0.022908478388073025,0.30831497352039683,1.5053301679470072,,,0.21003540044776012,-0.9383215490392195,1.102542121193785,-1.1305642078907514,0.2634091614883932,-1.6278631670073775,,,0.8434093075595226,-0.9105331432589
33224,Daizen Maeda,12,Japan,ST,245.0,2.0,1.0,1.0,0.0,0.0,0.0,30.0,28.0,2.0,6.0,0.0,1.0,23.0,10.0,4.0,0.0,1.0,2.0,0.0,0.0,7.0,0.7346938775510204,0.3673469387755102,0.0,0.0,0.0,11.020408163265307,0.7346938775510204,2.2040816326530615,0.0,0.3673469387755102,8.448979591836736,0.0,0.3673469387755102,0.7346938775510204,0.0,0.5,0.43478260869565216,0.0,93.33333333333333,0.5764705882352941,,,,,,,,,-0.47718030393920596,40,,,,,,,0.42932591054854785,0.16952058351204033,,,0.8352565301958195,-0.328131141410379,0.05665068282952197,-0.6465815426724192,,,0.39461905450746176,-0.18302794129878192,1.1716249055098835,-1.016375620575039,0.5175562111781306,-0.16677300712063012,,,0.7342622206988786,-1.1688934580092332
46930,Ermedin Demirović,1113,Bosnia & Herzegovina,ST,356.0,4.0,4.0,0.0,0.0,0.0,0.0,47.0,33.0,0.0,5.0,0.0,1.0,49.0,19.0,5.0,1.0,3.0,11.0,1.0,0.0,6.475,1.0112359550561798,0.0,0.0,0.0,0.0,11.882022471910112,0.0,1.2640449438202248,0.0,0.25280898876404495,12.387640449438203,0.25280898876404495,0.7584269662921348,2.7808988764044944,0.25280898876404495,1.0,0.3877551020408163,0.2,70.2127659574468,0.664179104477612,,,,,,,,,-0.5536464850731178,41,,,,,,,0.3992212484687102,-0.4563131229273904,,,0.3264627338306404,-1.4935351733529993,0.04491891828833365,-0.7468966149184965,,,0.14498712344341647,-1.157890771298558,1.2648145239583963,-0.8623402702562737,0.8460100555050476,1.575361900968079,,,0.9180250817108645,-0.7339113437261854
73868,Ricardo Pepi,2384,USA,ST,212.0,3.0,0.0,0.0,0.0,0.0,0.0,44.0,35.0,2.0,2.0,0.0,0.0,30.0,12.0,3.0,3.0,3.0,5.0,0.0,0.0,6.42,1.2735849056603774,0.0,0.0,0.0,0.0,18.67924528301887,0.8490566037735849,0.8490566037735849,0.0,0.0,12.735849056603774,1.2735849056603774,1.2735849056603774,2.1226415094339623,0.0,0.0,0.4,1.0,79.54545454545455,0.5408163265306123,,,,,,,,,-0.5821598422430828,42,,,,,,,0.41005554299157665,-0.23108333360372643,,,0.9055714931969981,-0.12932809142248,0.06141974541466029,-0.6058026081741519,,,0.19824769940222253,-0.986555371773979,1.4998484307186235,-0.47384710151771914,0.24862599426200377,-1.7128515239165238,,,1.2552587851964883,0.064349134707001
275651,Ange-Yoan Bonny,1501,Ivory Coast,ST,236.0,1.0,1.0,0.0,0.0,0.0,0.0,32.0,26.0,0.0,3.0,1.0,1.0,27.0,9.0,2.0,1.0,3.0,1.0,0.0,0.0,6.45,0.3813559322033898,0.0,0.0,0.0,0.0,12.203389830508474,0.0,1.1440677966101696,0.3813559322033898,0.3813559322033898,10.296610169491524,0.3813559322033898,1.1440677966101696,0.3813559322033898,0.0,1.0,0.3333333333333333,0.5,81.25,0.5673076923076923,,,,,,,,,-0.5950556999973546,43,,,,,,,0.37165490269078055,-1.0293787931362257,,,0.42063467628178663,-1.4935351733529993,0.057876298563814516,-0.6361016416737386,,,0.18681033212901743,-1.0333556718050827,0.9806264058694724,-1.3320816111379694,0.8015898792084266,1.4661351771067104,,,1.18284000912746,-0.10707218598217699
3428,Jordan Ayew,1504,Ghana,ST,304.0,0.0,0.0,0.0,0.0,0.0,0.0,52.0,34.0,1.0,3.0,0.0,1.0,45.0,22.0,6.0,2.0,7.0,7.0,0.0,0.0,6.6,0.0,0.0,0.0,0.0,0.0,15.394736842105262,0.29605263157894735,0.888157894736842,0.0,0.29605263157894735,13.32236842105263,0.5921052631578947,2.0723684210526314,2.0723684210526314,0.0,0.0,0.4888888888888889,0.3333333333333333,65.38461538461539,0.628099173553719,,,,,,,,,-0.5984221068028589,44,,,,,,,0.46397519643578566,0.8898306456141042,,,0.5474876556471555,-1.1417464447548535,0.0497449177738571,-0.7056308287402836,,,0.16056425240841166,-1.1407514016285252,0.6569020347969017,-1.5484615456866089,0.20136650774939147,-1.8023921312659086,,,1.7604575285062465,1.2601969588420638
6009,Julián Alvarez,26,Argentina,ST,499.0,9.0,5.0,1.0,0.0,0.0,0.0,193.0,167.0,4.0,4.0,1.0,2.0,40.0,12.0,4.0,3.0,3.0,8.0,0.0,0.0,6.585714285714286,1.623246492985972,0.18036072144288579,0.0,0.0,0.0,34.809619238476955,0.7214428857715431,0.7214428857715431,0.18036072144288579,0.36072144288577157,7.214428857715431,0.5410821643286574,0.5410821643286574,1.4428857715430863,0.0,0.5555555555555556,0.3,0.75,86.52849740932642,0.7349042709867453,,,,,,,,,-0.7516398187910546,45,,,,,,,0.33231483483460683,-1.84720363410985,,,0.7878998900342021,-0.46202361748479787,0.03545882209506161,-0.7966338766088917,,,0.24700014457388988,-0.787066362915336,1.661179064568042,-0.20717983625926584,0.5518168070293487,0.030190992780931097,,,0.7246854842371478,-1.1915623969401712
85041,Amine Gouiri,1532,Algeria,ST,253.0,3.0,2.0,1.0,0.0,0.0,0.0,56.0,51.0,1.0,1.0,0.0,0.0,16.0,4.0,3.0,1.0,1.0,1.0,0.0,0.0,6.625,1.0671936758893281,0.3557312252964427,0.0,0.0,0.0,19.92094861660079,0.3557312252964427,0.3557312252964427,0.0,0.0,5.691699604743083,0.3557312252964427,0.3557312252964427,0.3557312252964427,0.0,0.6666666666666666,0.25,0.3333333333333333,91.07142857142857,0.5842956120092379,,,,,,,,,-0.7612589462929142,46,,,,,,,0.32145905970600014,-1.982609438705658,,,0.6119723448804233,-0.9594274567340453,0.05560401894352619,-0.6555312759348285,,,0.38732817128330543,-0.2128613386385386,1.3578304499808325,-0.7085920203049514,0.6146144490008595,0.3912143328538438,,,0.7206961750508623,-1.201005426586222
44324,Firas Al-Buraikan,23,Saudi Arabia,ST,239.0,0.0,0.0,0.0,0.0,0.0,0.0,54.0,34.0,2.0,1.0,1.0,1.0,29.0,12.0,1.0,0.0,3.0,2.0,1.0,0.0,6.333333333333333,0.0,0.0,0.0,0.0,0.0,20.334728033472803,0.7531380753138075,0.37656903765690375,0.37656903765690375,0.37656903765690375,10.920502092050208,0.0,1.1297071129707112,0.7531380753138075,0.37656903765690375,0.0,0.41379310344827586,0.0,62.96296296296296,0.5704057279236276,,,,,,,,,-0.7902509724922503,47,,,,,,,0.4172752376535465,-0.08099600634262129,,,0.8472172442320364,-0.29431435009110984,0.05746190979128124,-0.6396449654004206,,,0.18547278798489558,-1.0388287379185053,0.7588080783811468,-1.5484615456866089,0.23260474880836635,-1.8023921312659086,,,1.1743709875823947,-0.12711907074057727
18981,Jürgen Locadia,5530,Curaçao,ST,237.0,0.0,0.0,0.0,0.0,0.0,0.0,51.0,38.0,2.0,0.0,0.0,1.0,28.0,10.0,1.0,0.0,4.0,3.0,0.0,0.0,6.3999999999999995,0.0,0.0,0.0,0.0,0.0,19.367088607594937,0.759493670886076,0.0,0.0,0.379746835443038,10.632911392405063,0.0,1.518987341772152,1.139240506329114,0.0,0.0,0.35714285714285715,0.0,74.50980392156863,0.5683453237410072,,,,,,,,,-0.8078844136573198,48,,,,,,,0.38509503596056405,-0.749977270642409,,,0.8512806362907033,-0.2828258318571452,0.05773750648092767,-0.6372884143687664,,,0.18636234572103413,-1.0351887770820805,0.7624474456635502,-1.5484615456866089,0.23372035911440164,-1.7985439483125996,,,1.3958308004724782,0.3970948923483708
3033,Cédric Bakambu,1508,Congo DR,ST,193.0,2.0,0.0,0.0,0.0,0.0,0.0,28.0,18.0,1.0,0.0,0.0,0.0,23.0,8.0,3.0,2.0,1.0,2.0,0.0,0.0,6.366666666666667,0.9326424870466321,0.0,0.0,0.0,0.0,13.05699481865285,0.46632124352331605,0.0,0.0,0.0,10.725388601036268,0.9326424870466321,0.46632124352331605,0.9326424870466321,0.0,0.0,0.34782608695652173,0.6666666666666666,64.28571428571429,0.517426273458445,,,,,,,,,-0.9000088516690568,49,,,,,,,0.38357160223942827,-0.781647321270606,,,0.7104129365501963,-0.6811041947814479,0.06454836515428107,-0.5790506465141054,,,0.2083461076827647,-0.9452339272424949,1.334961353463004,-0.7463928971863565,0.2612905891439825,-1.6400428291722762,,,0.8366258546837088,-0.9265901455161105
