simulations,synthetic_win_probability,draw_probability,real_win_probability,mean_home_goals,mean_away_goals,mean_total_goals,mean_total_shots,mean_total_shots_on_target,zero_zero_probability
100,0.26,0.19,0.55,1.23,1.88,3.11,17.46,8.78,0.04
250,0.264,0.212,0.524,1.172,1.676,2.848,17.764,8.748,0.048
500,0.27,0.214,0.516,1.24,1.766,3.006,17.902,8.894,0.038
1000,0.277,0.244,0.479,1.263,1.72,2.983,17.729,8.842,0.044
2500,0.2728,0.2456,0.4816,1.2296,1.6952,2.9248,17.5604,8.7572,0.0528
5000,0.2734,0.2386,0.488,1.2192,1.677,2.8962,17.4986,8.7398,0.0522
7500,0.27746666666666664,0.2308,0.49173333333333336,1.2252,1.6944,2.9196,17.5696,8.794,0.0496
10000,0.2798,0.2363,0.4839,1.2298,1.6876,2.9174,17.6177,8.8077,0.0517
