simulations,synthetic_win_probability,draw_probability,real_win_probability,mean_home_goals,mean_away_goals,mean_total_goals,mean_total_shots,mean_total_shots_on_target,zero_zero_probability
100,0.21,0.23,0.56,1.24,1.91,3.15,17.81,8.99,0.05
250,0.244,0.236,0.52,1.212,1.72,2.932,18.0,8.936,0.052
500,0.258,0.222,0.52,1.258,1.822,3.08,18.09,9.03,0.04
1000,0.267,0.245,0.488,1.282,1.764,3.046,17.906,8.966,0.046
2500,0.2716,0.2412,0.4872,1.25,1.73,2.98,17.6868,8.8672,0.0512
5000,0.272,0.2358,0.4922,1.238,1.7164,2.9544,17.6282,8.8446,0.0526
7500,0.27653333333333335,0.22893333333333332,0.4945333333333333,1.2436,1.7313333333333334,2.9749333333333334,17.6908,8.889466666666667,0.048133333333333334
10000,0.2795,0.2309,0.4896,1.2487,1.7263,2.975,17.7364,8.9055,0.0489
