{
  "status": "complete_simulation_audit_exported",
  "simulations": 10000,
  "master_seed": 20260718,
  "one_row_per_simulated_match": true,
  "full_ledger_artifact": "all_10000_simulated_matches.csv.gz",
  "outcomes": {
    "synthetic_wins": 2795,
    "draws": 2309,
    "real_best_xi_wins": 4896
  },
  "probabilities": {
    "synthetic_win": 0.2795,
    "draw": 0.2309,
    "real_best_xi_win": 0.4896
  },
  "means": {
    "home_goals": 1.2487,
    "away_goals": 1.7263,
    "total_goals": 2.975,
    "total_shots": 17.7364,
    "total_shots_on_target": 8.9055,
    "home_xg": 1.2419342018577084,
    "away_xg": 1.7139649904415226,
    "zero_zero_probability": 0.0489
  },
  "percentiles": {
    "home_goals": {
      "5": 0.0,
      "25": 0.0,
      "50": 1.0,
      "75": 2.0,
      "95": 3.0
    },
    "away_goals": {
      "5": 0.0,
      "25": 1.0,
      "50": 2.0,
      "75": 3.0,
      "95": 4.0
    },
    "total_goals": {
      "5": 1.0,
      "25": 2.0,
      "50": 3.0,
      "75": 4.0,
      "95": 6.0
    },
    "total_shots": {
      "5": 11.0,
      "25": 15.0,
      "50": 18.0,
      "75": 21.0,
      "95": 25.0
    },
    "total_shots_on_target": {
      "5": 4.0,
      "25": 7.0,
      "50": 9.0,
      "75": 11.0,
      "95": 14.0
    },
    "home_xg": {
      "5": 0.5337932445036413,
      "25": 0.8995216273099508,
      "50": 1.205999146912442,
      "75": 1.5437384470033937,
      "95": 2.077062031394273
    },
    "away_xg": {
      "5": 0.8247684053776443,
      "25": 1.3021808777317019,
      "50": 1.6769533180021257,
      "75": 2.0879437786626043,
      "95": 2.7305417321445633
    }
  },
  "calibration_targets": {
    "matches": 94,
    "goals_per_match": 2.9148936170212765,
    "shots_per_match": 18.094871004214205,
    "shots_on_target_per_match": 8.378558947476618,
    "zero_zero_rate": 0.07446808510638298
  },
  "interpretation_gate": {
    "simulation_process_reproducible": true,
    "engineering_calibration_passed": true,
    "final_scientific_team_comparison_allowed": false,
    "reason": "El motor y su distribución son auditables, pero los perfiles anuales y la resolución definitiva de once funciones siguen incompletos."
  },
  "difference_from_principal_summary": {
    "synthetic_win_probability": 0.0,
    "draw_probability": 0.0,
    "real_win_probability": 0.0,
    "mean_total_goals": 4.440892098500626e-16,
    "mean_total_shots": 0.0
  },
  "matches_principal_summary": true
}