simulations,synthetic_win_probability,draw_probability,real_win_probability,mean_home_goals,mean_away_goals,mean_total_goals,mean_total_shots,mean_total_shots_on_target,zero_zero_probability
100,0.25,0.18,0.57,1.22,1.91,3.13,17.37,8.72,0.02
250,0.276,0.204,0.52,1.164,1.704,2.868,17.436,8.544,0.036
500,0.278,0.21,0.512,1.222,1.76,2.982,17.69,8.726,0.03
1000,0.279,0.235,0.486,1.228,1.705,2.933,17.511,8.64,0.043
2500,0.272,0.2468,0.4812,1.1944,1.6644,2.8588,17.364,8.6024,0.0556
5000,0.274,0.235,0.491,1.183,1.6552,2.8382,17.2938,8.5926,0.0552
7500,0.2754666666666667,0.22973333333333334,0.4948,1.186,1.6776,2.8636,17.355333333333334,8.647466666666666,0.0524
10000,0.2763,0.2341,0.4896,1.1893,1.6711,2.8604,17.397,8.6536,0.0545
