simulations,synthetic_win_probability,draw_probability,real_win_probability,mean_home_goals,mean_away_goals,mean_total_goals,mean_total_shots,mean_total_shots_on_target,zero_zero_probability
100,0.27,0.16,0.57,1.26,1.87,3.13,17.5,8.84,0.04
250,0.28,0.208,0.512,1.208,1.648,2.856,17.752,8.776,0.048
500,0.278,0.22,0.502,1.262,1.744,3.006,17.922,8.92,0.04
1000,0.284,0.246,0.47,1.282,1.7,2.982,17.738,8.857,0.045
2500,0.2788,0.2484,0.4728,1.2468,1.6848,2.9316,17.5768,8.7816,0.0532
5000,0.279,0.2408,0.4802,1.2384,1.6642,2.9026,17.5016,8.7604,0.054
7500,0.28346666666666664,0.2328,0.48373333333333335,1.2442666666666666,1.6824,2.9266666666666667,17.5768,8.8156,0.05053333333333333
10000,0.2864,0.2362,0.4774,1.2501,1.6776,2.9277,17.6223,8.8294,0.0512
