{
  "status": "complete_simulation_audit_exported",
  "simulations": 10000,
  "master_seed": 20260718,
  "one_row_per_simulated_match": true,
  "full_ledger_artifact": "all_10000_simulated_matches.csv.gz",
  "outcomes": {
    "synthetic_wins": 2789,
    "draws": 2338,
    "real_best_xi_wins": 4873
  },
  "probabilities": {
    "synthetic_win": 0.2789,
    "draw": 0.2338,
    "real_best_xi_win": 0.4873
  },
  "means": {
    "home_goals": 1.2508,
    "away_goals": 1.7212,
    "total_goals": 2.972,
    "total_shots": 17.6949,
    "total_shots_on_target": 8.894,
    "home_xg": 1.246123888334545,
    "away_xg": 1.7079313676103691,
    "zero_zero_probability": 0.0484
  },
  "percentiles": {
    "home_goals": {
      "5": 0.0,
      "25": 0.0,
      "50": 1.0,
      "75": 2.0,
      "95": 3.0
    },
    "away_goals": {
      "5": 0.0,
      "25": 1.0,
      "50": 2.0,
      "75": 2.0,
      "95": 4.0
    },
    "total_goals": {
      "5": 1.0,
      "25": 2.0,
      "50": 3.0,
      "75": 4.0,
      "95": 6.0
    },
    "total_shots": {
      "5": 11.0,
      "25": 15.0,
      "50": 18.0,
      "75": 20.0,
      "95": 25.0
    },
    "total_shots_on_target": {
      "5": 4.0,
      "25": 7.0,
      "50": 9.0,
      "75": 11.0,
      "95": 14.0
    },
    "home_xg": {
      "5": 0.5355787872142693,
      "25": 0.9042302548058094,
      "50": 1.2081206312381247,
      "75": 1.5507994140758192,
      "95": 2.0768710309927934
    },
    "away_xg": {
      "5": 0.8179109717015361,
      "25": 1.2914811069506311,
      "50": 1.6693359680377515,
      "75": 2.0769828949395315,
      "95": 2.737202619965483
    }
  },
  "calibration_targets": {
    "matches": 94,
    "goals_per_match": 2.9148936170212765,
    "shots_per_match": 18.094871004214205,
    "shots_on_target_per_match": 8.378558947476618,
    "zero_zero_rate": 0.07446808510638298
  },
  "interpretation_gate": {
    "simulation_process_reproducible": true,
    "engineering_calibration_passed": true,
    "final_scientific_team_comparison_allowed": false,
    "reason": "El motor y su distribución son auditables, pero los perfiles anuales y la resolución definitiva de once funciones siguen incompletos."
  },
  "difference_from_principal_summary": {
    "synthetic_win_probability": 0.0,
    "draw_probability": 0.0,
    "real_win_probability": 0.0,
    "mean_total_goals": 0.0,
    "mean_total_shots": 0.0
  },
  "matches_principal_summary": true
}