simulations,synthetic_win_probability,draw_probability,real_win_probability,mean_home_goals,mean_away_goals,mean_total_goals,mean_total_shots,mean_total_shots_on_target,zero_zero_probability
100,0.26,0.15,0.59,1.23,1.87,3.1,17.68,8.85,0.03
250,0.276,0.192,0.532,1.2,1.68,2.88,17.936,8.808,0.044
500,0.278,0.206,0.516,1.262,1.792,3.054,18.066,8.972,0.034
1000,0.284,0.227,0.489,1.287,1.745,3.032,17.851,8.922,0.042
2500,0.2736,0.2376,0.4888,1.2484,1.7304,2.9788,17.6468,8.8392,0.0492
5000,0.2728,0.2366,0.4906,1.2396,1.7116,2.9512,17.571,8.8248,0.0506
7500,0.27586666666666665,0.23226666666666668,0.4918666666666667,1.2462666666666666,1.7296,2.9758666666666667,17.6464,8.880933333333333,0.0476
10000,0.2789,0.2338,0.4873,1.2508,1.7212,2.972,17.6949,8.894,0.0484
