simulations,synthetic_win_probability,draw_probability,real_win_probability,mean_home_goals,mean_away_goals,mean_total_goals,mean_total_shots,mean_total_shots_on_target,zero_zero_probability
100,0.27,0.16,0.57,1.25,1.88,3.13,17.5,8.85,0.04
250,0.28,0.208,0.512,1.204,1.644,2.848,17.752,8.772,0.048
500,0.28,0.218,0.502,1.26,1.74,3.0,17.92,8.916,0.04
1000,0.285,0.246,0.469,1.282,1.699,2.981,17.74,8.855,0.045
2500,0.2796,0.2476,0.4728,1.246,1.6836,2.9296,17.5792,8.78,0.0532
5000,0.2792,0.2398,0.481,1.2374,1.6634,2.9008,17.506,8.7586,0.054
7500,0.28386666666666666,0.23226666666666668,0.48386666666666667,1.2445333333333333,1.6812,2.9257333333333335,17.580666666666666,8.8144,0.05053333333333333
10000,0.2866,0.2358,0.4776,1.2498,1.6761,2.9259,17.6253,8.8273,0.0512
