{
  "status": "complete_simulation_audit_exported",
  "simulations": 10000,
  "master_seed": 20260718,
  "one_row_per_simulated_match": true,
  "full_ledger_artifact": "all_10000_simulated_matches.csv.gz",
  "outcomes": {
    "synthetic_wins": 2864,
    "draws": 2361,
    "real_best_xi_wins": 4775
  },
  "probabilities": {
    "synthetic_win": 0.2864,
    "draw": 0.2361,
    "real_best_xi_win": 0.4775
  },
  "means": {
    "home_goals": 1.25,
    "away_goals": 1.6778,
    "total_goals": 2.9278,
    "total_shots": 17.6228,
    "total_shots_on_target": 8.8302,
    "home_xg": 1.2431681432697708,
    "away_xg": 1.6673290286168894,
    "zero_zero_probability": 0.0512
  },
  "percentiles": {
    "home_goals": {
      "5": 0.0,
      "25": 0.0,
      "50": 1.0,
      "75": 2.0,
      "95": 3.0
    },
    "away_goals": {
      "5": 0.0,
      "25": 1.0,
      "50": 1.0,
      "75": 2.0,
      "95": 4.0
    },
    "total_goals": {
      "5": 0.0,
      "25": 2.0,
      "50": 3.0,
      "75": 4.0,
      "95": 6.0
    },
    "total_shots": {
      "5": 11.0,
      "25": 15.0,
      "50": 17.0,
      "75": 20.0,
      "95": 25.0
    },
    "total_shots_on_target": {
      "5": 4.0,
      "25": 7.0,
      "50": 9.0,
      "75": 11.0,
      "95": 14.0
    },
    "home_xg": {
      "5": 0.5356127432041926,
      "25": 0.9003912062065238,
      "50": 1.2060699374206147,
      "75": 1.5436976571746497,
      "95": 2.0755887034587595
    },
    "away_xg": {
      "5": 0.7952289051456526,
      "25": 1.2587405512617378,
      "50": 1.6360057324132329,
      "75": 2.0329131822271607,
      "95": 2.671952237037846
    }
  },
  "calibration_targets": {
    "matches": 94,
    "goals_per_match": 2.9148936170212765,
    "shots_per_match": 18.094871004214205,
    "shots_on_target_per_match": 8.378558947476618,
    "zero_zero_rate": 0.07446808510638298
  },
  "interpretation_gate": {
    "simulation_process_reproducible": true,
    "engineering_calibration_passed": true,
    "final_scientific_team_comparison_allowed": false,
    "reason": "El motor y su distribución son auditables, pero los perfiles anuales y la resolución definitiva de once funciones siguen incompletos."
  },
  "difference_from_principal_summary": {
    "synthetic_win_probability": 0.0,
    "draw_probability": 0.0,
    "real_win_probability": 0.0,
    "mean_total_goals": 0.0,
    "mean_total_shots": 3.552713678800501e-15
  },
  "matches_principal_summary": true
}