simulations,synthetic_win_probability,draw_probability,real_win_probability,mean_home_goals,mean_away_goals,mean_total_goals,mean_total_shots,mean_total_shots_on_target,zero_zero_probability
100,0.26,0.19,0.55,1.23,1.88,3.11,17.46,8.78,0.04
250,0.264,0.212,0.524,1.172,1.676,2.848,17.764,8.748,0.048
500,0.27,0.214,0.516,1.24,1.766,3.006,17.902,8.896,0.038
1000,0.277,0.244,0.479,1.263,1.72,2.983,17.731,8.844,0.044
2500,0.2728,0.2452,0.482,1.23,1.6952,2.9252,17.5636,8.7608,0.0528
5000,0.2736,0.2384,0.488,1.2196,1.677,2.8966,17.5016,8.7424,0.0522
7500,0.27773333333333333,0.23053333333333334,0.49173333333333336,1.2254666666666667,1.6942666666666666,2.9197333333333333,17.57133333333333,8.7956,0.0496
10000,0.28,0.2361,0.4839,1.2299,1.6876,2.9175,17.6196,8.8092,0.0517
