simulations,synthetic_win_probability,draw_probability,real_win_probability,mean_home_goals,mean_away_goals,mean_total_goals,mean_total_shots,mean_total_shots_on_target,zero_zero_probability
100,0.27,0.16,0.57,1.26,1.87,3.13,17.5,8.84,0.04
250,0.28,0.208,0.512,1.208,1.648,2.856,17.752,8.776,0.048
500,0.278,0.22,0.502,1.262,1.744,3.006,17.922,8.92,0.04
1000,0.284,0.246,0.47,1.282,1.7,2.982,17.738,8.857,0.045
2500,0.2788,0.2484,0.4728,1.2468,1.6852,2.932,17.5776,8.7828,0.0532
5000,0.279,0.2408,0.4802,1.2384,1.6648,2.9032,17.5024,8.7616,0.054
7500,0.28346666666666664,0.2328,0.48373333333333335,1.2442666666666666,1.6826666666666668,2.9269333333333334,17.576933333333333,8.816133333333333,0.05053333333333333
10000,0.2864,0.2361,0.4775,1.25,1.6778,2.9278,17.6228,8.8302,0.0512
