scenario,plausible_real_xis,simulated_matches,synthetic_win_probability_min,synthetic_win_probability_max,draw_probability_min,draw_probability_max,real_win_probability_min,real_win_probability_max,win_margin_min,win_margin_max,identified_interval_lower,identified_interval_upper,goal_difference_min,goal_difference_max,xg_difference_min,xg_difference_max,directionally_robust,robust_direction
primary_top20_pooled,8,25600,0.2340625,0.26749999999999996,0.2321875,0.2528125,0.49312500000000004,0.52125,-0.2871875,-0.22562500000000002,-0.40125,-0.12437500000000004,-0.6565624999999999,-0.5209374999999999,-0.6811978070516445,-0.5367295823329136,True,real
sensitivity_ability_high,8,8000,0.223,0.251,0.233,0.23900000000000002,0.515,0.538,-0.31500000000000006,-0.264,-0.42000000000000004,-0.07900000000000004,-0.697,-0.5860000000000001,-0.7823772404262787,-0.6368720646120335,True,real
sensitivity_ability_low,8,8000,0.24900000000000003,0.292,0.207,0.21800000000000003,0.49400000000000005,0.534,-0.28500000000000003,-0.202,-0.4515,-0.04750000000000013,-0.614,-0.44699999999999995,-0.5897667968849216,-0.4455763106592294,True,real
sensitivity_no_uncertainty_pooling,8,8000,0.24300000000000002,0.277,0.209,0.21800000000000003,0.511,0.54,-0.297,-0.23399999999999999,-0.4715,-0.1085000000000001,-0.717,-0.557,-0.7248388975099538,-0.5819547829291114,True,real
sensitivity_top10,8,8000,0.264,0.294,0.21800000000000003,0.22400000000000003,0.484,0.512,-0.248,-0.19,-0.3905,-0.04000000000000001,-0.548,-0.41,-0.5781298674708626,-0.43862621437435767,True,real
sensitivity_top30,8,8000,0.22999999999999998,0.26,0.225,0.238,0.502,0.542,-0.312,-0.242,-0.49350000000000005,-0.09900000000000003,-0.748,-0.587,-0.7396647943749061,-0.572997778561151,True,real
