squad_position,players,players_with_any_statistics,players_with_both_seasons,player_any_statistics_rate,player_both_seasons_rate,reported_minutes,detailed_match_minutes,detailed_minutes_share
Attacker,267,266,264,0.9962546816479401,0.9887640449438202,717481.0,691087.0,0.963212963130731
Defender,391,386,376,0.9872122762148338,0.9616368286445013,1203480.0,1159059.0,0.9630895403330342
Goalkeeper,145,144,139,0.993103448275862,0.9586206896551724,437374.0,416302.0,0.9518215531787441
Midfielder,445,441,438,0.9910112359550561,0.9842696629213483,1392407.0,1348966.0,0.9688015070306312
