metric,simulated_to_observed_ratio
Goals,1.0206204379562045
Shots,0.9801893584026811
Shots on target,1.062891608906336
0–0 rate,0.6566571428571428
