metric,simulated_to_observed_ratio
Goals,1.0008941605839416
Shots,0.9737344906131954
Shots on target,1.0513979856468134
0–0 rate,0.6942571428571429
