metric,simulated_to_observed_ratio
Goals,1.0044277372262773
Shots,0.9739113363060582
Shots on target,1.0539043832423478
0–0 rate,0.6875428571428572
