metric,simulated_to_observed_ratio
Goals,1.0008598540145988
Shots,0.9736294884830582
Shots on target,1.0512189572471322
0–0 rate,0.6942571428571429
