metric,simulated_to_observed_ratio
Goals,0.981305109489051
Shots,0.9614326621034394
Shots on target,1.0328267729865668
0–0 rate,0.7318571428571429
