player_id,fixtures,starts,minutes_num,shots_total,shots_on,goals_total,assists,saves,passes_total,passes_completed,passes_key,tackles_total,blocks,interceptions,duels_total,duels_won,dribbles_attempts,dribbles_success,fouls_drawn,fouls_committed,yellow,red,player_name,league_factor,shots_total_p90,shots_on_p90,goals_total_p90,assists_p90,saves_p90,passes_total_p90,passes_completed_p90,passes_key_p90,tackles_total_p90,blocks_p90,interceptions_p90,duels_total_p90,duels_won_p90,dribbles_attempts_p90,dribbles_success_p90,fouls_drawn_p90,fouls_committed_p90,pass_completion,duel_success,dribble_success_rate,shot_accuracy,build_up_raw,progression_raw,creation_raw,finishing_raw,defending_raw,duels_raw,retention_raw,goalkeeping_raw,build_up,progression,creation,finishing,defending,duels,retention,goalkeeping,world_cup_team,resolved_role,role_stability,role_observations,role_distribution,role_source,flexible,position_group,overall,uncertainty
154,44,42,3834.0,159.0,101.0,43.0,30.0,0.0,1900.0,1542.0,148.0,35.0,0.0,7.0,466.0,226.0,227.0,109.0,73.0,25.0,3,0,Lionel Messi,0.9245200834637456,3.4506735509562336,2.191937287085406,0.9332010232145788,0.6510704813124969,0.0,41.23446381645814,33.465022739462334,3.211947707808318,0.759582228197913,0.0,0.1519164456395826,10.113294809720784,4.904730959220809,4.926433308597893,2.365556082102072,1.5842715045270757,0.5425587344270808,0.8115789473684211,0.48497854077253216,0.4801762114537445,0.6352201257861635,45.268877817233324,12.487531831573692,11.610756916739527,11.804760639208524,1.6710809020354087,8.321558965226728,3.8554302139610606,0.16231578947368422,0.6068125097135287,0.910240024082152,0.9486609886374803,0.9708966658874963,0.3119266106358535,0.5807718603416099,0.4769996082024824,0.404888256948628,Argentina,RW,0.8541666666666666,48,RW:41 | ST:6 | LW:1,grid_centered_v2,False,W,0.8322314692550343,0.07537075808102849
19617,59,49,4569.0,125.0,80.0,22.0,31.0,0.0,2932.0,2489.0,140.0,50.0,2.0,24.0,647.0,320.0,274.0,139.0,113.0,58.0,13,0,Michael Olise,0.9970781352593564,2.4550512194501555,1.5712327804480992,0.4320890146232273,0.6088527024236385,0.0,57.58568140342284,48.88497988169149,2.749657365784174,0.9820204877800621,0.039280819511202485,0.4713698341344298,12.707345111874004,6.284931121792397,5.381472273034741,2.7300169560285727,2.2193663023829404,1.1391437658248722,0.8489085948158254,0.4945904173106646,0.5072992700729927,0.64,52.635586233504256,12.884108799674417,10.222833277790446,6.936438009613157,2.7535854477352943,10.282674822441349,3.991023433645051,0.16978171896316507,0.7339240662901014,0.91815981516726,0.9220564670065425,0.8511920114743009,0.38965606675605535,0.7444058050068794,0.5275168346199557,0.5028754709841633,France,RW,1.0,52,CM:52,public_anchor,False,W,0.8287826297819757,0.06904279411760973
386828,52,48,4201.0,136.0,68.0,25.0,17.0,0.0,2407.0,1955.0,124.0,65.0,0.0,19.0,772.0,419.0,435.0,247.0,107.0,54.0,6,0,Lamine Yamal,0.9961794810759342,2.9024605685240266,1.4512302842620133,0.5335405456845637,0.3628075710655033,0.0,51.36928373850979,41.72287067253288,2.646361106595436,1.3872054187798655,0.0,0.40549081472026843,16.475732050739325,8.942139545673287,9.283605494911408,5.2713805913634895,2.283553535529933,1.1524475786786577,0.8122143747403406,0.5427461139896373,0.5678160919540229,0.5,48.7142592640288,19.083678238045476,8.611344407348858,7.300046763443328,3.307951383244295,14.147233705911512,3.9897219164099957,0.16244287494806814,0.6694104991982949,0.9819613700849021,0.8757522109257311,0.8671148235978614,0.43206623067550354,0.9264400494594341,0.5270329565825153,0.4065161267083358,Spain,AM,0.5208333333333334,48,AM:25 | CM:23,grid_centered_v2,True,AM,0.8227051597194196,0.07200333246275126
1422,52,37,3271.0,36.0,21.0,8.0,12.0,0.0,1329.0,1106.0,102.0,42.0,0.0,21.0,613.0,326.0,299.0,167.0,114.0,40.0,0,0,Jérémy Doku,1.0,0.9905227759095079,0.5778049526138795,0.2201161724243351,0.3301742586365026,0.0,36.56679914399267,30.431060837664326,2.8064811984102724,1.155609905227759,0.0,0.5778049526138795,16.866401712014675,8.969734026291654,8.226841944359524,4.594925099357995,3.136655457046775,1.1005808621216755,0.8322046651617758,0.531810766721044,0.5585284280936454,0.5833333333333334,42.873138640661644,18.10730663405686,8.832161418526447,3.736522979720779,3.2357077346377254,14.153059936971447,4.042745336353461,0.1664409330323552,0.5609666250893234,0.9769842348110811,0.8832692426072155,0.642198520787155,0.42646839097637246,0.9265903477075449,0.546694759001786,0.45859928909921543,Belgium,RW,0.9,40,CM:36 | AM:4,public_anchor,False,W,0.8154891364532025,0.081599719459298
182718,45,45,4049.0,0.0,0.0,0.0,0.0,114.0,1280.0,1126.0,1.0,5.0,0.0,3.0,24.0,23.0,1.0,1.0,5.0,0.0,1,0,Joan García,0.9933316868362558,0.0,0.0,0.0,0.0,2.517061770051861,28.26174619005598,24.86150485156487,0.022079489210981237,0.11039744605490617,0.0,0.0662384676329437,0.5299077410635497,0.5078282518525684,0.022079489210981237,0.022079489210981237,0.11039744605490617,0.0,0.8796875,0.9583333333333334,1.0,0.0,34.754132263947156,0.15014052663467242,0.055198723027453094,0.0,0.3311923381647185,3.5859595525935957,5.262239583333334,3.9515301550777915,0.40253697238501385,0.3043715836391492,0.3107695597267567,0.3168013406328847,0.22883499355339215,0.1871948325925622,0.881454003612375,0.9996646498695336,Spain,GK,1.0,45,GK:45,grid_centered_v2,False,GK,0.8125410524471025,0.07334238850819447
46417,30,30,2700.0,0.0,0.0,0.0,0.0,39.0,1014.0,849.0,1.0,1.0,0.0,0.0,16.0,14.0,1.0,1.0,5.0,0.0,0,0,Sipho Chaine,0.85,0.0,0.0,0.0,0.0,1.105,28.729999999999997,24.055,0.028333333333333332,0.028333333333333332,0.0,0.0,0.4533333333333333,0.39666666666666667,0.028333333333333332,0.028333333333333332,0.14166666666666666,0.0,0.8372781065088757,0.875,1.0,0.0,33.917119329388555,0.19266666666666665,0.07083333333333333,0.0,0.051,3.1803333333333335,5.080473372781064,1.824955621301775,0.3867761100567666,0.30667034741518306,0.31184664658129324,0.3168013406328847,0.21357335712662714,0.16492505684772557,0.8500708517133639,0.9996646498695336,South Africa,GK,1.0,30,GK:30,grid_centered_v2,False,GK,0.8046814071966015,0.08981462390204988
732,34,34,3089.0,0.0,0.0,0.0,0.0,89.0,1314.0,1039.0,4.0,1.0,0.0,0.0,11.0,10.0,1.0,1.0,4.0,1.0,0,0,Luca Zidane,0.8763191971511816,0.0,0.0,0.0,0.0,2.2723589411398395,33.54920953548033,26.527875728587567,0.102128491736622,0.0255321229341555,0.0,0.0,0.2808533522757105,0.255321229341555,0.0255321229341555,0.0255321229341555,0.102128491736622,0.0255321229341555,0.7907153729071538,0.9090909090909091,1.0,0.0,35.06928559711824,0.29872583832961935,0.255321229341555,0.0,0.045957821281479905,3.084722448350904,4.929097598976669,3.56668148629119,0.4085257805029959,0.31244528919775305,0.32470796527756246,0.3168013406328847,0.21330563125795268,0.15999617007720823,0.8189679788397314,0.9996646498695336,Algeria,GK,1.0,34,GK:34,grid_centered_v2,False,GK,0.8043659103548025,0.08396919381459932
129058,42,42,3810.0,0.0,0.0,0.0,0.0,122.0,1666.0,1262.0,1.0,1.0,0.0,0.0,21.0,16.0,1.0,1.0,3.0,2.0,3,0,Bart Verbruggen,1.0,0.0,0.0,0.0,0.0,2.8818897637795273,39.354330708661415,29.81102362204724,0.023622047244094488,0.023622047244094488,0.0,0.0,0.4960629921259842,0.3779527559055118,0.023622047244094488,0.023622047244094488,0.07086614173228346,0.047244094488188976,0.7575030012004802,0.7619047619047619,1.0,0.0,36.69426794339783,0.13700787401574802,0.05905511811023622,0.0,0.04251968503937008,2.814848143982002,4.7522428814045306,4.474335245909387,0.4398005162353879,0.3036636556638738,0.311035041572598,0.3168013406328847,0.21312321595900457,0.1467264789725244,0.7765341332516883,0.9996646498695336,Netherlands,GK,1.0,42,GK:42,grid_centered_v2,False,GK,0.8042557806630743,0.07560777362858177
1142,31,31,2790.0,0.0,0.0,0.0,0.0,75.0,1122.0,874.0,0.0,1.0,0.0,1.0,18.0,14.0,1.0,1.0,4.0,0.0,0,0,Yvon Mvogo,1.0,0.0,0.0,0.0,0.0,2.4193548387096775,36.193548387096776,28.193548387096776,0.0,0.03225806451612903,0.0,0.03225806451612903,0.5806451612903226,0.45161290322580644,0.03225806451612903,0.03225806451612903,0.12903225806451613,0.0,0.7789661319073083,0.7777777777777778,1.0,0.0,35.76125007187626,0.14516129032258063,0.0,0.0,0.12258064516129033,2.9655913978494626,4.83749257278669,3.7848254844459777,0.42176841790052666,0.30410306397000825,0.3069832687185164,0.3168013406328847,0.21740048345064186,0.15402244847920218,0.7978219667573785,0.9996646498695336,Switzerland,GK,1.0,31,GK:31,grid_centered_v2,False,GK,0.8038425360219557,0.08835412617927488
497,41,41,3600.0,0.0,0.0,0.0,0.0,84.0,1355.0,1065.0,0.0,0.0,0.0,0.0,10.0,9.0,1.0,1.0,7.0,0.0,3,0,Manuel Neuer,0.99625,0.0,0.0,0.0,0.0,2.0921250000000002,33.74796875,26.52515625,0.0,0.0,0.0,0.0,0.2490625,0.22415625,0.02490625,0.02490625,0.17434375,0.0,0.7859778597785978,0.9,1.0,0.0,34.836032431964945,0.1494375,0.0,0.0,0.0,3.01381875,4.9109225092250925,3.29538307195572,0.4040905920856665,0.30433366281684854,0.3069832687185164,0.3168013406328847,0.21087667676486685,0.1564184922444231,0.814913976643643,0.9996646498695336,Germany,GK,1.0,45,GK:45,grid_centered_v2,False,GK,0.8028707723419233,0.07778174593052023
513776,45,39,3400.0,52.0,30.0,14.0,10.0,0.0,1496.0,1272.0,77.0,51.0,1.0,27.0,543.0,272.0,273.0,159.0,54.0,25.0,3,0,Yan Diomande,0.9917176470588236,1.3650701730103807,0.7875404844290658,0.36751889273356403,0.2625134948096886,0.0,39.272018823529415,33.39171653979239,2.021353910034602,1.3388188235294116,0.02625134948096886,0.7087864359861592,14.25448276816609,7.14036705882353,7.166618408304498,4.173964567474049,1.4175728719723184,0.6562837370242215,0.8502673796791443,0.5009208103130756,0.5824175824175825,0.5769230769230769,42.971800782636045,14.782134892733565,6.497208996539792,5.196553973915357,3.856323238754325,11.499276313292167,4.172153102391945,0.17005347593582887,0.5628810939948773,0.9479034393133059,0.7813369242176342,0.7528306116547484,0.4750234392860379,0.8219999908665638,0.5939561024456859,0.5064845258399157,Ivory Coast,RW,0.6153846153846154,39,RW:24 | ST:8 | LW:7,grid_centered_v2,False,W,0.802016077781343,0.08003675626198987
47296,39,39,3517.0,1.0,0.0,0.0,0.0,120.0,1253.0,987.0,1.0,4.0,0.0,0.0,37.0,32.0,1.0,1.0,16.0,2.0,2,0,Gerónimo Rulli,0.9958629513790161,0.02548412443108088,0.0,0.0,0.0,3.058094931729706,31.931607912144347,25.15283081347683,0.02548412443108088,0.10193649772432352,0.0,0.0,0.9429126039499927,0.8154919817945881,0.02548412443108088,0.02548412443108088,0.4077459908972941,0.05096824886216176,0.7877094972067039,0.8648648648648649,1.0,0.0,34.11292923949472,0.31345473050229483,0.0637103110777022,0.0,0.18348569590378233,3.736283369107018,4.898851726260437,4.7446842970359,0.3904433189984522,0.3132519600017333,0.3113556798959514,0.3168013406328847,0.22069563747837845,0.19601571760061798,0.8121829957357221,0.9996646498695336,Argentina,GK,1.0,39,GK:39,grid_centered_v2,False,GK,0.7997316705882923,0.07869420522338788
49866,45,45,4058.0,0.0,0.0,0.0,0.0,137.0,1711.0,1280.0,3.0,1.0,0.0,0.0,33.0,32.0,1.0,1.0,18.0,0.0,6,0,Uğurcan Çakır,0.9452193198620011,0.0,0.0,0.0,0.0,2.871994631320472,35.86848769481261,26.83323451160733,0.06289039338657967,0.020963464462193226,0.0,0.0,0.6917943272523764,0.6708308627901832,0.020963464462193226,0.020963464462193226,0.37734236031947804,0.0,0.7481005260081823,0.9696969696969697,1.0,0.0,34.9691133996434,0.3542825494110655,0.15722598346644917,0.0,0.03773423603194781,3.8482541169971656,4.806230628907426,4.457612052182344,0.4066191877694123,0.3154939190159777,0.3178348703035046,0.3168013406328847,0.2128695064155096,0.20278793112153792,0.7901960898762513,0.9996646498695336,Türkiye,GK,1.0,45,GK:45,grid_centered_v2,False,GK,0.7996688084635637,0.07326101247418863
313,31,31,2808.0,0.0,0.0,0.0,0.0,76.0,1037.0,830.0,2.0,0.0,0.0,0.0,23.0,21.0,1.0,1.0,13.0,1.0,3,0,David Ospina,0.8547115384615386,0.0,0.0,0.0,0.0,2.0819896449704145,28.408200813609472,22.737518491124263,0.05478920118343197,0.0,0.0,0.0,0.6300758136094676,0.5752866124260356,0.027394600591715983,0.027394600591715983,0.35612980769230773,0.027394600591715983,0.8003857280617165,0.9130434782608695,1.0,0.0,32.90291197003404,0.3451719674556214,0.13697300295857992,0.0,0.0,3.544531692179058,4.964375871473019,3.283061613067965,0.36799444390385627,0.3149928840351315,0.3164255409031815,0.3168013406328847,0.21087667676486685,0.18481824923811205,0.826638814267003,0.9996646498695336,Colombia,GK,1.0,34,GK:34,grid_centered_v2,False,GK,0.7974102683490653,0.08807048459279793
22221,48,48,4291.0,0.0,0.0,0.0,0.0,125.0,1390.0,1096.0,0.0,0.0,0.0,1.0,20.0,20.0,4.0,4.0,10.0,0.0,4,0,Mike Maignan,0.9968538802144022,0.0,0.0,0.0,0.0,2.6135180965770277,29.062321233936547,22.915326670787376,0.0,0.0,0.0,0.02090814477261622,0.41816289545232443,0.41816289545232443,0.08363257909046488,0.08363257909046488,0.20908144772616222,0.0,0.7884892086330936,1.0,1.0,0.0,32.79027477109879,0.3136221715892433,0.0,0.0,0.04181628954523244,3.585428053633254,4.959712230215828,4.07797498659216,0.36593189758298883,0.31326113691203183,0.3069832687185164,0.3168013406328847,0.21308591031127358,0.18716419379937263,0.8256396907081553,0.9996646498695336,France,GK,1.0,48,GK:48,grid_centered_v2,False,GK,0.7968478905510646,0.07124422728028139
138804,46,46,4140.0,0.0,0.0,0.0,0.0,144.0,1766.0,1312.0,3.0,1.0,0.0,1.0,28.0,21.0,2.0,2.0,7.0,1.0,0,0,Matěj Kovář,0.9330434782608699,0.0,0.0,0.0,0.0,2.9208317580340277,35.82075614366731,26.612022684310027,0.0608506616257089,0.0202835538752363,0.0,0.0202835538752363,0.5679395085066165,0.4259546313799623,0.0405671077504726,0.0405671077504726,0.1419848771266541,0.0202835538752363,0.7429218573046432,0.75,1.0,0.0,34.81408802051779,0.28194139886578456,0.15212665406427225,0.0,0.07707750472589794,2.846336483931947,4.698603816256233,4.52983200851197,0.40367412369763395,0.31152742374070985,0.31747971115316065,0.3168013406328847,0.21496190627307282,0.1482264814350669,0.7623444480878765,0.9996646498695336,Czech Republic,GK,1.0,43,GK:43,grid_centered_v2,False,GK,0.7949020493809518,0.07253185207353657
280,42,42,3746.0,0.0,0.0,0.0,0.0,100.0,1226.0,960.0,0.0,1.0,0.0,0.0,20.0,17.0,2.0,2.0,7.0,1.0,1,0,Alisson,0.9891884676988788,0.0,0.0,0.0,0.0,2.3765873489828913,29.136960898530244,22.81523855023575,0.0,0.02376587348982891,0.0,0.0,0.4753174697965782,0.40401984932709145,0.04753174697965782,0.04753174697965782,0.1663611144288024,0.02376587348982891,0.7830342577487766,0.85,1.0,0.0,32.687488848058024,0.20200992466354573,0.0,0.0,0.04277857228169204,3.115627789057928,4.878718632241531,3.721487875024092,0.3640540202475182,0.30717669572704664,0.3069832687185164,0.3168013406328847,0.21313694763575505,0.16157621062024044,0.8075592148004573,0.9996646498695336,Brazil,GK,1.0,40,GK:40,grid_centered_v2,False,GK,0.7937602436978158,0.07625091353727916
278,51,47,4228.0,189.0,116.0,50.0,9.0,0.0,1575.0,1355.0,115.0,7.0,0.0,3.0,394.0,182.0,226.0,110.0,56.0,23.0,7,0,Kylian Mbappé,0.9995033112582781,4.021180540327179,2.4680261517351996,1.063804375747931,0.19148478763462756,0.0,33.509837836059816,28.829098582768925,2.446750064220241,0.14893261260471033,0.0,0.06382826254487585,8.382778480893696,3.8722479277224684,4.808395778380647,2.340369626645448,1.1914609008376826,0.48935001284404817,0.8603174603174604,0.4619289340101523,0.48672566371681414,0.6137566137566137,41.48086366260391,10.850804632628893,7.1700414925410545,13.193184845925956,0.39573522777823034,6.806933900841912,4.032840878377914,0.17206349206349209,0.533782965010901,0.8698449274637489,0.8160293833101301,0.9821944192848714,0.23245724740051035,0.43833117041914016,0.5430312403091672,0.5331326384177729,France,ST,0.5625,48,ST:27 | RW:18 | LW:3,public_anchor,False,ST,0.7893944460969375,0.07177305766790869
369,53,53,4730.0,0.0,0.0,0.0,0.0,113.0,1596.0,1218.0,0.0,0.0,0.0,1.0,21.0,20.0,1.0,1.0,8.0,0.0,3,0,Diogo Costa,0.9232748414376324,0.0,0.0,0.0,0.0,1.9851385068542753,28.03788545964091,21.397333640252274,0.0,0.0,0.0,0.017567597405790045,0.36891954552159095,0.3513519481158009,0.017567597405790045,0.017567597405790045,0.14054077924632036,0.0,0.7631578947368421,0.9523809523809523,1.0,0.0,31.695995825259466,0.1141893831376353,0.0,0.0,0.03513519481158009,3.349035584504978,4.852005012531329,3.1303393392287813,0.34615874798291235,0.30243581522229135,0.3069832687185164,0.3168013406328847,0.21273180574052875,0.17391798175935522,0.8012910364032589,0.9996646498695336,Portugal,GK,1.0,54,GK:54,grid_centered_v2,False,GK,0.789240962485315,0.06785757999509485
702,36,36,3270.0,0.0,0.0,0.0,0.0,102.0,1310.0,934.0,1.0,0.0,0.0,0.0,20.0,16.0,2.0,2.0,7.0,1.0,4,0,Oliver Baumann,1.0,0.0,0.0,0.0,0.0,2.807339449541284,36.05504587155963,25.706422018348622,0.027522935779816512,0.0,0.0,0.0,0.5504587155963302,0.4403669724770642,0.055045871559633024,0.055045871559633024,0.19266055045871558,0.027522935779816512,0.7129770992366412,0.8,1.0,0.0,34.104243994677496,0.2834862385321101,0.06880733944954127,0.0,0.0,3.0165137614678903,4.613218012465859,4.353604594159254,0.39028039208030835,0.3116118423743702,0.3117069583487194,0.3168013406328847,0.21087667676486685,0.1565532781254342,0.7385060618811581,0.9996646498695336,Germany,GK,1.0,36,GK:36,grid_centered_v2,False,GK,0.7886475451264789,0.08161219552686716
353883,39,39,3554.0,0.0,0.0,0.0,0.0,122.0,1452.0,1066.0,1.0,0.0,0.0,0.0,25.0,22.0,1.0,1.0,5.0,1.0,1,0,Patrick Beach,0.8664181204276871,0.0,0.0,0.0,0.0,2.6767785487608338,31.858052891809272,23.388901089992206,0.02194080777672815,0.0,0.0,0.0,0.5485201944182037,0.48269777108801926,0.02194080777672815,0.02194080777672815,0.10970403888364073,0.02194080777672815,0.7341597796143251,0.88,1.0,0.0,32.73399990722576,0.1491974928817514,0.054852019441820374,0.0,0.0,3.315776879523227,4.719803964027999,4.161999779064116,0.36490325858431694,0.30432071758971746,0.3107456980646201,0.3168013406328847,0.21087667676486685,0.17211495306366098,0.7680258376420372,0.9996646498695336,Australia,GK,1.0,39,GK:39,grid_centered_v2,False,GK,0.7880000847914126,0.0782834984778631
119853,33,32,2892.0,0.0,0.0,0.0,1.0,86.0,1059.0,759.0,3.0,2.0,0.0,2.0,18.0,16.0,1.0,1.0,8.0,0.0,1,0,Mory Diaw,1.0,0.0,0.0,0.0,0.03112033195020747,2.676348547717842,32.95643153526971,23.62033195020747,0.09336099585062241,0.06224066390041494,0.0,0.06224066390041494,0.5601659751037344,0.4979253112033195,0.03112033195020747,0.03112033195020747,0.24896265560165975,0.0,0.71671388101983,0.8888888888888888,1.0,0.0,32.93496320806837,0.3703319502074689,0.4045643153526971,0.0,0.23651452282157676,3.3637621023513136,4.664054139124961,4.157865597780729,0.36858223483122143,0.31637759702736157,0.33531049987738176,0.3168013406328847,0.22359369545445462,0.174721089439741,0.7528821313598668,0.9996646498695336,Senegal,GK,1.0,32,GK:32,grid_centered_v2,False,GK,0.7864643240984678,0.0867820277013058
295026,38,24,2182.0,27.0,15.0,9.0,4.0,0.0,1068.0,933.0,78.0,26.0,2.0,6.0,275.0,139.0,64.0,36.0,68.0,19.0,1,0,Martin Baturina,1.0,1.1136571952337306,0.618698441796517,0.3712190650779102,0.16498625114573787,0.0,44.05132905591201,38.483043079743354,3.2172318973418883,1.0724106324472962,0.08249312557286893,0.24747937671860679,11.342804766269477,5.733272227314391,2.639780018331806,1.4848762603116408,2.8047662694775437,0.7836846929422548,0.8735955056179775,0.5054545454545455,0.5625,0.5555555555555556,48.097449510293615,10.905591200733273,8.950504124656279,4.947041450249516,2.5160403299725025,9.542944754603784,4.209571312409358,0.1747191011235955,0.6585634932644272,0.8714170038384117,0.8871332057314731,0.7356321775576359,0.37194358671972466,0.6875557708587852,0.6073426031990524,0.5680277089818596,Croatia,LW,0.5833333333333334,24,LW:14 | ST:8 | RW:2,grid_centered_v2,True,W,0.7861253044449796,0.09990829892615097
269349,47,47,4220.0,0.0,0.0,0.0,0.0,115.0,1628.0,1176.0,0.0,0.0,0.0,0.0,26.0,24.0,2.0,2.0,9.0,0.0,4,0,Lukáš Horníček,0.9200000000000004,0.0,0.0,0.0,0.0,2.2563981042654038,31.942748815165892,23.074123222748824,0.0,0.0,0.0,0.0,0.510142180094787,0.47090047393364953,0.03924170616113746,0.03924170616113746,0.17658767772511857,0.0,0.7223587223587223,0.9230769230769231,1.0,0.0,32.43320502579271,0.18639810426540293,0.0,0.0,0.0,3.4284914327378786,4.697486297486298,3.52906890086985,0.35942616518784426,0.3063308901404088,0.3069832687185164,0.3168013406328847,0.21087667676486685,0.17828576541244834,0.7620423248394755,0.9996646498695336,Czech Republic,GK,1.0,51,GK:51,grid_centered_v2,False,GK,0.7860071391917338,0.07184105679037783
2986,44,44,4023.0,0.0,0.0,0.0,0.0,94.0,1234.0,951.0,2.0,1.0,0.0,0.0,21.0,18.0,2.0,2.0,9.0,0.0,6,0,Edouard Mendy,0.906923625981442,0.0,0.0,0.0,0.0,1.9071772000504597,25.036773030449652,19.2949523111488,0.04057823829894595,0.020289119149472973,0.0,0.0,0.4260715021389325,0.36520414469051354,0.04057823829894595,0.04057823829894595,0.18260207234525677,0.0,0.7706645056726094,0.8571428571428571,1.0,0.0,30.614316982115472,0.26578746085809596,0.10144559574736486,0.0,0.036520414469051354,3.08271437399529,4.840182912711275,3.0148987012102113,0.32712177303632684,0.31064543352938867,0.3139614565590607,0.3168013406328847,0.21280518843620094,0.1598939409693591,0.7984684660842388,0.9996646498695336,Senegal,GK,1.0,44,GK:44,grid_centered_v2,False,GK,0.7850101819481448,0.07357900682997164
343027,48,32,2918.0,76.0,44.0,14.0,9.0,0.0,1662.0,1431.0,80.0,65.0,4.0,25.0,459.0,204.0,171.0,76.0,54.0,61.0,1,0,Désiré Doué,0.9870459218642905,2.3137059991609825,1.339513999514253,0.42620899984544414,0.27399149990064264,0.0,50.597096981652015,43.56464848420219,2.4354799991168234,1.978827499282419,0.12177399995584118,0.7610874997240074,13.973566494932776,6.2104739977479,5.20583849811221,2.3137059991609825,1.6439489994038559,1.857053499326578,0.8610108303249098,0.4444444444444444,0.4444444444444444,0.5789473684210527,49.1649243980998,10.990103496014667,7.595653247245593,6.442886334925613,5.218015898107795,10.027996930180393,3.8427514039688355,0.17220216606498195,0.6772241785584308,0.873810283203822,0.835680724003633,0.82709945566046,0.5819248803916547,0.7256174621436461,0.47228400784862223,0.5349659175114091,France,RW,0.7435897435897436,39,RW:29 | LW:8 | ST:2,grid_centered_v2,False,W,0.7807672854512899,0.08639453946646761
15304,11,11,1020.0,0.0,0.0,0.0,0.0,30.0,355.0,256.0,0.0,0.0,0.0,0.0,10.0,9.0,1.0,1.0,5.0,0.0,0,0,Vozinha,0.9073529411764706,0.0,0.0,0.0,0.0,2.4018166089965396,28.421496539792386,20.495501730103804,0.0,0.0,0.0,0.0,0.8006055363321799,0.7205449826989619,0.08006055363321798,0.08006055363321798,0.40030276816608995,0.0,0.7211267605633803,0.9,1.0,0.0,30.81784245699108,0.4003027681660899,0.0,0.0,0.0,3.708762975778547,4.683943661971831,3.7469502656074853,0.3306628293614674,0.3180313383935857,0.3069832687185164,0.3168013406328847,0.21087667676486685,0.19437765297047951,0.7583600829775198,0.9996646498695336,Cape Verde Islands,GK,1.0,17,GK:17,grid_centered_v2,False,GK,0.779702135747165,0.14612645611411573
6005,41,19,1988.0,54.0,30.0,5.0,10.0,0.0,1516.0,1263.0,80.0,8.0,1.0,2.0,103.0,48.0,50.0,24.0,15.0,3.0,0,0,Juan Fernando Quintero,0.9151659959758552,2.237277032415823,1.2429316846754574,0.2071552807792429,0.4143105615584858,0.0,62.80948113226644,52.32742392483676,3.3144844924678862,0.3314484492467886,0.04143105615584858,0.08286211231169716,4.2673987840524035,1.9886906954807317,2.0715528077924286,0.9943453477403659,0.6214658423377287,0.12429316846754573,0.83311345646438,0.46601941747572817,0.48,0.5555555555555556,55.72107190606517,8.762668376961972,10.564919319741389,4.508457715890694,0.8079055950390474,4.182225226100209,3.9563614111382175,0.166622691292876,0.7786542814471658,0.7969928179431129,0.9295988575596766,0.7036055237598023,0.2565212716665669,0.22401490189819198,0.5146153928879355,0.46099773181426307,Colombia,AM,1.0,21,AM:21,grid_centered_v2,False,AM,0.7789936724714601,0.10466964414976596
2892,32,32,2886.0,0.0,0.0,0.0,0.0,72.0,1203.0,836.0,0.0,1.0,0.0,0.0,17.0,14.0,1.0,1.0,3.0,1.0,1,0,Seung-gyu Kim,0.864033264033264,0.0,0.0,0.0,0.0,1.9400331084322764,32.414719853389286,22.525939981241432,0.0,0.02694490428378162,0.0,0.0,0.45806337282428755,0.37722865997294264,0.02694490428378162,0.02694490428378162,0.08083471285134486,0.02694490428378162,0.6949293433083957,0.8235294117647058,1.0,0.0,31.95985751673507,0.10777961713512647,0.0,0.0,0.04850082771080692,2.9987083592562374,4.559508873942565,3.0490355313100936,0.35088124200566956,0.3020914183878334,0.3069832687185164,0.3168013406328847,0.21344062734441843,0.1556645249857479,0.7227428136634456,0.9996646498695336,South Korea,GK,1.0,30,GK:30,grid_centered_v2,False,GK,0.7784032278788943,0.0868721908712883
2482,40,40,3655.0,0.0,0.0,0.0,1.0,121.0,1220.0,874.0,3.0,1.0,0.0,1.0,10.0,9.0,1.0,1.0,5.0,0.0,2,0,Camilo Vargas,0.9270588235294119,0.0,0.0,0.0,0.022827713848877447,2.762153375714171,27.849810895630487,19.951421903918888,0.06848314154663235,0.022827713848877447,0.0,0.022827713848877447,0.22827713848877446,0.20544942463989702,0.022827713848877447,0.022827713848877447,0.11413856924438723,0.0,0.7163934426229508,0.9,1.0,0.0,30.579217251700754,0.23740822402832545,0.29676028003540683,0.0,0.0867453126257343,2.987629194495856,4.667377049180328,4.2865087520958465,0.3265130594054332,0.3090992819783767,0.3276344846401002,0.3168013406328847,0.2154783509616553,0.15511359037965247,0.7538031005679097,0.9996646498695336,Colombia,GK,1.0,40,GK:40,grid_centered_v2,False,GK,0.7781886343945167,0.0771943024342948
221605,27,26,2446.0,0.0,0.0,0.0,0.0,88.0,918.0,648.0,1.0,1.0,0.0,0.0,14.0,12.0,1.0,1.0,6.0,0.0,1,0,Florian Wiegele,0.8718315617334423,0.0,0.0,0.0,0.0,2.822937845024065,29.448374337864678,20.78708776790448,0.03207883914800074,0.03207883914800074,0.0,0.0,0.44910374807201037,0.38494606977600887,0.03207883914800074,0.03207883914800074,0.19247303488800444,0.0,0.7058823529411765,0.8571428571428571,1.0,0.0,30.96298495386452,0.2341755257804054,0.08019709787000186,0.0,0.057741910466401335,3.1103530691149834,4.61344537815126,4.375583238124333,0.3331999064134567,0.30892342877855566,0.31249270381178934,0.3168013406328847,0.21393171641188508,0.16130565104072242,0.7385715474705725,0.9996646498695336,Austria,GK,1.0,25,GK:25,grid_centered_v2,False,GK,0.7772412708315207,0.09436277659059829
20566,38,38,3420.0,0.0,0.0,0.0,0.0,123.0,1061.0,778.0,0.0,1.0,0.0,2.0,25.0,16.0,3.0,3.0,5.0,0.0,1,0,Yehvann Diouf,0.9873684210526317,0.0,0.0,0.0,0.0,3.1959556786703605,27.568365650969533,20.215069252077562,0.0,0.025983379501385042,0.0,0.051966759002770084,0.6495844875346262,0.41573407202216067,0.07795013850415512,0.07795013850415512,0.1299168975069252,0.0,0.7332704995287465,0.64,1.0,0.0,30.73752703115495,0.2598337950138504,0.0,0.0,0.15070360110803324,2.5020277008310248,4.622446748350613,4.94058761791129,0.32926313320225614,0.3103207150130158,0.3069832687185164,0.3168013406328847,0.21891759119488768,0.13249971086735476,0.7411555857929826,0.9996646498695336,Senegal,GK,1.0,38,GK:38,grid_centered_v2,False,GK,0.7768415219376421,0.0798023875121013
535046,29,16,1502.0,35.0,22.0,5.0,7.0,0.0,386.0,291.0,19.0,8.0,2.0,14.0,355.0,152.0,136.0,96.0,38.0,23.0,3,0,Ayoube Amaimouni Echghouyab,0.9117177097203729,1.9120577800393974,1.201864890310478,0.2731511114341996,0.3824115560078794,0.0,21.08726580272021,15.897394685470415,1.0379742234499583,0.43704177829471935,0.10926044457367984,0.7648231120157588,19.39372891182817,8.303793787599666,7.429710231010229,5.244501339536632,2.0759484468999165,1.2564951125973183,0.7538860103626943,0.428169014084507,0.7058823529411765,0.6285714285714286,30.412368317191373,16.017581174501466,4.698199116668232,5.124962595051123,2.4365079139930605,12.909818344893052,3.9799372681895657,0.15077720207253886,0.3236275107902342,0.9614283384472054,0.6671675723961079,0.7479737799975351,0.36608671612026983,0.8873946832788627,0.523393657109579,0.26930629955763874,Morocco,RW,1.0,18,RW:18,grid_centered_v2,False,W,0.7765794653890568,0.12041871025285641
2682,12,12,1042.0,0.0,0.0,0.0,0.0,50.0,346.0,250.0,0.0,0.0,0.0,0.0,12.0,10.0,3.0,3.0,3.0,1.0,0,1,Alireza Beiranvand,0.8888675623800384,0.0,0.0,0.0,0.0,3.838679492044312,26.563662084946635,19.193397460221558,0.0,0.0,0.0,0.0,0.9212830780906349,0.7677358984088624,0.23032076952265873,0.23032076952265873,0.23032076952265873,0.07677358984088622,0.7225433526011561,0.8333333333333334,1.0,0.0,30.01723175325489,0.6909623085679762,0.0,0.0,0.0,3.5748302577724074,4.656093180250108,5.902527908586699,0.31684741737539784,0.3343036550140771,0.3069832687185164,0.3168013406328847,0.21087667676486685,0.18655407889003997,0.7506662948404482,0.9996646498695336,Iran,GK,1.0,12,GK:12,grid_centered_v2,False,GK,0.7757849851293903,0.14457562493164677
194536,37,37,3360.0,0.0,0.0,0.0,0.0,114.0,1403.0,895.0,5.0,0.0,0.0,0.0,38.0,36.0,1.0,1.0,15.0,0.0,4,0,Robin Roefs,1.0,0.0,0.0,0.0,0.0,3.0535714285714284,37.58035714285714,23.973214285714285,0.13392857142857142,0.0,0.0,0.0,1.0178571428571428,0.9642857142857142,0.026785714285714284,0.026785714285714284,0.40178571428571425,0.0,0.6379187455452602,0.9473684210526315,1.0,0.0,33.12698649577437,0.5089285714285714,0.33482142857142855,0.0,0.0,4.192105263157894,4.411662977829463,4.707940891966194,0.37211189444400283,0.324063483725812,0.33033431561183096,0.3168013406328847,0.21087667676486685,0.22466631060426676,0.6764679972356347,0.9996646498695336,Netherlands,GK,1.0,37,GK:37,grid_centered_v2,False,GK,0.7757081359023893,0.080511756018254
927,42,22,2119.0,39.0,21.0,4.0,5.0,0.0,1462.0,1334.0,84.0,26.0,1.0,4.0,225.0,114.0,75.0,45.0,35.0,22.0,4,0,Kang-in Lee,0.995469561113733,1.648937309820294,0.887889320672466,0.169121775366184,0.21140221920773,0.0,61.81400889634025,56.40211208462236,3.551557282689864,1.099291539880196,0.042280443841546,0.169121775366184,9.513099864347849,4.819970597936243,3.1710332881159498,1.9026199728695699,1.47981553445411,0.9301697645140119,0.9124487004103967,0.5066666666666667,0.6,0.5384615384615384,57.73063607899276,11.889260808242735,10.041605412367176,3.672942328794001,2.363476810742421,8.26795883711074,4.401823536941934,0.18248974008207935,0.8047495300230183,0.8969837160403051,0.9177671043285335,0.6368895559807731,0.3607432087575415,0.5758192274288056,0.673247717569232,0.6652184028435187,South Korea,RW,0.7894736842105263,19,RW:15 | ST:2 | LW:2,grid_centered_v2,False,W,0.7746804017141705,0.10138260809043383
6870,26,26,2340.0,0.0,0.0,0.0,0.0,86.0,835.0,588.0,0.0,1.0,0.0,0.0,14.0,13.0,2.0,2.0,2.0,0.0,1,0,Paul Izzo,0.85,0.0,0.0,0.0,0.0,2.8115384615384613,27.29807692307692,19.223076923076924,0.0,0.032692307692307694,0.0,0.0,0.4576923076923077,0.425,0.06538461538461539,0.06538461538461539,0.06538461538461539,0.0,0.704191616766467,0.9285714285714286,1.0,0.0,29.88892503454629,0.19615384615384615,0.0,0.0,0.058846153846153854,3.3807142857142853,4.636099230111206,4.358146015660985,0.31466226802742336,0.30685927709935307,0.3069832687185164,0.3168013406328847,0.2139904530206659,0.17564918953556888,0.7450429713483463,0.9996646498695336,Australia,GK,1.0,26,GK:26,grid_centered_v2,False,GK,0.7745044567359802,0.09647638212377321
46245,29,29,2610.0,0.0,0.0,0.0,0.0,77.0,1068.0,719.0,1.0,1.0,0.0,0.0,17.0,16.0,1.0,1.0,5.0,0.0,3,0,Ricardo Goss,0.85,0.0,0.0,0.0,0.0,2.256896551724138,31.30344827586207,21.074137931034482,0.029310344827586206,0.029310344827586206,0.0,0.0,0.49827586206896546,0.4689655172413793,0.029310344827586206,0.029310344827586206,0.14655172413793105,0.0,0.6732209737827716,0.9411764705882353,1.0,0.0,30.975696758362396,0.1993103448275862,0.07327586206896551,0.0,0.05275862068965517,3.4800811359026365,4.532743996474995,3.5199890223427617,0.33342257121047686,0.30703034695371834,0.31201509956146944,0.3168013406328847,0.2136667926196637,0.1811674243364302,0.714672451411871,0.9996646498695336,South Africa,GK,1.0,29,GK:29,grid_centered_v2,False,GK,0.7737009393821195,0.09135002783911396
1496,37,30,2438.0,82.0,44.0,21.0,7.0,0.0,1051.0,843.0,78.0,30.0,2.0,9.0,209.0,99.0,81.0,41.0,18.0,17.0,5,0,Raphinha,0.9842493847415914,2.9793931334671635,1.598698754543356,0.7630153146684199,0.25433843822280666,0.0,38.187099796024256,30.62961477454657,2.8340568830541315,1.0900218780977426,0.07266812520651618,0.3270065634293228,7.593819084080941,3.597072197722551,2.9430590708639053,1.4896965667335818,0.6540131268586457,0.6176790642553875,0.80209324452902,0.47368421052631576,0.5061728395061729,0.5365853658536586,42.90463978754468,9.152550369760714,8.484003617860765,9.415471505415375,2.6959874451617503,6.456953708390518,3.858496826032776,0.160418648905804,0.5615780825340475,0.8125907079587764,0.8712310112419343,0.9335117030940259,0.3853324754657364,0.40599602630191256,0.4781408142724086,0.38085356370267454,Brazil,AM,0.6551724137931034,29,AM:19 | CM:10,grid_centered_v2,False,AM,0.7716231750784568,0.0945174697708238
762,58,53,4696.0,142.0,82.0,26.0,11.0,0.0,1773.0,1459.0,106.0,39.0,0.0,4.0,634.0,304.0,307.0,139.0,124.0,53.0,10,0,Vinícius Júnior,0.9947934412265756,2.7072956087895306,1.5633678867657854,0.49570201287695637,0.20972008237102,0.0,33.80306418580168,27.81650910721074,2.0209389755752833,0.7435530193154346,0.0,0.07626184813491636,12.087502929384243,5.7959004582536435,5.85309684435483,2.6500992226883437,2.3641172921824074,1.0104694877876417,0.8228990411731528,0.4794952681388013,0.4527687296416938,0.5774647887323944,39.82573286409014,11.444996858847572,6.205807891978819,7.30926072195254,1.4909191310376149,9.552746445971504,3.8060909056935928,0.1645798082346306,0.501217542702421,0.8860453659171389,0.7649188616242493,0.8674989156700111,0.2998298401398168,0.688353021443489,0.4586797017840047,0.43416981746710603,Brazil,LW,0.7627118644067796,59,LW:45 | ST:12 | RW:2,grid_centered_v2,False,W,0.7705517765599295,0.06810278833157217
42207,16,16,1440.0,0.0,0.0,0.0,0.0,53.0,381.0,273.0,0.0,1.0,0.0,0.0,20.0,19.0,1.0,1.0,12.0,1.0,1,0,Mahmud Abunad,0.878125,0.0,0.0,0.0,0.0,2.9087890625000004,20.9103515625,14.9830078125,0.0,0.0548828125,0.0,0.0,1.09765625,1.0427734375,0.0548828125,0.0548828125,0.6585937500000001,0.0548828125,0.7165354330708661,0.95,1.0,0.0,27.32304402989665,0.46650390625000004,0.0,0.0,0.09878906250000001,4.3098828125,4.683483390748031,4.506490680364173,0.27275869739024045,0.32170047723140854,0.3069832687185164,0.3168013406328847,0.21612297417621992,0.23253498508306458,0.758234255570206,0.9996646498695336,Qatar,GK,1.0,16,GK:16,grid_centered_v2,False,GK,0.7681024352418226,0.12298373876248844
2489,58,53,4720.0,121.0,77.0,27.0,22.0,0.0,2339.0,2026.0,114.0,41.0,2.0,23.0,604.0,251.0,228.0,113.0,70.0,66.0,10,2,Luis Díaz,0.9915148305084746,2.2876263780163746,1.4557622405558748,0.5104620843507612,0.4159320687302499,0.0,44.22114130727521,38.3035623294312,2.155284356147659,0.775146128088193,0.03781200624820454,0.4348380718543522,11.419225886957772,4.74540678414967,4.310568712295318,2.1363783530235567,1.3234202186871589,1.2477962061907497,0.8661821291150064,0.4155629139072848,0.4956140350877193,0.6363636363636364,45.864635528444325,9.882167832968257,7.675837268385521,7.3944910843115865,2.306532381140477,7.890258239531391,3.9901441841280714,0.17323642582300128,0.6179591184257099,0.8392709526959818,0.839188254589598,0.871007381440363,0.35660044260283946,0.5405423069039047,0.5271899528714138,0.548605799336203,Colombia,LW,0.8490566037735849,53,CM:45 | AM:7 | DM:1,public_anchor,False,W,0.7666951689847886,0.06792942499139101
1485,42,41,3624.0,64.0,29.0,9.0,23.0,0.0,2406.0,1985.0,149.0,66.0,7.0,22.0,319.0,154.0,42.0,18.0,44.0,27.0,5,0,Bruno Fernandes,1.0,1.589403973509934,0.7201986754966888,0.22350993377483444,0.5711920529801324,0.0,59.75165562913907,49.29635761589404,3.7003311258278146,1.6390728476821192,0.173841059602649,0.5463576158940397,7.922185430463577,3.8245033112582782,1.0430463576158941,0.4470198675496689,1.0927152317880795,0.6705298013245033,0.8250207813798837,0.4827586206896552,0.42857142857142855,0.453125,54.9144268192653,8.324503311258278,12.392384105960264,3.7026076158940397,4.234271523178808,6.802580497830554,3.798462370428066,0.16500415627597675,0.7675014652269979,0.7783324803744707,0.9596028126632891,0.6393708432075091,0.5048864011844485,0.43792511663690636,0.45585588555531986,0.43971616712954453,Portugal,AM,0.4634146341463415,41,AM:19 | CM:15 | DM:7,grid_centered_v2,True,AM,0.7630442973479398,0.07752376264626504
64190,35,35,3150.0,0.0,0.0,0.0,1.0,105.0,1030.0,681.0,1.0,2.0,0.0,1.0,28.0,23.0,2.0,2.0,11.0,0.0,2,0,Yahia Fofana,0.9291428571428574,0.0,0.0,0.0,0.02654693877551021,2.7874285714285723,27.343346938775515,18.078465306122453,0.02654693877551021,0.05309387755102042,0.0,0.02654693877551021,0.7433142857142859,0.6105795918367348,0.05309387755102042,0.05309387755102042,0.2920163265306123,0.0,0.6611650485436893,0.8214285714285714,1.0,0.0,28.886726213592233,0.3265273469387756,0.21237551020408169,0.0,0.14866285714285718,3.319097142857143,4.442649098474341,4.3133758668515965,0.2978804395960409,0.31396886780032485,0.3216894256010056,0.3168013406328847,0.21880724624330963,0.17229428456038937,0.6864995367774032,0.9996646498695336,Ivory Coast,GK,1.0,35,GK:35,grid_centered_v2,False,GK,0.7623665758640622,0.08315218406202998
184,58,51,4702.0,174.0,127.0,67.0,8.0,0.0,1338.0,1049.0,74.0,31.0,14.0,14.0,475.0,241.0,95.0,56.0,76.0,48.0,4,0,Harry Kane,0.9971288813270949,3.3209354065466408,2.423901130065652,1.2787509898771547,0.15268668535846625,0.0,25.53684812620348,20.021041617628885,1.4123518395658128,0.5916609057640567,0.2672016993773159,0.2672016993773159,9.065771943158932,4.599686396423796,1.8131543886317867,1.0688067975092637,1.4505235109054293,0.9161201121507974,0.7840059790732437,0.5073684210526316,0.5894736842105263,0.7298850574712644,33.91643481275428,5.939512060444336,4.370656368386096,15.08323961605168,1.8933148984449817,7.961666218151208,3.934731317784289,0.15680119581464874,0.3867633123741206,0.6566414478713838,0.6434003518796906,0.9909409097528855,0.32720793719085967,0.5472540551143495,0.5065535455192433,0.3366832280695658,England,ST,0.9629629629629629,54,ST:52 | RW:2,public_anchor,False,ST,0.7614422425546755,0.06805932308621382
51618,45,32,2845.0,72.0,36.0,11.0,9.0,0.0,1112.0,934.0,89.0,29.0,1.0,6.0,338.0,174.0,152.0,82.0,52.0,27.0,3,0,Brian Rodríguez,0.9071423550087874,2.066180126698398,1.033090063349199,0.31566640824558856,0.25827251583729977,0.0,31.91100417900859,26.802947754670885,2.554028212168853,0.8322114399201881,0.028696946204144418,0.1721816772248665,9.699567817000812,4.993268639521128,4.361935823029951,2.353149588739842,1.4922412026155096,0.7748175475118992,0.8399280575539568,0.514792899408284,0.5394736842105263,0.5,40.46620974374049,11.226245355061295,7.805569367527281,4.971657354653587,1.8739105871306307,8.53495479355443,4.054732588980158,0.1679856115107914,0.5138356217630593,0.880296138767258,0.8447346835350945,0.7373625471956126,0.32585833278123044,0.6003195837139804,0.5511218818528594,0.47903249786373764,Uruguay,LW,0.5588235294117647,34,LW:19 | ST:8 | RW:7,grid_centered_v2,True,W,0.7609900313436893,0.08749592006556367
583,42,40,3478.0,110.0,57.0,24.0,15.0,0.0,1295.0,1054.0,111.0,36.0,2.0,13.0,409.0,201.0,122.0,58.0,88.0,60.0,6,0,João Félix,0.9174468085106383,2.611478839636377,1.3532208532661225,0.5697772013752095,0.35611075085950594,0.0,30.744228157537346,25.022715427061286,2.635219556360344,0.8546658020628143,0.04748143344793413,0.3086293174115718,9.70995314010253,4.77188406151738,2.8963674403239814,1.3769615699900897,2.0891830717091016,1.4244430034380238,0.8138996138996138,0.49144254278728605,0.47540983606557374,0.5181818181818182,39.45283213110284,9.230390662278396,8.546658020628144,7.489090441937884,2.2078866553289367,8.15496531448619,3.7870079304065536,0.1627799227799228,0.49386925383633873,0.8155920063818421,0.8734728091251723,0.8748085294847046,0.34947466296651436,0.5653297840640746,0.4516212343188502,0.4108433262719847,Portugal,RW,0.5,40,RW:20 | ST:12 | LW:8,grid_centered_v2,True,W,0.7609448513284869,0.07913418772234278
524,45,45,4080.0,0.0,0.0,0.0,1.0,124.0,1400.0,1026.0,4.0,1.0,0.0,0.0,20.0,17.0,4.0,3.0,4.0,0.0,2,0,Dominik Kotarski,0.8963235294117647,0.0,0.0,0.0,0.019771842560553633,2.451708477508651,27.680579584775085,20.28591046712803,0.07908737024221453,0.019771842560553633,0.0,0.0,0.3954368512110727,0.33612132352941176,0.07908737024221453,0.0593155276816609,0.07908737024221453,0.0,0.7328571428571429,0.85,0.75,0.0,30.93586412506179,0.33018977076124567,0.3064635596885813,0.0,0.03558931660899654,3.0205698529411764,4.255,3.824134144834405,0.33272509652684085,0.3141698761681987,0.3283217038471474,0.3168013406328847,0.21275586103220337,0.15675631412416735,0.6233789579754263,0.9996646498695336,Croatia,GK,1.0,45,GK:45,grid_centered_v2,False,GK,0.7598674204299256,0.07306322805705787
26232,34,34,3060.0,0.0,0.0,0.0,0.0,121.0,1035.0,756.0,2.0,1.0,0.0,0.0,20.0,17.0,3.0,2.0,4.0,1.0,1,0,Mark Flekken,1.0,0.0,0.0,0.0,0.0,3.5588235294117645,30.441176470588236,22.235294117647058,0.058823529411764705,0.029411764705882353,0.0,0.0,0.5882352941176471,0.5,0.08823529411764706,0.058823529411764705,0.11764705882352941,0.029411764705882353,0.7304347826086957,0.85,0.6666666666666666,0.0,32.07704603580563,0.31176470588235294,0.14705882352941177,0.0,0.052941176470588235,3.25,4.094168797953964,5.484322250639386,0.352988104587085,0.3131593433452739,0.3171269562494854,0.3168013406328847,0.21367649351111817,0.16859269314084915,0.5656257118154715,0.9996646498695336,Netherlands,GK,1.0,34,GK:34,grid_centered_v2,False,GK,0.7552570351179814,0.08436614877321075
350799,26,9,1033.0,29.0,19.0,9.0,1.0,0.0,245.0,207.0,8.0,9.0,2.0,0.0,144.0,82.0,25.0,16.0,28.0,11.0,2,0,Jeremy Arevalo,0.858567279767667,2.1692745403616756,1.4212488367886842,0.6732231332156924,0.07480257035729916,0.0,18.32662973753829,15.484132063960928,0.5984205628583933,0.6732231332156924,0.14960514071459832,0.0,10.771570131451078,6.133810769298531,1.870064258932479,1.1968411257167866,2.0944719700043763,0.8228282739302908,0.8448979591836735,0.5694444444444444,0.64,0.6551724137931034,30.566273487200856,5.116495812439262,1.9074655441111286,8.685878264815903,1.3763672945743044,10.295668410351277,4.271094373006212,0.16897959183673472,0.3262887307729436,0.6079461603375031,0.44983465536341577,0.9151075862876168,0.2922796067975441,0.7453413894247396,0.6289980462805905,0.49222254131266313,Ecuador,ST,0.75,12,ST:9 | RW:3,grid_centered_v2,False,ST,0.7518022124263974,0.14520406577076317
340151,52,52,4639.0,0.0,0.0,0.0,0.0,165.0,2204.0,1912.0,1.0,2.0,0.0,1.0,23.0,21.0,0.0,0.0,9.0,2.0,5,0,Mike Penders,0.960584177624488,0.0,0.0,0.0,0.0,3.0749461172070807,41.073825711057005,35.63210288545417,0.018636037073982308,0.037272074147964615,0.0,0.018636037073982308,0.42862885270159307,0.39135677855362844,0.0,0.0,0.16772433366584077,0.037272074147964615,0.867513611615245,0.9130434782608695,0.0,0.0,40.208333934504736,0.11740703356608855,0.04659009268495577,0.0,0.10436180761430093,3.287029924757688,3.398533266025868,4.785921898133671,0.5087564087782512,0.302608783450738,0.31017737387620187,0.3168013406328847,0.2164217190870346,0.17056847328572203,0.3157105858857654,0.9996646498695336,Belgium,GK,1.0,52,GK:52,grid_centered_v2,False,GK,0.7489234270667586,0.06851990488764266
1460,55,39,3522.0,76.0,49.0,11.0,10.0,0.0,1183.0,931.0,96.0,63.0,1.0,25.0,491.0,243.0,153.0,70.0,81.0,51.0,3,0,Bukayo Saka,1.0,1.9420783645655877,1.252129471890971,0.28109028960817717,0.2555366269165247,0.0,30.229982964224874,23.79045996592845,2.4531516183986373,1.6098807495741057,0.02555366269165247,0.6388415672913118,12.546848381601363,6.2095400340715505,3.909710391822828,1.788756388415673,2.06984667802385,1.303236797274276,0.7869822485207101,0.49490835030549896,0.45751633986928103,0.6447368421052632,38.184351783716224,9.922487223168655,7.538330494037479,5.291177261723303,4.203577512776831,10.178081098616667,3.6716716779274483,0.15739644970414202,0.468911690659579,0.84065176803414,0.8331357358092343,0.7591528197170263,0.5024595978507597,0.7367928681437809,0.40947088683704475,0.34378178148562016,England,RW,0.9487179487179487,39,RW:37 | ST:2,grid_centered_v2,False,W,0.7481649206382103,0.0786383263515946
276,32,28,2566.0,73.0,35.0,14.0,5.0,0.0,1352.0,1045.0,84.0,13.0,0.0,2.0,389.0,188.0,127.0,45.0,118.0,32.0,12,0,Neymar,0.9053585346843336,2.318084790676567,1.111410516077806,0.4445642064311225,0.15877293086825803,0.0,42.932200506776965,33.183542551465926,2.6673852385867347,0.41280962025747087,0.0,0.0635091723473032,12.352534021550476,5.969862200646501,4.032832444053754,1.4289563778143222,3.7470411684908895,1.0161467575568512,0.7729289940828402,0.4832904884318766,0.3543307086614173,0.4794520547945205,43.97748555729411,10.247204958237372,7.541714216242257,6.0713924835469495,0.8700756611580539,9.80767854620073,3.455071209648694,0.15458579881656806,0.5822793931798459,0.8514238284780306,0.833286836020934,0.8070021426364581,0.2602892517729014,0.7086884452539967,0.3342054140721852,0.31092318865189394,Brazil,RW,0.5172413793103449,29,RW:15 | ST:14,grid_centered_v2,True,W,0.74794072532405,0.09212990252889891
339883,50,44,3909.0,89.0,52.0,11.0,9.0,0.0,1669.0,1406.0,99.0,38.0,2.0,10.0,480.0,231.0,208.0,106.0,69.0,37.0,4,0,Kenan Yıldız,1.0,2.04911742133538,1.1972371450498849,0.25326170376055257,0.20721412125863395,0.0,38.42670759785111,32.371450498848816,2.2793553338449732,0.8749040675364544,0.046047582501918656,0.23023791250959327,11.051419800460476,5.318495778971604,4.7889485801995395,2.4405218726016886,1.5886415963161935,0.8518802762854951,0.8424206111443978,0.48125,0.5096153846153846,0.5842696629213483,42.91124436533289,10.99846508058327,6.83806600153492,4.870764958996956,2.085955487336915,8.889644090560246,3.9901294092102453,0.16848412222887957,0.5617062579721608,0.874044988890798,0.7994725871768321,0.7302241745682664,0.3407591561169189,0.6320882878135917,0.5271844597472396,0.48564519544332285,Türkiye,LW,0.7872340425531915,47,LW:37 | ST:10,grid_centered_v2,False,W,0.7476574791362659,0.07464420595553387
30393,33,33,2963.0,0.0,0.0,0.0,0.0,76.0,913.0,557.0,0.0,1.0,0.0,1.0,22.0,21.0,1.0,1.0,17.0,1.0,2,0,Alban Lafont,0.8740971987850152,0.0,0.0,0.0,0.0,2.0178281605432007,24.240488297051872,14.788556387138984,0.0,0.02655037053346317,0.0,0.02655037053346317,0.5841081517361897,0.5575577812027265,0.02655037053346317,0.02655037053346317,0.45135629906887387,0.02655037053346317,0.6100766703176341,0.9545454545454546,1.0,0.0,26.160136491614196,0.29205407586809484,0.0,0.0,0.10089140802716004,3.6442172573201805,4.314962498287224,3.148757574878328,0.2549586105076753,0.3120802638251312,0.3069832687185164,0.3168013406328847,0.21623564206641505,0.19057658083569803,0.6441340387276722,0.9996646498695336,Ivory Coast,GK,1.0,33,GK:33,grid_centered_v2,False,GK,0.7474273853389294,0.0857359791264644
30776,39,38,3294.0,25.0,10.0,7.0,3.0,0.0,2065.0,1861.0,20.0,86.0,22.0,52.0,348.0,228.0,14.0,12.0,26.0,53.0,15,2,Cristian Romero,0.9914845173041894,0.6772435227487632,0.27089740909950527,0.1896281863696537,0.08126922272985158,0.0,55.94031497904784,50.414007833417934,0.5417948181990105,2.3297177182557456,0.5959743000189117,1.4086665273174277,9.427229836662784,6.176460927468721,0.3792563727393074,0.32507689091940634,0.7043332636587138,1.4357562682273781,0.9012106537530267,0.6551724137931034,0.8571428571428571,0.4,48.78699772079522,2.1400895318860917,1.8014677705117101,2.6962818636965373,7.666396677516,10.612562539835519,4.844302895051788,0.18024213075060536,0.6706781338424035,0.4207739647400642,0.4414205460743496,0.5518446808042106,0.7512037288839623,0.7674534440196256,0.7994555161923343,0.6381235379903902,Argentina,RCB,0.8461538461538461,39,RCB:33 | RB:4 | LCB:2,grid_centered_v2,False,CB,0.7472008842204096,0.08131433980500301
94360,24,24,2160.0,0.0,0.0,0.0,0.0,64.0,540.0,337.0,0.0,1.0,0.0,1.0,18.0,18.0,3.0,3.0,6.0,0.0,2,0,Alex Paulsen,0.85,0.0,0.0,0.0,0.0,2.2666666666666666,19.125,11.935416666666665,0.0,0.035416666666666666,0.0,0.035416666666666666,0.6375,0.6375,0.10625,0.10625,0.2125,0.0,0.6240740740740741,1.0,1.0,0.0,24.208101851851854,0.371875,0.0,0.0,0.13458333333333333,3.8925,4.3842592592592595,3.524814814814815,0.226845405543776,0.3164626272002074,0.3069832687185164,0.3168013406328847,0.218047044394665,0.20551166214856342,0.6674585679745605,0.9996646498695336,New Zealand,GK,1.0,24,GK:24,grid_centered_v2,False,GK,0.7453034237331829,0.10041580220928047
377122,28,20,1841.0,61.0,36.0,8.0,7.0,0.0,439.0,335.0,40.0,19.0,2.0,5.0,248.0,111.0,101.0,49.0,35.0,31.0,6,1,Endrick,0.9931776208582292,2.9617301132600105,1.74790629635017,0.38842362141114883,0.33987066873475524,0.0,21.314746224936794,16.265239146591856,1.9421181070557443,0.9225061008514785,0.09710590535278721,0.24276476338196804,12.041132263745615,5.389377747079691,4.903848220315754,2.3790946811432865,1.6993533436737762,1.5051415329682019,0.7630979498861048,0.4475806451612903,0.48514851485148514,0.5901639344262295,32.55332076248566,10.293225967395445,6.724583945680514,6.734785655031887,2.2528570041846634,8.887870781395439,3.6027310867611,0.15261958997722097,0.3616090220048474,0.8529008954039158,0.7935627821007347,0.841700991815422,0.3527150347852767,0.631932023205937,0.3848572074543558,0.28899604194635026,Brazil,RW,0.9,20,RW:18 | ST:2,grid_centered_v2,False,W,0.7447467695780197,0.10876822554202634
87789,30,30,2700.0,0.0,0.0,0.0,1.0,77.0,944.0,555.0,3.0,1.0,0.0,0.0,25.0,22.0,2.0,2.0,9.0,1.0,3,0,Johny Placide,0.865,0.0,0.0,0.0,0.028833333333333332,2.2201666666666666,27.218666666666664,16.0025,0.08650000000000001,0.028833333333333332,0.0,0.0,0.7208333333333333,0.6343333333333333,0.057666666666666665,0.057666666666666665,0.2595,0.028833333333333332,0.5879237288135594,0.88,1.0,0.0,27.11949322033898,0.42961666666666665,0.37483333333333335,0.0,0.0519,3.5280666666666667,4.207426384180791,3.447834745762712,0.2695875870088768,0.3196532838852848,0.33318462469315313,0.3168013406328847,0.21362117039553818,0.18388020463402271,0.6065793838792617,0.9996646498695336,Haiti,GK,1.0,33,GK:33,grid_centered_v2,False,GK,0.7447199824119082,0.08981462390204988
25414,41,36,3079.0,88.0,52.0,12.0,10.0,0.0,1014.0,844.0,73.0,23.0,0.0,6.0,379.0,198.0,171.0,98.0,70.0,28.0,2,1,John Yeboah,0.8703150373497889,2.238679797275196,1.3228562438444338,0.305274517810254,0.254395431508545,0.0,25.795696754966464,21.470974419321198,1.8570866500123784,0.5851094924696535,0.0,0.152637258905127,9.641586854173855,5.037029543869191,4.350161878796119,2.493075228783741,1.7807680205598149,0.712307208223926,0.8323471400394478,0.5224274406332454,0.5730994152046783,0.5909090909090909,36.13091534074586,10.465828052261541,6.041891498327944,5.476013065682421,1.3584716042556304,8.619123683316603,4.0967803371018725,0.16646942800788955,0.4288906504152607,0.8583326211241613,0.7553159054863385,0.7711808640130456,0.29111020850780495,0.6079463310050197,0.5665825059430802,0.4589751787246061,Ecuador,RW,0.9090909090909091,33,RW:30 | ST:3,grid_centered_v2,False,W,0.7445740190233683,0.08410544117633567
4414,11,11,1014.0,0.0,0.0,0.0,0.0,22.0,249.0,158.0,0.0,0.0,0.0,0.0,5.0,4.0,1.0,1.0,2.0,0.0,1,0,Oussama Benbot,0.8633136094674556,0.0,0.0,0.0,0.0,1.685760302510416,19.079741605686074,12.106823990756626,0.0,0.0,0.0,0.0,0.38312734147964006,0.306501873183712,0.076625468295928,0.076625468295928,0.153250936591856,0.0,0.6345381526104418,0.8,1.0,0.0,24.44933753781978,0.26818913903574804,0.0,0.0,0.0,2.829102622457197,4.340883534136546,2.6555480842877124,0.2301978200335886,0.31077647613376036,0.3069832687185164,0.3168013406328847,0.21087667676486685,0.1474039531513933,0.6529463145053161,0.9996646498695336,Algeria,GK,1.0,11,GK:11,grid_centered_v2,False,GK,0.7437970686107587,0.14655814525582808
153,47,32,2764.0,90.0,46.0,25.0,13.0,0.0,1587.0,1314.0,91.0,13.0,0.0,4.0,155.0,75.0,77.0,42.0,15.0,6.0,1,0,Ousmane Dembélé,0.9871924746743851,2.8930025487925177,1.4786457471606202,0.8036118191090327,0.417878145936697,0.0,51.013278277041394,42.237837212370756,2.925147021556879,0.417878145936697,0.0,0.12857789105744524,4.982393278476003,2.410835457327098,2.4751244028558204,1.350067856103175,0.48216709146541964,0.19286683658616785,0.8279773156899811,0.4838709677419355,0.5454545454545454,0.5111111111111111,49.50570216003191,8.881517824793029,9.61119735654403,9.521220821119352,1.009336444800945,4.826782543483743,4.057857826902996,0.16559546313799622,0.6830678712388623,0.8018477359912407,0.9067079984516307,0.9358500345708247,0.26885866201963277,0.26929494785042496,0.5522747912209328,0.44746959247945634,France,ST,0.6764705882352942,34,ST:23 | RW:11,grid_centered_v2,False,ST,0.7425922647283145,0.0887687119753338
291964,54,43,3531.0,64.0,34.0,7.0,14.0,0.0,2325.0,2082.0,116.0,69.0,4.0,17.0,353.0,189.0,71.0,43.0,61.0,41.0,4,1,Arda Güler,0.9986830926083263,1.629117704169912,0.8654687803402659,0.17818474889358413,0.35636949778716825,0.0,59.182791596797585,52.99723531377745,2.9527758388079657,1.7563925248081864,0.1018198565106195,0.43273439017013293,8.985602337062172,4.810988220126771,1.807302453063496,1.0945634574891596,1.5527528117869476,1.04365352923385,0.895483870967742,0.5354107648725213,0.6056338028169014,0.53125,54.92490467036839,8.827781559470711,9.341971834849339,3.699634283625045,4.138977167156683,8.341615802795044,4.355006417067821,0.1790967741935484,0.7676488141502266,0.7996635493399741,0.8991283046666658,0.6391224782111227,0.4973517696023457,0.5826209848148601,0.6577043181900103,0.623957482305642,Türkiye,RW,0.4791666666666667,48,RW:23 | ST:14 | LW:11,grid_centered_v2,True,W,0.7413020073127572,0.07853804364169903
133609,50,40,3539.0,22.0,14.0,2.0,12.0,0.0,3366.0,3061.0,91.0,84.0,6.0,42.0,387.0,228.0,86.0,50.0,78.0,16.0,4,1,Pedri,0.993133653574456,0.5556384950769774,0.3535881332308038,0.0505125904615434,0.3030755427692604,0.0,85.01268974677754,77.30951970139216,2.2983228660002246,2.121528799384823,0.1515377713846302,1.0607643996924114,9.774186254308647,5.758435312615948,2.172041389846366,1.262814761538585,1.9699910280001924,0.4041007236923472,0.9093879976232917,0.5891472868217055,0.5813953488372093,0.6363636363636364,65.58705605863264,8.279013576646962,7.412722650231494,2.1718513829427453,6.106972186800597,9.829251298127442,4.432700476421792,0.18187759952465835,0.8844784034161814,0.7763265370656408,0.8274489908906137,0.504542233854907,0.6483593051685063,0.7103730278340679,0.6832971248479972,0.6579374032610537,Spain,DM,0.5,40,DM:20 | CM:20,grid_centered_v2,True,DM,0.7408951815737805,0.07844922479095855
3275,48,48,4336.0,0.0,0.0,0.0,0.0,82.0,2157.0,1825.0,2.0,1.0,0.0,1.0,29.0,25.0,0.0,0.0,14.0,1.0,2,0,Ronwen Williams,0.8685078413284134,0.0,0.0,0.0,0.0,1.4782259845488217,38.88455425209523,32.899541729287805,0.036054292306068825,0.018027146153034412,0.0,0.018027146153034412,0.5227872384379979,0.4506786538258603,0.0,0.0,0.2523800461424818,0.018027146153034412,0.846082522021326,0.8620689655172413,0.0,0.0,38.72222104858814,0.19108774922216476,0.09013573076517206,0.0,0.06850315538153076,3.2171570119079287,3.3046742415892947,2.386555481227498,0.47948262771931066,0.3065848255879863,0.31317922224995637,0.3168013406328847,0.21450462564905828,0.16685561805448867,0.2862736942437299,0.9996646498695336,South Africa,GK,1.0,48,GK:48,grid_centered_v2,False,GK,0.7386531371086652,0.07087356863194703
629,26,21,1747.0,35.0,16.0,6.0,4.0,0.0,1005.0,838.0,51.0,19.0,1.0,6.0,125.0,58.0,30.0,19.0,12.0,11.0,2,0,Kevin De Bruyne,1.0,1.8030910131654265,0.8242701774470521,0.30910131654264456,0.20606754436176303,0.0,51.77447052089296,43.17115054378935,2.6273611906124783,0.9788208357183743,0.05151688609044076,0.30910131654264456,6.439610761305095,2.987979393245564,1.5455065827132226,0.9788208357183743,0.6182026330852891,0.5666857469948483,0.8338308457711443,0.464,0.6333333333333333,0.45714285714285713,49.3990052599054,7.485403548941042,7.701774470520893,4.541074495052744,2.436748712077848,5.575171150543789,4.198673100439417,0.16676616915422887,0.6812443121608913,0.7392746470787994,0.8403098091189847,0.7060634004089693,0.36610439018772406,0.32857357753321875,0.6034593838891731,0.46289231649016566,Belgium,AM,0.8095238095238095,21,AM:17 | CM:4,grid_centered_v2,False,AM,0.7386240573291947,0.11165610791124086
17,38,23,2030.0,49.0,30.0,10.0,5.0,0.0,833.0,718.0,48.0,18.0,1.0,3.0,217.0,102.0,91.0,42.0,32.0,12.0,0,0,Christian Pulišić,0.9933497536945812,2.157966706302021,1.3212041058991966,0.4404013686330655,0.22020068431653275,0.0,36.68543400713436,31.620818267854105,2.1139265694387146,0.7927224635395179,0.04404013686330655,0.13212041058991966,9.556709699337523,4.492093960057268,4.007652454560897,1.8496857482588753,1.4092843796258097,0.5284816423596786,0.8619447779111644,0.4700460829493088,0.46153846153846156,0.6122448979591837,42.284917889867,9.13392438544978,6.495920187337717,6.597386493241766,1.7395854061006086,7.699069792928101,3.9933158552492554,0.17238895558223288,0.5495168334135024,0.8118669958625256,0.781266161970125,0.8349565480964487,0.31659565268633394,0.522506313116937,0.5283689847866326,0.5374337852601371,USA,LW,0.4782608695652174,23,LW:11 | RW:7 | ST:5,grid_centered_v2,True,W,0.7354955020786409,0.10358119539476683
44,40,33,2811.0,24.0,6.0,2.0,0.0,0.0,3122.0,2846.0,44.0,73.0,8.0,23.0,298.0,193.0,28.0,17.0,44.0,29.0,8,1,Rodri,1.0,0.768409818569904,0.192102454642476,0.064034151547492,0.0,0.0,99.957310565635,91.1205976520811,1.4087513340448239,2.3372465314834576,0.256136606189968,0.736392742796158,9.541088580576307,6.179295624332977,0.8964781216648879,0.544290288153682,1.4087513340448239,0.928495197438634,0.9115951313260731,0.6476510067114094,0.6071428571428571,0.25,70.58817070577722,4.6008537886873,3.52187833511206,1.2812166488794023,5.9615795090715045,10.593966894200396,4.468220889387871,0.18231902626521462,0.9190686894652977,0.5762308734904954,0.5786946953029393,0.4244741377683119,0.637805268946059,0.7661936287837003,0.6946493785685617,0.663195590983617,Spain,DM,0.8235294117647058,34,DM:28 | CM:6,public_anchor,False,DM,0.7352109233164771,0.08802347605750713
19088,52,52,4680.0,0.0,0.0,0.0,0.0,132.0,1469.0,819.0,2.0,2.0,0.0,2.0,30.0,25.0,1.0,1.0,6.0,2.0,5,0,Dean Henderson,0.9567307692307693,0.0,0.0,0.0,0.0,2.4286242603550297,27.027644230769234,15.068509615384617,0.03679733727810651,0.03679733727810651,0.0,0.03679733727810651,0.5519600591715976,0.4599667159763314,0.018398668639053255,0.018398668639053255,0.11039201183431954,0.03679733727810651,0.5575221238938053,0.8333333333333334,1.0,0.0,26.1740876757475,0.16742788461538463,0.09199334319526628,0.0,0.13982988165680474,3.143953402366864,4.0817169799794035,3.754440815311306,0.2551675639043026,0.3053048883388823,0.3133076291869768,0.3168013406328847,0.21833010072471623,0.16303540349035414,0.5610571086406354,0.9996646498695336,England,GK,1.0,52,GK:52,grid_centered_v2,False,GK,0.7350076365051994,0.06821910402406464
108563,39,31,2638.0,65.0,36.0,18.0,6.0,0.0,1352.0,1102.0,48.0,29.0,0.0,11.0,450.0,211.0,143.0,66.0,68.0,28.0,7,1,Rodrigo Zalazar,0.9196550416982566,2.039416980263382,1.1295232506074115,0.5647616253037058,0.18825387510123526,0.0,42.419873189478345,34.57596172692688,1.506031000809882,0.9098937296559704,0.0,0.34513210435226466,14.119040632592643,6.62026127439344,4.48671735657944,2.0707926261135876,2.1335439178139994,0.8785180838057645,0.8150887573964497,0.4688888888888889,0.46153846153846156,0.5538461538461539,42.47822387179626,8.954609325648756,4.800473815081499,7.20711786097233,2.328072922085276,10.675032450817481,3.8008539905078993,0.16301775147928996,0.5532859553017169,0.8047897916600527,0.6744246056840629,0.8631880968846388,0.3581650568347475,0.771650921297622,0.4567408827385585,0.41390506225311424,Uruguay,RW,0.7714285714285715,35,RW:27 | ST:8,grid_centered_v2,False,W,0.7349499143424831,0.09086393530129658
129678,33,28,2428.0,40.0,22.0,7.0,4.0,0.0,1408.0,1223.0,52.0,26.0,4.0,21.0,388.0,196.0,162.0,83.0,82.0,23.0,9,0,Azzedine Ounahi,0.9925864909390445,1.4717097888717299,0.8094403838794515,0.25754921305255274,0.14717097888717298,0.0,51.804184568284896,44.99752679475314,1.9132227255332488,0.9566113627666244,0.14717097888717298,0.7726476391576582,14.27558495205578,7.211377965471476,5.960424644930506,3.0537978119088396,3.0170050671870463,0.8462331286012447,0.8686079545454546,0.5051546391752577,0.5123456790123457,0.55,48.85352737043106,12.58679796932547,5.592497197712573,4.293610241851654,3.429083808071131,11.611393069185839,4.096713268513317,0.17372159090909092,0.6718353957994169,0.912284933811699,0.7276565343454314,0.6871234624368685,0.44149059747033603,0.8281307454117212,0.5665579400861931,0.5549803687884906,Morocco,AM,0.7142857142857143,28,AM:20 | CM:7 | DM:1,grid_centered_v2,False,AM,0.7342134022284724,0.09471191035849809
263482,46,38,3391.0,41.0,24.0,7.0,7.0,0.0,2415.0,2148.0,68.0,73.0,9.0,33.0,440.0,247.0,146.0,78.0,70.0,31.0,5,0,Nuno Mendes,0.9861102919492776,1.0730601525487569,0.6281327722236625,0.18320539189856824,0.18320539189856824,0.0,63.20586020500603,56.217883114017795,1.779709521300377,1.91057051551364,0.23554978958387346,0.863682561807536,11.515767490767145,6.464533114135193,3.82114103102728,2.041431509726903,1.8320539189856822,0.8113381641222307,0.8894409937888199,0.5613636363636364,0.5342465753424658,0.5853658536585366,54.238080979573965,9.223082872150778,5.456903458693068,3.5157607236187465,5.425496820081885,10.734437268880178,4.234325715292984,0.177888198757764,0.7578526611119091,0.8153118286212656,0.7189370356647488,0.6236231740190963,0.5977986897583959,0.7755927026949532,0.6161120709720667,0.6087765498510744,Portugal,LB,1.0,38,LB:38,public_anchor,False,FB,0.7342081475578933,0.08014289803210126
350037,43,38,3370.0,99.0,56.0,13.0,7.0,0.0,1676.0,1409.0,57.0,99.0,4.0,33.0,497.0,259.0,144.0,79.0,48.0,61.0,6,0,Nico Paz,0.9995994065281899,2.6428577780908524,1.4949498542736135,0.34704193045637455,0.18686873178420169,0.0,44.741713495760294,37.614006154848596,1.5216453873856421,2.6428577780908524,0.10678213244811526,0.8809525926969508,13.267679956678318,6.9141430760154625,3.844156768132149,2.1089471158502757,1.281385589377383,1.6284275198337574,0.8406921241050119,0.5211267605633803,0.5486111111111112,0.5656565656565656,44.19436495048872,8.652022281608536,4.831891493277214,6.000578370947187,6.636509531650363,11.243180588111787,4.008098937006194,0.16813842482100239,0.5864316658130446,0.7923938135239259,0.676637394205978,0.8029756717740409,0.6855323949134001,0.8073564956432694,0.5338600392197447,0.4810588786386008,Argentina,RW,0.7105263157894737,38,RW:27 | ST:11,grid_centered_v2,False,W,0.7336986393475591,0.08039221362712583
414149,32,26,2398.0,57.0,26.0,10.0,8.0,0.0,1260.0,1016.0,104.0,45.0,0.0,10.0,272.0,115.0,74.0,26.0,34.0,29.0,2,0,Relebohile Mofokeng,0.8634361968306923,1.8471341491832574,0.8425524189256963,0.32405862266372937,0.2592468981309835,0.0,40.831386455629904,32.92435606263491,3.3702096757027853,1.4582638019867822,0.0,0.32405862266372937,8.814394536453438,3.726674160632888,2.3980338077115975,0.8425524189256963,1.1017993170566798,0.9397700057248152,0.8063492063492064,0.4227941176470588,0.35135135135135137,0.45614035087719296,45.273273415169186,8.723658122107596,9.851382128977372,4.684323069560196,3.272992088903667,6.485726177827219,3.548590701255493,0.16126984126984129,0.6068951757999,0.7953800771937793,0.9130346586042868,0.7167156315450667,0.4293551315733616,0.4086277818104611,0.36592575524614046,0.3915727965912686,South Africa,AM,0.6538461538461539,26,AM:17 | CM:9,grid_centered_v2,False,AM,0.7326202510254494,0.09530251207255477
181812,28,15,1452.0,29.0,15.0,6.0,6.0,0.0,575.0,487.0,28.0,28.0,1.0,9.0,241.0,116.0,84.0,44.0,41.0,13.0,3,0,Jamal Musiala,1.0,1.797520661157025,0.9297520661157025,0.37190082644628103,0.37190082644628103,0.0,35.64049586776859,30.185950413223143,1.7355371900826446,1.7355371900826446,0.06198347107438017,0.5578512396694215,14.93801652892562,7.1900826446281,5.206611570247934,2.7272727272727275,2.541322314049587,0.8057851239669421,0.8469565217391304,0.48132780082987553,0.5238095238095238,0.5172413793103449,40.683210564139415,11.212809917355372,6.384297520661158,5.311342262752921,4.3078512396694215,11.510099104968965,4.0352732793586945,0.1693913043478261,0.5181075764667029,0.8799349836182656,0.7750749953600184,0.7604857699567514,0.5107027827177614,0.8225991935345273,0.5439313977653755,0.4976901605763023,Germany,AM,0.5625,16,ST:9 | RW:5 | LW:2,public_anchor,False,AM,0.7322535943170481,0.12247448713915891
186,37,34,2965.0,59.0,41.0,14.0,17.0,0.0,932.0,794.0,92.0,15.0,1.0,2.0,268.0,125.0,108.0,50.0,54.0,10.0,2,0,Heung-min Son,0.9093625632377741,1.6285717405708535,1.1317193451424576,0.38644075199986355,0.4692494845712629,0.0,25.72591291884806,21.91671122056369,2.539467798856246,0.4140436628569966,0.027602910857133112,0.055205821714266225,7.397580109711674,3.450363857141639,2.981114372570376,1.3801455428566554,1.490557186285188,0.2760291085713311,0.851931330472103,0.4664179104477612,0.46296296296296297,0.6949152542372882,37.9538796729967,8.766684488225476,8.929541662282562,6.065763607672925,0.8860534385139729,6.229763131341578,3.979577825479092,0.17038626609442062,0.46439010977619355,0.7971583108275355,0.8864570009462452,0.8066843903004356,0.261263400422095,0.38541572734565077,0.523259916391485,0.5109031701838099,South Korea,RW,0.5625,32,RW:18 | ST:14,grid_centered_v2,True,W,0.7320378618000034,0.08570705823539819
21138,37,28,2260.0,14.0,5.0,0.0,4.0,0.0,1418.0,1300.0,27.0,76.0,4.0,30.0,328.0,184.0,108.0,58.0,31.0,46.0,5,0,Rayan Aït-Nouri,0.9873982300884958,0.5504963583679224,0.196605842274258,0.0,0.15728467381940642,0.0,55.757416868979575,51.11751899130708,1.0616715482809933,2.988408802568722,0.15728467381940642,1.1796350536455482,12.897343253191325,7.235094995692695,4.246686193123973,2.280627770381393,1.2189562221003998,1.8087737489231737,0.9167842031029619,0.5609756097560976,0.5370370370370371,0.35714285714285715,50.133785765176846,8.22205632390947,3.5192445767092186,0.9895338934696756,7.911419093116143,11.812059823238066,4.255099721515619,0.1833568406205924,0.6936875753404718,0.7737967443842594,0.5784883474977197,0.3988916516371245,0.765403665050462,0.8386839134830748,0.6234138782684857,0.6753981947436267,Algeria,LB,0.9354838709677419,31,LB:29 | RCB:1 | RB:1,grid_centered_v2,False,FB,0.7314593087371993,0.09816907935594038
517,29,22,1855.0,39.0,24.0,4.0,7.0,0.0,1262.0,1067.0,64.0,14.0,1.0,2.0,154.0,86.0,30.0,21.0,45.0,5.0,2,0,James Rodríguez,0.9191428571428572,1.739186753946862,1.0702687716596073,0.17837812860993454,0.31216172506738543,0.0,56.27829957643435,47.58236580670004,2.8540500577589527,0.6243234501347709,0.044594532152483636,0.08918906430496727,6.86755795148248,3.835129765113593,1.337835964574509,0.9364851752021564,2.0067539468617634,0.22297266076241817,0.8454833597464342,0.5584415584415584,0.7,0.6153846153846154,52.17041891857422,8.481880015402387,8.852014632268002,4.156170539972157,1.3512143242202543,7.044506346483705,4.424730569628149,0.16909667194928685,0.7267025349833726,0.7851727030184814,0.8839253815087035,0.6763225054006636,0.29063676638244884,0.4606010470401824,0.6807190393285367,0.49377725482154866,Colombia,RW,0.782608695652174,23,RW:18 | ST:5,grid_centered_v2,False,W,0.7303666639613244,0.10835700204501456
48033,35,35,3150.0,0.0,0.0,0.0,0.0,124.0,1112.0,585.0,1.0,0.0,0.0,2.0,20.0,17.0,2.0,2.0,13.0,1.0,1,0,Jacob Widell Zetterström,0.9268571428571429,0.0,0.0,0.0,0.0,3.2837224489795918,29.447575510204086,15.491755102040818,0.026481632653061225,0.0,0.0,0.05296326530612245,0.5296326530612245,0.45018775510204084,0.05296326530612245,0.05296326530612245,0.34426122448979596,0.026481632653061225,0.5260791366906474,0.85,1.0,0.0,26.456350662164144,0.35220571428571434,0.06620408163265307,0.0,0.1059265306122449,3.180262857142857,3.9791584478050206,5.030799500807517,0.2594192727125963,0.3153796659967688,0.3115275191896423,0.3168013406328847,0.21650565481652637,0.16492137922722408,0.5231038709781806,0.9996646498695336,Sweden,GK,1.0,35,GK:35,grid_centered_v2,False,GK,0.7301649926174899,0.08315218406202998
3246,50,39,3426.0,66.0,35.0,10.0,10.0,0.0,1274.0,1042.0,89.0,45.0,1.0,25.0,462.0,205.0,172.0,80.0,59.0,32.0,6,0,Nicolas Pépé,1.0,1.7338003502626969,0.9194395796847635,0.2626970227670753,0.2626970227670753,0.0,33.46760070052539,27.373029772329243,2.33800350262697,1.1821366024518387,0.026269702276707527,0.6567425569176882,12.136602451838877,5.385288966725043,4.518388791593694,2.1015761821366024,1.5499124343257442,0.8406304728546409,0.8178963893249608,0.44372294372294374,0.46511627906976744,0.5303030303030303,40.18383705361438,10.237302977232924,7.289842381786339,4.449397654301332,3.4702276707530646,8.87057338458389,3.8100854046237504,0.16357927786499216,0.5082737990564774,0.8511044234309196,0.8217383605127113,0.6991248791739646,0.44470164614741975,0.6304063217755151,0.460159396250316,0.42116004148013797,Ivory Coast,RW,0.9473684210526315,38,RW:36 | ST:1 | LW:1,grid_centered_v2,False,W,0.7296986532192686,0.0797324773913568
284554,34,34,3011.0,0.0,0.0,0.0,0.0,85.0,1053.0,557.0,2.0,1.0,0.0,0.0,23.0,21.0,1.0,1.0,10.0,1.0,1,1,Owen Goodman,0.85,0.0,0.0,0.0,0.0,2.159581534373962,26.753404184656258,14.151610760544669,0.05081368316174028,0.02540684158087014,0.0,0.0,0.5843573563600133,0.533543673198273,0.02540684158087014,0.02540684158087014,0.25406841580870143,0.02540684158087014,0.5289648622981956,0.9130434782608695,1.0,0.0,25.364780806873686,0.2820159415476586,0.1270342079043507,0.0,0.04573231484556625,3.486091577260191,4.014561862021563,3.3451652740205824,0.24323337960058494,0.31153149688002046,0.31573516634270316,0.3168013406328847,0.2132936632008987,0.1815054993917983,0.536258143323641,0.9996646498695336,Canada,GK,1.0,33,GK:33,grid_centered_v2,False,GK,0.7289009548469066,0.0850498515582657
37155,39,37,3163.0,65.0,35.0,9.0,9.0,0.0,2043.0,1741.0,107.0,48.0,5.0,9.0,271.0,142.0,39.0,19.0,64.0,31.0,7,2,Orkun Kökçü,0.9127695226051219,1.6881763222383694,0.9090180196668144,0.23374749077146653,0.23374749077146653,0.0,53.06068040512291,45.21715349256925,2.778997945838547,1.2466532841144882,0.1298597170952592,0.23374749077146653,7.038396666563049,3.688015965505361,1.0129057933430219,0.49346692496198497,1.6622043788193177,0.805130245990607,0.8521781693587861,0.5239852398523985,0.48717948717948717,0.5384615384615384,50.739756307952064,7.066965804324006,8.233106063839433,4.219528230628349,2.854316581753797,6.7351780712647,4.00473034594054,0.17043563387175723,0.7037422956391449,0.7182097465629103,0.8619125624186187,0.6813258569509675,0.39725893707295074,0.4316492407635397,0.5326094770682364,0.5115585258626301,Türkiye,AM,0.575,40,AM:23 | CM:15 | DM:2,grid_centered_v2,True,AM,0.7283482518676538,0.08298112946315393
39073,42,39,3211.0,43.0,23.0,14.0,8.0,0.0,2168.0,1843.0,88.0,66.0,1.0,6.0,377.0,182.0,146.0,63.0,44.0,22.0,2,0,Jens Petter Hauge,0.902834008097166,1.0881244507430807,0.5820200550486246,0.3542730769861193,0.20244175827778246,0.0,54.86171649327905,46.63752006324413,2.226859341055607,1.6701445057917055,0.025305219784722808,0.15183131870833685,9.540067858840498,4.605550000819551,3.69456208856953,1.594228846437537,1.1134296705278035,0.5567148352639018,0.8500922509225092,0.4827586206896552,0.4315068493150685,0.5348837209302325,50.39379737714952,8.550633765257837,6.680578023166822,4.718780134817494,3.337758489604939,7.896045863216336,3.900601468450655,0.17001845018450185,0.6980252479364272,0.7881124897188658,0.7912366826111067,0.7192428173962083,0.434381001858366,0.5410868760133388,0.49382756861038524,0.5060193980950958,Norway,AM,1.0,40,AM:40,grid_centered_v2,False,AM,0.7224511799693665,0.08235856765100252
271539,31,22,1934.0,19.0,6.0,2.0,4.0,0.0,1066.0,850.0,31.0,49.0,4.0,42.0,314.0,185.0,112.0,65.0,29.0,26.0,6,0,Jaouen Hadjam,0.8800620475698036,0.77813138642418,0.24572570097605687,0.08190856699201896,0.1638171339840379,0.0,43.6572662067461,34.811140971608054,1.2695827883762938,2.0067598913044646,0.1638171339840379,1.720079906832398,12.859645017746976,7.576542446761753,4.586879751553061,2.6620284272406156,1.1876742213842748,1.0648113708962463,0.797373358348968,0.589171974522293,0.5803571428571429,0.3157894736842105,42.11926932851254,9.534157197871005,4.074951207852943,1.6308634646710523,7.232526465395273,12.374675349033332,3.985933491501463,0.15947467166979362,0.5462824371353754,0.8269484253642417,0.6213153801680771,0.4556703838939833,0.7246847847905502,0.8654878864699246,0.5256242102872893,0.369100586946484,Algeria,LB,0.875,24,RCB:21 | LB:3,public_anchor,False,FB,0.7223121229763196,0.10612084582841469
147859,47,41,3389.0,46.0,27.0,8.0,8.0,0.0,1476.0,1149.0,97.0,35.0,2.0,18.0,508.0,225.0,139.0,67.0,56.0,32.0,4,0,Charles De Ketelaere,1.0,1.2215992918264973,0.7170256712894658,0.21245205075243434,0.21245205075243434,0.0,39.19740336382414,30.51342578931838,2.575981115373266,0.9294777220419002,0.053113012688108585,0.47801711419297727,13.49070522277958,5.975213927412216,3.6913543818235466,1.7792859250516375,1.4871643552670404,0.8498082030097374,0.7784552845528455,0.44291338582677164,0.48201438848920863,0.5869565217391305,42.25217585828854,9.828562997934494,7.608439067571554,3.8773653893029874,2.6875184420182943,9.694039655857416,3.7014000933054647,0.15569105691056911,0.5488778468403018,0.8374201914162802,0.8362441111613532,0.6538338954396428,0.3846982556987986,0.6997201764024016,0.42023434395314957,0.32364121327488166,Belgium,RW,0.8536585365853658,41,RW:35 | ST:6,grid_centered_v2,False,W,0.7218306873962831,0.08016654249287004
156477,58,30,2970.0,55.0,30.0,10.0,15.0,0.0,2179.0,1861.0,96.0,41.0,1.0,11.0,368.0,175.0,159.0,80.0,50.0,28.0,2,0,Rayan Cherki,1.0,1.6666666666666667,0.9090909090909091,0.30303030303030304,0.45454545454545453,0.0,66.03030303030303,56.39393939393939,2.909090909090909,1.2424242424242424,0.030303030303030304,0.3333333333333333,11.151515151515152,5.303030303030303,4.818181818181818,2.4242424242424243,1.5151515151515151,0.8484848484848485,0.8540614960991281,0.47554347826086957,0.5031446540880503,0.5454545454545454,56.88335558429639,12.054545454545455,9.772727272727273,4.787878787878788,2.936363636363636,8.850872859025031,4.017214217130999,0.17081229921982563,0.7940413116898412,0.9008101986333449,0.9110067812281852,0.7242690775050662,0.40348864451578376,0.6286654767176159,0.5372418356150449,0.5165572746946646,France,CM,0.8709677419354839,31,CM:27 | AM:4,grid_centered_v2,False,CM,0.7209995237813306,0.08563488385776753
18776,18,12,1087.0,3.0,0.0,0.0,1.0,0.0,765.0,677.0,6.0,25.0,14.0,11.0,110.0,74.0,3.0,3.0,9.0,20.0,2,0,Çağlar Söyüncü,0.92557497700092,0.22990362814190285,0.0,0.0,0.07663454271396762,0.0,58.625425176185225,51.88158541735607,0.4598072562838057,1.9158635678491904,1.0728835979955464,0.8429799698536438,8.429799698536437,5.670956160833603,0.22990362814190285,0.22990362814190285,0.6897108844257085,1.5326908542793523,0.8849673202614379,0.6727272727272727,1.0,0.0,49.42523884838691,1.7472675738784615,1.5710081256363362,0.0,6.3146863196309315,9.957520443348862,5.043861261663594,0.17699346405228758,0.6816931887080045,0.396594692633519,0.4232485120159893,0.3168013406328847,0.6631871889360412,0.7202690710637235,0.842977050148799,0.5973987314146293,Türkiye,LCB,0.4,10,LCB:4 | RCB:4 | LB:1 | RB:1,grid_centered_v2,True,CB,0.7174869516603453,0.14155139889121152
21628,34,34,3060.0,0.0,0.0,0.0,0.0,89.0,1235.0,964.0,2.0,2.0,0.0,0.0,16.0,13.0,0.0,0.0,7.0,1.0,5,0,Brice Samba,1.0,0.0,0.0,0.0,0.0,2.6176470588235294,36.3235294117647,28.352941176470587,0.058823529411764705,0.058823529411764705,0.0,0.0,0.47058823529411764,0.38235294117647056,0.0,0.0,0.20588235294117646,0.029411764705882353,0.7805668016194331,0.8125,0.0,0.0,35.977405334603475,0.20882352941176469,0.14705882352941177,0.0,0.10588235294117647,2.9727941176470587,3.0546308644915454,4.082583948559181,0.4259292646527444,0.30754624532658864,0.3171269562494854,0.3168013406328847,0.21650328469052288,0.1543783793405566,0.21644487246858993,0.9996646498695336,France,GK,1.0,34,GK:34,grid_centered_v2,False,GK,0.717468141229081,0.08436614877321075
19465,51,51,4620.0,0.0,0.0,0.0,0.0,96.0,1523.0,990.0,3.0,2.0,0.0,1.0,31.0,28.0,2.0,1.0,14.0,0.0,1,0,David Raya,1.0,0.0,0.0,0.0,0.0,1.87012987012987,29.66883116883117,19.285714285714285,0.05844155844155844,0.03896103896103896,0.0,0.01948051948051948,0.6038961038961038,0.5454545454545454,0.03896103896103896,0.01948051948051948,0.2727272727272727,0.0,0.650032829940906,0.9032258064516129,0.5,0.0,29.718677891379794,0.2902597402597402,0.1461038961038961,0.0,0.10909090909090909,3.473313782991202,3.5364052273738165,2.9352013711829863,0.3117754788208822,0.31198213192628327,0.31706051042193373,0.3168013406328847,0.21667547212836102,0.18078736168633547,0.36171900404721796,0.9996646498695336,Spain,GK,1.0,51,GK:51,grid_centered_v2,False,GK,0.7164285037995026,0.06866065623255951
163200,13,13,1124.0,0.0,0.0,0.0,0.0,38.0,379.0,318.0,0.0,0.0,0.0,0.0,8.0,6.0,0.0,0.0,2.0,1.0,0,0,CJ dos Santos,0.9199999999999997,0.0,0.0,0.0,0.0,2.799288256227757,27.919217081850526,23.425622775800704,0.0,0.0,0.0,0.0,0.58932384341637,0.4419928825622774,0.0,0.0,0.1473309608540925,0.07366548042704625,0.8390501319261213,0.75,0.0,0.0,33.53990098498577,0.07366548042704625,0.0,0.0,0.0,2.8687900355871885,3.2307822233072607,4.366742410726859,0.37974779497754707,0.3002622150402645,0.3069832687185164,0.3168013406328847,0.21087667676486685,0.1493038152715677,0.26429457650342175,0.9996646498695336,Cape Verde Islands,GK,1.0,17,GK:17,grid_centered_v2,False,GK,0.7154093028992663,0.13920209840116726
25458,27,15,1430.0,42.0,19.0,1.0,3.0,0.0,516.0,423.0,39.0,14.0,0.0,6.0,163.0,87.0,63.0,38.0,24.0,18.0,3,0,Dodi Lukebakio,0.9503496503496504,2.5121130617634115,1.1364320993691623,0.05981221575627169,0.17943664726881509,0.0,30.863103330236196,25.30056726490293,2.332676414494596,0.8373710205878039,0.0,0.35887329453763017,9.749391168272286,5.2036627707956375,3.7681695926451173,2.2728641987383247,1.4354931781505207,1.0766198836128906,0.8197674418604651,0.5337423312883436,0.6031746031746031,0.4523809523809524,39.04793537410711,10.598724632011345,6.818592596214973,2.9742645699289056,2.225014426133307,8.886354872978924,4.082267674052219,0.16395348837209303,0.4858935603244365,0.8623998706285958,0.7984675526225978,0.5765963959627461,0.350707197768907,0.6317984188730463,0.5612593844499808,0.42601405821767246,Belgium,RW,0.9333333333333333,15,RW:14 | LW:1,grid_centered_v2,False,W,0.7149868307850574,0.12341300268111635
31,25,16,1537.0,16.0,4.0,1.0,1.0,0.0,1029.0,930.0,1.0,30.0,17.0,24.0,181.0,98.0,5.0,4.0,12.0,23.0,4,0,José María Giménez,1.0,0.936890045543266,0.2342225113858165,0.05855562784645413,0.05855562784645413,0.0,60.253741054001296,54.45673389720234,0.05855562784645413,1.7566688353936237,0.9954456733897201,1.405335068314899,10.598568640208196,5.738451528952504,0.29277813923227064,0.2342225113858165,0.7026675341574495,1.346779440468445,0.9037900874635568,0.5414364640883977,0.8,0.25,49.82604691658242,1.0422901756668836,0.468445022771633,1.2963565387117761,7.067664281067013,9.658141532798698,4.712097536520332,0.18075801749271136,0.6885090505841234,0.3545089261476727,0.33990078445858013,0.4258143875535365,0.7141607059435838,0.6968545918571998,0.7659716312928234,0.6444282338215739,Uruguay,RCB,0.75,16,RCB:12 | LCB:4,grid_centered_v2,False,CB,0.7145529983127544,0.11903974940683427
624,53,48,4243.0,30.0,12.0,2.0,0.0,0.0,3024.0,2735.0,14.0,67.0,31.0,73.0,425.0,297.0,14.0,11.0,51.0,42.0,10,2,Nicolás Otamendi,0.9434244638227671,0.6003408089374196,0.2401363235749678,0.04002272059582797,0.0,0.0,60.51435354089189,54.73107041479475,0.2801590441707958,1.340761139960237,0.6203521692353335,1.460829301747721,8.504828126613445,5.943374008480453,0.2801590441707958,0.22012496327705386,1.0205793751936132,0.8404771325123874,0.904431216931217,0.6988235294117647,0.7857142857142857,0.4,50.40255760502336,1.5648883752968736,0.7003976104269894,1.4563726177715788,6.017416041582736,10.417194200107929,4.792086214708689,0.1808862433862434,0.6981707834706994,0.3855307038618397,0.35681762444432275,0.4400427109586222,0.6418748248999192,0.7539819881892551,0.7866770471466851,0.6459876481406824,Argentina,LCB,0.8490566037735849,53,LCB:45 | RB:6 | RCB:2,grid_centered_v2,False,CB,0.711247171057178,0.07164607804790488
46672,46,46,4215.0,0.0,0.0,0.0,0.0,111.0,1132.0,957.0,0.0,0.0,0.0,1.0,10.0,9.0,0.0,0.0,4.0,0.0,5,0,Rui Silva,0.9341115065243183,0.0,0.0,0.0,0.0,2.213943997669736,22.57823968794722,19.08778743936881,0.0,0.0,0.0,0.019945441420448077,0.19945441420448076,0.1795089727840327,0.0,0.0,0.07978176568179231,0.0,0.8454063604240283,0.9,0.0,0.0,31.295366870176956,0.039890882840896154,0.0,0.0,0.039890882840896154,2.951312561897646,3.318922261484099,3.48999726858941,0.3390462773114184,0.29845746308594717,0.3069832687185164,0.3168013406328847,0.21298381780230144,0.15331882756047419,0.29063552273316595,0.9996646498695336,Portugal,GK,1.0,46,GK:46,grid_centered_v2,False,GK,0.7112201413005022,0.07188365451531292
19599,53,52,4741.0,0.0,0.0,0.0,1.0,137.0,1903.0,1425.0,3.0,0.0,0.0,0.0,36.0,35.0,0.0,0.0,20.0,0.0,3,0,Emiliano Martínez,0.9775996625184561,0.0,0.0,0.0,0.018558103696827893,2.5424602064654214,35.316071335063484,26.44529776797975,0.05567431109048369,0.0,0.0,0.0,0.6680917330858043,0.6495336293889763,0.0,0.0,0.37116207393655787,0.0,0.7488176563321072,0.9722222222222222,0.0,0.0,34.72402213126222,0.28579479693114956,0.24125534805876264,0.0,0.0,3.826013747811233,3.0097506860512637,3.963453840964554,0.401966282597063,0.3117380181798841,0.3237176911681602,0.3168013406328847,0.21087667676486685,0.20142903787610789,0.20530741021378326,0.9996646498695336,Argentina,GK,1.0,53,GK:53,grid_centered_v2,False,GK,0.7110049254797237,0.0677788131896789
326067,47,41,3632.0,66.0,42.0,14.0,9.0,0.0,1132.0,844.0,104.0,36.0,1.0,16.0,463.0,195.0,226.0,96.0,56.0,26.0,10,1,Anis Hadj Moussa,0.9261013215859033,1.514604033650954,0.9638389305051527,0.32127964350171756,0.20653691367967558,0.0,25.977754031710308,19.368572793960688,2.3866487802984735,0.8261476547187023,0.022948545964408398,0.36717673543053436,10.62517678152109,4.474966463059637,5.186371387956298,2.2030604125832065,1.2851185740068702,0.5966621950746184,0.7455830388692579,0.42116630669546434,0.4247787610619469,0.6363636363636364,35.10286284659803,10.446178122998703,7.1025749759844,5.192338923448227,2.246662649915582,7.528451968369884,3.494875953026123,0.14911660777385158,0.4091654808540204,0.8577227963172845,0.8127525098072834,0.7525464074810807,0.35226788263496417,0.5063597252201621,0.3475435805206098,0.2523030441832141,Algeria,RW,1.0,41,RW:41,grid_centered_v2,False,W,0.7106521661328302,0.0774383369865488
161904,56,39,3316.0,79.0,46.0,15.0,7.0,0.0,1291.0,1089.0,79.0,55.0,2.0,20.0,376.0,159.0,164.0,70.0,15.0,31.0,5,0,Bradley Barcola,0.9933051869722558,2.1297948972776655,1.2401337376553496,0.40439143619196183,0.18871600355624885,0.0,34.80462294158818,29.358818267536428,2.1297948972776655,1.4827685993705266,0.053918858158928246,0.5391885815892824,10.13674533387851,4.286549223634795,4.421346369032116,1.8871600355624885,0.40439143619196183,0.8357423014633878,0.8435321456235476,0.4228723404255319,0.4268292682926829,0.5822784810126582,41.009973758858706,8.753726622101999,6.362425262753533,6.1358756842785,3.8066713860203345,7.269785934365308,3.8229447446623874,0.16870642912470954,0.5245351631424615,0.7966239914782276,0.7738473800203328,0.8106139056266207,0.4711089382601708,0.48186635451178256,0.4649275632287701,0.4885958348138614,France,LW,0.6097560975609756,41,LW:25 | RW:8 | ST:8,grid_centered_v2,False,W,0.7102547355646607,0.08104415094807925
69,59,59,5270.0,42.0,19.0,7.0,2.0,0.0,4098.0,3773.0,24.0,110.0,50.0,69.0,500.0,314.0,8.0,7.0,27.0,57.0,6,0,Brandon Mechele,0.9477495256166986,0.6797899823208957,0.3075240396213576,0.11329833038681596,0.032370951539090274,0.0,66.32807970359598,61.0678000784938,0.38845141846908326,1.780402334649965,0.8092737884772568,1.1167978280986144,8.092737884772568,5.082239391637173,0.1294838061563611,0.11329833038681596,0.4370078457777187,0.9225721188640728,0.9206930209858467,0.628,0.875,0.4523809523809524,53.64186422820252,1.2009623021002493,1.1491687796377046,2.241682203326333,6.328521025892148,8.99913514829204,4.974819803941338,0.18413860419716935,0.7491238690425679,0.3638127208124547,0.3905500327098542,0.5108641159909126,0.6641638620132294,0.6416818750451785,0.8288598677961186,0.6844364531614017,Belgium,RCB,0.6271186440677966,59,RCB:37 | RB:11 | LCB:10 | LB:1,grid_centered_v2,False,CB,0.710173767974249,0.06428706965228839
714,37,32,2878.0,51.0,32.0,17.0,4.0,0.0,1543.0,1269.0,78.0,46.0,3.0,29.0,255.0,121.0,60.0,28.0,32.0,34.0,9,1,Nadiem Amiri,0.9698227936066713,1.5467291948070263,0.9704967496828399,0.5155763982690087,0.12131209371035499,0.0,46.79614014876944,38.48626172961012,2.3655858273519224,1.3950890776690823,0.09098407028276624,0.8795126794000738,7.733645974035131,3.6696908347382386,1.819681405655325,0.849184655972485,0.9704967496828399,1.0311527965380174,0.8224238496435515,0.4745098039215686,0.4666666666666667,0.6274509803921569,46.350030962738884,6.866264504006092,6.581181083786758,6.738208596492359,4.370268175915538,6.561096580398239,3.8257951715980165,0.1644847699287103,0.6269505345212065,0.7077470317744877,0.7859118792262046,0.8418661193988336,0.5156345525012902,0.41554626737789696,0.46598538416263435,0.4329298454324689,Germany,AM,0.625,32,AM:20 | CM:9 | DM:3,grid_centered_v2,False,AM,0.7096002010430041,0.08699284675008918
7722,28,16,1430.0,41.0,18.0,7.0,5.0,0.0,406.0,270.0,35.0,20.0,1.0,6.0,247.0,133.0,39.0,24.0,32.0,25.0,2,0,Saša Kalajdžić,0.8612237762237762,2.2223186952907232,0.9756521101276346,0.37942026504963566,0.27101447503545406,0.0,22.00637537287887,14.634781651914519,1.8971013252481785,1.0840579001418162,0.0542028950070908,0.32521737004254486,13.38811506675143,7.208985035943077,2.1139129052765417,1.3008694801701794,1.7344926402269056,1.3550723751772702,0.6650246305418719,0.5384615384615384,0.6153846153846154,0.43902439024390244,30.322687331838647,7.534202405985623,6.233332925815444,5.279323855063579,2.661362144848159,11.707963665704922,3.5422573399592934,0.1330049261083744,0.32208204263430124,0.7416637943963239,0.7665055454065728,0.7583669240084663,0.38274196528003,0.8332762411119083,0.3637367102673116,0.1253924264867526,Austria,RW,0.5625,16,RW:9 | ST:7,grid_centered_v2,True,W,0.709135787471161,0.12341300268111635
41764,13,13,1170.0,0.0,0.0,0.0,0.0,38.0,248.0,218.0,0.0,0.0,0.0,7.0,14.0,12.0,0.0,0.0,3.0,0.0,2,0,Márcio Rosa,0.85,0.0,0.0,0.0,0.0,2.4846153846153842,16.215384615384615,14.253846153846155,0.0,0.0,0.0,0.4576923076923077,0.9153846153846154,0.7846153846153846,0.0,0.0,0.19615384615384615,0.0,0.8790322580645161,0.8571428571428571,0.0,0.0,29.27272952853598,0.09807692307692308,0.0,0.0,0.9153846153846154,3.6698901098901096,3.4194700460829495,3.9027295285359793,0.30428310471938835,0.3015705159377231,0.3069832687185164,0.3168013406328847,0.26305781455945143,0.1920815978137672,0.3224955918722593,0.9996646498695336,Cape Verde Islands,GK,1.0,13,GK:13,grid_centered_v2,False,GK,0.7090465171529601,0.13643820804812928
295513,67,55,4771.0,134.0,71.0,28.0,14.0,0.0,1092.0,681.0,79.0,51.0,7.0,17.0,940.0,437.0,184.0,71.0,120.0,107.0,9,0,José López,0.9083735066023894,2.296161075167641,1.2166226592306157,0.4797948515275668,0.2398974257637834,0.0,18.711999209575104,11.669296210366893,1.3537069025242063,0.8739120509966395,0.1199487128818917,0.29130401699887987,16.107398586996883,7.488226789912382,3.1529375957525816,1.2166226592306157,2.0562636494038578,1.8335017540517728,0.6236263736263736,0.4648936170212766,0.3858695652173913,0.5298507462686567,26.71847279001655,6.506360897322041,4.703703098011324,6.6013320276807095,2.2875933099617916,11.878198356941164,2.9165348315679807,0.12472527472527473,0.26340858742623335,0.688427108551696,0.6675601790122644,0.8351533948335335,0.35522731036984634,0.8420455743703206,0.18354921038407038,0.08454033905506206,Argentina,ST,0.6,55,ST:33 | RW:19 | LW:3,grid_centered_v2,False,ST,0.7074510610748574,0.06756538089784506
42315,37,21,2006.0,58.0,29.0,12.0,4.0,0.0,550.0,397.0,37.0,24.0,0.0,8.0,317.0,171.0,35.0,14.0,40.0,33.0,3,0,Mehdi Taremi,0.9057078763708873,2.356827076099717,1.1784135380498586,0.48761939505511387,0.16253979835170462,0.0,22.349222273359384,16.132074986406682,1.5034931347532678,0.9752387901102277,0.0,0.32507959670340925,12.88127901937259,6.948576379535372,1.4222232355774154,0.5688892942309661,1.6253979835170462,1.3409533364015631,0.7218181818181818,0.5394321766561514,0.4,0.5,31.109590837972803,4.941209869891821,4.652701727817545,6.550734113710713,2.405589015605228,11.346303461317975,3.354860240113972,0.14436363636363636,0.3357724119369787,0.5972525646414936,0.6639133250966902,0.8326146991526306,0.3638203437853743,0.8133606514442073,0.30180951568015446,0.20769488687943383,Iran,ST,0.47619047619047616,21,ST:10 | RW:10 | LW:1,grid_centered_v2,True,ST,0.7063486238509185,0.104198981361861
855,34,28,2230.0,20.0,10.0,3.0,6.0,0.0,1379.0,1203.0,33.0,54.0,11.0,27.0,290.0,153.0,93.0,56.0,27.0,36.0,6,0,João Cancelo,0.9739820627802689,0.7861738623338493,0.39308693116692467,0.1179260793500774,0.2358521587001548,0.0,54.20668780791891,47.28835781938104,1.2971868728508513,2.122669428301393,0.4323956242836171,1.0613347141506966,11.399521003840816,6.014230046853947,3.6557084598523995,2.201286814534778,1.0613347141506966,1.4151129522009287,0.8723712835387962,0.5275862068965518,0.6021505376344086,0.5,48.796665347735114,8.368820764543827,4.54015405497798,2.4937303384343137,6.419109585955879,10.002680686285181,4.234995906710268,0.17447425670775926,0.6708464281279841,0.7802743252748291,0.65579657295111,0.5336389275294382,0.67052410624753,0.7237035706646503,0.6163484739021222,0.5648331811706991,Portugal,RB,0.5151515151515151,33,RB:17 | LB:16,grid_centered_v2,True,FB,0.7061063545386967,0.09882720345885417
350850,30,21,1991.0,29.0,16.0,4.0,9.0,0.0,1116.0,919.0,66.0,44.0,4.0,12.0,236.0,116.0,51.0,23.0,38.0,26.0,2,0,Besfort Zeneli,0.8818282270215971,1.1559877812789394,0.6377863620849321,0.15944659052123303,0.3587548286727743,0.0,44.485598755424014,36.63285417225328,2.630868743600345,1.7539124957335632,0.15944659052123303,0.4783397715636991,9.407348840752748,4.623951125115758,2.032944029145721,0.9168178954970898,1.5147426099517138,1.0364028383880146,0.8234767025089605,0.4915254237288136,0.45098039215686275,0.5517241379310345,45.86717448986551,7.784979782199202,8.55032341670112,3.2719219069508383,4.289113285021168,7.948107846348501,3.8076311070841995,0.16469534050179213,0.6180063667823538,0.7537147331157488,0.8736029194363267,0.602677285292699,0.5092217840845298,0.5459809277237555,0.45925015842721,0.43567828476770976,Sweden,AM,0.8260869565217391,23,AM:19 | CM:4,grid_centered_v2,False,AM,0.7059478964451271,0.10459075733226629
538,42,30,2906.0,5.0,2.0,1.0,8.0,0.0,2591.0,2438.0,53.0,69.0,5.0,34.0,230.0,145.0,13.0,9.0,49.0,32.0,9,2,Frenkie de Jong,0.9920509291121817,0.1536211005163392,0.061448440206535684,0.030724220103267842,0.24579376082614274,0.0,79.60645428756699,74.90564861176699,1.6283836654731956,2.1199711871254814,0.1536211005163392,1.0446234835111066,7.066570623751604,4.455011914973837,0.39941486134248194,0.2765179809294106,1.5054867850601241,0.983175043304571,0.9409494403705133,0.6304347826086957,0.6923076923076923,0.4,62.60340776961437,4.3751289427053415,5.4228248482267745,1.1318215771152929,6.074178314416052,8.128321028789458,4.7129967970297555,0.18818988807410267,0.8581916047172888,0.5621304283944233,0.7167190279660889,0.41131147891076114,0.64599099979148,0.5628474230321417,0.7662119856515567,0.7289826333276763,Netherlands,CM,0.6333333333333333,30,CM:19 | DM:10 | AM:1,grid_centered_v2,False,CM,0.7059027844166171,0.08657273396201175
44701,33,25,2200.0,34.0,28.0,13.0,6.0,0.0,542.0,408.0,42.0,27.0,1.0,6.0,266.0,123.0,107.0,51.0,41.0,26.0,4,0,Khalid Al-Ghannam,0.9203272727272728,1.280091570247934,1.0541930578512397,0.4894467768595042,0.22589851239669426,0.0,20.406165619834713,15.361098842975208,1.5812895867768597,1.016543305785124,0.037649752066115705,0.22589851239669426,10.014834049586778,4.630919504132232,4.028523471074381,1.920137355371901,1.543639834710744,0.9788935537190084,0.7527675276752768,0.462406015037594,0.4766355140186916,0.8235294117647058,31.16454189436126,8.418484561983473,5.195665785123968,7.038503319397181,2.3229897024793393,7.870505350897907,3.599281193814631,0.15055350553505537,0.3367391695823565,0.7824358722142021,0.7016677246352975,0.8558142130909232,0.35779555928938317,0.5386829965629083,0.38363972350107584,0.2669741321991821,Saudi Arabia,ST,0.96,25,ST:24 | RW:1,grid_centered_v2,False,ST,0.7053231860534203,0.09949874371066199
909,54,28,2820.0,90.0,49.0,15.0,11.0,0.0,1237.0,1039.0,67.0,17.0,3.0,4.0,282.0,111.0,136.0,48.0,38.0,22.0,3,0,Marcus Rashford,0.997872340425532,2.8662290629244005,1.5605024898143958,0.4777048438207334,0.35031688546853784,0.0,39.39472612041648,33.0890221819828,2.133748302399276,0.5413988229968313,0.09554096876414668,0.1273879583521956,8.980851063829787,3.535015844273427,4.33119058397465,1.5286555002263469,1.210185604345858,0.7006337709370757,0.8399353274050121,0.39361702127659576,0.35294117647058826,0.5444444444444444,42.99350654411127,8.267478497057494,7.261113626075148,7.09523112519491,1.334388863739249,6.129873245812585,3.6764638704002732,0.16798706548100242,0.5633020296624079,0.7758158301309264,0.8203820923036563,0.85833123640754,0.28954087678738866,0.3764905323919507,0.41120037710561697,0.4790517750896583,England,LW,0.7857142857142857,28,LW:22 | ST:4 | RW:2,grid_centered_v2,False,W,0.7052542606592889,0.08788290081306573
217,50,40,3169.0,99.0,56.0,26.0,7.0,0.0,869.0,675.0,52.0,38.0,2.0,12.0,386.0,165.0,65.0,25.0,63.0,68.0,8,0,Lautaro Martínez,0.9950773114547176,2.7977718034274326,1.5825779898175376,0.7347683524152854,0.1978222487271922,0.0,24.558219163418574,19.075716841550676,1.4695367048305708,1.0738922073761863,0.056520642493483486,0.3391238549609009,10.908484001242313,4.662953005712388,1.8369208810382134,0.7065080311685437,1.78040023854473,1.9217018447784384,0.7767548906789413,0.4274611398963731,0.38461538461538464,0.5656565656565656,33.40914430017303,5.301636265888751,4.761864130075984,9.225069136379966,2.6734263899417687,7.810517627686462,3.428198118060261,0.15535097813578827,0.3773231008357671,0.6191293633760325,0.6716945904431512,0.929100971498418,0.3836438105644391,0.533030052507092,0.3253465647205771,0.3196990026668582,Argentina,ST,0.5227272727272727,44,LW:23 | RW:12 | ST:9,public_anchor,False,ST,0.7051972304297632,0.08290253642629722
730,51,51,4556.0,0.0,0.0,0.0,2.0,146.0,1575.0,1215.0,2.0,1.0,0.0,0.0,19.0,14.0,0.0,0.0,4.0,1.0,1,0,Thibaut Courtois,0.9940737489025461,0.0,0.0,0.0,0.03927420430255889,2.867016914086799,30.928435888265124,23.859079113804526,0.03927420430255889,0.019637102151279444,0.0,0.0,0.37310494087430945,0.2749194301179122,0.0,0.0,0.07854840860511778,0.019637102151279444,0.7714285714285715,0.7368421052631579,0.0,0.0,33.28205884403871,0.10996777204716489,0.3141936344204711,0.0,0.035346783872303,2.5954135179545506,2.993165873933161,4.454811085415913,0.37497235185378897,0.30220896298295136,0.3288697008777112,0.3168013406328847,0.21274301358046807,0.1366199286916625,0.20130079024604905,0.9996646498695336,Belgium,GK,1.0,57,GK:57,grid_centered_v2,False,GK,0.7050051463359087,0.06914122662068427
201713,40,34,3197.0,61.0,25.0,10.0,11.0,0.0,2274.0,1912.0,102.0,81.0,10.0,37.0,330.0,172.0,23.0,11.0,55.0,78.0,8,0,Sebastian Berhalter,0.9171285580231469,1.5749251747097517,0.6454611371761276,0.25818445487045105,0.2840029003574962,0.0,58.711145037540575,49.364867771230244,2.633481439678601,2.0912940844506536,0.25818445487045105,0.955282483020669,8.520087010724886,4.440772623771759,0.5938242462020376,0.2840029003574962,1.4200145017874808,2.0138387479895186,0.8408091468777484,0.5212121212121212,0.4782608695652174,0.4098360655737705,52.70720681819417,6.160281093208963,8.145719551162731,3.788793362157728,5.95889721841001,7.780718036916825,3.8510793279351985,0.1681618293755497,0.7350250769981301,0.6692084347410815,0.858536444464998,0.6465371709511338,0.6376092707632491,0.5302186398960367,0.47538088847108345,0.48136929141464335,USA,AM,0.55,40,AM:22 | CM:18,grid_centered_v2,True,AM,0.7047631481387898,0.08253869908742265
1305,22,22,2010.0,0.0,0.0,0.0,0.0,43.0,639.0,504.0,0.0,1.0,0.0,0.0,6.0,6.0,0.0,0.0,4.0,0.0,0,0,Dominik Livaković,0.8940298507462686,0.0,0.0,0.0,0.0,1.7213410559144575,25.579928714635777,20.175718422811318,0.0,0.04003118734684785,0.0,0.0,0.24018712408108708,0.24018712408108708,0.0,0.0,0.1601247493873914,0.0,0.7887323943661971,1.0,0.0,0.0,31.22927778074103,0.0800623746936957,0.0,0.0,0.07205613722432613,3.3362619737135217,3.16056338028169,2.739758062744926,0.33787982740085276,0.30060473528427156,0.3069832687185164,0.3168013406328847,0.2146940247073533,0.17322373811054997,0.2444378416851053,0.9996646498695336,Croatia,GK,1.0,22,GK:22,grid_centered_v2,False,GK,0.7040571991611799,0.10409524914962444
61895,20,20,1790.0,0.0,0.0,0.0,0.0,48.0,565.0,455.0,3.0,1.0,0.0,0.0,10.0,7.0,0.0,0.0,2.0,2.0,5,1,Santiago Mele,0.906312849162011,0.0,0.0,0.0,0.0,2.187302518647982,25.746373396585618,20.733805124683993,0.1367064074154989,0.04556880247183295,0.0,0.0,0.4556880247183296,0.3189816173028307,0.0,0.0,0.0911376049436659,0.0911376049436659,0.8053097345132744,0.7,0.0,0.0,31.992024206126388,0.2916403358197309,0.3417660185387472,0.0,0.08202384444929932,2.5465742642239624,3.091293062400967,3.4420157248746284,0.3514589733882365,0.31205763495871736,0.3308281384997844,0.3168013406328847,0.2152260224595652,0.1344518326405857,0.22586274004347107,0.9996646498695336,Uruguay,GK,1.0,21,GK:21,grid_centered_v2,False,GK,0.7039867631124116,0.11030683462670447
47254,37,24,2187.0,11.0,6.0,0.0,2.0,0.0,1684.0,1542.0,22.0,62.0,9.0,27.0,217.0,129.0,11.0,6.0,15.0,26.0,5,0,Mathías Olivera,0.9938271604938271,0.44988060763095056,0.24538942234415484,0.0,0.08179647411471828,0.0,68.87263120459279,63.0650815424478,0.8997612152619011,2.5356906975562667,0.36808413351623226,1.1042524005486969,8.874917441446934,5.275872580399329,0.44988060763095056,0.24538942234415484,0.6134735558603871,1.0633541634913377,0.9156769596199525,0.5944700460829493,0.5454545454545454,0.5454545454545454,55.68413046308937,2.539780521262003,2.6992836457857035,1.4344542821909076,7.177640603566529,9.169631750807909,4.339407225841888,0.18313539192399053,0.7781519930233143,0.4457717079025466,0.5132705232703944,0.4380873971175802,0.721207891836311,0.6563953100429719,0.6524471570406105,0.6728136220230084,Uruguay,RCB,0.5416666666666666,24,RCB:13 | LB:6 | LCB:4 | RB:1,grid_centered_v2,True,CB,0.7037803016899769,0.09979402655783318
123468,46,46,4140.0,0.0,0.0,0.0,0.0,149.0,1673.0,1268.0,0.0,1.0,0.0,0.0,13.0,10.0,0.0,0.0,5.0,0.0,2,0,Marvin Keller,0.8621739130434783,0.0,0.0,0.0,0.0,2.7926937618147454,31.356890359168247,23.76601134215501,0.0,0.018742911153119095,0.0,0.0,0.2436578449905482,0.18742911153119093,0.0,0.0,0.09371455576559547,0.0,0.757919904363419,0.7692307692307693,0.0,0.0,33.05859827071119,0.046857277882797733,0.0,0.0,0.03373724007561437,2.570093063835975,2.960411972964274,4.340624623594802,0.37085323552159627,0.29882920332714036,0.3069832687185164,0.3168013406328847,0.2126577671221282,0.13549224023573214,0.193560537472129,0.9996646498695336,Switzerland,GK,1.0,48,GK:48,grid_centered_v2,False,GK,0.7030202851533822,0.07253185207353657
101814,39,17,1731.0,18.0,6.0,4.0,0.0,0.0,1281.0,1164.0,4.0,34.0,9.0,13.0,168.0,111.0,2.0,2.0,5.0,22.0,4,1,Ronald Araújo,0.9921143847487002,0.9284952647561492,0.30949842158538304,0.20633228105692203,0.0,0.0,66.07791300847929,60.04269378756431,0.20633228105692203,1.7538243889838374,0.4642476323780746,0.6705799134349966,8.665955804390725,5.725720799329587,0.10316614052846101,0.10316614052846101,0.2579153513211525,1.1348275458130712,0.9086651053864169,0.6607142857142857,1.0,0.3333333333333333,52.86435305058995,0.7582711328841883,0.515830702642305,2.750622705341579,5.008716122656782,9.99815197620428,5.153827379473128,0.1817330210772834,0.7374306254656289,0.3381306168878944,0.34332537509049205,0.5567074419952242,0.5657382119621341,0.723360334201033,0.8634881379087083,0.6562066647129876,Uruguay,RCB,0.7058823529411765,17,RCB:12 | RB:5,grid_centered_v2,False,CB,0.7024660586819426,0.11217095148486111
32862,28,20,1820.0,21.0,13.0,2.0,5.0,0.0,588.0,469.0,40.0,35.0,1.0,14.0,250.0,139.0,84.0,37.0,57.0,11.0,3,0,Takefusa Kubo,1.0,1.0384615384615385,0.6428571428571429,0.09890109890109891,0.24725274725274726,0.0,29.076923076923077,23.192307692307693,1.978021978021978,1.7307692307692308,0.049450549450549455,0.6923076923076923,12.362637362637363,6.873626373626374,4.153846153846154,1.8296703296703298,2.818681318681319,0.543956043956044,0.7976190476190477,0.556,0.44047619047619047,0.6190476190476191,36.981135531135536,9.543956043956044,6.304945054945055,2.9293040293040296,4.554395604395604,11.291076923076922,3.763407326007326,0.15952380952380954,0.44537910391126934,0.8273053809094416,0.7705986496249584,0.5726157037688292,0.5301617234473505,0.8101632910638282,0.4429189228907561,0.3697086966653382,Japan,RW,1.0,20,RW:20,grid_centered_v2,False,W,0.7023599488389861,0.10939393478174632
266606,28,28,2529.0,0.0,0.0,0.0,0.0,85.0,844.0,653.0,0.0,0.0,0.0,0.0,15.0,13.0,0.0,0.0,6.0,1.0,3,0,Chris Brady,0.9200000000000002,0.0,0.0,0.0,0.0,2.7829181494661923,27.632740213523135,21.379359430604982,0.0,0.0,0.0,0.0,0.4911032028469751,0.4256227758007118,0.0,0.0,0.19644128113879006,0.032740213523131674,0.773696682464455,0.8666666666666667,0.0,0.0,31.777150157696788,0.09822064056939503,0.0,0.0,0.0,3.1958718861209965,3.051985838210409,4.329116560692179,0.34760804283155483,0.3015782278840253,0.3069832687185164,0.3168013406328847,0.21087667676486685,0.16573750430119502,0.21577652704094077,0.9996646498695336,USA,GK,1.0,30,GK:30,grid_centered_v2,False,GK,0.7017036450506956,0.09280139893411152
2890,27,27,2430.0,0.0,0.0,0.0,0.0,81.0,763.0,601.0,0.0,2.0,0.0,0.0,15.0,15.0,0.0,0.0,7.0,0.0,2,0,Hyeon-woo Jo,0.85,0.0,0.0,0.0,0.0,2.55,24.02037037037037,18.92037037037037,0.0,0.06296296296296296,0.0,0.0,0.4722222222222222,0.4722222222222222,0.0,0.0,0.22037037037037036,0.0,0.7876802096985583,1.0,0.0,0.0,30.501171909130626,0.11018518518518518,0.0,0.0,0.11333333333333333,3.661111111111111,3.1568807339449543,3.9825360419397113,0.3251616611286171,0.3022206435260537,0.3069832687185164,0.3168013406328847,0.21690329423702193,0.19156593057444238,0.24342479700754774,0.9996646498695336,South Korea,GK,1.0,41,GK:41,grid_centered_v2,False,GK,0.7013616092050992,0.09467292624062575
399,49,49,4476.0,0.0,0.0,0.0,2.0,146.0,1832.0,1272.0,4.0,0.0,0.0,1.0,22.0,20.0,0.0,0.0,10.0,1.0,0,0,Alexander Nübel,0.9821983914209115,0.0,0.0,0.0,0.03949859482925917,2.8833974225359196,36.1807128636014,25.121106311408834,0.07899718965851835,0.0,0.0,0.019749297414629587,0.4344845431218509,0.39498594829259176,0.0,0.0,0.19749297414629588,0.019749297414629587,0.6943231441048034,0.9090909090909091,0.0,0.0,33.797393770557754,0.240941428458481,0.4147352457072213,0.0,0.03949859482925917,3.2802530548823556,2.7921874242100055,4.46396076262484,0.38454012026093287,0.3092915454492125,0.336039300398686,0.3168013406328847,0.21296302155045446,0.1702055145245173,0.15736641711674718,0.9996646498695336,Germany,GK,1.0,49,GK:49,grid_centered_v2,False,GK,0.7003285440479422,0.06975637420786251
978,28,16,1421.0,28.0,18.0,10.0,5.0,0.0,462.0,357.0,21.0,15.0,3.0,3.0,200.0,86.0,16.0,6.0,16.0,21.0,3,0,Kai Havertz,1.0,1.773399014778325,1.1400422237860661,0.633356790992259,0.3166783954961295,0.0,29.261083743842363,22.610837438423644,1.3300492610837438,0.9500351864883884,0.19000703729767768,0.19000703729767768,12.667135819845178,5.446868402533427,1.0133708655876144,0.38001407459535536,1.0133708655876144,1.3300492610837438,0.7727272727272727,0.43,0.375,0.6428571428571429,35.14576802507837,3.8508092892329344,5.066854327938072,7.948627726952849,2.2990851513018997,8.915615763546798,3.4451415136587555,0.15454545454545454,0.4099833406552149,0.5290259578959404,0.6929317240521787,0.8919304018509835,0.35606021625992773,0.6343737283701099,0.3309179810390068,0.3104641606233979,Germany,ST,0.75,16,ST:12 | RW:4,grid_centered_v2,False,ST,0.6996000871002878,0.12380320812488127
270774,41,41,3734.0,0.0,0.0,0.0,0.0,96.0,1118.0,880.0,1.0,0.0,0.0,0.0,15.0,12.0,0.0,0.0,5.0,1.0,3,0,Raúl Rangel,0.9262131762185325,0.0,0.0,0.0,0.0,2.1431392186738405,24.95864215080577,19.64544283784354,0.02232436686118584,0.0,0.0,0.0,0.3348655029177876,0.26789240233423006,0.0,0.0,0.1116218343059292,0.02232436686118584,0.7871198568872988,0.8,0.0,0.0,30.95403412376744,0.09599477750309912,0.0558109171529646,0.0,0.0,2.7750493632679225,3.0731335497566508,3.3721327993882206,0.3330431649177182,0.30145879962846356,0.310811696069499,0.3168013406328847,0.21087667676486685,0.14484860170499322,0.2211619828882763,0.9996646498695336,Mexico,GK,1.0,41,GK:41,grid_centered_v2,False,GK,0.6995984878450285,0.0763733394874616
158700,25,25,2250.0,0.0,0.0,0.0,1.0,73.0,924.0,652.0,3.0,2.0,0.0,0.0,27.0,25.0,0.0,0.0,12.0,0.0,2,0,Viktor Johansson,0.92,0.0,0.0,0.0,0.0368,2.6864,34.0032,23.9936,0.1104,0.0736,0.0,0.0,0.9936000000000001,0.92,0.0,0.0,0.4416,0.0,0.7056277056277056,0.9259259259259259,0.0,0.0,33.16293264069264,0.41952,0.47840000000000005,0.0,0.13248000000000001,4.065777777777778,2.84006734006734,4.170725541125542,0.3727741666352559,0.3190941374171001,0.3406188636589112,0.3168013406328847,0.21793364187723283,0.21643871658976838,0.16706960441077823,0.9996646498695336,Sweden,GK,1.0,25,GK:25,grid_centered_v2,False,GK,0.6994308314169114,0.09838699100999074
292396,37,25,2371.0,40.0,22.0,7.0,11.0,0.0,762.0,624.0,51.0,36.0,3.0,5.0,335.0,163.0,123.0,68.0,35.0,50.0,3,0,Azarias Londoño,0.85373260227752,1.296262070096614,0.7129441385531378,0.22684586226690745,0.3564720692765689,0.0,24.693792435340498,20.221688293507178,1.6527341393731831,1.1666358630869527,0.09721965525724606,0.16203275876207676,10.856194837059144,5.282267935643702,3.9860058655470882,2.203645519164244,1.1342293113345374,1.6203275876207677,0.8188976377952756,0.48656716417910445,0.5528455284552846,0.55,34.89011581953148,9.051149904449607,6.092431729454087,3.9128886921096524,2.5309516918636388,8.854876602438496,3.926264342164957,0.16377952755905512,0.4051175936306435,0.8086248275850982,0.758304821248969,0.6567403843220606,0.3730459375239638,0.6290195414062838,0.5033966214580119,0.42375571792667777,Panama,RW,0.9615384615384616,26,RW:25 | ST:1,grid_centered_v2,False,W,0.6993520654106704,0.0958436094344437
25282,53,53,4860.0,0.0,0.0,0.0,0.0,153.0,1736.0,1263.0,1.0,0.0,0.0,0.0,21.0,18.0,0.0,0.0,9.0,0.0,3,0,Gregor Kobel,1.0,0.0,0.0,0.0,0.0,2.8333333333333335,32.148148148148145,23.38888888888889,0.018518518518518517,0.0,0.0,0.0,0.3888888888888889,0.3333333333333333,0.0,0.0,0.16666666666666666,0.0,0.7275345622119815,0.8571428571428571,0.0,0.0,32.69206775900324,0.11666666666666667,0.046296296296296294,0.0,0.0,3.038095238095238,2.8892281105990785,4.395506912442396,0.36413758840693167,0.30256897927885457,0.3101571746462999,0.3168013406328847,0.21087667676486685,0.15763604812546542,0.1775240131844165,0.9996646498695336,Switzerland,GK,1.0,58,GK:58,grid_centered_v2,False,GK,0.6992716770872923,0.0669438681395203
304782,32,32,2886.0,0.0,0.0,0.0,0.0,84.0,1284.0,910.0,1.0,1.0,0.0,0.0,23.0,21.0,0.0,0.0,10.0,1.0,0,0,Tomoki Hayakawa,0.85,0.0,0.0,0.0,0.0,2.2266112266112263,34.03534303534303,24.121621621621617,0.026507276507276505,0.026507276507276505,0.0,0.0,0.6096673596673595,0.5566528066528066,0.0,0.0,0.26507276507276506,0.026507276507276505,0.7087227414330218,0.9130434782608695,0.0,0.0,33.08698745474447,0.18024948024948023,0.06626819126819126,0.0,0.04771309771309771,3.5184443640965375,2.8436264041993424,3.481661388203444,0.37137551574035516,0.30599813173883916,0.31153193750375996,0.3168013406328847,0.21339880386074467,0.18333371307586024,0.16780963462136667,0.9996646498695336,Japan,GK,1.0,36,GK:36,grid_centered_v2,False,GK,0.6992621057695196,0.0868721908712883
51530,39,30,2723.0,57.0,27.0,10.0,1.0,0.0,575.0,413.0,28.0,55.0,5.0,16.0,529.0,282.0,74.0,50.0,74.0,50.0,8,3,Federico Viñas,0.9986779287550495,1.8814608059175189,0.8912182764872457,0.33008084314342434,0.033008084314342434,0.0,18.9796484807469,13.632338821823424,0.9242263608015882,1.8154446372888338,0.16504042157171217,0.528129349029479,17.461276602287146,9.308279776644566,2.4425982392613403,1.6504042157171217,2.4425982392613403,1.6504042157171217,0.7182608695652174,0.5330812854442344,0.6756756756756757,0.47368421052631576,28.345816277069716,7.010917108366333,2.492110365732854,4.83572075328217,4.5056035089077415,14.630835543635095,3.8113294366148014,0.1436521739130435,0.2890403356857391,0.7153108650988386,0.4966310468620941,0.7277162829411333,0.5263161153086727,0.9379922223653474,0.46062037152595753,0.20154368668232522,Uruguay,ST,0.75,28,ST:21 | RW:6 | LW:1,grid_centered_v2,False,ST,0.6989536459688072,0.08943450694195196
7598,37,37,3358.0,0.0,0.0,0.0,0.0,123.0,1216.0,915.0,0.0,2.0,0.0,0.0,26.0,25.0,0.0,0.0,10.0,1.0,0,1,Patrick Pentz,0.8500000000000001,0.0,0.0,0.0,0.0,2.8021143537820135,27.702203692674217,20.84499702203693,0.0,0.04556283502084575,0.0,0.0,0.5923168552709946,0.5695354377605718,0.0,0.0,0.22781417510422874,0.022781417510422876,0.7524671052631579,0.9615384615384616,0.0,0.0,31.277669293282344,0.11390708755211437,0.0,0.0,0.08201310303752235,3.681964997480185,3.0164277396356036,4.353664951725652,0.33873372872178636,0.3024206427945722,0.3069832687185164,0.3168013406328847,0.21522544865295518,0.19279258884919903,0.20693708819609974,0.9996646498695336,Austria,GK,1.0,37,GK:37,grid_centered_v2,False,GK,0.6986028664020157,0.08053572855295771
347211,38,38,3420.0,0.0,0.0,0.0,1.0,91.0,1016.0,778.0,2.0,0.0,0.0,0.0,11.0,9.0,0.0,0.0,5.0,0.0,3,0,Robin Risser,1.0,0.0,0.0,0.0,0.02631578947368421,2.3947368421052633,26.736842105263158,20.473684210526315,0.05263157894736842,0.0,0.0,0.0,0.2894736842105263,0.23684210526315788,0.0,0.0,0.13157894736842105,0.0,0.765748031496063,0.8181818181818182,0.0,0.0,31.28054289266473,0.16052631578947368,0.2763157894736842,0.0,0.0,2.7861244019138756,3.0073908375089475,3.7452548694571073,0.3387844684545307,0.3049320961248204,0.3261889554240285,0.3168013406328847,0.21087667676486685,0.1453691558693972,0.20473371994638337,0.9996646498695336,France,GK,1.0,38,GK:38,grid_centered_v2,False,GK,0.6982825091111071,0.0798023875121013
47323,46,42,3724.0,90.0,53.0,23.0,5.0,0.0,1078.0,839.0,58.0,38.0,3.0,9.0,437.0,192.0,83.0,45.0,60.0,39.0,5,0,Mikel Oyarzabal,1.0,2.175080558539205,1.2808807733619763,0.5558539205155746,0.12083780880773361,0.0,26.052631578947366,20.2765843179377,1.40171858216971,0.9183673469387754,0.07250268528464017,0.2175080558539205,10.561224489795919,4.640171858216971,2.005907626208378,1.0875402792696025,1.4500537056928033,0.9425349087003222,0.7782931354359925,0.43935926773455375,0.5421686746987951,0.5888888888888889,33.98444976076555,5.966970998925886,4.16890440386681,7.417842224609141,2.1678302900107407,7.814318404707421,3.8002705028816006,0.15565862708719852,0.3880356774734933,0.6582169618647896,0.628392057045505,0.871954707828812,0.34660002287718866,0.5333884859869548,0.45652494306323727,0.3232641916949174,Spain,ST,0.8571428571428571,42,ST:36 | LW:4 | RW:2,grid_centered_v2,False,ST,0.6979765732204176,0.07647581281878806
369544,36,19,1785.0,29.0,15.0,3.0,7.0,0.0,690.0,575.0,27.0,58.0,3.0,12.0,336.0,179.0,102.0,46.0,75.0,27.0,2,0,Gessime Yassine,0.9178991596638656,1.3421382670715347,0.6942094484852765,0.13884188969705533,0.32396440929312903,0.0,31.93363463032272,26.611362191935598,1.2495770072734977,2.6842765341430694,0.13884188969705533,0.5553675587882213,15.550291646070194,8.2842327519243,4.72062424969988,2.128908975354848,3.471047242426383,1.2495770072734977,0.8333333333333334,0.5327380952380952,0.45098039215686275,0.5172413793103449,37.70262293152556,9.307034672692607,4.905746769295954,3.1171111040765194,6.095158957700728,13.196140138408303,3.841560450062378,0.16666666666666669,0.4594674460071337,0.8185107028303548,0.6818079697804954,0.5891755090989321,0.647507011965825,0.8977881184735024,0.47184130000804136,0.4615782970317263,Morocco,RW,0.8947368421052632,19,RW:17 | LW:1 | ST:1,grid_centered_v2,False,W,0.697594905090028,0.11046121795575543
47237,54,49,4490.0,159.0,86.0,39.0,9.0,0.0,967.0,725.0,64.0,30.0,3.0,2.0,513.0,235.0,112.0,50.0,99.0,75.0,11,0,Luis Javier Suárez,0.9350757238307349,2.9801633870863737,1.6119122722605541,0.7309834723042049,0.16868849360866264,0.0,18.124641479952974,13.588795318475603,1.1995626212171566,0.5622949786955422,0.05622949786955422,0.037486331913036144,9.615244135693771,4.404643999781747,2.099234587130024,0.9371582978259035,1.855573429695289,1.4057374467388555,0.749741468459152,0.4580896686159844,0.44642857142857145,0.5408805031446541,29.29875061989195,5.429895177603285,3.9266932678905357,9.186305965887723,1.148956073134558,7.540770605542399,3.4984434398857465,0.1499482936918304,0.3047174963015377,0.6268040463330181,0.610043640173802,0.9281704896229939,0.2776270815011007,0.5075263602350734,0.34875115758527175,0.260729171931069,Colombia,ST,1.0,49,ST:49,grid_centered_v2,False,ST,0.696996644719187,0.06964753771686599
161585,46,33,2827.0,58.0,30.0,4.0,5.0,0.0,1122.0,978.0,57.0,40.0,2.0,9.0,350.0,169.0,145.0,73.0,54.0,41.0,4,0,Francisco Conceição,1.0,1.8464803678811461,0.955076052352317,0.1273434736469756,0.15917934205871948,0.0,35.719844357976655,31.135479306685532,1.8146444994694022,1.2734347364697558,0.0636717368234878,0.2865228157056951,11.142553944110364,5.380261761584719,4.616200919702865,2.3240183940573047,1.7191368942341705,1.3052706048814997,0.8716577540106952,0.4828571428571429,0.503448275862069,0.5172413793103449,41.49466281029568,9.935974531305272,5.412097629996462,3.3903370210897377,2.9352670675627874,8.980937894790035,4.045730244341494,0.17433155080213905,0.5340536476397657,0.8411115161415299,0.7160186601761965,0.6129014716781586,0.40340517332584597,0.6400950340548827,0.5477978614921627,0.5629687683672088,Portugal,RW,0.9696969696969697,33,RW:32 | ST:1,grid_centered_v2,False,W,0.6969480599862525,0.08777402893591033
1165,40,35,2976.0,72.0,41.0,13.0,2.0,0.0,1039.0,839.0,41.0,47.0,4.0,24.0,407.0,192.0,105.0,51.0,63.0,31.0,4,0,Matheus Cunha,1.0,2.1774193548387095,1.2399193548387095,0.39314516129032256,0.06048387096774193,0.0,31.421370967741932,25.37298387096774,1.2399193548387095,1.4213709677419353,0.12096774193548386,0.7258064516129031,12.308467741935482,5.806451612903225,3.1754032258064515,1.5423387096774193,1.9052419354838708,0.9374999999999999,0.8075072184793071,0.47174447174447176,0.4857142857142857,0.5694444444444444,36.80713610714396,7.04032258064516,3.4324596774193545,6.019937275985663,4.143145161290322,9.544265673297929,3.814258767661078,0.16150144369586142,0.44199367956937824,0.7168339764699583,0.5716740614618181,0.8040826719901867,0.4976813198220571,0.6876632766930213,0.4617060980216258,0.3945080882196501,Brazil,ST,0.5428571428571428,35,ST:19 | LW:13 | RW:3,grid_centered_v2,True,ST,0.6968355837552667,0.08554851481526009
138787,52,41,3291.0,71.0,45.0,18.0,8.0,0.0,950.0,778.0,52.0,31.0,0.0,10.0,384.0,180.0,137.0,63.0,75.0,21.0,4,1,Anthony Gordon,1.0,1.941659070191431,1.2306289881494985,0.4922515952597994,0.21877848678213307,0.0,25.9799453053783,21.276207839562442,1.422060164083865,0.8477666362807657,0.0,0.2734731084776663,10.501367365542388,4.922515952597994,3.746581586144029,1.722880583409298,2.0510483135824975,0.5742935278030993,0.8189473684210526,0.46875,0.45985401459854014,0.6338028169014085,35.008779926114286,7.892433910665451,4.758432087511395,6.92849897929051,2.072926162260711,8.297772333637191,3.835609533526809,0.16378947368421054,0.40737383378842446,0.7587610599578033,0.6714513513682397,0.8508274020475747,0.33983404632056713,0.5785759300817725,0.4696298703759381,0.42388475256898667,England,LW,0.6585365853658537,41,LW:27 | ST:14,grid_centered_v2,False,W,0.6968338401153685,0.08135139350471832
16642,33,33,2821.0,0.0,0.0,0.0,0.0,100.0,840.0,662.0,1.0,1.0,0.0,0.0,14.0,10.0,0.0,0.0,3.0,1.0,3,0,Gonzalo Valle,0.8731017369727049,0.0,0.0,0.0,0.0,2.7855071367438295,23.39825994864817,18.44005724524415,0.0278550713674383,0.0278550713674383,0.0,0.0,0.3899709991441362,0.278550713674383,0.0,0.0,0.0835652141023149,0.0278550713674383,0.7880952380952381,0.7142857142857143,0.0,0.0,30.28730807200751,0.0919217355125464,0.06963767841859575,0.0,0.05013912846138894,2.532828142001279,3.041819213338224,4.335879752734792,0.32147342020547726,0.30124033096954733,0.31176420442242564,0.3168013406328847,0.2135276298854863,0.13384687159708075,0.21322156163822564,0.9996646498695336,Ecuador,GK,1.0,37,GK:37,grid_centered_v2,False,GK,0.6960934757150727,0.08786732288139801
34374,22,22,1980.0,0.0,0.0,0.0,0.0,76.0,664.0,506.0,1.0,0.0,0.0,0.0,6.0,5.0,0.0,0.0,2.0,1.0,1,0,Bum-keun Song,0.85,0.0,0.0,0.0,0.0,2.9363636363636365,25.654545454545456,19.55,0.038636363636363635,0.0,0.0,0.0,0.23181818181818178,0.19318181818181818,0.0,0.0,0.07727272727272727,0.038636363636363635,0.7620481927710844,0.8333333333333334,0.0,0.0,30.673023001095295,0.10818181818181818,0.09659090909090909,0.0,0.0,2.7704545454545455,2.9974110989412197,4.556955093099671,0.3281411777481545,0.3021130221156412,0.3136255576904905,0.3168013406328847,0.21087667676486685,0.14463308876821482,0.202320767394277,0.9996646498695336,South Korea,GK,1.0,36,GK:36,grid_centered_v2,False,GK,0.6957919080870161,0.10488088481701514
7525,46,46,4140.0,0.0,0.0,0.0,0.0,135.0,1499.0,1113.0,0.0,0.0,0.0,0.0,8.0,6.0,0.0,0.0,3.0,0.0,4,0,Alexander Schlager,0.8867391304347826,0.0,0.0,0.0,0.0,2.6023865784499054,28.896129489603027,21.45523156899811,0.0,0.0,0.0,0.0,0.15421550094517958,0.11566162570888468,0.0,0.0,0.05783081285444234,0.0,0.742494996664443,0.75,0.0,0.0,31.565633186932438,0.02891540642722117,0.0,0.0,0.0,2.4119262759924385,2.8987324883255505,4.052078867007746,0.34383664108555734,0.2978723300204455,0.3069832687185164,0.3168013406328847,0.21087667676486685,0.12862467185567208,0.1796033599310962,0.9996646498695336,Austria,GK,1.0,45,GK:45,grid_centered_v2,False,GK,0.6955233896350195,0.07253185207353657
9026,41,40,3630.0,0.0,0.0,0.0,0.0,139.0,1340.0,927.0,0.0,1.0,0.0,0.0,14.0,14.0,0.0,0.0,1.0,0.0,0,0,Nikola Vasilj,1.0,0.0,0.0,0.0,0.0,3.446280991735537,33.22314049586777,22.983471074380162,0.0,0.024793388429752063,0.0,0.0,0.3471074380165289,0.3471074380165289,0.0,0.0,0.024793388429752063,0.0,0.6917910447761194,1.0,0.0,0.0,32.24518934254348,0.012396694214876032,0.0,0.0,0.04462809917355372,3.4859504132231405,2.821268656716418,5.307779696558529,0.35602104501477144,0.2969929182046411,0.3069832687185164,0.3168013406328847,0.21323506743319667,0.1814975535757333,0.16320406359989822,0.9996646498695336,Bosnia & Herzegovina,GK,1.0,40,GK:40,grid_centered_v2,False,GK,0.6955003759711826,0.07745966692414834
337587,40,34,2878.0,34.0,18.0,4.0,9.0,0.0,1403.0,1203.0,47.0,95.0,9.0,31.0,422.0,239.0,108.0,58.0,28.0,35.0,2,0,Jordan Bos,0.9314037526059763,0.9903041983927335,0.5242786932667413,0.11650637628149807,0.26213934663337063,0.0,40.86461148073545,35.03929266666054,1.3689499213076024,2.7670264366855792,0.26213934663337063,0.9029244161816101,12.291422697698048,6.961255982819511,3.145672159600448,1.6893424560817223,0.8155446339704866,1.019430792463108,0.857448325017819,0.566350710900474,0.5370370370370371,0.5294117647058824,42.563183134391636,7.095238315543233,4.864141209752544,2.724864710237187,7.074849699693971,11.444810508648736,4.112721625192175,0.1714896650035638,0.5549405997546569,0.719665197201277,0.6789005902673405,0.5544037504028011,0.7146243916200652,0.8189604215436308,0.572411932406563,0.5255376390036716,Australia,LB,0.7647058823529411,34,LB:26 | RCB:5 | RB:3,grid_centered_v2,False,FB,0.6954694945928398,0.08699284675008918
271,46,39,3687.0,38.0,18.0,4.0,8.0,0.0,3419.0,3031.0,98.0,73.0,11.0,39.0,302.0,211.0,24.0,18.0,89.0,31.0,16,0,Leandro Paredes,0.9260537021969082,0.858992042721298,0.4068909676048254,0.09042021502329453,0.18084043004658906,0.0,77.286678791161,68.51591793390143,2.215295268070716,1.6501689241751252,0.24865559131405993,0.8815970964771217,6.826726234258737,4.769666342478787,0.5425212901397671,0.4068909676048254,2.0118497842683034,0.7007566664305326,0.8865165252997953,0.6986754966887417,0.75,0.47368421052631576,61.372509124658755,6.010683793673504,6.53286053543303,2.240377495885743,5.007019406914934,8.773559369536526,4.676217503910337,0.17730330505995906,0.8459682861382473,0.6607178766259107,0.7832878398168301,0.5107460245524953,0.5656063690590897,0.6218016659581247,0.7562420235285728,0.6013513556125981,Argentina,DM,0.8205128205128205,39,AM:32 | DM:5 | CM:2,public_anchor,False,DM,0.6953525135726206,0.07685858221360894
2741,37,36,3241.0,1.0,0.0,0.0,0.0,125.0,1140.0,808.0,0.0,2.0,0.0,1.0,23.0,21.0,0.0,0.0,1.0,0.0,4,0,Mathew Ryan,1.0,0.02776920703486578,0.0,0.0,0.0,3.4711508793582224,31.65689601974699,22.43751928417155,0.0,0.05553841406973156,0.0,0.02776920703486578,0.638691761801913,0.5831533477321814,0.0,0.0,0.02776920703486578,0.0,0.7087719298245614,0.9130434782608695,0.0,0.0,31.96490145450018,0.01388460351743289,0.0,0.0,0.15550755939524838,3.555545121607662,2.845919145690313,5.348480705002245,0.35097180505784176,0.2970720690278123,0.3069832687185164,0.3168013406328847,0.21917750383645243,0.18544776860489082,0.1682877449721981,0.9996646498695336,Australia,GK,1.0,36,GK:36,grid_centered_v2,False,GK,0.6952530801856417,0.08197650945507207
2701,44,44,4091.0,0.0,0.0,0.0,0.0,83.0,979.0,780.0,0.0,1.0,0.0,0.0,17.0,15.0,0.0,0.0,6.0,0.0,0,0,Bono,0.9228477144952336,0.0,0.0,0.0,0.0,1.6850824803909545,19.875852389189692,15.835714875963188,0.0,0.020302198558927165,0.0,0.0,0.3451373755017618,0.30453297838390747,0.0,0.0,0.12181319135356299,0.0,0.7967313585291114,0.8823529411764706,0.0,0.0,28.862417538363147,0.06090659567678149,0.0,0.0,0.036543957406068896,3.073404993266882,3.141500931322478,2.686969992292254,0.2974798337097972,0.29957970941628037,0.3069832687185164,0.3168013406328847,0.21280643579453376,0.15942070029699698,0.23922488365683175,0.9996646498695336,Morocco,GK,1.0,49,GK:49,grid_centered_v2,False,GK,0.6951952567187277,0.07296493467082642
25158,36,34,3030.0,24.0,11.0,3.0,9.0,0.0,1959.0,1597.0,113.0,55.0,12.0,38.0,226.0,109.0,42.0,20.0,18.0,34.0,7,0,David Raum,1.0,0.712871287128713,0.32673267326732675,0.08910891089108912,0.26732673267326734,0.0,58.18811881188119,47.43564356435644,3.3564356435643568,1.6336633663366338,0.3564356435643565,1.1287128712871288,6.7128712871287135,3.237623762376238,1.2475247524752475,0.5940594059405941,0.5346534653465347,1.00990099009901,0.815211842776927,0.4823008849557522,0.47619047619047616,0.4583333333333333,53.27782082189842,7.794059405940596,9.861386138613863,2.086963696369637,5.590099009900991,5.979575922193989,3.8225125816364818,0.16304236855538543,0.7436923251755839,0.7541438721859023,0.9132895643045065,0.4968554718775623,0.6102494583950572,0.3632195147826745,0.46476721066468807,0.41422235981324973,Germany,LB,0.9411764705882353,34,RCB:32 | LB:2,public_anchor,False,FB,0.694522637234956,0.08478277426388682
202696,52,25,2726.0,68.0,33.0,15.0,4.0,0.0,534.0,335.0,42.0,52.0,4.0,17.0,570.0,250.0,51.0,24.0,42.0,85.0,4,0,Igor Matanović,0.9764636830520912,2.19220753495187,1.0638654213737018,0.48357519153350076,0.12895338440893353,0.0,17.215276818592628,10.799845944248185,1.3540105362938022,1.6763939973161361,0.12895338440893353,0.5480518837379675,18.37585727827303,8.059586525558347,1.6441556512139028,0.7737203064536013,1.3540105362938022,2.740259418689838,0.6273408239700374,0.43859649122807015,0.47058823529411764,0.4852941176470588,26.138416240205224,5.048524999609748,4.094269954983639,6.328601357485306,4.255461685494807,12.599210609465896,2.998969550420584,0.1254681647940075,0.2546335202645957,0.6038111675386864,0.6227748293938997,0.8210992065429493,0.5065616610793936,0.8750878837438205,0.20269617469879442,0.08764535146957642,Croatia,ST,1.0,25,ST:25,grid_centered_v2,False,ST,0.6943672540425269,0.08938528145050127
374058,42,34,2949.0,29.0,9.0,3.0,5.0,0.0,1812.0,1565.0,53.0,84.0,13.0,52.0,387.0,209.0,53.0,28.0,76.0,50.0,11,0,Lamine Camara,0.99343506273313,0.879235508217521,0.2728661922054375,0.09095539740181251,0.15159232900302086,0.0,54.93706003069476,47.44839897794552,1.6068786874320211,2.5467511272507504,0.39414005540785424,1.576560221631417,11.733246264833815,6.3365593523262715,1.6068786874320211,0.8489170424169168,2.304203400845917,1.5159232900302086,0.8636865342163356,0.5400516795865633,0.5283018867924528,0.3103448275862069,49.52759774408507,6.166775943842889,4.8509545280966675,1.7303455034745263,8.170826533262824,10.49133813201647,4.068593074615799,0.17273730684326713,0.6834413970595079,0.6695746218832034,0.6779761933307723,0.464621409398106,0.7798137284708694,0.759155717678994,0.5562307017335526,0.5420312226530061,Senegal,DM,0.6176470588235294,34,DM:21 | CM:12 | AM:1,grid_centered_v2,False,DM,0.6940569055375083,0.08593924845627224
339887,30,19,1567.0,42.0,25.0,10.0,5.0,0.0,791.0,650.0,28.0,22.0,2.0,2.0,180.0,85.0,57.0,24.0,32.0,19.0,3,0,Can Uzun,1.0,2.412252712188896,1.4358647096362476,0.574345883854499,0.2871729419272495,0.0,45.43075941289087,37.332482450542436,1.6081684747925973,1.2635609444798979,0.1148691767708998,0.1148691767708998,10.338225909380983,4.881940012763242,3.2737715379706445,1.3784301212507977,1.837906828334397,1.0912571793235482,0.8217446270543616,0.4722222222222222,0.42105263157894735,0.5952380952380952,44.203794361745125,7.259731971920868,5.599872367581366,7.79545385480293,2.6305041480536056,8.251382684535205,3.735589246075376,0.16434892541087232,0.5866119230152665,0.7280415282247192,0.7281259197339913,0.8864650083188095,0.3804389032854724,0.5742844599575305,0.43270669443595566,0.4311589329542956,Türkiye,AM,0.8333333333333334,18,AM:15 | CM:3,grid_centered_v2,False,AM,0.6937287474302328,0.11789474283986914
269174,26,25,2291.0,0.0,0.0,0.0,0.0,69.0,643.0,491.0,0.0,1.0,0.0,1.0,38.0,37.0,0.0,0.0,18.0,0.0,4,0,Mostafa Shobeir,0.8869271060672196,0.0,0.0,0.0,0.0,2.4041105755903245,22.40352318992143,17.10751148717173,0.0,0.03484218225493224,0.0,0.03484218225493224,1.3240029256874253,1.289160743432493,0.0,0.0,0.6271592805887803,0.0,0.7636080870917574,0.9736842105263158,0.0,0.0,29.17178761275858,0.31357964029439017,0.0,0.0,0.13240029256874253,4.725877672384438,3.062101989031677,3.758887480803838,0.3026013017231924,0.31325880589397465,0.3069832687185164,0.3168013406328847,0.2179293452385539,0.2618384917628603,0.21834076212206757,0.9996646498695336,Egypt,GK,1.0,23,GK:23,grid_centered_v2,False,GK,0.6930869320911921,0.09750264408999122
136723,48,31,2553.0,39.0,24.0,7.0,3.0,0.0,861.0,678.0,53.0,35.0,1.0,14.0,335.0,154.0,128.0,62.0,41.0,24.0,1,0,Noni Madueke,1.0,1.3748531139835487,0.8460634547591069,0.24676850763807284,0.10575793184488837,0.0,30.35252643948296,23.90129259694477,1.8683901292596945,1.2338425381903642,0.03525264394829612,0.4935370152761457,11.8096357226792,5.428907168037603,4.512338425381904,2.1856639247943597,1.445358401880141,0.8460634547591069,0.7874564459930313,0.4597014925373134,0.484375,0.6153846153846154,37.081828306112506,9.54994124559342,5.2526439482961225,4.389406128536564,3.2467685076380723,8.979574512864584,3.7441680816098066,0.15749128919860628,0.4473405740237365,0.8275231250259854,0.705486077950261,0.6945343245067201,0.42732425781337885,0.639976020197275,0.43585037250606234,0.3449193410279691,England,RW,0.8787878787878788,33,RW:29 | LW:3 | ST:1,grid_centered_v2,False,W,0.6928572301520959,0.0923641696519146
16831,17,16,1406.0,0.0,0.0,0.0,0.0,32.0,347.0,275.0,0.0,2.0,0.0,0.0,8.0,7.0,0.0,0.0,3.0,0.0,3,0,Mahdi Soliman,0.85,0.0,0.0,0.0,0.0,1.7411095305832147,18.880156472261735,14.962660028449504,0.0,0.10881934566145092,0.0,0.0,0.4352773826458037,0.3808677098150783,0.0,0.0,0.1632290184921764,0.0,0.792507204610951,0.875,0.0,0.0,28.308750527791556,0.0816145092460882,0.0,0.0,0.19587482219061167,3.1582147937411094,3.1237752161383288,2.7701657367970123,0.2884402965709453,0.30068787755417836,0.3069832687185164,0.3168013406328847,0.22137029251625273,0.16377408566074778,0.2344463182449903,0.9996646498695336,Egypt,GK,1.0,16,GK:16,grid_centered_v2,False,GK,0.6926705644791812,0.12446185725677784
2968,41,41,3699.0,0.0,0.0,0.0,0.0,116.0,1232.0,890.0,4.0,0.0,0.0,0.0,19.0,18.0,0.0,0.0,9.0,0.0,0,0,Orlando Mosquera,0.9156612529002323,0.0,0.0,0.0,0.0,2.584348061713551,27.447558724405987,19.82818771487121,0.08911545040391554,0.0,0.0,0.0,0.4232983894185988,0.40101952681761993,0.0,0.0,0.20050976340880997,0.0,0.7224025974025974,0.9473684210526315,0.0,0.0,30.58969726185546,0.26066269243145296,0.22278862600978885,0.0,0.0,3.4035326007025626,2.9073564593301433,4.021002612050846,0.3266947468584991,0.31036591266741204,0.32241998149511214,0.3168013406328847,0.21087667676486685,0.17690456875464422,0.18150651171722845,0.9996646498695336,Panama,GK,1.0,44,GK:44,grid_centered_v2,False,GK,0.6923804835575277,0.07673381170566713
2889,28,20,1826.0,39.0,19.0,4.0,12.0,0.0,896.0,730.0,86.0,24.0,0.0,4.0,258.0,127.0,91.0,45.0,54.0,25.0,5,0,Alexis Vega,0.9056078860898137,1.7407906244114162,0.848077483687613,0.17854262814476066,0.535627884434282,0.0,39.99354870442638,32.58402963641882,3.8386665051123536,1.071255768868564,0.0,0.17854262814476066,11.515999515337061,5.668728443596151,4.061844790293305,2.0086045666285575,2.4103254799542686,1.115891425904754,0.8147321428571429,0.49224806201550386,0.4945054945054945,0.48717948717948717,46.042733498645156,13.136273865750763,12.542619627169435,3.590008476679718,2.2853456402529364,9.412964007081122,3.849300300843711,0.1629464285714286,0.6212679457967483,0.9228593114924327,0.9614332332493464,0.6299143086104023,0.3550645060253234,0.676879555197669,0.4747191596922668,0.412986162172089,Mexico,ST,0.68,25,ST:17 | LW:4 | RW:4,grid_centered_v2,False,ST,0.6915764034500882,0.10921405973304671
1494,29,19,1820.0,43.0,23.0,7.0,1.0,0.0,666.0,532.0,22.0,40.0,1.0,9.0,266.0,146.0,52.0,32.0,59.0,44.0,5,0,Jovane Cabral,0.9261978021978023,1.9694425793986237,1.0534227750271707,0.3206069315300085,0.045800990218572646,0.0,30.50345948556938,24.36612679628065,1.0076217848085982,1.8320396087429058,0.045800990218572646,0.4122089119671538,12.183063398140325,6.686944571911606,2.3816514913657776,1.4656316869943247,2.7022584228957864,2.0152435696171964,0.7987987987987988,0.5488721804511278,0.6153846153846154,0.5348837209302325,35.71177030809339,6.828927641589182,2.770959908223645,5.1094147791385724,4.172470208911968,11.008338942029631,3.961817490099179,0.15975975975975976,0.42081750286594255,0.7057756517220527,0.5190223527962478,0.746910676887666,0.5,0.7931378117265457,0.5166479166449623,0.3726344539902007,Cape Verde Islands,ST,0.631578947368421,19,ST:12 | RW:5 | LW:2,grid_centered_v2,False,ST,0.6907119728138421,0.10939393478174632
81224,28,28,2520.0,0.0,0.0,0.0,0.0,73.0,944.0,663.0,0.0,1.0,0.0,0.0,15.0,15.0,0.0,0.0,11.0,0.0,7,0,Moisés Ramírez,0.85,0.0,0.0,0.0,0.0,2.2160714285714285,28.65714285714286,20.126785714285713,0.0,0.030357142857142853,0.0,0.0,0.45535714285714285,0.45535714285714285,0.0,0.0,0.3339285714285714,0.0,0.7023305084745762,1.0,0.0,0.0,30.453976997578692,0.1669642857142857,0.0,0.0,0.05464285714285714,3.6375,2.8581567796610168,3.464573244552058,0.32434586311082136,0.3052798387744643,0.3069832687185164,0.3168013406328847,0.2137669351076064,0.19018428703179177,0.1708580740896389,0.9996646498695336,Ecuador,GK,1.0,28,GK:28,grid_centered_v2,False,GK,0.6903134411638536,0.09296696802013682
617,36,36,3246.0,0.0,0.0,0.0,0.0,84.0,1042.0,758.0,2.0,0.0,0.0,0.0,20.0,17.0,0.0,0.0,7.0,0.0,9,1,Ederson,0.9134442390634628,0.0,0.0,0.0,0.0,2.1274302055821868,26.390265169245698,19.197524950372593,0.05065310013290921,0.0,0.0,0.0,0.506531001329092,0.4305513511297283,0.0,0.0,0.17728585046518225,0.0,0.727447216890595,0.85,0.0,0.0,30.163105948691257,0.1798185054718277,0.12663275033227303,0.0,0.0,3.1527718915816196,2.8860652591170823,3.3366347517513995,0.31934160108854426,0.305974815323422,0.31570729710439743,0.3168013406328847,0.21087667676486685,0.16349184834711905,0.17683625083500779,0.9996646498695336,Brazil,GK,1.0,39,GK:39,grid_centered_v2,False,GK,0.6902093152712035,0.08191334856314994
24012,13,12,1185.0,0.0,0.0,0.0,0.0,40.0,423.0,289.0,0.0,0.0,0.0,0.0,6.0,6.0,0.0,0.0,2.0,0.0,2,0,Lionel M'Pasi,0.9584810126582278,0.0,0.0,0.0,0.0,2.911841051113604,30.79271911552636,21.038051594295784,0.0,0.0,0.0,0.0,0.4367761576670406,0.4367761576670406,0.0,0.0,0.14559205255568017,0.0,0.6832151300236406,1.0,0.0,0.0,30.937101852577882,0.07279602627784008,0.0,0.0,0.0,3.6114866207338565,2.7912529550827423,4.504404602675134,0.3327467582878893,0.3002156775192708,0.3069832687185164,0.3168013406328847,0.21087667676486685,0.18867091317478674,0.15718168235986282,0.9996646498695336,Congo DR,GK,1.0,12,GK:12,grid_centered_v2,False,GK,0.6899421614398009,0.13557192495293058
73868,38,20,1913.0,58.0,38.0,19.0,2.0,0.0,399.0,330.0,21.0,9.0,3.0,3.0,158.0,69.0,34.0,22.0,14.0,18.0,1,0,Ricardo Pepi,0.9311343439623629,2.5407847754749264,1.664652094276676,0.832326047138338,0.08761326811982505,0.0,17.478846989905097,14.456189239771133,0.9199393152581631,0.3942597065392127,0.1314199021797376,0.1314199021797376,6.921448181466179,3.0226577501339644,1.4894255580370257,0.9637459493180756,0.6132928768387754,0.7885194130784254,0.8270676691729323,0.43670886075949367,0.6470588235294118,0.6551724137931034,30.38205150529693,4.371902079179271,2.781721262804446,10.299466136680257,1.1170691685277694,5.541847432466031,4.171044715715728,0.16541353383458646,0.323104629677047,0.5619280685279291,0.5198855250873564,0.9508334275292984,0.27560906679914593,0.3257941455665813,0.5935573289740731,0.44508116939757064,USA,ST,0.75,20,ST:15 | RW:3 | LW:2,grid_centered_v2,False,ST,0.6899253116050805,0.10670172798919807
38695,44,42,3801.0,20.0,12.0,4.0,3.0,0.0,3041.0,2672.0,15.0,65.0,33.0,51.0,394.0,245.0,7.0,4.0,49.0,31.0,10,0,Jan Paul van Hecke,1.0,0.47355958958168903,0.2841357537490134,0.0947119179163378,0.07103393843725335,0.0,72.00473559589581,63.26756116811365,0.35516969218626676,1.5390686661404893,0.7813733228097869,1.207576953433307,9.329123914759274,5.801104972375691,0.16574585635359115,0.0947119179163378,1.160220994475138,0.734017363851618,0.87865833607366,0.6218274111675127,0.5714285714285714,0.6,55.078928804367145,1.4561957379636938,1.2786108918705603,2.3554853985793214,6.044988161010261,9.987029194828505,4.293885180188114,0.175731667214732,0.7698073200038689,0.37899192049723396,0.40049395272281263,0.5211585292086829,0.6438769022210227,0.7225162083855882,0.6368954355824551,0.5811760443840812,Netherlands,RCB,0.6904761904761905,42,RCB:29 | RB:13,grid_centered_v2,False,CB,0.6898451273466767,0.07569723267027954
429,43,43,3876.0,0.0,0.0,0.0,0.0,104.0,1140.0,837.0,2.0,0.0,0.0,0.0,29.0,25.0,1.0,0.0,12.0,0.0,5,0,Fernando Muslera,0.9246439628482973,0.0,0.0,0.0,0.0,2.2328863499122966,24.47586960480787,17.97044110458262,0.042940122113698014,0.0,0.0,0.0,0.6226317706486213,0.5367515264212251,0.021470061056849007,0.0,0.2576407326821881,0.0,0.7342105263157894,0.8620689655172413,0.0,0.0,29.455284724285676,0.20611258614575048,0.10735030528424504,0.0,0.0,3.3376590335414393,2.9145644283121594,3.4961716301316024,0.3073379781362576,0.30739918224567,0.3143702700097095,0.3168013406328847,0.21087667676486685,0.17329956125830964,0.18310918890634392,0.9996646498695336,Uruguay,GK,1.0,43,GK:43,grid_centered_v2,False,GK,0.6887495313914466,0.07496129032000202
21613,39,20,1941.0,51.0,29.0,11.0,4.0,0.0,394.0,267.0,22.0,20.0,1.0,6.0,386.0,164.0,79.0,32.0,42.0,38.0,5,0,Lenny Joseph,0.9118495620814012,2.1563057650456625,1.2261346507122395,0.46508555716671157,0.16912202078789512,0.0,16.658519047607673,11.288894887591999,0.9301711143334231,0.8456101039394757,0.04228050519697378,0.25368303118184266,16.32027500603188,6.934002852303701,3.3401599105609288,1.352976166303161,1.775781218272899,1.6066591974850037,0.6776649746192893,0.42487046632124353,0.4050632911392405,0.5686274509803921,26.29830016557253,5.944639030694513,3.255598900166981,6.574527870291613,2.0759728051714124,10.982215392188913,3.1423567859478423,0.13553299492385787,0.25703291015236773,0.6569358817742907,0.5577052888134434,0.8338123953490654,0.3400502553310951,0.7915091285247824,0.23945728971950767,0.1408776995885245,Haiti,ST,0.55,20,ST:11 | RW:9,grid_centered_v2,True,ST,0.6886300581193088,0.10592931649329049
314511,41,32,2645.0,47.0,23.0,6.0,4.0,0.0,756.0,599.0,41.0,33.0,0.0,12.0,371.0,188.0,162.0,77.0,72.0,12.0,1,0,Antonio Nusa,1.0,1.5992438563327032,0.782608695652174,0.20415879017013233,0.13610586011342155,0.0,25.72400756143667,20.381852551984878,1.3950850661625709,1.1228733459357279,0.0,0.40831758034026466,12.623818525519848,6.396975425330813,5.512287334593573,2.620037807183365,2.4499054820415878,0.40831758034026466,0.7923280423280423,0.5067385444743935,0.47530864197530864,0.48936170212765956,34.1741745931727,10.286200378071833,4.236294896030246,3.707645899529421,2.8378071833648395,10.475981228886319,3.7987337150662395,0.15846560846560848,0.39159291550487246,0.8526761941903148,0.6334344907413457,0.6397915251192384,0.396009348559843,0.7580902475301564,0.45595628024940116,0.3567070360234634,Norway,LW,0.84375,32,LW:27 | ST:5,grid_centered_v2,False,W,0.6885248736504681,0.0907436198135274
275651,52,18,1950.0,25.0,14.0,7.0,7.0,0.0,469.0,371.0,33.0,29.0,1.0,4.0,284.0,125.0,64.0,36.0,39.0,25.0,1,0,Ange-Yoan Bonny,0.9926153846153846,1.1453254437869822,0.6413822485207099,0.32069112426035495,0.32069112426035495,0.0,21.486305325443784,16.996629585798814,1.5118295857988164,1.3285775147928993,0.045813017751479286,0.18325207100591714,13.010897041420117,5.726627218934911,2.9320331360946743,1.6492686390532543,1.786707692307692,1.1453254437869822,0.7910447761194029,0.44014084507042256,0.5625,0.56,32.46861597103241,7.737818698224852,5.543375147928993,4.583464142011834,2.8083379881656803,9.337700641720142,3.8655870189431205,0.1582089552238806,0.36006908653077135,0.751477611165733,0.7245173066271607,0.709239871262917,0.39378221998970325,0.6706113629386247,0.4807802058132929,0.35358437008559607,Ivory Coast,RW,0.4444444444444444,18,RW:8 | LW:7 | ST:3,grid_centered_v2,True,W,0.6883828518066473,0.10568458151135751
301528,47,30,2698.0,33.0,21.0,11.0,9.0,0.0,1003.0,798.0,65.0,52.0,0.0,9.0,349.0,171.0,123.0,55.0,54.0,36.0,3,0,Andreas Schjelderup,0.9403039288361751,1.0351010632481246,0.6587006766124428,0.3450336877493749,0.2823002899767612,0.0,31.460798982965724,25.03062571127283,2.0388354276099423,1.6310683420879537,0.0,0.2823002899767612,10.946977911321076,5.363705509558463,3.8581039630157368,1.7251684387468742,1.6938017398605674,1.1292011599070448,0.7956131605184447,0.4899713467048711,0.44715447154471544,0.6363636363636364,38.12535941051558,8.829725736495366,6.649740163897043,4.955177721979691,3.5005235957118392,8.979101753496462,3.695176556484429,0.15912263210368893,0.467753816439848,0.7997428868167277,0.789595167107225,0.7362049222700361,0.44706904492656657,0.6399347475388476,0.4179744035695798,0.3647561400314231,Norway,ST,0.5625,32,ST:18 | LW:14,grid_centered_v2,True,ST,0.688355403326424,0.08984790706935947
2932,46,46,4213.0,0.0,0.0,0.0,0.0,120.0,1728.0,1081.0,3.0,2.0,0.0,0.0,22.0,18.0,0.0,0.0,10.0,1.0,4,0,Jordan Pickford,1.0,0.0,0.0,0.0,0.0,2.563493947305958,36.91431284120579,23.092807975314503,0.06408734868264894,0.04272489912176596,0.0,0.0,0.4699738903394256,0.38452409209589367,0.0,0.0,0.21362449560882982,0.02136244956088298,0.6255787037037037,0.8181818181818182,0.0,0.0,32.3790830685005,0.222169475433183,0.16021837170662234,0.0,0.07690481841917873,2.9928791834797055,2.515089194270819,3.970356661699678,0.3584445017417679,0.30827080505677,0.3180433835421239,0.3168013406328847,0.21495268971839285,0.15537445834569272,0.10994887275413615,0.9996646498695336,England,GK,1.0,45,GK:45,grid_centered_v2,False,GK,0.6879967886897176,0.07190071483465016
2851,27,27,2430.0,0.0,0.0,0.0,0.0,74.0,857.0,604.0,0.0,0.0,0.0,0.0,16.0,15.0,0.0,0.0,8.0,0.0,4,0,Kristoffer Nordfeldt,0.8611111111111112,0.0,0.0,0.0,0.0,2.3600823045267494,27.332304526748974,19.26337448559671,0.0,0.0,0.0,0.0,0.5102880658436214,0.47839506172839513,0.0,0.0,0.2551440329218107,0.0,0.704784130688448,0.9375,0.0,0.0,29.919140304248238,0.12757201646090535,0.0,0.0,0.0,3.482253086419753,2.8417444574095683,3.6810802829278138,0.31517612068944056,0.3031555805960176,0.3069832687185164,0.3168013406328847,0.21087667676486685,0.18128953550027604,0.16741799906586918,0.9996646498695336,Sweden,GK,1.0,31,GK:31,grid_centered_v2,False,GK,0.687963481426012,0.09467292624062575
129718,47,37,3335.0,57.0,41.0,14.0,6.0,0.0,1774.0,1566.0,59.0,91.0,6.0,25.0,525.0,294.0,115.0,66.0,88.0,56.0,6,0,Jude Bellingham,0.991904047976012,1.525777441114525,1.0974890365911496,0.37475235395795353,0.1606081516962658,0.0,47.486476851529254,41.918727592725375,1.5793134916799472,2.435890300726698,0.1606081516962658,0.6692006320677741,14.053213273423257,7.8697994331170245,3.0783229075117613,1.7666896686589237,2.355586224878565,1.4990094158318141,0.882750845546787,0.56,0.5739130434782609,0.7192982456140351,46.596312705217734,8.437281569110496,4.83162856352933,5.973099974119307,5.899672772309497,12.697719206363834,4.2267506844080796,0.1765501691093574,0.6314797247583903,0.7832499702105702,0.676618908306403,0.8013962803180089,0.6332701065567233,0.8791109672082842,0.6134362666982474,0.5917216889231817,England,CM,0.9302325581395349,43,CM:40 | AM:2 | DM:1,public_anchor,False,CM,0.6879490092407702,0.08081296079641964
319572,44,36,3378.0,31.0,15.0,3.0,9.0,0.0,2381.0,2034.0,74.0,85.0,9.0,25.0,423.0,247.0,102.0,48.0,103.0,37.0,9,1,Valentín Barco,0.9624777975133215,0.7949416977685515,0.38464920859768625,0.07692984171953725,0.23078952515861173,0.0,61.0566510447394,52.15843268584626,1.897602762415252,2.179678848720222,0.23078952515861173,0.6410820143294771,10.847107682454752,6.3338903015752335,2.615614618464267,1.230877467512596,2.641257899037446,0.948801381207626,0.8542629147417051,0.5839243498817966,0.47058823529411764,0.4838709677419355,52.62727136350587,7.813507590647667,6.013349294410495,2.1216895612769298,5.459454434029827,10.619219471850716,3.994644654581488,0.17085258294834105,0.7337960544796245,0.7550613734460353,0.7536169360961806,0.5,0.600378220696124,0.7679032852452441,0.5288628572081102,0.5170917040834786,Argentina,CM,0.6388888888888888,36,CM:23 | AM:8 | DM:5,grid_centered_v2,False,CM,0.6872933305921385,0.0802969621557299
51148,32,32,2893.0,0.0,0.0,0.0,0.0,118.0,989.0,701.0,1.0,2.0,0.0,1.0,17.0,12.0,0.0,0.0,4.0,1.0,7,0,Dayne St. Clair,0.9136640965471002,0.0,0.0,0.0,0.0,3.3539967871863823,28.111040868875698,19.925014812014016,0.028423701586325272,0.056847403172650544,0.0,0.028423701586325272,0.48320292696752964,0.34108441903590325,0.0,0.0,0.11369480634530109,0.028423701586325272,0.7087967644084934,0.7058823529411765,0.0,0.0,30.42673490437905,0.10801006602803603,0.07105925396581318,0.0,0.15917272888342152,2.595165245473794,2.760867720479291,5.172754533661272,0.32387544871584806,0.3021037965556334,0.31186222547908615,0.3168013406328847,0.2193759528453954,0.1366088332116729,0.1512705618288898,0.9996646498695336,Canada,GK,1.0,37,GK:37,grid_centered_v2,False,GK,0.6872812314457466,0.08676702778282866
47696,25,20,1717.0,32.0,17.0,4.0,9.0,0.0,522.0,380.0,31.0,37.0,4.0,9.0,264.0,144.0,65.0,39.0,45.0,34.0,2,0,Alexander Bernhardsson,0.877256843331392,1.4714616824661668,0.7817140188101512,0.18393271030827085,0.4138485981936095,0.0,24.00321869522935,17.473607479285732,1.4254785048890994,1.7013775703515055,0.18393271030827085,0.4138485981936095,12.139558880345877,6.621577571097752,2.9889065425094015,1.7933439255056411,2.0692429909680476,1.5634280376203025,0.7279693486590039,0.5454545454545454,0.6,0.53125,31.851639139106503,8.083842618048505,5.839863552287601,3.6283613088003785,4.092502804359027,10.906572235900489,3.721000295478708,0.14559386973180077,0.34894079457139354,0.7675740475899571,0.7431204548743597,0.6331469629421647,0.4936774090182675,0.7867399605190367,0.427373185899301,0.2186555842893366,Sweden,RW,0.9,20,RW:18 | ST:2,grid_centered_v2,False,W,0.687047551557653,0.11262733038822578
66347,25,25,2250.0,0.0,0.0,0.0,0.0,76.0,844.0,584.0,3.0,1.0,0.0,0.0,17.0,11.0,0.0,0.0,5.0,1.0,1,0,Jindřich Staněk,0.886,0.0,0.0,0.0,0.0,2.6934400000000003,29.91136,20.69696,0.10632,0.03544,0.0,0.0,0.60248,0.38984,0.0,0.0,0.17720000000000002,0.03544,0.6919431279620853,0.6470588235294118,0.0,0.0,30.971330199052133,0.279976,0.2658,0.0,0.063792,2.4869524705882355,2.6777892772790635,4.178548625592417,0.3333460765122248,0.3114200415140245,0.3254467186825268,0.3168013406328847,0.21425367509299206,0.13184454247995878,0.13603891200409735,0.9996646498695336,Czech Republic,GK,1.0,25,GK:25,grid_centered_v2,False,GK,0.6868906095313031,0.09838699100999074
19172,11,11,1020.0,0.0,0.0,0.0,0.0,30.0,367.0,245.0,1.0,0.0,0.0,1.0,3.0,2.0,0.0,0.0,0.0,0.0,1,0,Ørjan Nyland,1.0,0.0,0.0,0.0,0.0,2.6470588235294117,32.38235294117647,21.61764705882353,0.08823529411764705,0.0,0.0,0.08823529411764705,0.2647058823529412,0.1764705882352941,0.0,0.0,0.0,0.0,0.667574931880109,0.6666666666666666,0.0,0.0,31.437902708767428,0.1588235294117647,0.22058823529411764,0.0,0.1764705882352941,2.2470588235294118,2.603178928247048,4.104103221670139,0.34156863632324025,0.30484015844250484,0.32226553559235016,0.3168013406328847,0.2203142809368875,0.12178425191184963,0.123480850910051,0.9996646498695336,Norway,GK,1.0,11,GK:11,grid_centered_v2,False,GK,0.6866514123293992,0.14612645611411573
411800,32,32,2679.0,25.0,11.0,3.0,12.0,0.0,1241.0,1069.0,57.0,44.0,0.0,20.0,341.0,183.0,118.0,66.0,52.0,46.0,5,0,Christopher Baah,0.9199999999999999,0.7726763717805152,0.33997760358342666,0.09272116461366181,0.37088465845464724,0.0,38.355655095184765,33.039641657334826,1.7617021276595743,1.3599104143337066,0.0,0.618141097424412,10.539305711086225,5.655991041433371,3.6470324748040315,2.03986562150056,1.6071668533034713,1.4217245240761478,0.8614020950846092,0.5366568914956011,0.559322033898305,0.44,42.31850142526753,9.07431131019037,6.444120940649496,2.0977379619260916,3.684120940649496,9.528358132493523,4.122611788485229,0.17228041901692184,0.5501720729260559,0.8095363050010883,0.7784084734152339,0.49783109798613534,0.4614633807680907,0.6863672665528063,0.5760186027097592,0.5360000128737379,Ghana,LW,0.8571428571428571,28,LW:24 | ST:4,grid_centered_v2,False,W,0.6863289952584722,0.09016595375265223
50999,25,25,2262.0,0.0,0.0,0.0,0.0,98.0,761.0,527.0,0.0,0.0,0.0,0.0,23.0,21.0,0.0,0.0,5.0,0.0,1,0,Matt Turner,0.9231830238726791,0.0,0.0,0.0,0.0,3.599679164702489,27.952610656516267,19.357458365287876,0.0,0.0,0.0,0.0,0.8448226611036453,0.7713598210076762,0.0,0.0,0.1836571002399229,0.0,0.6925098554533509,0.9130434782608695,0.0,0.0,29.89142118176609,0.09182855011996145,0.0,0.0,0.0,3.819034184193355,2.789001885391076,5.538020718144403,0.31470470130913675,0.301235333772172,0.3069832687185164,0.3168013406328847,0.21087667676486685,0.20100399071496924,0.15673739384517943,0.9996646498695336,USA,GK,1.0,25,GK:25,grid_centered_v2,False,GK,0.6862671067668479,0.09812567051925868
21509,45,35,2882.0,84.0,41.0,18.0,8.0,0.0,698.0,536.0,42.0,39.0,2.0,2.0,399.0,204.0,47.0,30.0,58.0,62.0,3,0,Marcus Thuram,0.9963046495489243,2.61348478507629,1.2756294784300937,0.5600324539449192,0.24890331286440853,0.0,21.716814047419646,16.676521961915373,1.306742392538145,1.2134036502139915,0.06222582821610213,0.06222582821610213,12.414052729112376,6.347034478042418,1.4623069630784,0.933387423241532,1.804549018266962,1.9290006746991661,0.7679083094555874,0.5112781954887218,0.6382978723404256,0.4880952380952381,31.583758842804812,5.587879373805972,4.635824202099609,7.24233137755196,2.3770266378551015,10.419682855725549,3.8868064775268776,0.1535816618911175,0.34415906405657676,0.6361700198433351,0.6627021547838889,0.8646874150355923,0.36173206028203464,0.7541568540105951,0.48868517843982545,0.2996104995757237,France,RW,0.7222222222222222,36,RW:26 | LW:6 | ST:4,grid_centered_v2,False,W,0.6860567801255388,0.08693245601268232
35885,33,26,2378.0,48.0,28.0,11.0,8.0,0.0,1191.0,1021.0,46.0,33.0,1.0,14.0,281.0,137.0,86.0,40.0,55.0,31.0,3,0,Alejandro Zendejas,0.9078679562657694,1.6492807279512718,0.9620804246382418,0.37796016682216643,0.27488012132521195,0.0,40.92277806229093,35.08157548413018,1.5805606976199686,1.1338805004664994,0.03436001516565149,0.4810402123191209,9.65516426154807,4.707322077694255,2.9549613042460283,1.3744006066260597,1.889800834110832,1.0651604701351964,0.8572628043660789,0.4875444839857651,0.46511627906976744,0.5833333333333334,43.007941632422835,7.225911189336509,5.463242411338587,5.5372605957375365,3.040861342160157,8.052884360729252,3.9474340735903484,0.1714525608732158,0.5635819161187889,0.7263321677781829,0.7193484380435289,0.7750720559545234,0.41146803732449994,0.5558025410136193,0.5112887276640228,0.5250460951322028,USA,RW,0.7857142857142857,28,RW:22 | ST:4 | LW:2,grid_centered_v2,False,W,0.6848790485102774,0.09570244044334734
199578,26,26,2345.0,0.0,0.0,0.0,0.0,81.0,863.0,551.0,1.0,0.0,0.0,0.0,18.0,16.0,0.0,0.0,5.0,0.0,0,0,Zion Suzuki,1.0,0.0,0.0,0.0,0.0,3.1087420042643923,33.12153518123667,21.147121535181235,0.038379530916844345,0.0,0.0,0.0,0.6908315565031983,0.6140724946695095,0.0,0.0,0.19189765458422173,0.0,0.6384704519119351,0.8888888888888888,0.0,0.0,30.94321119118857,0.16503198294243068,0.09594882729211086,0.0,0.0,3.52636815920398,2.5902021372473283,4.790807096778975,0.33285368961875006,0.30517544338166747,0.3135811462560374,0.3168013406328847,0.21087667676486685,0.18378364752084425,0.12140114669746667,0.9996646498695336,Japan,GK,1.0,26,GK:26,grid_centered_v2,False,GK,0.6845964673566136,0.09637347395355389
198347,23,12,1331.0,18.0,12.0,4.0,2.0,0.0,586.0,494.0,29.0,28.0,0.0,11.0,218.0,86.0,84.0,34.0,18.0,16.0,3,0,Anthony Valencia,0.9199999999999998,1.1197595792637112,0.7465063861758074,0.24883546205860252,0.12441773102930126,0.0,36.45439519158526,30.731179564237408,1.8040570999248682,1.7418482344102173,0.0,0.6842975206611569,13.561532682193835,5.349962434259953,5.225544703230652,2.115101427498121,1.1197595792637112,0.9953418482344101,0.8430034129692833,0.3944954128440367,0.40476190476190477,0.6666666666666666,41.08767736029519,9.094936138241922,5.1944402704733275,4.369125970448284,4.503921863260705,8.673433646496044,3.757254191242782,0.16860068259385666,0.5260625140153998,0.8103451622001966,0.7015852855193745,0.6929736415225415,0.5261835160605949,0.6128399217200862,0.4406555879632342,0.48719216842988683,Ecuador,RW,1.0,12,RW:12,grid_centered_v2,False,W,0.6840514867637355,0.12792042981336627
161897,48,47,3863.0,105.0,51.0,23.0,9.0,0.0,1519.0,1277.0,66.0,64.0,5.0,14.0,454.0,216.0,131.0,69.0,57.0,53.0,6,0,Ismael Saibari,0.9380766243851928,2.2948030288480643,1.114618614011917,0.502671139652433,0.19669740247269119,0.0,33.19815048400199,27.90917588418074,1.4424476181330688,1.3987370842502487,0.10927633470705067,0.30597373717974186,9.922291191400202,4.720737659344589,2.8630399693247277,1.5080134189572991,1.2457502156603777,1.158329147894737,0.8406846609611587,0.47577092511013214,0.5267175572519084,0.4857142857142857,38.841179478096,6.989314367862961,4.687954758932474,6.55326374826472,3.249878194187687,8.036345498412821,3.988129954629964,0.16813693219223175,0.4818233774609592,0.714188773858254,0.6664362101330674,0.8327423591808687,0.42756495952906254,0.5542549044476769,0.5264410281174924,0.4810390825134168,Morocco,RW,0.40425531914893614,47,RW:19 | ST:14 | LW:14,grid_centered_v2,True,W,0.6838107242394604,0.07508731650327818
342035,29,14,1351.0,21.0,8.0,2.0,4.0,0.0,502.0,398.0,30.0,17.0,1.0,7.0,190.0,79.0,79.0,40.0,14.0,21.0,4,0,Cristian Volpato,1.0,1.3989637305699483,0.532938564026647,0.13323464100666174,0.2664692820133235,0.0,33.441894892672096,26.513693560325684,1.998519615099926,1.1324944485566246,0.06661732050333087,0.46632124352331605,12.657290895632865,5.262768319763138,5.262768319763138,2.6646928201332347,0.9326424870466321,1.3989637305699483,0.7928286852589641,0.41578947368421054,0.5063291139240507,0.38095238095238093,38.866609063376394,10.72538860103627,6.4618800888230945,2.5738958795953613,3.0444115470022206,8.615244068721024,3.740691494497754,0.15856573705179283,0.4823238634409236,0.8661845906285996,0.7793912183556139,0.5408578298342097,0.4117399740898764,0.6075959145673016,0.4345757555639089,0.3579286146266609,Australia,RW,1.0,14,RW:14,grid_centered_v2,False,W,0.6831943495946345,0.12697004198552533
2465,18,18,1657.0,0.0,0.0,0.0,0.0,76.0,496.0,346.0,0.0,0.0,0.0,0.0,11.0,8.0,0.0,0.0,4.0,3.0,3,0,Juan Musso,1.0,0.0,0.0,0.0,0.0,4.127942063971032,26.940253470126734,18.7929993964997,0.0,0.0,0.0,0.0,0.5974652987326493,0.43452021726010864,0.0,0.0,0.21726010863005432,0.16294508147254072,0.6975806451612904,0.7272727272727273,0.0,0.0,29.56263019058929,0.10863005431502716,0.0,0.0,0.0,2.7901464859823335,2.719405742455804,6.331429224988806,0.3091422358690427,0.30213709959301455,0.3069832687185164,0.3168013406328847,0.21087667676486685,0.14555858769494273,0.14350072543759046,0.9996646498695336,Argentina,GK,1.0,18,GK:18,grid_centered_v2,False,GK,0.6831691134176906,0.11464831691794819
6009,58,47,4147.0,105.0,62.0,21.0,10.0,0.0,1529.0,1272.0,96.0,41.0,2.0,10.0,409.0,154.0,123.0,64.0,34.0,48.0,2,0,Julián Alvarez,0.9930913913672536,2.2630126955438983,1.336255115464016,0.4526025391087797,0.2155250186232284,0.0,32.95377534749162,27.414782368874654,2.0690401787829926,0.8836525763552365,0.04310500372464569,0.2155250186232284,8.814973261690042,3.3190852867977174,2.6509577290657096,1.379360119188662,0.7327850633189765,1.0345200893914963,0.8319162851536952,0.3765281173594132,0.5203252032520326,0.5904761904761905,39.76518639277959,7.539065151440529,6.357988049385238,6.6725298554722405,2.069040178782993,5.776303753595044,3.916142003684038,0.16638325703073906,0.500024381161063,0.7419010866714467,0.7735977565735913,0.8386732084733844,0.3395583692470679,0.34560017780703245,0.49962215904787877,0.45783860448971353,Argentina,ST,0.5416666666666666,48,ST:26 | LW:16 | RW:6,grid_centered_v2,True,ST,0.6830312071896625,0.07247061052537383
563,46,45,4038.0,66.0,35.0,14.0,12.0,0.0,2800.0,2430.0,105.0,94.0,7.0,36.0,387.0,187.0,95.0,38.0,38.0,23.0,8,0,Alejandro Grimaldo,1.0,1.4710252600297176,0.7800891530460624,0.31203566121842496,0.2674591381872214,0.0,62.40713224368499,54.16047548291233,2.3402674591381873,2.0950965824665677,0.15601783060921248,0.8023774145616642,8.62555720653789,4.167904903417534,2.1173848439821694,0.8469539375928677,0.8469539375928677,0.512630014858841,0.8678571428571429,0.48320413436692505,0.4,0.5303030303030303,54.46017299936319,6.753343239227341,7.321693907875186,4.649016164617947,5.5475482912332845,7.284679267885322,3.909771252558063,0.1735714285714286,0.7610508315949859,0.7017611832107952,0.8232326638536988,0.7141118972942444,0.6070438937609548,0.48327538336086506,0.49724659997863513,0.55300922297972,Spain,LB,0.6222222222222222,45,LB:28 | RCB:17,grid_centered_v2,False,FB,0.6828723707777171,0.07344221733291847
42021,20,20,1860.0,0.0,0.0,0.0,0.0,62.0,504.0,366.0,0.0,0.0,0.0,0.0,13.0,11.0,0.0,0.0,7.0,0.0,1,0,Meshaal Aissa Barsham,0.85,0.0,0.0,0.0,0.0,2.55,20.729032258064514,15.05322580645161,0.0,0.0,0.0,0.0,0.5346774193548387,0.45241935483870965,0.0,0.0,0.2879032258064516,0.0,0.7261904761904762,0.8461538461538461,0.0,0.0,27.482826420890937,0.1439516129032258,0.0,0.0,0.0,3.171848635235732,2.880128205128205,3.970238095238095,0.27526420867068685,0.30403784876874784,0.3069832687185164,0.3168013406328847,0.21087667676486685,0.16448277732848798,0.17555089050990832,0.9996646498695336,Qatar,GK,1.0,20,GK:20,grid_centered_v2,False,GK,0.6812010327388672,0.10821126290435223
16797,21,21,1909.0,0.0,0.0,0.0,0.0,45.0,437.0,324.0,0.0,0.0,0.0,0.0,8.0,7.0,0.0,0.0,3.0,1.0,3,0,Mohamed El-Shenawy,0.8676008381351493,0.0,0.0,0.0,0.0,1.8406408561798608,17.87466787001332,13.252614164495,0.0,0.0,0.0,0.0,0.3272250410986419,0.2863219109613117,0.0,0.0,0.12270939041199073,0.04090313013733024,0.7414187643020596,0.875,0.0,0.0,26.57906964905748,0.06135469520599537,0.0,0.0,0.0,3.0258506753458363,2.941693424646222,2.909245037130203,0.2612820724940768,0.29960366436825964,0.3069832687185164,0.3168013406328847,0.21087667676486685,0.15702097772043325,0.18923964813438213,0.9996646498695336,Egypt,GK,1.0,16,GK:16,grid_centered_v2,False,GK,0.6804579191472162,0.10681345757791272
818,32,27,2319.0,83.0,37.0,17.0,4.0,0.0,556.0,361.0,32.0,6.0,3.0,2.0,361.0,178.0,17.0,9.0,44.0,58.0,4,2,Tomáš Chorý,0.8815006468305303,2.839504024072472,1.265802998682909,0.5815851615570122,0.13684356742517936,0.0,19.02125587209993,12.350131960122436,1.094748539401435,0.20526535113776903,0.10263267556888452,0.06842178371258968,12.350131960122436,6.089538750420481,0.5815851615570122,0.3078980267066535,1.505279241676973,1.9842317276651007,0.6492805755395683,0.4930747922437673,0.5294117647058824,0.4457831325301205,26.98107660973705,3.4929320585277033,3.4895109693420734,7.316371755672412,0.6192171425989367,10.004578627319976,3.2639145695433767,0.12985611510791367,0.2674445346605476,0.5062646538771224,0.5761569147795487,0.8677947020010482,0.2453059822961584,0.7238473396169242,0.2740149672885315,0.10816599773567327,Czech Republic,ST,0.8518518518518519,27,ST:23 | RW:3 | LW:1,grid_centered_v2,False,ST,0.6803748736707024,0.0969122247264143
277046,19,19,1710.0,0.0,0.0,0.0,0.0,51.0,571.0,380.0,0.0,1.0,0.0,0.0,20.0,17.0,0.0,0.0,4.0,0.0,2,0,Mohamed Koné,0.9199999999999999,0.0,0.0,0.0,0.0,2.469473684210526,27.64842105263158,18.4,0.0,0.04842105263157894,0.0,0.0,0.9684210526315788,0.8231578947368421,0.0,0.0,0.19368421052631576,0.0,0.6654991243432574,0.85,0.0,0.0,29.07926758226565,0.09684210526315788,0.0,0.0,0.0871578947368421,3.7024210526315784,2.669246935201401,3.8373103511844406,0.30106444892726103,0.301504259667622,0.3069832687185164,0.3168013406328847,0.21550041069818388,0.19400164585363167,0.13454831798961625,0.9996646498695336,Ivory Coast,GK,1.0,19,GK:19,grid_centered_v2,False,GK,0.6802106949121383,0.11285761872936696
34431,25,20,1870.0,45.0,26.0,8.0,8.0,0.0,669.0,535.0,71.0,16.0,2.0,7.0,130.0,55.0,36.0,19.0,12.0,21.0,1,0,Dong-gyeong Lee,0.85,1.8409090909090906,1.0636363636363635,0.32727272727272727,0.32727272727272727,0.0,27.368181818181814,21.886363636363633,2.9045454545454543,0.6545454545454545,0.08181818181818182,0.2863636363636364,5.318181818181818,2.25,1.4727272727272727,0.7772727272727272,0.49090909090909085,0.8590909090909091,0.7997010463378177,0.4230769230769231,0.5277777777777778,0.5777777777777777,38.11729888571817,7.416818181818181,9.061363636363636,5.262828282828282,1.840909090909091,4.419230769230769,3.8494571586858584,0.15994020926756355,0.4675956349804915,0.7358926848291972,0.8906511020729477,0.7572703424460542,0.3235696465258446,0.24001066119121373,0.4747775011644641,0.3748783326160985,South Korea,RW,0.8214285714285714,28,RW:23 | ST:5,grid_centered_v2,False,W,0.6801282369213476,0.10792154012767521
50728,39,39,3525.0,1.0,0.0,0.0,0.0,114.0,835.0,610.0,0.0,0.0,0.0,0.0,19.0,15.0,0.0,0.0,7.0,0.0,2,0,Matthew Freese,0.9228085106382983,0.02356106835672251,0.0,0.0,0.0,2.685961792666366,19.673492077863298,14.372251697600731,0.0,0.0,0.0,0.0,0.4476602987777277,0.35341602535083766,0.0,0.0,0.16492747849705758,0.0,0.7305389221556886,0.7894736842105263,0.0,0.0,27.1165444889307,0.08246373924852879,0.0,0.0,0.0,2.8632034881227515,2.8726757012291206,4.175050473430687,0.2695418201329465,0.30073337330098704,0.3069832687185164,0.3168013406328847,0.21087667676486685,0.14903516781207005,0.17394786132141574,0.9996646498695336,USA,GK,1.0,46,GK:46,grid_centered_v2,False,GK,0.6798161006530452,0.07860485611115461
295793,37,29,2783.0,16.0,6.0,1.0,1.0,0.0,1652.0,1456.0,12.0,53.0,24.0,40.0,268.0,171.0,11.0,8.0,24.0,39.0,7,0,Marc Pubill,0.9951491196550485,0.5149172591819151,0.1930939721932182,0.032182328698869694,0.032182328698869694,0.0,53.16520701053274,46.857470585554275,0.3861879443864364,1.7056634210400938,0.7723758887728728,1.287293147954788,8.624864091297079,5.503178207506719,0.35400561568756667,0.25745862959095756,0.7723758887728728,1.2551108192559182,0.8813559322033898,0.6380597014925373,0.7272727272727273,0.375,46.73061734859735,1.7249728182594157,1.1424726688098743,1.277790190661463,6.4943939314319055,9.618628594987017,4.548651686859315,0.17627118644067796,0.6339399505067194,0.3952362467603779,0.3900380167115658,0.42417096591042,0.6757628568881873,0.6936826702519484,0.7194860665467867,0.5881362149225308,Spain,RCB,0.7931034482758621,29,RCB:23 | RB:6,grid_centered_v2,False,CB,0.6797864127569245,0.08846517369293827
212233,36,21,2073.0,51.0,23.0,5.0,3.0,0.0,1087.0,927.0,49.0,44.0,3.0,13.0,230.0,118.0,68.0,37.0,28.0,35.0,7,0,Brian Gutierrez,0.928142788229619,2.055077374806537,0.9267996004029481,0.20147817400064089,0.12088690440038453,0.0,43.801355027739326,37.35405345971882,1.9744861052062808,1.7730079312056397,0.12088690440038453,0.5238432524016663,9.267996004029479,4.754884906415125,2.740103166408716,1.4909384876047425,1.128277774403589,1.4103472180044863,0.8528058877644894,0.5130434782608696,0.5441176470588235,0.45098039215686275,44.97972916700749,7.845560095584956,5.6010932372178175,3.8113056168829798,4.372076375813907,8.195969303763784,4.0566219857455845,0.1705611775528979,0.6013613813733383,0.7565684498171271,0.7282035718529039,0.6483984150528191,0.5157773836535747,0.5691435570957473,0.5518189522931196,0.5132249300375338,Mexico,AM,0.5925925925925926,27,AM:16 | DM:8 | CM:3,grid_centered_v2,True,AM,0.6797655101167874,0.10250127950915064
70747,47,39,3353.0,88.0,43.0,13.0,11.0,0.0,1022.0,843.0,56.0,34.0,1.0,15.0,435.0,186.0,182.0,86.0,47.0,34.0,2,0,Julio Enciso,0.9691321204891141,2.2891519219426733,1.118562870949261,0.33817017028698587,0.28614399024283416,0.0,26.5853780025615,21.92903488860993,1.456733041236247,0.8844450607505785,0.026013090022075837,0.39019635033113753,11.315694159602987,4.838434744106106,4.734382384017802,2.237125741898522,1.2226152310375642,0.8844450607505785,0.824853228962818,0.42758620689655175,0.4725274725274725,0.48863636363636365,35.49821690769562,8.826241444490332,5.215624549426205,5.24862210889758,2.4010082090376,8.056567262438204,3.8378146298178883,0.1649706457925636,0.41672019826244233,0.7996006840029292,0.7030084849929363,0.756323247748221,0.3634850788098835,0.5561470250657994,0.47044917532757613,0.43927760895503154,Paraguay,ST,0.8,40,ST:32 | RW:5 | LW:3,grid_centered_v2,False,ST,0.6790646783464256,0.08059575369996026
193288,13,13,1140.0,0.0,0.0,0.0,1.0,29.0,290.0,203.0,1.0,0.0,0.0,0.0,3.0,3.0,0.0,0.0,1.0,0.0,0,1,Nawaf Al-Aqidi,0.9089473684210525,0.0,0.0,0.0,0.0717590027700831,2.08101108033241,20.810110803324097,14.567077562326869,0.0717590027700831,0.0,0.0,0.0,0.2152770083102493,0.2152770083102493,0.0,0.0,0.0717590027700831,0.0,0.7,1.0,0.0,0.0,27.00806786703601,0.16504570637119115,0.5740720221606648,0.0,0.0,3.301387811634349,2.8499999999999996,3.261516620498615,0.2678615801281853,0.3051761847387449,0.3475569154546492,0.3168013406328847,0.21087667676486685,0.17133949046019617,0.16914142153734354,0.9996646498695336,Saudi Arabia,GK,1.0,16,GK:16,grid_centered_v2,False,GK,0.6787590866844821,0.1382217897362595
108370,42,42,3794.0,0.0,0.0,0.0,0.0,100.0,1235.0,847.0,0.0,0.0,0.0,1.0,24.0,18.0,0.0,0.0,8.0,1.0,1,0,Martin Zlomislić,0.85,0.0,0.0,0.0,0.0,2.016341591987348,24.90181866104375,17.07841328413284,0.0,0.0,0.0,0.02016341591987348,0.4839219820769636,0.3629414865577227,0.0,0.0,0.16130732735898784,0.02016341591987348,0.68582995951417,0.75,0.0,0.0,28.35156738532394,0.08065366367949392,0.0,0.0,0.04032683183974696,2.758118081180812,2.698791785026005,3.161678379883856,0.28913350389814374,0.30063640696460336,0.3069832687185164,0.3168013406328847,0.21300693037917132,0.1440557835055243,0.13976293990761493,0.9996646498695336,Bosnia & Herzegovina,GK,1.0,42,GK:42,grid_centered_v2,False,GK,0.6786066991940145,0.07576703188535844
39082,42,42,3735.0,0.0,0.0,0.0,0.0,122.0,1197.0,784.0,0.0,1.0,0.0,0.0,20.0,19.0,0.0,0.0,5.0,0.0,3,0,Egil Selvik,0.9238554216867471,0.0,0.0,0.0,0.0,2.7159123239947744,26.647106982145452,17.453075918130356,0.0,0.022261576426186678,0.0,0.0,0.44523152852373354,0.42296995209754684,0.0,0.0,0.11130788213093339,0.0,0.6549707602339181,0.95,0.0,0.0,28.365467147813405,0.05565394106546669,0.0,0.0,0.040070837567136024,3.4421579329365652,2.672397660818713,4.204862638038945,0.28935875422427015,0.2992989895179091,0.3069832687185164,0.3168013406328847,0.2129933581861665,0.17904562647067687,0.13509649101121343,0.9996646498695336,Norway,GK,1.0,41,GK:41,grid_centered_v2,False,GK,0.6779517819247797,0.07636311479506856
26475,50,42,3792.0,138.0,72.0,28.0,17.0,0.0,1105.0,813.0,94.0,26.0,2.0,8.0,369.0,132.0,33.0,15.0,40.0,60.0,8,0,Deniz Undav,0.9803006329113924,3.210794794504086,1.6751972840890883,0.6514656104790898,0.39553269207659025,0.0,25.70962498497837,18.91576933283929,2.1870631208940874,0.6049323525877263,0.04653325789136356,0.18613303156545424,8.585386080956576,3.071195020829995,0.7677987552074987,0.3489994341852267,0.9306651578272713,1.3959977367409069,0.7357466063348417,0.35772357723577236,0.45454545454545453,0.5217391304347826,34.33712264339948,5.27454478198606,7.643087608656465,8.600479342427006,1.5123308814693157,5.372843760869309,3.4247045523088,0.14714932126696834,0.39465733845965806,0.6175004913542302,0.8377630360213428,0.9126734822306718,0.301253424796453,0.3118887388664898,0.3242038440256262,0.23310118404862248,Germany,ST,0.6585365853658537,41,ST:27 | RW:8 | LW:6,grid_centered_v2,False,ST,0.6777364666261202,0.07578701000881317
263228,33,29,2555.0,50.0,22.0,9.0,5.0,0.0,1066.0,887.0,52.0,31.0,1.0,17.0,357.0,173.0,142.0,73.0,63.0,28.0,6,0,Parfait Guiagon,0.9200000000000002,1.620352250489237,0.7129549902152643,0.29166340508806265,0.1620352250489237,0.0,34.54590998043053,28.745048923679065,1.6851663405088064,1.004618395303327,0.03240704500978474,0.5509197651663406,11.569315068493152,5.60641878669276,4.601800391389433,2.3657142857142857,2.041643835616439,0.9073972602739727,0.8320825515947468,0.484593837535014,0.5140845070422535,0.44,39.71805596208002,9.968407045009787,5.104109589041096,4.211444227005871,2.9458003913894326,9.302767813974906,3.958886797449758,0.16641651031894936,0.49909560249201557,0.8422126537088656,0.6954730158077667,0.6806897550903206,0.40420720401461224,0.6676811106510778,0.5155562256513379,0.4582771559356981,Ivory Coast,AM,1.0,29,AM:29,grid_centered_v2,False,AM,0.6776245664607101,0.09232801221476791
35769,32,32,2856.0,1.0,0.0,0.0,0.0,135.0,920.0,602.0,0.0,1.0,0.0,1.0,17.0,16.0,0.0,0.0,8.0,0.0,1,1,Carlos Acevedo,0.9155882352941177,0.028852570439940682,0.0,0.0,0.0,3.8950970093919923,26.544364804745427,17.36924740484429,0.0,0.028852570439940682,0.0,0.028852570439940682,0.49049369747899163,0.4616411270390509,0.0,0.0,0.23082056351952546,0.0,0.6543478260869565,0.9411764705882353,0.0,0.0,28.303659814309356,0.11541028175976273,0.0,0.0,0.1096397676717746,3.469826989619377,2.666687979539642,5.97351507930538,0.2883579433980667,0.30250143933583257,0.3069832687185164,0.3168013406328847,0.2167049365908238,0.18059178187188443,0.13410448637607836,0.9996646498695336,Mexico,GK,1.0,34,GK:34,grid_centered_v2,False,GK,0.6776028190642686,0.08732726046411893
362400,33,32,2845.0,32.0,15.0,7.0,7.0,0.0,1270.0,1055.0,57.0,75.0,4.0,17.0,370.0,213.0,124.0,81.0,37.0,32.0,3,0,Maximilian Arfsten,0.9134586994727593,0.9246963284645155,0.4334514039677417,0.2022773218516128,0.2022773218516128,0.0,36.69888553593546,30.486082079064495,1.6471153350774184,2.167257019838708,0.11558704105806444,0.49124492449677387,10.69180129787096,6.155009936341932,3.5831982727999976,2.340637581425805,1.069180129787096,0.9246963284645155,0.8307086614173228,0.5756756756756757,0.6532258064516129,0.46875,40.57644569675887,9.350991621597414,5.230313607877417,3.1625505403677407,5.010698229867093,10.344040937905731,4.239581330566642,0.16614173228346457,0.5160060575342973,0.8201683490032883,0.7039930182976065,0.5931534225103127,0.5658922193615726,0.7488045137708209,0.6179644534307485,0.4546553269126105,USA,AM,0.7368421052631579,38,AM:28 | DM:10,grid_centered_v2,False,AM,0.6775696463615043,0.08749592006556367
180560,37,23,2012.0,20.0,8.0,1.0,8.0,0.0,911.0,719.0,41.0,45.0,3.0,11.0,320.0,166.0,60.0,33.0,80.0,33.0,12,0,Hannibal Mejbri,0.9860437375745528,0.8821464849076517,0.35285859396306063,0.04410732424538258,0.35285859396306063,0.0,40.18177238754353,31.71316613243008,1.8084002940606858,1.9848295910422162,0.13232197273614776,0.4851805666992084,14.114343758522427,7.321815824733508,2.646439454722955,1.4555417000976252,3.5285859396306067,1.4555417000976252,0.7892425905598244,0.51875,0.55,0.4,41.42966292651157,8.658267749368601,6.461723001948548,1.6468606255113456,4.688608567284168,11.806792154626912,3.8434057309515754,0.15784851811196488,0.5327784441547038,0.792655441397169,0.7793825392910305,0.45710797097454314,0.5407200638126549,0.8384137017241236,0.47252725642052285,0.3492200361949369,Tunisia,RW,0.8125,16,RW:13 | ST:3,grid_centered_v2,False,W,0.6764552757622836,0.10404349908470621
135068,36,32,2928.0,21.0,9.0,1.0,3.0,0.0,1858.0,1611.0,14.0,75.0,31.0,38.0,282.0,176.0,17.0,11.0,12.0,35.0,7,1,Emmanuel Agbadou,0.9585382513661204,0.6187285843859179,0.2651693933082505,0.02946326592313895,0.08838979776941684,0.0,54.74274808519217,47.46532140217684,0.41248572292394525,2.209744944235421,0.9133612436173073,1.11960410507928,8.308640990325184,5.185534802472454,0.5008755206933622,0.3240959251545284,0.35355919107766737,1.0312143073098632,0.8670613562970937,0.624113475177305,0.6470588235294118,0.42857142857142855,47.13574199161171,1.7294937096882559,1.517358195041656,1.4640861351595196,7.221446477761356,9.132089148993352,4.366568874878903,0.17341227125941874,0.6413184830468175,0.3955115800494621,0.41904592293271714,0.44073127256234784,0.7239850628375573,0.653179983410547,0.6615762902764802,0.5509181828781932,Ivory Coast,RCB,0.5,32,RCB:16 | RB:12 | LCB:3 | LB:1,grid_centered_v2,True,CB,0.6756153909146266,0.08624688162573727
49837,16,15,1381.0,1.0,0.0,0.0,0.0,32.0,331.0,230.0,0.0,0.0,0.0,0.0,5.0,5.0,0.0,0.0,3.0,1.0,1,0,Mert Günok,0.9060101375814625,0.05904483155853122,0.0,0.0,0.0,1.889434609872999,19.543839245873837,13.580311258462181,0.0,0.0,0.0,0.0,0.29522415779265615,0.29522415779265615,0.0,0.0,0.17713449467559367,0.05904483155853122,0.6948640483383686,1.0,0.0,0.0,26.166328869102443,0.08856724733779683,0.0,0.0,0.0,3.4133138209097185,2.8273005826596074,2.9731247244771724,0.2550513427419462,0.30106047154956306,0.3069832687185164,0.3168013406328847,0.21087667676486685,0.1774448481407298,0.1644364923634846,0.9996646498695336,Türkiye,GK,1.0,15,GK:15,grid_centered_v2,False,GK,0.6754912998311554,0.12558335998103987
395559,43,29,2637.0,72.0,40.0,12.0,4.0,0.0,1094.0,887.0,52.0,40.0,0.0,9.0,371.0,197.0,146.0,78.0,76.0,42.0,4,0,Kerim Alajbegović,0.8791998483124764,2.1604910948292937,1.2002728304607186,0.3600818491382156,0.12002728304607187,0.0,32.827461913100656,26.61605001546644,1.5603546795989343,1.2002728304607186,0.0,0.2700613868536617,11.132530502523165,5.91134369001904,4.380995831181623,2.3405320193984016,2.2805183778753655,1.2602864719837545,0.8107861060329068,0.5309973045822103,0.5342465753424658,0.5555555555555556,38.162719870915836,9.80022766071177,4.561036755750731,5.672147866861842,2.700613868536617,9.868873079773287,3.9109712108057955,0.16215722120658138,0.4684870702398373,0.8364349663858943,0.6573096609173947,0.7834751939272098,0.385679099983475,0.7134519463054738,0.49769404044459176,0.4028600498673222,Bosnia & Herzegovina,AM,0.8928571428571429,28,AM:25 | CM:3,grid_centered_v2,False,AM,0.6751468208892758,0.09088116232492303
1864,57,48,4123.0,43.0,25.0,10.0,11.0,0.0,1614.0,1419.0,85.0,30.0,0.0,11.0,401.0,160.0,174.0,78.0,36.0,28.0,7,1,Pedro Neto,1.0,0.9386369148678148,0.5457191365510551,0.21828765462042202,0.24011642008246423,0.0,35.23162745573612,30.975018190637886,1.8554450642735871,0.6548629638612661,0.0,0.24011642008246423,8.753334950278923,3.4926024739267523,3.7982051903953433,1.7026437060392918,0.7858355566335193,0.6112054329371817,0.879182156133829,0.39900249376558605,0.4482758620689655,0.5813953488372093,41.54467638697415,7.989328159107446,5.959252971137522,3.6730987258092718,1.6589861751152075,6.086650944794211,3.9947386610637996,0.17583643122676582,0.5350345394954381,0.7632506121841104,0.7503751399980926,0.6369026567286662,0.31110619180136045,0.3726540426187892,0.5288977942970066,0.5825301943472141,Portugal,AM,0.8888888888888888,54,AM:48 | CM:6,grid_centered_v2,False,AM,0.675112457251453,0.07268123032677841
1590,24,24,2160.0,0.0,0.0,0.0,0.0,65.0,734.0,440.0,1.0,1.0,0.0,0.0,23.0,22.0,0.0,0.0,6.0,0.0,2,0,José Sá,1.0,0.0,0.0,0.0,0.0,2.7083333333333335,30.583333333333332,18.333333333333332,0.041666666666666664,0.041666666666666664,0.0,0.0,0.9583333333333334,0.9166666666666666,0.0,0.0,0.25,0.0,0.5994550408719346,0.9565217391304348,0.0,0.0,28.832209355131695,0.2,0.10416666666666666,0.0,0.075,4.152898550724638,2.480701338703945,4.1823910081743865,0.296982437330393,0.3070677306300412,0.3141498144967381,0.3168013406328847,0.21485104543994865,0.22208926164074072,0.10502898830301172,0.9996646498695336,Portugal,GK,1.0,24,GK:24,grid_centered_v2,False,GK,0.6749663931397739,0.10041580220928047
5994,49,34,2743.0,39.0,17.0,6.0,9.0,0.0,1067.0,878.0,70.0,63.0,2.0,13.0,446.0,220.0,112.0,57.0,69.0,52.0,6,2,Jorge Carrascal,0.9025956981407219,1.154980277241682,0.5034529413617589,0.17768927342179724,0.26653391013269584,0.0,31.59907579017628,26.001863677389665,2.073041523254301,1.865737370928871,0.059229757807265755,0.3849934257472274,13.208235991020262,6.515273358799233,3.316866437206882,1.6880480975070737,2.043426644350668,1.5399737029889096,0.8228678537956888,0.49327354260089684,0.5089285714285714,0.4358974358974359,38.93736349698015,8.97330830780076,6.648540313865579,2.998143177075712,4.1934668527544146,10.601203330121615,3.8702204376575855,0.16457357075913778,0.48371658250946103,0.8055371205504853,0.7895311075047573,0.5787065456468823,0.5016601736709654,0.7666844448277211,0.4825056288430737,0.43408841120229175,Colombia,AM,0.78125,32,AM:25 | CM:7,grid_centered_v2,False,AM,0.6747808103212051,0.08910786411602767
128384,55,50,4450.0,57.0,26.0,7.0,10.0,0.0,5239.0,4903.0,70.0,55.0,7.0,51.0,253.0,133.0,37.0,27.0,42.0,32.0,2,0,Vitinha,0.9894157303370785,1.1406073475571266,0.520277035727812,0.14007458654210325,0.20010655220300463,0.0,104.83582269915414,98.11224254513318,1.4007458654210327,1.1005860371165257,0.14007458654210325,1.0205434162353237,5.062695770736018,2.6614171442999615,0.7403942431511171,0.5402876909481126,0.8404475192526195,0.640340967049615,0.9358656232105363,0.525691699604743,0.7297297297297297,0.45614035087719296,73.37425252572483,4.29228554475445,4.602450700669108,2.761265244110149,4.176223744476707,5.303059100834175,4.748092597228318,0.18717312464210728,0.9339725618711161,0.5569288726945612,0.6603009092976783,0.5576585621229431,0.5002967875786671,0.30624255938348804,0.7754580830370204,0.7181796097074102,Portugal,CM,0.9122807017543859,57,CM:52 | DM:5,grid_centered_v2,False,CM,0.6745366707182555,0.06995986008041975
26300,27,19,1888.0,29.0,12.0,4.0,0.0,0.0,1195.0,1008.0,9.0,24.0,15.0,25.0,260.0,158.0,11.0,7.0,8.0,30.0,5,0,Ozan Kabak,1.0,1.382415254237288,0.5720338983050848,0.1906779661016949,0.0,0.0,56.965042372881356,48.05084745762712,0.4290254237288136,1.1440677966101696,0.715042372881356,1.1917372881355932,12.39406779661017,7.531779661016949,0.524364406779661,0.3336864406779661,0.3813559322033898,1.430084745762712,0.8435146443514644,0.6076923076923076,0.6363636363636364,0.41379310344827586,47.58018602404085,1.7971398305084747,1.072563559322034,3.1538573933372294,5.229343220338983,12.367568448500652,4.226425944100576,0.1687029288702929,0.6493367784674061,0.3996392203184065,0.3847070938465717,0.5923933239512441,0.5827962167183807,0.8651740912842686,0.613321400864904,0.4885493698689823,Türkiye,RCB,0.5789473684210527,19,RCB:11 | LCB:7 | RB:1,grid_centered_v2,True,CB,0.6741346457739429,0.10740585155917969
162511,38,37,3349.0,0.0,0.0,0.0,0.0,93.0,1160.0,685.0,0.0,1.0,0.0,0.0,15.0,14.0,0.0,0.0,5.0,0.0,0,0,Senne Lammens,0.9914004180352346,0.0,0.0,0.0,0.0,2.4777609731128436,30.905405686138696,18.250174909487075,0.0,0.026642591108740257,0.0,0.0,0.3996388666311039,0.3729962755223636,0.0,0.0,0.1332129555437013,0.0,0.5905172413793104,0.9333333333333333,0.0,0.0,28.670363593245174,0.06660647777185065,0.0,0.0,0.047956663995732465,3.322194785731309,2.44014367816092,3.8347449079451277,0.2943257509501723,0.2998845010841046,0.3069832687185164,0.3168013406328847,0.21341173505295696,0.17246172543128982,0.09947701679659146,0.9996646498695336,Belgium,GK,1.0,37,GK:37,grid_centered_v2,False,GK,0.6736022601377667,0.0806438705721271
127769,58,27,2608.0,54.0,29.0,12.0,7.0,0.0,702.0,559.0,45.0,21.0,2.0,12.0,293.0,122.0,103.0,52.0,31.0,24.0,5,0,Gabriel Martinelli,0.9959164110429447,1.8558871770202114,0.9966801506219654,0.4124193726711581,0.24057796739150888,0.0,24.126533301262747,19.211869110264782,1.5465726475168429,0.7217339021745266,0.06873656211185969,0.4124193726711581,10.069906349387443,4.19293028882344,3.539932948760774,1.7871506149083518,1.0654167127338252,0.8248387453423162,0.7962962962962963,0.41638225255972694,0.5048543689320388,0.5370370370370371,33.85749268800933,7.7844156591681095,5.189610439445406,5.7687812663140905,2.1995699875795096,7.119249162031997,3.7963407025112126,0.15925925925925927,0.3856619220610328,0.7536880537887437,0.701260260315573,0.7893540990494404,0.3488769091991987,0.4676443527292392,0.45507101480608503,0.36643965687358815,Brazil,LW,0.9615384615384616,26,LW:25 | RW:1,grid_centered_v2,False,W,0.6733445616625549,0.09138504797758236
314509,29,29,2610.0,1.0,0.0,0.0,0.0,102.0,856.0,529.0,1.0,1.0,0.0,0.0,20.0,19.0,0.0,0.0,8.0,0.0,1,0,Matthieu Epolo,0.9200000000000003,0.03172413793103449,0.0,0.0,0.0,3.235862068965518,27.155862068965526,16.782068965517247,0.03172413793103449,0.03172413793103449,0.0,0.0,0.6344827586206899,0.6027586206896554,0.0,0.0,0.25379310344827594,0.0,0.6179906542056075,0.95,0.0,0.0,27.733352562036742,0.18400000000000005,0.07931034482758623,0.0,0.057103448275862084,3.693862068965517,2.542967289719626,4.9773912342893984,0.27922125681396887,0.30620108270223706,0.3124314905859402,0.3168013406328847,0.2138977608616358,0.19349506716271223,0.11408455419005077,0.9996646498695336,Congo DR,GK,1.0,29,GK:29,grid_centered_v2,False,GK,0.672772491919545,0.09135002783911396
47270,53,53,4770.0,0.0,0.0,0.0,0.0,137.0,1627.0,954.0,1.0,1.0,0.0,0.0,31.0,29.0,0.0,0.0,16.0,0.0,1,0,Unai Simón,0.9971698113207547,0.0,0.0,0.0,0.0,2.5775898896404414,30.61123175507298,17.949056603773585,0.01881452474190103,0.01881452474190103,0.0,0.0,0.5832502669989319,0.5456212175151299,0.0,0.0,0.30103239587041647,0.0,0.5863552550706822,0.9354838709677419,0.0,0.0,28.471564716033697,0.1843823424706301,0.04703631185475257,0.0,0.033866144535421853,3.5703213174244075,2.4264369411344844,3.983655885474799,0.2910815228636758,0.3062217765307958,0.31020805393485695,0.3168013406328847,0.21266459338574287,0.18629496445864238,0.0976605177543879,0.9996646498695336,Spain,GK,1.0,53,GK:53,grid_centered_v2,False,GK,0.6726809396641369,0.06757246285173463
283058,43,22,1977.0,64.0,41.0,13.0,5.0,0.0,589.0,474.0,36.0,13.0,0.0,4.0,214.0,75.0,53.0,20.0,17.0,34.0,3,1,Nicolas Jackson,0.9843803743045018,2.8679974486565154,1.83731086554558,0.5825619817583546,0.22406230067629027,0.0,26.39453901966699,21.241106104112315,1.6132485648692898,0.5825619817583546,0.0,0.1792498405410322,9.589866468945223,3.3609345101443537,2.3750603871686766,0.8962492027051611,0.7618118222993868,1.5236236445987736,0.8047538200339559,0.35046728971962615,0.37735849056603776,0.640625,35.222885189437626,5.5253763346773175,5.265464065892822,8.513981065830649,1.4071112482471027,5.7567101833609735,3.514180677457662,0.1609507640067912,0.41145459983310323,0.6324764518661127,0.7063412761798441,0.9101438755399102,0.29429500008186316,0.34392312215144216,0.3541011846233986,0.3875417127954504,Senegal,ST,0.9130434782608695,23,ST:21 | LW:1 | RW:1,grid_centered_v2,False,ST,0.6726017604376107,0.10496043043695742
2410,45,45,4117.0,0.0,0.0,0.0,1.0,113.0,1192.0,779.0,4.0,2.0,0.0,0.0,22.0,17.0,0.0,0.0,8.0,1.0,3,0,Weverton,0.9062108331309208,0.0,0.0,0.0,0.01981029268442625,2.238563073340166,23.613868879836087,15.43221800116805,0.079241170737705,0.0396205853688525,0.0,0.0,0.43582643905737745,0.3367749756352462,0.0,0.0,0.15848234147541,0.01981029268442625,0.6535234899328859,0.7727272727272727,0.0,0.0,27.122810585723794,0.221875278065574,0.30705953660860685,0.0,0.0713170536639345,2.789666784071163,2.5948383004412556,3.488549307996826,0.2696390812648216,0.3082548227003901,0.3283639369722656,0.3168013406328847,0.21465461631986346,0.14553598397724643,0.12214066539308997,0.9996646498695336,Brazil,GK,1.0,51,GK:51,grid_centered_v2,False,GK,0.6720644734901713,0.07273417283494718
380587,53,40,3625.0,72.0,31.0,7.0,7.0,0.0,1549.0,1271.0,56.0,73.0,3.0,30.0,488.0,247.0,161.0,87.0,66.0,42.0,3,0,Ibrahim Maza,0.9928275862068966,1.7747648989298455,0.764134887039239,0.1725465873959572,0.1725465873959572,0.0,38.18209483947681,31.3295303686088,1.3803726991676577,1.7994144114149824,0.07394853745541022,0.7394853745541022,12.028962092746731,6.088429583828775,3.9685715101070156,2.1445075862068967,1.626867824019025,1.035279524375743,0.8205293737895416,0.5061475409836066,0.5403726708074534,0.4305555555555556,40.45592242083842,8.659373736028538,4.399937978596909,3.3112726521337037,4.799260080856124,10.042244040311104,3.9641602701601943,0.16410587475790833,0.5136330467665282,0.7927017467214236,0.6455561941021174,0.6060853421862622,0.5493978677587272,0.7266909016969694,0.517520494829843,0.42799486404996046,Algeria,RW,0.575,40,RW:23 | ST:11 | LW:6,grid_centered_v2,True,W,0.6713559839534918,0.07751306897594086
53886,13,12,1155.0,0.0,0.0,0.0,0.0,33.0,353.0,226.0,0.0,1.0,0.0,0.0,13.0,12.0,0.0,0.0,6.0,1.0,1,0,Jalal Hassan,0.8675324675324675,0.0,0.0,0.0,0.0,2.230797773654916,23.862776184854106,15.277584752909428,0.0,0.06759993253499746,0.0,0.0,0.878799122954967,0.8111991904199696,0.0,0.0,0.4055995952099848,0.06759993253499746,0.6402266288951841,0.9230769230769231,0.0,0.0,26.743915005563952,0.2027997976049924,0.0,0.0,0.12167987856299543,3.9049096358187265,2.604615975761114,3.474241986261411,0.2637978913273608,0.30721952341262404,0.3069832687185164,0.3168013406328847,0.21735201684380856,0.20628043897365367,0.1237130298805724,0.9996646498695336,Iraq,GK,1.0,11,GK:11,grid_centered_v2,False,GK,0.6711320901758016,0.13732131246511903
136503,14,14,1295.0,0.0,0.0,0.0,1.0,41.0,400.0,259.0,1.0,0.0,0.0,0.0,15.0,12.0,0.0,0.0,5.0,3.0,3,0,Salah Zakaria,0.85,0.0,0.0,0.0,0.059073359073359075,2.422007722007722,23.629343629343627,15.299999999999999,0.059073359073359075,0.0,0.0,0.0,0.886100386100386,0.7088803088803088,0.0,0.0,0.29536679536679533,0.1772200772200772,0.6475,0.8,0.0,0.0,26.938851351351353,0.254015444015444,0.4725868725868726,0.0,0.0,3.3924324324324324,2.5720723938223937,3.762511583011583,0.2667929341808524,0.31000355716489186,0.34019945803742074,0.3168013406328847,0.21087667676486685,0.1762930008325105,0.11854621657175497,0.9996646498695336,Qatar,GK,1.0,14,GK:14,grid_centered_v2,False,GK,0.6709560767501772,0.12968628616215677
50077,30,29,2715.0,0.0,0.0,0.0,0.0,74.0,676.0,445.0,0.0,1.0,0.0,0.0,14.0,14.0,0.0,0.0,6.0,0.0,2,0,Sergio Rochet,0.9142099447513815,0.0,0.0,0.0,0.0,2.2425923506608476,20.4863841763072,13.48585940600104,0.0,0.030305302035957396,0.0,0.0,0.42427422850340357,0.42427422850340357,0.0,0.0,0.18183181221574438,0.0,0.658284023668639,1.0,0.0,0.0,25.675973471054213,0.09091590610787219,0.0,0.0,0.05454954366472332,3.593983919904765,2.7039940828402367,3.495545330724999,0.2477770615342656,0.30118639444986656,0.3069832687185164,0.3168013406328847,0.2137619749237886,0.18765787449016202,0.14069847295275878,0.9996646498695336,Uruguay,GK,1.0,30,GK:30,grid_centered_v2,False,GK,0.6704757406780105,0.08956617356744573
144709,33,33,2983.0,1.0,0.0,0.0,0.0,96.0,822.0,541.0,4.0,3.0,0.0,0.0,19.0,15.0,0.0,0.0,6.0,0.0,1,0,Joseph Anang,0.8500000000000001,0.025645323499832385,0.0,0.0,0.0,2.461951055983909,21.08045591686222,13.874120013409321,0.10258129399932954,0.07693597049949716,0.0,0.0,0.48726114649681534,0.38467985249748576,0.0,0.0,0.15387194099899432,0.0,0.6581508515815085,0.7894736842105263,0.0,0.0,26.14513904012437,0.26158229969829033,0.25645323499832384,0.0,0.1384847468990949,2.906972846128059,2.6193174542194906,3.8245567542921655,0.25473411224507564,0.31041606073368516,0.32478772974062525,0.3168013406328847,0.21825750417501275,0.1511506625844551,0.12610989650209914,0.9996646498695336,Ghana,GK,1.0,40,GK:40,grid_centered_v2,False,GK,0.6696788643525736,0.08544808046554583
85041,32,23,1955.0,41.0,26.0,12.0,5.0,0.0,572.0,482.0,42.0,15.0,1.0,3.0,190.0,67.0,61.0,23.0,18.0,23.0,2,0,Amine Gouiri,0.9948593350383632,1.8777651899189567,1.1907779253144604,0.5495898116835971,0.22899575486816545,0.0,26.197114356918128,22.075190769291147,1.9235643408925898,0.6869872646044963,0.04579915097363309,0.13739745292089928,8.701838684990287,3.068543115233417,2.7937482093916186,1.0533804723935611,0.8243847175253957,1.0533804723935611,0.8426573426573427,0.3526315789473684,0.3770491803278688,0.6341463414634146,36.70226370883191,6.5080593533532625,6.068387504006385,7.332100271835851,1.5617510482008885,5.353855098168889,3.684771417678326,0.16853146853146855,0.43995580721326183,0.6885199146016322,0.7568859708575914,0.8684469481245218,0.30455380123951503,0.3103467551949205,0.4142037321679982,0.4862735375074345,Algeria,ST,0.9130434782608695,23,ST:21 | RW:2,grid_centered_v2,False,ST,0.6694163018685018,0.10554934846618823
454,42,31,2553.0,41.0,17.0,10.0,9.0,0.0,993.0,845.0,63.0,25.0,2.0,14.0,212.0,89.0,73.0,30.0,27.0,22.0,3,0,Yunus Akgün,0.9318683901292597,1.3468838071198466,0.5584640175862778,0.32850824563898695,0.2956574210750883,0.0,32.62086879195141,27.7589467564944,2.0696019475256175,0.8212706140974674,0.0657016491277974,0.4599115438945817,6.964374807546524,2.923723386186984,2.3981101931646047,0.985524736916961,0.8869722632252648,0.7227181404057713,0.850956696878147,0.419811320754717,0.410958904109589,0.4146341463414634,40.09251227338305,6.6325814794511455,6.8001206847270295,4.239183882415611,2.470382007205182,5.352646702925929,3.8281815435402,0.1701913393756294,0.5064744932676528,0.6952824146726925,0.7975107299247359,0.682869671558103,0.3685765254628655,0.3102487688484959,0.466871225533665,0.5083151796077277,Türkiye,AM,0.8709677419354839,31,AM:27 | CM:4,grid_centered_v2,False,AM,0.6689666802844073,0.0923641696519146
14268,48,48,4320.0,0.0,0.0,0.0,0.0,150.0,1687.0,919.0,1.0,1.0,0.0,0.0,24.0,21.0,0.0,0.0,6.0,1.0,8,0,Ivor Pandur,0.92,0.0,0.0,0.0,0.0,2.875,32.33416666666667,17.614166666666666,0.019166666666666665,0.019166666666666665,0.0,0.0,0.46,0.4025,0.0,0.0,0.115,0.019166666666666665,0.5447540011855364,0.875,0.0,0.0,28.207558362971746,0.092,0.04791666666666666,0.0,0.034499999999999996,3.1885,2.2551056708160444,4.421450800237107,0.28680592470828653,0.30124452804889523,0.3102685881390798,0.3168013406328847,0.21269816215777468,0.16535165933007787,0.07734039010531323,0.9996646498695336,Croatia,GK,1.0,48,GK:48,grid_centered_v2,False,GK,0.6687778008856978,0.07100469468046931
157997,42,34,2963.0,59.0,33.0,7.0,4.0,0.0,1181.0,1046.0,57.0,50.0,5.0,20.0,331.0,168.0,107.0,54.0,50.0,28.0,3,0,Amad Diallo,0.9904691191360109,1.775022282353094,0.992809073180544,0.2105958640079942,0.12034049371885383,0.0,35.530530770491595,31.469039107480274,1.714852035493667,1.5042561714856728,0.15042561714856728,0.6017024685942691,9.958175855235154,5.054300736191861,3.21910820697934,1.6245966652045267,1.5042561714856728,0.8423834560319768,0.8856900931414056,0.5075528700906344,0.5046728971962616,0.559322033898305,41.56069524624369,7.900353412642755,4.949002804187863,4.193343682313325,4.076534224726173,8.598679640940508,4.143957012501886,0.17713801862828113,0.5353486526358584,0.7591301762886778,0.6848157327675806,0.6792630471498454,0.4924150372175202,0.6060985311095498,0.5837746038094432,0.5992444145048523,Ivory Coast,AM,0.6176470588235294,34,AM:21 | CM:8 | DM:5,grid_centered_v2,False,AM,0.6686150236981017,0.0857359791264644
24810,33,31,2687.0,69.0,41.0,19.0,6.0,0.0,495.0,374.0,32.0,16.0,5.0,5.0,431.0,197.0,59.0,17.0,101.0,69.0,7,2,Jhon Córdoba,0.8552319497732821,1.9765502077008121,1.1744718625468595,0.544267448497325,0.17187393110441843,0.0,14.179599316114523,10.713475038842082,0.9166609658902316,0.4583304829451158,0.1432282759203487,0.1432282759203487,12.346277384334059,5.643194071261739,1.6900936558601147,0.4869761381291856,2.8932111735910437,1.9765502077008121,0.7555555555555555,0.45707656612529,0.288135593220339,0.5942028985507246,27.10303051292089,4.314035670720903,3.2369590357998805,7.1868059926456525,1.2690025246542895,9.271701398142303,3.1877951220751055,0.1511111111111111,0.26933213420417645,0.5582957723634936,0.5562273492326134,0.8623169179059467,0.28530542505351353,0.6650642261146057,0.2520170821076891,0.2728113339008215,Colombia,ST,1.0,31,ST:31,grid_centered_v2,False,ST,0.668156170665855,0.0900316282348599
183799,37,23,2175.0,43.0,19.0,6.0,4.0,0.0,729.0,566.0,43.0,23.0,0.0,9.0,357.0,152.0,173.0,75.0,41.0,30.0,2,0,Nico Williams,1.0,1.7793103448275862,0.7862068965517242,0.2482758620689655,0.16551724137931034,0.0,30.16551724137931,23.420689655172414,1.7793103448275862,0.9517241379310344,0.0,0.37241379310344824,14.772413793103448,6.289655172413793,7.158620689655172,3.103448275862069,1.6965517241379309,1.2413793103448276,0.7764060356652949,0.4257703081232493,0.43352601156069365,0.4418604651162791,36.54325433990823,11.809655172413793,5.358620689655172,3.9706174819566957,2.4579310344827583,10.082828165749056,3.5687657240594945,0.15528120713305898,0.43686982844195854,0.8950945517702049,0.7125116772077839,0.6614386781773928,0.3676605335517291,0.7297342840105879,0.37293562950137377,0.31889336563615006,Spain,ST,0.5652173913043478,23,ST:13 | LW:10,grid_centered_v2,True,ST,0.6675089251275096,0.10006894175241526
2639,32,17,1567.0,22.0,14.0,6.0,6.0,0.0,535.0,467.0,30.0,50.0,2.0,9.0,226.0,99.0,57.0,23.0,25.0,29.0,3,0,Sultan Mandash,0.9164454371410339,1.1579846621182177,0.7368993304388658,0.3158139987595139,0.3158139987595139,0.0,28.160081556056657,24.580856236782164,1.5790699937975694,2.631783322995949,0.10527133291983796,0.4737209981392709,11.89566061994169,5.210930979531979,3.000232988215382,1.2106203285781367,1.3158916614979745,1.5264343273376506,0.8728971962616823,0.43805309734513276,0.40350877192982454,0.6363636363636364,37.652606594362695,6.526822641029955,5.684651977671249,4.830898325417795,5.800450443883072,8.60946266338017,3.834562469140613,0.17457943925233646,0.4584884299771741,0.6895441587059458,0.7334850830048084,0.7273700325251897,0.6259520749782579,0.6070735180598132,0.46924088996502683,0.5662061918716684,Saudi Arabia,RW,0.6470588235294118,17,RW:11 | ST:6,grid_centered_v2,False,W,0.6672333290336534,0.11789474283986914
2897,40,26,2324.0,7.0,4.0,1.0,1.0,0.0,2242.0,2121.0,10.0,32.0,22.0,49.0,180.0,108.0,3.0,1.0,5.0,18.0,4,1,Min-jae Kim,0.999290017211704,0.27089187213570287,0.15479535550611592,0.03869883887652898,0.03869883887652898,0.0,86.76279676117798,82.08023725711797,0.38698838876528985,1.2383628440489274,0.8513744552836376,1.8962431049499202,6.965790997775217,4.179474598665131,0.11609651662958695,0.03869883887652898,0.19349419438264492,0.6965790997775216,0.9460303300624442,0.6,0.3333333333333333,0.5714285714285714,63.467993571621776,0.8900732941601667,1.180314585734134,1.6691613515779369,6.958051229999911,7.651264438131182,4.0953798272363535,0.18920606601248885,0.8662849315569999,0.3456858007703331,0.39293474095090136,0.45911321635640634,0.7070315517804008,0.5179854932214605,0.5660694599717019,0.7395157481059043,South Korea,RCB,0.6521739130434783,23,RCB:15 | LCB:8,grid_centered_v2,False,CB,0.6666133623297779,0.09680791706006149
41585,47,15,1769.0,67.0,39.0,13.0,1.0,0.0,469.0,392.0,23.0,20.0,2.0,6.0,219.0,104.0,49.0,24.0,30.0,25.0,4,1,Gonçalo Ramos,0.9976257772752968,3.4006124573035836,1.9794609826095488,0.6598203275365163,0.05075540981050125,0.0,23.80428720112509,19.896120645716493,1.1673744256415288,1.015108196210025,0.1015108196210025,0.3045324588630075,11.115434748499775,5.2785626202921305,2.4870150807145617,1.21812983545203,1.5226622943150374,1.2688852452625312,0.835820895522388,0.4748858447488584,0.4897959183673469,0.582089552238806,33.94220047984905,5.907929701942345,3.197590818061579,9.213987100423111,2.5479215724871627,8.814645202655557,3.8954493056681234,0.16716417910447762,0.38724513347030265,0.6548250714766461,0.5531026340392732,0.9288360977030132,0.3743020745837395,0.6254554967549194,0.491906774042253,0.46815336960867643,Portugal,RW,0.5333333333333333,15,RW:8 | ST:7,grid_centered_v2,True,W,0.6653784260284289,0.11095963545794929
7562,38,38,3254.0,41.0,22.0,5.0,8.0,0.0,1543.0,1174.0,91.0,51.0,4.0,11.0,366.0,143.0,103.0,40.0,35.0,22.0,4,0,Romano Schmid,1.0,1.1339889366933005,0.6084818684695759,0.13829133374308542,0.2212661339889367,0.0,42.67670559311616,32.47080516287646,2.5169022741241545,1.4105716041794714,0.11063306699446834,0.30424093423478793,10.122925629993853,3.955132145052243,2.84880147510756,1.1063306699446833,0.968039336201598,0.6084818684695759,0.7608554763447829,0.3907103825136612,0.3883495145631068,0.5365853658536586,43.25970897377016,7.780270436385985,7.509219422249538,3.0313760175094067,3.26920712968654,6.709316150614123,3.4696288969482314,0.15217109526895659,0.5684568480625314,0.753491952215788,0.8318312535367716,0.5816385336574821,0.42906185847433553,0.4292469242125274,0.33905422830337106,0.2841248468932686,Austria,AM,0.8947368421052632,38,AM:34 | CM:4,grid_centered_v2,False,AM,0.6649755763983374,0.0818125940987409
81573,47,24,2227.0,51.0,27.0,10.0,3.0,0.0,501.0,418.0,23.0,29.0,4.0,6.0,279.0,132.0,76.0,33.0,57.0,34.0,3,0,Omar Marmoush,0.9833677593174674,2.026788511570353,1.0730056825960692,0.3974095120726182,0.11922285362178546,0.0,19.910216554838172,16.61171760463544,0.9140418777670218,1.152487585010593,0.15896380482904726,0.23844570724357092,11.087725386826047,5.24580555935856,3.0203122917518983,1.31145138983964,2.2652342188139234,1.351192341046902,0.8343313373253493,0.4731182795698925,0.4342105263157895,0.5294117647058824,31.645964638344957,6.056520963986701,2.940830389337375,5.7403075816272064,2.7262292528181606,8.763482621811661,3.7828905525513483,0.16686626746506986,0.345266684553296,0.6633307318577498,0.5326311287406224,0.7876340896516741,0.3876003661702356,0.6209033902736587,0.45010073724086086,0.46421472454884466,Egypt,ST,0.5714285714285714,21,ST:12 | LW:8 | RW:1,grid_centered_v2,True,ST,0.6648511361815204,0.09889374630342133
1149,49,46,3956.0,18.0,7.0,2.0,3.0,0.0,3161.0,2888.0,19.0,110.0,17.0,60.0,377.0,208.0,21.0,7.0,14.0,45.0,9,0,Dayot Upamecano,0.9969666329625885,0.4082623724467627,0.15876870039596327,0.04536248582741808,0.06804372874112712,0.0,71.69540885023427,65.5034295347917,0.43094361536047177,2.494936720507994,0.3855811295330537,1.3608745748225424,8.550828578468309,4.71769852605148,0.4763061011878898,0.15876870039596327,0.31753740079192655,1.0206559311169068,0.9136349256564379,0.5517241379310345,0.3333333333333333,0.3888888888888889,55.965694354737316,1.3313889590347205,1.4515995464773788,1.362953844951471,7.636774489045834,8.259950350265175,3.936759420480594,0.1827269851312876,0.7819598235812797,0.3715377228780043,0.4139108512686266,0.43172257440338113,0.7494486198983507,0.5750779112425437,0.5073096584311927,0.6680194893734576,France,RCB,0.8125,48,RCB:39 | RB:8 | LCB:1,grid_centered_v2,False,CB,0.6645806152512117,0.0741994688181925
78,59,55,4957.0,50.0,27.0,12.0,9.0,0.0,3661.0,3247.0,107.0,61.0,23.0,32.0,423.0,229.0,60.0,33.0,42.0,26.0,4,0,Hans Vanaken,0.9455638491022798,0.85838961488002,0.4635303920352108,0.2060135075712048,0.1545101306784036,0.0,62.851287601515054,55.7438215903085,1.8369537758432428,1.0472353301536244,0.39485922284480923,0.5493693535232128,7.261976141884969,3.9314244361504915,1.030067537856024,0.5665371458208132,0.7210472764992168,0.4463625997376104,0.8869161431302923,0.541371158392435,0.55,0.54,54.12989055062557,5.083383299319479,5.4421901583393275,3.3770506094189336,3.4181074464522396,7.128107685787993,4.2750459563339875,0.1773832286260585,0.7562841845213542,0.605933660644056,0.7179807181087292,0.6117590584716088,0.44063476858256284,0.4684800364740433,0.6303724222909095,0.6023688186609213,Belgium,AM,0.9454545454545454,55,AM:52 | DM:3,grid_centered_v2,False,AM,0.6644869137757393,0.06628564372814302
360114,40,34,3087.0,9.0,1.0,0.0,0.0,0.0,2234.0,2066.0,9.0,64.0,15.0,64.0,199.0,119.0,13.0,9.0,12.0,32.0,8,0,Abdukodir Khusanov,1.0,0.2623906705539359,0.02915451895043732,0.0,0.0,0.0,65.13119533527697,60.233236151603506,0.2623906705539359,1.8658892128279885,0.4373177842565598,1.8658892128279885,5.801749271137027,3.469387755102041,0.37900874635568516,0.2623906705539359,0.34985422740524785,0.9329446064139942,0.9247985675917636,0.5979899497487438,0.6923076923076923,0.1111111111111111,52.95378343177661,1.3032069970845481,0.6559766763848397,0.26303854875283444,7.571428571428572,6.651112706389089,4.647509244111395,0.18495971351835272,0.73879330428473,0.36986281518137953,0.35354856608772456,0.3377730933063329,0.7455478388002726,0.4238527403986881,0.7482622378637374,0.6937815789344107,Uzbekistan,RCB,0.5428571428571428,35,RCB:19 | RB:14 | LCB:2,grid_centered_v2,True,CB,0.6641809464191502,0.08399639031533337
794,45,35,3043.0,82.0,49.0,22.0,4.0,0.0,593.0,472.0,19.0,12.0,3.0,6.0,315.0,154.0,48.0,19.0,39.0,28.0,2,0,Patrik Schick,1.0,2.425238251725271,1.4492277357870522,0.650673677292146,0.11830430496220835,0.0,17.538613210647387,13.959907985540585,0.5619454485704897,0.3549129148866251,0.08872822872165627,0.17745645744331254,9.316464015773908,4.554715741045022,1.4196516595465003,0.5619454485704897,1.1534669733815315,0.8281301347354585,0.7959527824620574,0.4888888888888889,0.3958333333333333,0.5975609756097561,28.915086403483738,2.9930989155438716,2.05553729871837,8.429430199658553,1.0913572132763723,7.843268704129697,3.627639883393919,0.15919055649241148,0.2983482065811432,0.4744522516528451,0.4616357603474049,0.907607583548295,0.27398847854057695,0.5361174954994803,0.39368963848325045,0.3655926922870932,Czech Republic,ST,0.9090909090909091,33,ST:30 | RW:3,grid_centered_v2,False,ST,0.6632955967788413,0.08460148018925913
72155,44,43,3549.0,105.0,55.0,28.0,2.0,0.0,561.0,402.0,30.0,15.0,2.0,3.0,466.0,236.0,35.0,11.0,83.0,36.0,2,0,Ayase Ueda,0.9292927585235278,2.474448173583358,1.2961395194960448,0.6598528462888955,0.04713234616349254,0.0,13.220623098859656,9.473601578862,0.706985192452388,0.353492596226194,0.04713234616349254,0.0706985192452388,10.981836656093762,5.56161684729212,0.8248160578611194,0.25922790389920897,1.9559923657849405,0.8483822309428657,0.7165775401069518,0.5064377682403434,0.3142857142857143,0.5238095238095238,25.277689282065417,2.898639289054791,2.026690885030179,8.141037145224674,0.8295292924774686,9.305576890929999,3.208440204909325,0.14331550802139037,0.24197194209262868,0.4684556829780845,0.4593329479959304,0.8984670363818154,0.25782777100113274,0.6679172272364109,0.25786596689062624,0.1986807713597779,Japan,ST,0.9534883720930233,43,ST:41 | RW:2,grid_centered_v2,False,ST,0.6629864679921222,0.0783386238269082
790,32,17,1516.0,44.0,24.0,8.0,3.0,0.0,470.0,322.0,28.0,3.0,4.0,2.0,227.0,129.0,20.0,13.0,21.0,14.0,2,1,Edin Džeko,0.8924472295514511,2.331194610173975,1.2715606964585318,0.42385356548617725,0.15894508705731647,0.0,24.901396972312913,17.060106010818636,1.4834874792016204,0.15894508705731647,0.21192678274308863,0.10596339137154431,12.02684492067028,6.834638743464609,1.0596339137154431,0.688762043915038,1.1126156094012154,0.7417437396008102,0.6851063829787234,0.5682819383259912,0.65,0.5454545454545454,31.300263170412137,4.94849037705112,4.582916676819291,6.261922589840453,0.7311474004636558,11.273340055828426,3.7358456165878633,0.13702127659574467,0.3391327733712637,0.5976986456653635,0.6588915803993229,0.8175238158886992,0.25191869312625004,0.8091275516327183,0.43280056312990584,0.15072172037141585,Bosnia & Herzegovina,RW,0.47058823529411764,17,RW:8 | ST:7 | LW:2,grid_centered_v2,True,W,0.6624202952644266,0.11986139752820442
406244,48,42,3554.0,65.0,29.0,10.0,8.0,0.0,1469.0,1229.0,29.0,73.0,6.0,48.0,557.0,312.0,133.0,63.0,127.0,41.0,5,2,Johan Manzambi,0.9771975239167136,1.6084990193902011,0.7176380240356282,0.24746138759849245,0.19796911007879398,0.0,36.35207783821854,30.413004535854725,0.7176380240356282,1.806468129468995,0.1484768325590955,1.187814660472764,13.78359928923603,7.720795293072965,3.2912364550599498,1.5590067418705027,3.1427596225008543,1.0145916891538191,0.8366235534377128,0.5601436265709157,0.47368421052631576,0.4461538461538462,38.709299911212426,6.760645109190815,2.8829251655224373,3.8766920267455114,5.790596469804725,12.489544290014896,3.9237041314754233,0.16732471068754257,0.47922843037284424,0.7021503755413702,0.527996618021562,0.653778689557016,0.6252220879621663,0.8704746618392895,0.5024419783559667,0.47027741164921133,Switzerland,ST,0.6904761904761905,42,ST:29 | RW:10 | LW:3,grid_centered_v2,False,ST,0.6623075787335464,0.0782834984778631
334429,32,16,1585.0,37.0,19.0,7.0,0.0,0.0,341.0,264.0,23.0,20.0,2.0,6.0,284.0,115.0,50.0,26.0,26.0,38.0,5,1,Oumar Diakité,0.9204794952681388,1.9338780563046702,0.9930725153996954,0.3658688214630457,0.0,0.0,17.8230383026998,13.798481266606295,1.2021404133785787,1.0453394898944164,0.10453394898944163,0.3136018469683249,14.84382075650071,6.010702066892894,2.6133487247360407,1.358941336862741,1.358941336862741,1.9861450307993909,0.7741935483870968,0.40492957746478875,0.52,0.5135135135135135,29.77948677264949,6.240676754669664,3.0053510334464466,5.344279120290967,2.6238021196349854,9.629771626044418,3.6487576478768027,0.15483870967741936,0.3128049200621197,0.6737266876710246,0.5377884520789048,0.7626520770349999,0.3799394092104386,0.6945790590071207,0.40123287756112025,0.31380920721357775,Ivory Coast,ST,0.5,16,ST:8 | RW:7 | LW:1,grid_centered_v2,True,ST,0.6621455641452301,0.117223397498689
25287,40,28,2590.0,12.0,3.0,0.0,0.0,0.0,1589.0,1381.0,11.0,37.0,25.0,34.0,308.0,183.0,13.0,8.0,23.0,37.0,10,0,Kevin Danso,0.9943822393822394,0.4146458758813971,0.10366146897034928,0.0,0.0,0.0,54.906024731295,47.71882954935078,0.3800920528912807,1.2784914506343077,0.8638455747529106,1.1748299816639582,10.642577480955858,6.323349607191306,0.4491996988715135,0.2764305839209314,0.7947379287726778,1.2784914506343077,0.8691000629326621,0.5941558441558441,0.6153846153846154,0.25,47.19539680818186,1.7726111193929728,0.9502301322282016,0.645126056558489,5.601174706697873,10.635156982535358,4.284925549568217,0.17382001258653243,0.642399444579319,0.3981408429257834,0.37544548646240655,0.36938978288768465,0.6110822997456163,0.7689777915159816,0.6337993070556008,0.5562713931727277,Austria,RCB,0.75,28,RCB:21 | RB:3 | LCB:3 | LB:1,grid_centered_v2,False,CB,0.6619893460136191,0.09170205237216018
265595,44,44,3802.0,12.0,4.0,3.0,3.0,0.0,3631.0,3241.0,25.0,61.0,27.0,46.0,316.0,186.0,10.0,9.0,31.0,28.0,5,1,Gonçalo Inácio,0.9338374539715941,0.26526682017078423,0.0884222733902614,0.06631670504269606,0.06631670504269606,0.0,80.26531867000979,71.6441470144593,0.5526392086891339,1.3484396692014864,0.5968503453842645,1.0168561439880062,6.9853595978306515,4.111635712647155,0.2210556834756535,0.19895011512808816,0.6852726187745258,0.6189559137318299,0.89259157256954,0.5886075949367089,0.9,0.3333333333333333,59.53946113312117,1.8347621728479242,1.7463398994576629,1.3209914897546011,5.117439072461379,7.522112782516144,4.929997068869527,0.178518314513908,0.8261855337449623,0.40194108957946806,0.4370574422976076,0.42799750536164416,0.5741663235339557,0.5057593456124772,0.8191668003369309,0.6167197750096107,Portugal,RCB,0.6818181818181818,44,RCB:30 | RB:14,grid_centered_v2,False,CB,0.6615089006606025,0.07568727709284842
2869,21,15,1333.0,11.0,5.0,0.0,1.0,0.0,838.0,734.0,11.0,49.0,8.0,27.0,197.0,99.0,16.0,7.0,21.0,30.0,7,0,Edson Álvarez,0.9351237809452363,0.6945030331101155,0.3156831968682343,0.0,0.06313663937364686,0.0,52.90850379511606,46.34229330025679,0.6945030331101155,3.093695329308696,0.5050931149891749,1.7046892630884651,12.43791795660843,6.250527297991039,1.0101862299783497,0.44195647561552803,1.325869426846584,1.8940991812094057,0.8758949880668258,0.5025380710659898,0.4375,0.45454545454545453,47.0952074756931,3.01793136206032,2.0835090993303464,1.351047384706437,9.533632545420677,10.258352430385424,3.9026197521635337,0.17517899761336517,0.6405831657239632,0.4760299817765513,0.46387031777308674,0.4306648137193188,0.8449595933632744,0.7426484499900118,0.494580064335534,0.5740125884564505,Mexico,DM,0.5,20,RCB:10 | RB:9 | LCB:1,public_anchor,False,DM,0.6611020214503045,0.12782442947728262
196156,41,39,3502.0,72.0,47.0,25.0,1.0,0.0,662.0,455.0,24.0,43.0,8.0,13.0,550.0,211.0,56.0,30.0,26.0,77.0,8,0,Igor Thiago,1.0,1.8503712164477442,1.2078812107367218,0.6424900057110222,0.02569960022844089,0.0,17.01313535122787,11.693318103940605,0.6167904054825813,1.1050828098229584,0.20559680182752713,0.3340948029697316,14.13478012564249,5.422615648201028,1.4391776127926899,0.7709880068532268,0.6681896059394632,1.9788692175899485,0.6873111782477341,0.3836363636363636,0.5357142857142857,0.6527777777777778,26.072271175211053,3.371787549971445,1.6833238149628782,8.136509296275143,2.883495145631068,8.74257099839053,3.3650198462001333,0.13746223564954682,0.2536451994978386,0.4985491405618273,0.43208196639188107,0.8983173255989668,0.39947071988791066,0.6190366155133392,0.3050122575048915,0.15374504664373048,Brazil,ST,0.8717948717948718,39,ST:34 | RW:5,grid_centered_v2,False,ST,0.6610636629410763,0.07886255927423796
544,47,20,2027.0,25.0,14.0,3.0,5.0,0.0,892.0,719.0,49.0,24.0,1.0,7.0,203.0,101.0,70.0,37.0,26.0,20.0,6,0,Noa Lang,0.9629649728663049,1.0689053719532244,0.5985870082938057,0.12826864463438695,0.21378107439064492,0.0,38.138543671291046,30.741718497374737,2.09505452902832,1.0261491570750956,0.04275621487812898,0.29929350414690287,8.679511620260183,4.318377702691026,2.9929350414690283,1.5819799504907723,1.1116615868313535,0.8551242975625797,0.8060538116591929,0.4975369458128079,0.5285714285714286,0.56,41.50379900161743,8.281878821893583,6.413432231719348,2.9841709686864237,2.4926873273949197,7.53833962120586,3.903221746755863,0.1612107623318386,0.5342328511839103,0.7764532651440217,0.7767028688552466,0.5774721670311793,0.3702198491753631,0.5072961402530686,0.4948045165579132,0.390825284189676,Netherlands,LW,0.55,20,LW:11 | ST:9,grid_centered_v2,True,W,0.6610051526238085,0.10365781816105436
1417,43,38,3162.0,37.0,14.0,4.0,4.0,0.0,1539.0,1296.0,64.0,83.0,4.0,29.0,373.0,219.0,119.0,56.0,70.0,27.0,5,0,Alexis Saelemaekers,0.9967267552182163,1.0496837744707972,0.39717764439435566,0.1134793269698159,0.1134793269698159,0.0,43.661171051636664,36.767301938220356,1.8156692315170544,2.3546960346236796,0.1134793269698159,0.8227251205311653,10.581947239935333,6.21299315159742,3.376009977352023,1.5887105775774226,1.9858882219717782,0.7659854570462573,0.8421052631578947,0.5871313672922251,0.47058823529411764,0.3783783783783784,44.33149701521798,8.232925171660144,5.163309377126624,2.220640074667382,6.008730363051751,10.459584514113063,3.968000954935232,0.16842105263157894,0.5890508448695435,0.7742810501185138,0.6994867617466807,0.5089594159822752,0.6412431069826606,0.7569490970357164,0.5189507402745029,0.48480825727172877,Belgium,RW,0.9736842105263158,38,RW:37 | ST:1,grid_centered_v2,False,W,0.6608815265349225,0.08299425004659639
338014,46,27,2485.0,60.0,28.0,5.0,4.0,0.0,638.0,465.0,40.0,33.0,0.0,12.0,406.0,207.0,104.0,58.0,56.0,48.0,12,1,Nestory Irankunda,0.9342937625754528,2.0302560635442437,0.9474528296539804,0.16918800529535363,0.13535040423628292,0.0,21.588389475687123,15.734484492467887,1.353504042362829,1.116640834949334,0.0,0.40605121270884875,13.738066029982715,7.00438341922764,3.5191105101433555,1.962580861426102,1.8949056593079607,1.624204850835395,0.7288401253918495,0.5098522167487685,0.5576923076923077,0.4666666666666667,30.6427864835811,8.290212259472327,4.128187329206629,3.613271337211735,2.8220559283264985,11.335693437165002,3.628791091350303,0.14576802507836992,0.3276159305540832,0.7768215574250045,0.6253317515575627,0.6318764815964554,0.39481840763577586,0.8127496167423978,0.3940995802766619,0.22024040991416602,Australia,RW,0.5769230769230769,26,RW:15 | ST:10 | LW:1,grid_centered_v2,True,W,0.6608212757105313,0.09361937579983594
306,52,45,4145.0,87.0,48.0,17.0,13.0,0.0,1460.0,1131.0,107.0,33.0,1.0,14.0,424.0,155.0,152.0,53.0,53.0,30.0,2,0,Mohamed Salah,0.985761158021713,1.862125420340172,1.0273795422566467,0.36386358788256234,0.27824862602784184,0.0,31.249461076973002,24.207630464422238,2.2902002296137747,0.7063234353014445,0.02140374046368014,0.29965236649152194,9.075185956600379,3.3175797718704216,3.2533685504793812,1.1343982445750473,1.1343982445750473,0.6421122139104042,0.7746575342465754,0.36556603773584906,0.34868421052631576,0.5517241379310345,38.00909630002978,7.525555147029936,7.2558680171875665,5.452688338081874,1.894231031035692,5.7413097938261375,3.4337903867918893,0.1549315068493151,0.46547288754906846,0.7412414743598369,0.8201335817749172,0.7696866016453437,0.327271726807368,0.34260769282061104,0.3271800856968732,0.31487177335970457,Egypt,RW,0.8974358974358975,39,RW:35 | ST:4,grid_centered_v2,False,W,0.6598399388705949,0.07248809227946369
95460,26,15,1513.0,43.0,19.0,13.0,0.0,0.0,359.0,226.0,11.0,8.0,3.0,1.0,292.0,121.0,12.0,5.0,16.0,34.0,4,0,Alex Arce,0.9223265036351618,2.3591563576127403,1.0424179254567922,0.7132333174178053,0.0,0.0,19.69621238099939,12.399286902801846,0.603505114738143,0.4389128107186494,0.1645923040194935,0.054864101339831176,16.0203175912307,6.638556262119572,0.658369216077974,0.27432050669915586,0.8778256214372988,1.8653794455542598,0.6295264623955432,0.4143835616438356,0.4166666666666667,0.4418604651162791,25.808467360814593,2.211023283995196,1.5087627868453573,8.048972565214509,1.0808227963946742,10.537129451898906,2.9698656873975944,0.12590529247910864,0.24972877642475513,0.4251845887323044,0.4183736878829676,0.8953842840641437,0.27332622508738763,0.7623136836252689,0.19577111000854622,0.08952022862430298,Paraguay,ST,0.5,16,ST:8 | RW:8,grid_centered_v2,True,ST,0.6598204966358007,0.11998017020559874
361966,43,26,2362.0,71.0,37.0,10.0,4.0,0.0,537.0,364.0,27.0,24.0,4.0,6.0,473.0,187.0,64.0,28.0,56.0,45.0,2,0,Kevin Rodriguez,0.935393734123624,2.530552904762895,1.3187388376933395,0.356415902079281,0.1425663608317124,0.0,19.139533941657387,12.973538835685828,0.9623229356140586,0.8553981649902743,0.1425663608317124,0.21384954124756858,16.85847216834999,6.664977368882554,2.2810617733073983,0.9979645258219868,1.9959290516439736,1.6038715593567645,0.6778398510242085,0.3953488372093023,0.4375,0.5211267605633803,27.483432420579156,5.225057124482259,3.1899223236095646,5.7398151105316835,2.124238776392515,10.517014828063482,3.1897692887199103,0.1355679702048417,0.2752737383392176,0.6145182489686418,0.5524934776089183,0.7876042509127043,0.3434843597880102,0.7609300118481868,0.252572554726246,0.14110274022322333,Ecuador,ST,0.5185185185185185,27,ST:14 | RW:11 | LW:2,grid_centered_v2,True,ST,0.6589148373852451,0.0960260337265887
96615,35,26,2349.0,64.0,31.0,11.0,6.0,0.0,777.0,652.0,41.0,16.0,4.0,7.0,254.0,109.0,97.0,51.0,20.0,25.0,0,0,Ismael Díaz,0.9101064282673479,2.2316785980502014,1.0809693209305664,0.38356975903987844,0.2092198685672064,0.0,27.09397297945323,22.73522571763643,1.4296691018759105,0.5579196495125504,0.1394799123781376,0.2440898466617408,8.856974436011736,3.8008276123042495,3.3823878751698366,1.7783688828212543,0.697399561890688,0.87174945236336,0.8391248391248392,0.42913385826771655,0.5257731958762887,0.484375,36.02974702262675,7.368026371375119,4.724882031809411,5.550665121621821,1.6458629660620236,6.608560232029099,3.985242276632275,0.16782496782496784,0.42693841068726796,0.7334696964081701,0.6690687283696937,0.7759173826506603,0.31021734844794435,0.41992043408731794,0.525367133629895,0.4769030272995535,Panama,ST,0.5483870967741935,31,ST:17 | LW:10 | RW:4,grid_centered_v2,True,ST,0.6588453361835368,0.09629138409712988
44340,36,30,2597.0,51.0,27.0,10.0,8.0,0.0,1108.0,929.0,52.0,30.0,1.0,7.0,269.0,125.0,103.0,44.0,44.0,25.0,1,0,Salem Al-Dawsari,0.915421640354255,1.617938132162507,0.8565554817330919,0.31724277101225623,0.253794216809805,0.0,35.150499028157995,29.471853427038607,1.6496624092637326,0.9517283130367689,0.03172427710122563,0.22206993970857938,8.533830540229694,3.965534637653203,3.2676005414262397,1.3958681924539276,1.3958681924539276,0.7931069275306406,0.8384476534296029,0.4646840148698885,0.42718446601941745,0.5294117647058824,40.07824071693864,7.156996914036501,5.520024215613259,4.7959433719361435,2.1921475476946912,6.94580053732415,3.825923877584066,0.1676895306859206,0.5061932948223767,0.7228284752631067,0.7230171862863892,0.7248520536574568,0.3483438284558883,0.45132412255893367,0.46603315548685903,0.4751083402487042,Saudi Arabia,AM,0.696969696969697,33,AM:23 | CM:10,grid_centered_v2,False,AM,0.6587173514982718,0.09157838130797064
329409,41,14,1704.0,35.0,25.0,7.0,4.0,0.0,768.0,668.0,31.0,29.0,0.0,7.0,190.0,83.0,69.0,29.0,21.0,14.0,0,0,Esmir Bajraktarević,0.9197711267605635,1.7002811322158302,1.2144865230113073,0.3400562264431661,0.19431784368180918,0.0,37.309025986907365,32.45107989486213,1.505963288534021,1.4088043666931167,0.0,0.3400562264431661,9.230097574885937,4.0320952563975405,3.3519828035112083,1.4088043666931167,1.0201686793294982,0.6801124528863322,0.8697916666666666,0.4368421052631579,0.42028985507246375,0.7142857142857143,41.54577993784302,6.742829175758779,4.833656361585003,5.849302372332588,3.2159603129339422,6.95545967474603,3.9211204183381243,0.17395833333333333,0.5350561798724063,0.7012002664918132,0.676761463175329,0.7941627410234267,0.4249414613596807,0.45223055601883516,0.5014785537080944,0.5580844970747535,Bosnia & Herzegovina,RW,0.8571428571428571,14,RW:12 | ST:2,grid_centered_v2,False,W,0.6581936810794988,0.11305613712154272
77037,33,29,2533.0,50.0,29.0,17.0,2.0,0.0,715.0,493.0,27.0,20.0,2.0,9.0,407.0,201.0,66.0,27.0,38.0,41.0,9,0,Jovo Lukić,0.8543821555467825,1.5178522305410664,0.8803542937138186,0.5160697583839626,0.06071408922164266,0.0,21.70528689673725,14.966022993134915,0.8196402044921759,0.6071408922164265,0.06071408922164266,0.27321340149739193,12.355317156604281,6.101765966775087,2.0035649443142076,0.8196402044921759,1.1535676952112104,1.2446388290436743,0.6895104895104895,0.49385749385749383,0.4090909090909091,0.58,28.644421750278354,4.101236726921962,2.3830280019494747,6.521054078271047,1.7060659071281585,10.024044835057602,3.247622240869853,0.13790209790209793,0.29390120777540485,0.5448874892408977,0.48787057119931754,0.8311110536026083,0.3143063786947277,0.7253192299433427,0.2692073969001283,0.15681011524894756,Bosnia & Herzegovina,ST,0.6551724137931034,29,ST:19 | RW:9 | LW:1,grid_centered_v2,False,ST,0.6578663277937931,0.09272809607991316
1640,32,29,2316.0,50.0,26.0,12.0,7.0,0.0,2035.0,1838.0,57.0,48.0,7.0,22.0,186.0,96.0,19.0,7.0,19.0,37.0,7,0,Hakan Çalhanoğlu,1.0,1.9430051813471503,1.0103626943005182,0.46632124352331605,0.272020725388601,0.0,79.08031088082902,71.42487046632124,2.215025906735751,1.8652849740932642,0.272020725388601,0.854922279792746,7.227979274611399,3.7305699481865284,0.7383419689119171,0.272020725388601,0.7383419689119171,1.4378238341968912,0.9031941031941032,0.5161290322580645,0.3684210526315789,0.52,62.59604428969714,5.036269430051814,7.033678756476683,6.1850777202072535,5.366580310880829,6.771185024235333,3.9157629620836776,0.18063882063882064,0.8581209516732851,0.6030640015852766,0.8093600252754248,0.8133347544810972,0.5933104065732029,0.4349992692712715,0.4994808184923487,0.6429758705098592,Türkiye,CM,0.896551724137931,29,CM:26 | DM:2 | AM:1,grid_centered_v2,False,CM,0.6577215699676474,0.0969749713983985
279482,35,26,2452.0,44.0,23.0,7.0,9.0,0.0,753.0,535.0,51.0,55.0,0.0,11.0,407.0,174.0,164.0,67.0,31.0,30.0,1,0,Brian Cipenga,0.8597389885807504,1.3884854791108368,0.7257992277170283,0.22089541713126945,0.2840083934544893,0.0,23.762035585692274,16.882721166461312,1.6093808962421063,1.7356068488885457,0.0,0.3471213697777092,12.84349068177524,5.490828940120127,5.175264058504028,2.1142847068278647,0.9782511330099076,0.9466946448482977,0.7104913678618858,0.4275184275184275,0.40853658536585363,0.5227272727272727,31.673962002592884,8.671722946810409,5.585498404604957,3.8287368013085405,3.8183350675548007,8.96971579872346,3.3173574405946438,0.14209827357237717,0.34576574792099607,0.7932182633646097,0.727210634456335,0.6498364837234716,0.4720281895509686,0.6391149108219002,0.2901545608507271,0.18858548050590732,Congo DR,LW,0.34615384615384615,26,LW:9 | RW:9 | ST:8,grid_centered_v2,True,W,0.6575711965375874,0.09424725386629408
162714,42,34,2755.0,23.0,10.0,2.0,0.0,0.0,1398.0,1244.0,11.0,77.0,24.0,43.0,289.0,193.0,20.0,12.0,45.0,30.0,4,0,Amadou Onana,0.9772631578947368,0.7342775814308913,0.319251122361257,0.0638502244722514,0.0,0.0,44.63130690610373,39.714839621740374,0.35117623459738273,2.4582336421816793,0.7662026936670169,1.3727798261534052,9.226357436240328,6.1615466615722605,0.638502244722514,0.38310134683350844,1.4366300506256569,0.9577533670837711,0.8898426323319027,0.6678200692041523,0.6,0.43478260869565216,43.03250638523902,2.3081856146718884,0.8779405864934569,1.8273185844750754,8.013203171267552,10.62962553381362,4.384956971476619,0.17796852646638056,0.5640581166340989,0.4312453395535579,0.37001464462867245,0.4733687263256523,0.7711345920803849,0.7686052562116115,0.6676895142412121,0.6097924678906559,Belgium,DM,0.9117647058823529,34,DM:31 | CM:3,grid_centered_v2,False,DM,0.6574344668913804,0.08891358801837473
284072,26,18,1446.0,52.0,30.0,15.0,1.0,0.0,227.0,176.0,13.0,7.0,1.0,3.0,142.0,60.0,18.0,6.0,17.0,16.0,4,0,Ahmadou Bamba Dieng,1.0,3.236514522821577,1.8672199170124482,0.9336099585062241,0.06224066390041494,0.0,14.12863070539419,10.95435684647303,0.8091286307053942,0.43568464730290457,0.06224066390041494,0.18672199170124482,8.838174273858922,3.7344398340248963,1.120331950207469,0.37344398340248963,1.058091286307054,0.995850622406639,0.775330396475771,0.4225352112676056,0.3333333333333333,0.5769230769230769,27.35940099073245,2.919087136929461,2.3651452282157677,11.236833705713373,1.2261410788381741,6.495821401437672,3.4030024223797093,0.1550660792951542,0.2733275485142685,0.46975305865982087,0.4864349615632215,0.9644855379296907,0.2825493325340185,0.4095524210409989,0.31715245889643773,0.31641613068243374,Senegal,ST,0.8888888888888888,18,ST:16 | RW:2,grid_centered_v2,False,ST,0.65723697914871,0.12272832054542429
22236,36,26,2127.0,51.0,26.0,11.0,4.0,0.0,690.0,579.0,27.0,6.0,0.0,7.0,242.0,112.0,80.0,37.0,38.0,20.0,5,0,Rafael Leão,1.0,2.1579689703808183,1.1001410437235544,0.46544428772919605,0.16925246826516221,0.0,29.19605077574048,24.49929478138223,1.1424541607898449,0.2538787023977433,0.0,0.29619181946403383,10.239774330042314,4.739069111424541,3.385049365303244,1.5655853314527504,1.6078984485190408,0.846262341325811,0.8391304347826087,0.4628099173553719,0.4625,0.5098039215686274,36.40139204022813,6.774330042313117,3.7870239774330043,6.283359606183799,1.0493653032440056,8.023126508060473,3.8868795013752147,0.16782608695652176,0.4341207437739822,0.7028789991167143,0.5993160208275311,0.8186793092391064,0.2713545823473643,0.5530171690575242,0.4887123943624141,0.4769178595393455,Portugal,LW,0.38461538461538464,26,LW:10 | ST:9 | RW:7,grid_centered_v2,True,W,0.6565688380644236,0.10119177007070444
214463,45,31,2742.0,34.0,13.0,2.0,3.0,0.0,1673.0,1428.0,28.0,118.0,5.0,46.0,446.0,261.0,62.0,42.0,52.0,57.0,9,0,İsmail Yüksek,0.9196207148067104,1.0262725701344033,0.3923983356396248,0.06036897471378844,0.09055346207068266,0.0,50.49864734808402,43.10344794564494,0.845165645993038,3.5617695081135174,0.1509224367844711,1.388486418417134,13.46228136117482,7.878151200149391,1.8714382161274412,1.267748468989557,1.5695933425584991,1.7205157793429704,0.8535564853556485,0.5852017937219731,0.6774193548387096,0.38235294117647056,45.7536347325151,5.475466006540611,2.6109581563713498,1.7970153499587234,9.354172631901518,12.785017061375067,4.303241992595798,0.17071129707112973,0.6158912987973598,0.6295158088543091,0.5061779626405134,0.47063325584011345,0.8373776204783263,0.8825823244100914,0.6401167420521978,0.5152171525491182,Türkiye,CM,0.6333333333333333,30,CM:19 | AM:7 | DM:4,grid_centered_v2,False,CM,0.6564877065814836,0.0891241113336148
16367,50,48,4396.0,11.0,4.0,2.0,1.0,0.0,3341.0,3126.0,9.0,88.0,33.0,49.0,311.0,197.0,7.0,5.0,21.0,19.0,2,0,Willian Pacho,0.9830414012738853,0.22138557490016983,0.08050384541824357,0.040251922709121785,0.020125961354560892,0.0,67.24083688558794,62.91375519435735,0.18113365219104802,1.7710845992013586,0.6641567247005093,0.9861721063734837,6.259173981268437,3.9648143868484955,0.14088172948192623,0.10062980677280446,0.4226451884457787,0.38239326573665694,0.9356480095779707,0.6334405144694534,0.7142857142857143,0.36363636363636365,54.01184414234593,0.7889376850987869,0.5635269179277049,1.1619934925312425,5.890868888479973,7.451061684996254,4.783267063766032,0.18712960191559413,0.754564983849665,0.33988130536108724,0.34678894706210933,0.41396024878185966,0.6326232086587147,0.4990294153439161,0.7844612211714138,0.7177113861653862,Ecuador,LCB,0.9,50,LCB:45 | RCB:2 | LB:2 | RB:1,grid_centered_v2,False,CB,0.656419553374564,0.0703882383259553
278133,37,18,1731.0,14.0,8.0,0.0,1.0,0.0,769.0,672.0,35.0,33.0,0.0,14.0,201.0,104.0,72.0,40.0,25.0,14.0,1,0,Oscar Bobb,1.0,0.7279029462738301,0.41594454072790293,0.0,0.05199306759098787,0.0,39.98266897746967,34.939341421143844,1.8197573656845754,1.7157712305025996,0.0,0.7279029462738301,10.450606585788561,5.407279029462738,3.7435008665511265,2.0797227036395145,1.2998266897746966,0.7279029462738301,0.8738621586475943,0.5174129353233831,0.5555555555555556,0.5714285714285714,43.47826973742037,9.12478336221837,4.835355285961872,1.725179499876207,4.5441941074523395,9.122429447217982,4.207250493694026,0.17477243172951887,0.5726781126497928,0.8115110370132596,0.6768808728393616,0.46415597961047994,0.5293579608643811,0.6523503999451238,0.6065167744835269,0.5687227823606744,Norway,RW,0.7777777777777778,18,RW:14 | ST:4,grid_centered_v2,False,W,0.6563295134223127,0.11217095148486111
1942,38,29,2420.0,32.0,21.0,8.0,5.0,0.0,986.0,766.0,70.0,54.0,1.0,20.0,253.0,117.0,67.0,27.0,21.0,19.0,4,0,Junya Ito,0.9271074380165291,1.1033344716890925,0.7240632470459669,0.2758336179222731,0.17239601120142067,0.0,33.996493408920166,26.41106891605765,2.41354415681989,1.8618769209753432,0.03447920224028414,0.6895840448056827,8.723238166791885,4.034066662113244,2.310106550099037,0.9309384604876716,0.7240632470459669,0.6551048425653986,0.7768762677484787,0.4624505928853755,0.40298507462686567,0.65625,39.54741704136582,7.033757257017964,6.982038453657538,4.532857489242539,4.7684736698312955,7.0350451056146674,3.5770119211969518,0.15537525354969575,0.49573299536611604,0.7164943409789667,0.8067865606108645,0.7054453196725385,0.5469862414661134,0.45971053949871465,0.3758164338293895,0.3199795606852185,Japan,RW,0.5517241379310345,29,RW:16 | ST:12 | LW:1,grid_centered_v2,True,W,0.6563218036283178,0.09486832980505139
1100,57,53,4608.0,160.0,99.0,45.0,9.0,0.0,580.0,381.0,41.0,18.0,2.0,7.0,343.0,180.0,42.0,20.0,36.0,38.0,2,0,Erling Haaland,1.0,3.125,1.93359375,0.87890625,0.17578125,0.0,11.328125,7.44140625,0.80078125,0.3515625,0.0390625,0.13671875,6.69921875,3.515625,0.8203125,0.390625,0.703125,0.7421875,0.656896551724138,0.5247813411078717,0.47619047619047616,0.61875,23.12163254310345,2.76953125,2.96875,10.97578125,0.94921875,6.496219023323615,3.3068183246204885,0.1313793103448276,0.21217699370170284,0.46027458569960034,0.5348637458395206,0.9611004914841818,0.26513752715133543,0.4095888530670337,0.2869275644947814,0.116223345745125,Norway,ST,0.8545454545454545,55,ST:47 | RW:5 | LW:3,grid_centered_v2,False,ST,0.65619666861907,0.06874999999999999
2544,26,26,2306.0,43.0,23.0,12.0,13.0,0.0,1074.0,844.0,100.0,8.0,3.0,4.0,145.0,73.0,43.0,20.0,37.0,10.0,3,0,Akram Afif,0.865546400693842,1.45258654409591,0.7769648956792077,0.4053729890500214,0.4391540714708565,0.0,36.28088251997692,28.511233563184838,3.378108242083512,0.2702486593666809,0.10134324726250535,0.13512432968334046,4.898256951021092,2.4660190167209635,1.45258654409591,0.6756216484167024,1.2499000495708994,0.3378108242083512,0.7858472998137802,0.503448275862069,0.46511627906976744,0.5348837209302325,42.72879611350115,8.394598981577527,10.86061799829849,5.4005022082115275,0.8681738182154625,4.962771450995556,3.7620292960819715,0.15716945996275605,0.5581625036534608,0.7813982068461163,0.9355689951359599,0.7663186723928095,0.2601734552782204,0.2795535054717109,0.44241182658391764,0.3410664212793583,Qatar,ST,0.8076923076923077,26,ST:21 | LW:4 | RW:1,grid_centered_v2,False,ST,0.6554735667973418,0.09718501056887048
396623,55,52,4615.0,11.0,4.0,1.0,0.0,0.0,4610.0,4375.0,14.0,66.0,20.0,47.0,316.0,187.0,1.0,1.0,15.0,40.0,5,1,Pau Cubarsí,0.9941495124593717,0.21326284232606238,0.07755012448220451,0.019387531120551128,0.0,0.0,89.3765184657407,84.82044865241117,0.27142543568771577,1.2795770539563744,0.38775062241102254,0.9112139626659029,6.126459834094155,3.625468319543061,0.019387531120551128,0.019387531120551128,0.29081296680826685,0.7755012448220451,0.9490238611713666,0.5917721518987342,1.0,0.36363636363636365,64.48788071024292,0.6824410954433996,0.6785635892192894,0.9909431505122226,4.552192307105405,6.850972103056487,5.296252275273514,0.18980477223427333,0.875326282670185,0.33382070506055744,0.35520911016204126,0.3990140536205111,0.5299881416412388,0.4424432884332727,0.8866533926500421,0.7455960197794145,Spain,RCB,0.8076923076923077,52,RCB:42 | LCB:9 | RB:1,grid_centered_v2,False,CB,0.655409369567376,0.06869784045203724
45078,34,15,1360.0,32.0,21.0,11.0,3.0,0.0,344.0,236.0,16.0,15.0,0.0,3.0,203.0,86.0,14.0,2.0,13.0,18.0,2,0,Ross Stewart,0.935,1.9800000000000002,1.299375,0.680625,0.185625,0.0,21.285000000000004,14.602500000000001,0.9900000000000001,0.9281250000000001,0.0,0.185625,12.560625,5.321250000000001,0.8662500000000001,0.12375000000000001,0.8043750000000001,1.11375,0.686046511627907,0.4236453201970443,0.14285714285714285,0.65625,28.70941279069768,2.4935625000000003,3.4959375,8.576625,2.041875,8.720685960591133,2.738663775919349,0.1372093023255814,0.2949654719535237,0.4428645402706903,0.5766611145086319,0.9119823744806331,0.337634277567486,0.6170791705801421,0.14706748093505118,0.15200484883501816,Scotland,ST,0.8,10,ST:8 | RW:2,grid_centered_v2,False,ST,0.65527902138033,0.12654922315981612
644,45,41,3580.0,53.0,22.0,8.0,8.0,0.0,1682.0,1419.0,65.0,66.0,2.0,22.0,466.0,211.0,202.0,102.0,32.0,43.0,2,1,Leroy Sané,0.938832402234637,1.2509023906869328,0.5192425017945759,0.18881545519802753,0.18881545519802753,0.0,39.698449455385294,33.49114136575014,1.5341255734839738,1.5577275053837272,0.04720386379950688,0.5192425017945759,10.998500265285104,4.980007630847977,4.767590243750195,2.4073970537748517,0.7552618207921101,1.0148830716893982,0.8436385255648038,0.45278969957081544,0.504950495049505,0.41509433962264153,42.023516541011425,9.157549577104337,4.873798937299086,3.067651823341909,3.8943187634593186,8.330379781899614,3.9615709646590966,0.16872770511296076,0.5444110001497033,0.8127845870438003,0.6795767165855894,0.5848324106285804,0.47802106751568696,0.5815853713663409,0.5165560912226624,0.4888782721001852,Germany,AM,0.7380952380952381,42,AM:31 | CM:10 | DM:1,grid_centered_v2,False,AM,0.6547670937061232,0.0779987107757658
47582,42,36,3175.0,86.0,38.0,15.0,4.0,0.0,811.0,589.0,42.0,32.0,3.0,9.0,368.0,171.0,69.0,41.0,47.0,26.0,7,0,Cucho Hernández,0.988711811023622,2.4102769818339635,1.0650061082522166,0.42039714799429595,0.11210590613181226,0.0,22.729472468224937,16.507594677909356,1.1771120143840288,0.8968472490544981,0.0840794295988592,0.25223828879657756,10.31374336412673,4.792527487134974,1.9338268807737615,1.1490855378510758,1.317244397048794,0.7286883898567796,0.7262638717632552,0.46467391304347827,0.5942028985507246,0.4418604651162791,30.73908343355066,5.650137669043339,3.5593625196850396,5.737906665740029,2.2112889984499966,8.103560221119398,3.739063262591547,0.14525277435265105,0.3292902287258787,0.639833236448718,0.5816284675086577,0.7874885896481644,0.34971934019795986,0.5605377113637523,0.43397909514478294,0.21557543854136885,Colombia,ST,0.7777777777777778,36,ST:28 | RW:8,grid_centered_v2,False,ST,0.6547242452858224,0.08282416627823694
6067,46,22,2028.0,31.0,16.0,4.0,3.0,0.0,1199.0,1061.0,47.0,43.0,3.0,11.0,233.0,104.0,57.0,30.0,23.0,25.0,5,1,Thiago Almada,0.9928254437869822,1.3658693235530968,0.704964812156437,0.17624120303910926,0.13218090227933194,0.0,52.828300610973,46.74797910612373,2.0708341357095335,1.8945929326704245,0.13218090227933194,0.48466330835755045,10.266050077028114,4.58227127901684,2.5114371433073073,1.3218090227933195,1.0133869174748784,1.101507518994433,0.8849040867389492,0.44635193133047213,0.5263157894736842,0.5161290322580645,50.03700571483064,7.538717459997898,5.9040803018101595,3.4291384258480146,4.5249928880291295,7.754235584614992,4.134952895651588,0.17698081734778984,0.6920641746332666,0.741884124741797,0.7470396513706542,0.6162306115615754,0.527844712179459,0.5277185633136211,0.5805076911498545,0.5972371252490629,Argentina,CM,0.7391304347826086,23,CM:17 | AM:6,grid_centered_v2,False,CM,0.6540155037230473,0.10363225834851908
2879,37,33,2903.0,45.0,20.0,4.0,8.0,0.0,1489.0,1260.0,71.0,38.0,5.0,13.0,311.0,160.0,71.0,38.0,67.0,39.0,1,0,Roberto Alvarado,0.9303995866345162,1.2980083795624495,0.5768926131388664,0.11537852262777329,0.23075704525554658,0.0,42.9496550481886,36.344234627748584,2.0479687766429757,1.0960959649638462,0.1442231532847166,0.37498019854026315,8.970680134309374,4.615140905110931,2.0479687766429757,1.0960959649638462,1.9325902540152027,1.1249405956207896,0.8462055070517126,0.5144694533762058,0.5352112676056338,0.4444444444444444,44.57842000126364,7.392878837374573,6.389085690512945,2.619566728305488,2.881578602628638,8.00460562728392,4.040892090071954,0.16924110141034254,0.5937542011616749,0.7347056298002763,0.7753431070526031,0.5449630284820662,0.3993253158528606,0.5512818984992335,0.5460096418624172,0.49569530448161564,Mexico,RW,0.9473684210526315,38,RW:36 | ST:2,grid_centered_v2,False,W,0.6538805912108797,0.08661745513621887
2676,41,39,3476.0,45.0,20.0,11.0,10.0,0.0,2822.0,2523.0,92.0,72.0,13.0,34.0,223.0,125.0,28.0,15.0,18.0,19.0,5,0,Rúben Neves,0.9078107019562717,1.0577196038328252,0.47009760170347786,0.25855368093691283,0.23504880085173893,0.0,66.33077160036073,59.30281245489373,2.1624489678359984,1.6923513661325205,0.30556344110726064,0.7991659228959124,5.241588258993778,2.938110010646737,0.658136642384869,0.3525732012776084,0.4230878415331301,0.446592721618304,0.8940467753366407,0.5605381165919282,0.5357142857142857,0.4444444444444444,56.52491453925035,4.985385066065383,6.69889082427456,3.6154549787690606,4.9806840900483484,5.794968364681216,4.281937256871264,0.17880935506732815,0.7893821659947209,0.5999567060731396,0.7922070117740939,0.632060444355594,0.5635588102285125,0.34720130196076243,0.6327641823485263,0.6203679763441041,Portugal,CM,0.6363636363636364,44,CM:28 | DM:15 | AM:1,grid_centered_v2,False,CM,0.653730372150864,0.07915695032535126
48389,34,23,1920.0,30.0,17.0,8.0,3.0,0.0,421.0,320.0,29.0,30.0,1.0,12.0,274.0,111.0,112.0,45.0,18.0,19.0,3,0,Noah Okafor,1.0,1.40625,0.796875,0.375,0.140625,0.0,19.734375,15.0,1.359375,1.40625,0.046875,0.5625,12.84375,5.203125,5.25,2.109375,0.84375,0.890625,0.7600950118764845,0.4051094890510949,0.4017857142857143,0.5666666666666667,30.601594046912112,8.1421875,4.171875,5.2489583333333325,3.7078125,8.499703467153285,3.4743406229024196,0.15201900237529692,0.3269010593872022,0.7702153345247458,0.6286149285907313,0.75634569201346,0.46332604574372405,0.59711063358119,0.3406309135161397,0.28248422350940366,Switzerland,LW,0.5652173913043478,23,LW:13 | ST:10,grid_centered_v2,True,W,0.653681536753008,0.10650704202070398
387643,38,32,2642.0,36.0,15.0,7.0,9.0,0.0,747.0,561.0,47.0,40.0,2.0,7.0,405.0,171.0,126.0,54.0,32.0,52.0,2,0,Bazoumana Touré,0.9988493565480696,1.2249325947069438,0.5103885811278932,0.2381813378596835,0.30623314867673596,0.0,25.417351340169088,19.088532934183206,1.5992175542007323,1.3610362163410485,0.06805181081705244,0.2381813378596835,13.780491690453118,5.818429824857983,4.287264081474303,1.8373988920604158,1.088828973072839,1.7693470812433634,0.751004016064257,0.4222222222222222,0.42857142857142855,0.4166666666666667,33.41134361308398,8.016503314248778,5.682326203223878,3.4533280497898518,3.0010848570320126,9.412468421467842,3.427283750042891,0.15020080321285142,0.37736383358134556,0.7644993615685864,0.733338964653962,0.6183005908909399,0.4084249904759312,0.6768384851477898,0.32504727986171844,0.26332319229617823,Ivory Coast,LW,0.6875,32,LW:22 | ST:6 | RW:4,grid_centered_v2,False,W,0.6531261441196835,0.0907951250412939
5996,60,55,4949.0,83.0,47.0,17.0,7.0,0.0,3323.0,2891.0,103.0,87.0,5.0,27.0,511.0,227.0,73.0,25.0,80.0,66.0,14,0,Enzo Fernández,1.0,1.509395837542938,0.8547181248737119,0.30915336431602347,0.1272984441301273,0.0,60.43038997777329,52.57425742574257,1.8731056779147304,1.5821378056172966,0.09092746009294807,0.4910082845019196,9.292786421499294,4.128106688219843,1.3275409173570418,0.4546373004647404,1.454839361487169,1.2002424732269146,0.8699969906710804,0.44422700587084146,0.3424657534246575,0.5662650602409639,52.689811612604444,5.23560315215195,5.3829056375025255,4.802362409833312,3.9298848252172163,7.112030381120304,3.7430992280033486,0.17399939813421608,0.7347579316067913,0.6151545072016896,0.7141074687523675,0.7253155288920454,0.4808284644632928,0.4669634908802536,0.43545840893178034,0.5586224774456924,Argentina,AM,0.5,62,AM:31 | CM:30 | DM:1,grid_centered_v2,True,AM,0.6529448247733928,0.06633919707457038
295977,34,20,1799.0,48.0,24.0,6.0,6.0,0.0,619.0,514.0,44.0,25.0,0.0,5.0,221.0,89.0,71.0,29.0,32.0,33.0,1,0,Tshepang Moremi,0.8615786548082268,2.068938181640656,1.034469090820328,0.258617272705082,0.258617272705082,0.0,26.680681967407626,22.15487969506869,1.8965266665039346,1.0775719696045085,0.0,0.21551439392090166,9.525736211303855,3.8361562117920496,3.0603043936768035,1.2499834847412297,1.3792921210937705,1.422394999877951,0.8303715670436187,0.40271493212669685,0.4084507042253521,0.5,36.55864939443177,7.2283527721070415,6.163711666137788,4.517194908789115,2.370658333129919,6.578763492888959,3.6888061251187416,0.16607431340872375,0.4371683987225213,0.7264557935730684,0.7624778078772688,0.7042650913150922,0.36126716191627,0.4171729035476556,0.41566468401000306,0.4537674013067904,South Africa,AM,0.6,20,AM:12 | CM:8,grid_centered_v2,False,AM,0.6528772649500311,0.1100305682929341
754,41,36,3193.0,16.0,9.0,2.0,4.0,0.0,2536.0,2295.0,63.0,59.0,16.0,40.0,228.0,125.0,38.0,19.0,36.0,28.0,5,0,Luka Modrić,0.9992953335421234,0.45066873795823925,0.25350116510150955,0.056333592244779906,0.11266718448955981,0.0,71.43099496638091,64.64279710088495,1.774508155710567,1.6618409712210072,0.45066873795823925,1.1266718448955981,6.422029515904909,3.5208495152987442,1.0703382526508183,0.5351691263254091,1.0140046604060382,0.7886702914269186,0.9049684542586751,0.5482456140350878,0.5,0.5625,58.317175402759425,5.0390398262955625,5.055939903968997,1.9305703691003526,5.740393049743072,6.573926163523504,4.223594212205245,0.18099369085173503,0.8119120928413004,0.6032329421494458,0.6921849859366791,0.48270028105066337,0.6214942068657496,0.41672733787813926,0.6123192388884223,0.6472919814196322,Croatia,CM,0.7222222222222222,36,CM:26 | DM:7 | AM:3,grid_centered_v2,False,CM,0.6526845805438639,0.08259038268615503
160925,24,12,1297.0,22.0,12.0,3.0,2.0,0.0,489.0,387.0,33.0,11.0,2.0,10.0,170.0,68.0,84.0,34.0,23.0,7.0,1,0,Taha Ali,0.8754124903623746,1.33640457279684,0.7289479487982764,0.1822369871995691,0.12149132479971274,0.0,29.70462891352976,23.508571348744415,2.00460685919526,0.66820228639842,0.12149132479971274,0.6074566239985636,10.326762607975583,4.1307050431902335,5.102635641587935,2.0653525215951167,1.3971502351966965,0.4252196367989946,0.7914110429447853,0.4,0.40476190476190477,0.5454545454545454,37.161572803098544,9.470248768137608,5.67971943438657,3.5693321168232304,2.5513178207939675,6.982987060466327,3.6244925079342574,0.15828220858895706,0.44889514381157347,0.8246060295501579,0.733175132062408,0.6281666898107104,0.37455367433757775,0.45481550187075476,0.3925696326055382,0.35447437455789177,Sweden,AM,1.0,19,AM:19,grid_centered_v2,False,AM,0.6520626887680488,0.12958625815948985
1946,56,38,3436.0,61.0,26.0,10.0,12.0,0.0,1254.0,991.0,67.0,55.0,3.0,19.0,380.0,177.0,100.0,46.0,66.0,23.0,3,0,Leandro Trossard,1.0,1.5977881257275903,0.681024447031432,0.2619324796274738,0.31431897555296856,0.0,32.84633294528522,25.957508731082655,1.7549476135040745,1.440628637951106,0.07857974388824214,0.4976717112922002,9.953434225844005,4.636204889406287,2.619324796274738,1.2048894062863795,1.728754365541327,0.6024447031431898,0.7902711323763956,0.46578947368421053,0.46,0.4262295081967213,38.04752336179639,7.0355064027939465,6.116123399301514,3.9013530792572375,3.674912689173458,7.888055266221432,3.7320691765396132,0.1580542264752791,0.4662266207990505,0.7165848513542676,0.7596973392167666,0.6557978240607016,0.4607397019912229,0.5403349992162245,0.4314183310837668,0.3517078042547996,Belgium,LW,0.868421052631579,38,LW:33 | RW:4 | ST:1,grid_centered_v2,False,W,0.6520542824636225,0.07961636770780783
39064,48,42,3911.0,52.0,24.0,5.0,10.0,0.0,2456.0,2164.0,91.0,103.0,17.0,43.0,272.0,158.0,47.0,31.0,16.0,34.0,6,0,Patrick Berg,0.9165047302480185,1.09671238495544,0.5061749469025109,0.10545311393802309,0.21090622787604618,0.0,51.798569566356946,45.64010771237639,1.9192466736720204,2.172334147123276,0.3585405873892785,0.9068967798669986,5.736649398228456,3.3323184004415296,0.991259271017417,0.6538093064157432,0.33744996460167387,0.717081174778557,0.8811074918566775,0.5808823529411765,0.6595744680851063,0.46153846153846156,49.1755369486216,5.257892260949832,5.958100937498305,2.475346760244623,6.1183896706841,6.40789281944167,4.446096711245749,0.1762214983713355,0.6774070138757471,0.6164979464312409,0.7503057941803879,0.5319813889074703,0.6491821490353139,0.4015210358716772,0.6876051924916398,0.5874966315453862,Norway,CM,0.813953488372093,43,CM:35 | AM:7 | DM:1,grid_centered_v2,False,CM,0.6507119191575486,0.07462511780640306
502,53,48,4423.0,35.0,16.0,2.0,14.0,0.0,4695.0,4292.0,107.0,62.0,8.0,49.0,276.0,156.0,27.0,16.0,57.0,15.0,8,0,Joshua Kimmich,0.9969477730047479,0.7100125446450274,0.3245771632662982,0.040572145408287276,0.2840050178580109,0.0,95.24311134595438,87.0678240461845,2.170609779343369,1.2577365076569056,0.1622885816331491,0.9940175625030383,5.598956066343644,3.1646273418464075,0.5477239630118782,0.3245771632662982,1.1563061441361873,0.3042910905621546,0.9141640042598509,0.5652173913043478,0.5925925925925926,0.45714285714285713,70.05471977086248,5.296693583051903,6.9885520465774835,1.6932709061248299,4.430478278584971,6.126130452498014,4.467984350852911,0.18283280085197018,0.9158853242759897,0.618832383856734,0.8071126121543992,0.46128259727246906,0.5203890799563341,0.3761576942372255,0.6945745381092188,0.6692650173050559,Germany,RB,0.9607843137254902,51,RB:49 | LB:1 | RCB:1,grid_centered_v2,False,FB,0.6505603708209606,0.07017306856864705
18110,28,28,2525.0,0.0,0.0,0.0,0.0,95.0,804.0,362.0,2.0,2.0,0.0,0.0,19.0,16.0,0.0,0.0,5.0,0.0,0,0,Max Crocombe,0.9344158415841586,0.0,0.0,0.0,0.0,3.164061562591903,26.777952592883054,12.05673984903441,0.06661182237035586,0.06661182237035586,0.0,0.0,0.6328123125183805,0.5328945789628469,0.0,0.0,0.16652955592588964,0.0,0.4502487562189055,0.8421052631578947,0.0,0.0,23.439521217010725,0.20316605822958536,0.16652955592588964,0.0,0.11990128026664054,3.2723682000216696,1.912712752029327,4.836142095131636,0.21639584279489182,0.3072393835506184,0.31848339369486717,0.3168013406328847,0.21725634058450854,0.16978398679524664,0.04789140339967462,0.9996646498695336,New Zealand,GK,1.0,26,GK:26,grid_centered_v2,False,GK,0.6502784364971731,0.09287487590439852
18830,32,23,1848.0,51.0,26.0,11.0,9.0,0.0,536.0,417.0,42.0,11.0,1.0,4.0,179.0,80.0,22.0,9.0,32.0,27.0,3,0,Marko Arnautović,0.8905681818181818,2.2119631788665877,1.1276675029515937,0.47709009740259734,0.39034644332939783,0.0,23.24729929161747,18.0860518742621,1.82161673553719,0.47709009740259734,0.04337182703659976,0.17348730814639904,7.7635570395513565,3.4697461629279807,0.9541801948051947,0.39034644332939783,1.3878984651711923,1.1710393299881934,0.7779850746268657,0.44692737430167595,0.4090909090909091,0.5098039215686274,33.55414501797389,4.948725464876032,6.700947277154663,6.4150631264902644,1.253445801357733,6.198426751004201,3.544399200879281,0.15559701492537314,0.38001229543144965,0.597713046946532,0.7923157677326224,0.8256534840399684,0.2843032248796271,0.3826071884232397,0.36447639091800715,0.3225485356152419,Austria,ST,0.8260869565217391,23,ST:19 | RW:4,grid_centered_v2,False,ST,0.6499869793837887,0.10856202966836188
355994,27,17,1752.0,22.0,10.0,3.0,4.0,0.0,941.0,815.0,22.0,38.0,7.0,21.0,210.0,131.0,53.0,32.0,19.0,13.0,3,0,Alexander Freeman,0.9482134703196347,1.0716111137173954,0.4870959607806343,0.1461287882341903,0.1948383843122537,0.0,45.83572990945768,39.69832080362169,1.0716111137173954,1.8509646509664104,0.34096717254644404,1.022901517639332,10.22901517639332,6.380957086226309,2.581608592137362,1.5587070744980296,0.9254823254832052,0.6332247490148245,0.8660998937300743,0.6238095238095238,0.6037735849056604,0.45454545454545453,44.42179802994261,6.288408853677988,3.750638898010884,2.7600555600573196,5.7526032968192915,10.804768492145405,4.317007910488073,0.17321997874601489,0.5907728234680553,0.6763941220245846,0.596505224292299,0.5575504742303252,0.6224022260806279,0.7801966657578908,0.6448330634477744,0.5483894098143601,USA,RB,1.0,24,RB:24,grid_centered_v2,False,FB,0.6492564257075905,0.11149666743591517
128533,51,38,3563.0,58.0,31.0,11.0,12.0,0.0,1140.0,891.0,64.0,38.0,4.0,16.0,383.0,177.0,116.0,56.0,65.0,35.0,6,0,Jamie Leweling,0.9817513331462251,1.4383221888923083,0.7687584113045096,0.27278524272095506,0.2975839011501328,0.0,28.270470609262617,22.09560466039736,1.587114139467375,0.9423490203087538,0.09919463371671093,0.3967785348668437,9.49788617837507,4.389362541964458,2.8766443777846167,1.3887248720339531,1.6119127978965526,0.8679530450212206,0.781578947368421,0.4621409921671018,0.4827586206896552,0.5344827586206896,35.43541373731345,7.134574030074434,5.6044968049941675,4.327509234835333,2.5988994033778265,7.531530535251546,3.719911986295996,0.1563157894736842,0.41551739545681066,0.7216825215059997,0.7284199787636897,0.6897571275238911,0.37808567400297355,0.5066512875049675,0.4269759758638342,0.33094851869032604,Germany,LW,0.4594594594594595,37,LW:17 | RW:16 | ST:4,grid_centered_v2,True,W,0.6491458855291774,0.07818456542053037
338751,36,31,2764.0,61.0,34.0,7.0,5.0,0.0,651.0,528.0,30.0,24.0,0.0,9.0,418.0,174.0,186.0,77.0,57.0,32.0,3,0,Victor Muñoz,1.0,1.9862518089725036,1.1070911722141823,0.22793053545586106,0.16280752532561504,0.0,21.19753979739508,17.19247467438495,0.9768451519536903,0.7814761215629522,0.0,0.2930535455861071,13.610709117221418,5.665701881331404,6.056439942112879,2.5072358900144716,1.8560057887120116,1.0419681620839363,0.8110599078341014,0.41626794258373206,0.41397849462365593,0.5573770491803278,31.7690809085877,8.954413892908827,3.337554269175109,4.4881260231074,1.9927641099855282,9.18078646161516,3.667020691808714,0.1622119815668203,0.3474638111374365,0.8047819694646268,0.5641910055955888,0.7020674019217089,0.3341694245898313,0.6573479121370048,0.40779449612653573,0.40356010426004313,Spain,ST,0.4838709677419355,31,ST:15 | RW:13 | LW:3,grid_centered_v2,True,ST,0.6486002674951538,0.0887687119753338
390002,35,20,1814.0,15.0,9.0,2.0,2.0,0.0,811.0,619.0,21.0,88.0,4.0,23.0,285.0,155.0,44.0,20.0,26.0,39.0,11,0,Mateo Chávez,0.8888257993384785,0.6614745474679967,0.39688472848079803,0.08819660632906623,0.08819660632906623,0.0,35.76372386643636,27.296849658845996,0.9260643664551954,3.880650678478914,0.17639321265813246,1.0142609727842615,12.568016401891937,6.835236990502633,1.940325339239457,0.8819660632906623,1.146555882277861,1.7198338234167914,0.7632552404438965,0.543859649122807,0.45454545454545453,0.6,37.02718548390417,4.445108958984938,2.800242250947853,2.4612114705056474,9.207725700754514,11.200910734072107,3.5695323135112345,0.1526510480887793,0.44627593813024546,0.5665137504306769,0.5213708196669329,0.5307064112419432,0.8309713040271163,0.804853266959379,0.3732030607526259,0.28933957011441575,Mexico,RCB,0.8636363636363636,22,RCB:19 | LB:3,grid_centered_v2,False,CB,0.6482551656079723,0.10957470152820167
201354,31,13,1341.0,34.0,13.0,7.0,4.0,0.0,354.0,258.0,17.0,19.0,0.0,5.0,212.0,105.0,27.0,13.0,7.0,19.0,0,0,Evidence Makgopa,0.8770171513795675,2.001247191067469,0.7651827495257971,0.41202148051389076,0.23544084600793758,0.0,20.836514871702477,15.185934567511973,1.0006235955337346,1.1183440185377034,0.0,0.29430105750992197,12.478364838420692,6.180322207708361,1.5892257105535788,0.7651827495257971,0.41202148051389076,1.1183440185377034,0.7288135593220338,0.49528301886792453,0.48148148148148145,0.38235294117647056,29.59801786638443,3.920090086032161,3.796483641877993,5.132133575800183,2.6016213483877104,10.138300147395478,3.526159810357939,0.14576271186440679,0.30973831140546854,0.5334213020497497,0.6000457316154062,0.7484631066854203,0.3782881208020205,0.7338594155238215,0.3581983127896856,0.22019193763345385,South Africa,ST,1.0,13,ST:13,grid_centered_v2,False,ST,0.6475822695662475,0.1274425781999683
336657,55,47,4243.0,22.0,10.0,3.0,5.0,0.0,3174.0,2952.0,70.0,83.0,10.0,34.0,373.0,184.0,82.0,47.0,27.0,52.0,4,0,Warren Zaïre-Emery,0.9902074004242281,0.4620812285741154,0.21003692207914335,0.063011076623743,0.10501846103957167,0.0,66.6657190679201,62.002899397763116,1.4702584545540036,1.7433064532568898,0.21003692207914335,0.7141255350690874,7.834377193552047,3.8646793662562375,1.7223027610489754,0.9871735337719738,0.5670996896136871,1.0921919948115455,0.9300567107750473,0.4932975871313673,0.573170731707317,0.45454545454545453,56.19150825904823,5.397948897433984,4.2532476721026535,1.7072312129916538,4.797243300287634,6.890443874152834,4.39684948005346,0.18601134215500947,0.7849794782495675,0.6248982573236982,0.634698429667625,0.46253942362554074,0.5492399548047324,0.4461357454804303,0.6716135329848161,0.705520842270028,France,CM,0.5416666666666666,48,CM:26 | DM:22,grid_centered_v2,True,CM,0.64746039847573,0.07164607804790488
6002,27,19,1686.0,7.0,2.0,0.0,1.0,0.0,1756.0,1607.0,16.0,47.0,8.0,24.0,148.0,92.0,16.0,7.0,31.0,13.0,5,0,Exequiel Palacios,0.9985765124555159,0.37313357226985466,0.10660959207710133,0.0,0.053304796038550664,0.0,93.60322184369498,85.66080723395092,0.8528767366168106,2.5053254138118817,0.4264383683084053,1.279315104925216,7.8891098137055,4.904041235546662,0.8528767366168106,0.37313357226985466,1.6524486771950708,0.6929623485011587,0.9151480637813212,0.6216216216216216,0.4375,0.2857142857142857,66.7059048974294,3.2942363951824314,2.425368219754055,0.7206820003365133,7.5372981598510655,8.730522594630191,4.1837298840031805,0.18302961275626425,0.8931888144540512,0.4936101543663762,0.49127035271718583,0.3757872874538187,0.7434946123505062,0.6179594543716704,0.5981136827267829,0.6715753282733246,Argentina,CM,1.0,19,RB:19,public_anchor,False,CM,0.6472171555533244,0.11365803740251795
2703,11,11,999.0,0.0,0.0,0.0,0.0,28.0,218.0,114.0,0.0,0.0,0.0,0.0,6.0,6.0,0.0,0.0,3.0,0.0,3,0,Ahmed Reda Tagnaouti,0.85,0.0,0.0,0.0,0.0,2.144144144144144,16.693693693693692,8.72972972972973,0.0,0.0,0.0,0.0,0.4594594594594595,0.4594594594594595,0.0,0.0,0.22972972972972974,0.0,0.5229357798165137,1.0,0.0,0.0,20.585556657575005,0.11486486486486487,0.0,0.0,0.0,3.6432432432432433,2.230275229357798,3.3208033721795185,0.18067778327224066,0.30247212181816224,0.3069832687185164,0.3168013406328847,0.21087667676486685,0.19051965922022135,0.07473856520973761,0.9996646498695336,Morocco,GK,1.0,11,GK:11,grid_centered_v2,False,GK,0.6471618988641523,0.14765433214708534
94405,27,22,2049.0,12.0,4.0,1.0,7.0,0.0,994.0,705.0,66.0,50.0,9.0,22.0,189.0,122.0,34.0,23.0,4.0,21.0,2,0,Francis De Vries,0.8519765739385065,0.44906525127066227,0.14968841709022077,0.03742210427255519,0.2619547299078863,0.0,37.19757164691986,26.38258351215141,2.4698588819886425,1.8711052136277593,0.3367989384529967,0.8232862939962141,7.072777707512931,4.5654967212517334,1.2723515452668765,0.8607083982687694,0.14968841709022077,0.785864189723659,0.7092555331991952,0.6455026455026455,0.6764705882352942,0.3333333333333333,39.4100133350711,6.672361191796591,7.615398219464981,1.1756072847734171,5.385040804820691,8.328203346260363,3.8953733480438784,0.14185110663983905,0.4930255868802684,0.6974252944296258,0.8365501019149759,0.41515703445253743,0.5947184491822199,0.5813846878787639,0.4918784576811064,0.18658434920577863,New Zealand,LB,0.7727272727272727,22,LB:17 | RCB:5,grid_centered_v2,False,FB,0.6468346215465546,0.10309983221439029
16369,58,37,3298.0,54.0,32.0,6.0,6.0,0.0,1322.0,1060.0,61.0,74.0,1.0,21.0,494.0,221.0,144.0,71.0,46.0,49.0,7,3,Gonzalo Plata,0.91228320194057,1.344359115048869,0.7966572533622928,0.1493732350054299,0.1493732350054299,0.0,32.91190277952972,26.38927151762595,1.5186278892218705,1.842269898400302,0.02489553916757165,0.5228063225190046,12.298396348780395,5.501914156033334,3.5849576401303174,1.767583280897587,1.1451948017082958,1.2198814192110108,0.8018154311649016,0.4473684210526316,0.4930555555555556,0.5925925925925926,37.89299780835466,7.725085803697482,4.618122515584541,3.4954912199358343,4.389083555242881,9.044785081604562,3.7752108639613278,0.16036308623298035,0.463196628182513,0.7508712902910052,0.6614295424666546,0.6218983341920392,0.5171206650002356,0.6456489572693134,0.44726723328985424,0.38015774801808944,Ecuador,RW,0.6388888888888888,36,RW:23 | ST:13,grid_centered_v2,False,W,0.6467943900068679,0.0812650135403456
51617,26,20,1838.0,52.0,30.0,9.0,5.0,0.0,403.0,306.0,23.0,25.0,2.0,4.0,208.0,97.0,45.0,22.0,19.0,24.0,2,0,Darwin Núñez,0.9102937976060936,2.3178318676803693,1.3372106928925207,0.4011632078677562,0.22286844881542012,0.0,17.96319697452286,13.63954906750371,1.0251948645509323,1.1143422440771007,0.08914737952616804,0.17829475905233608,9.271327470721477,4.323647907019151,2.005816039338781,0.9806211747878484,0.8469001054985964,1.0697685543140165,0.7593052109181141,0.46634615384615385,0.4888888888888889,0.5769230769230769,29.116458640590004,4.7203537459105975,3.7887636298621414,6.235246786837733,2.4604676749222385,7.4521455313652725,3.6385252154067396,0.15186104218362284,0.30168169660656596,0.5836472734673273,0.5994502493543805,0.8160779655907682,0.3678470716438508,0.49913208037620677,0.3975717823668952,0.28078640427386686,Uruguay,ST,0.8,20,ST:16 | RW:4,grid_centered_v2,False,ST,0.6465498315976256,0.10885695558441695
2001,41,17,1748.0,42.0,29.0,12.0,2.0,0.0,309.0,243.0,19.0,14.0,4.0,3.0,231.0,83.0,21.0,10.0,23.0,41.0,8,0,Cyle Larin,0.9379862700228833,2.028368478653604,1.4005401400227262,0.5795338510438867,0.09658897517398111,0.0,14.922996664380083,11.735560483638707,0.9175952641528207,0.6761228262178678,0.19317795034796223,0.14488346276097167,11.156026632594818,4.008442469720217,1.014184239326802,0.4829448758699056,1.110773214500783,1.980073991066613,0.7864077669902912,0.3593073593073593,0.47619047619047616,0.6904761904761905,28.21073320203396,3.414420272400233,2.825227523838948,7.97797938533529,1.7192837580968638,6.6897415355303815,3.5948870660464913,0.15728155339805827,0.28685711787636803,0.5012644651953448,0.5233739155696023,0.8929509307683883,0.3152080453697028,0.4274308435340188,0.3820911261364062,0.3424060469343997,Canada,ST,0.8,10,ST:8 | LW:2,grid_centered_v2,False,ST,0.6462853247251048,0.11162416509613683
247,56,45,3972.0,75.0,38.0,12.0,7.0,0.0,1114.0,886.0,79.0,38.0,5.0,17.0,468.0,222.0,108.0,48.0,62.0,54.0,3,0,Cody Gakpo,0.9966012084592145,1.6936198784238918,0.8581007384014385,0.27097918054782266,0.15807118865289657,0.0,25.15590059418954,20.007296163780907,1.7839462719398327,0.8581007384014385,0.11290799189492612,0.3838871724427488,10.568188041365083,5.01311484013472,2.438812624930404,1.0839167221912906,1.4000590994970838,1.219406312465202,0.7953321364452424,0.47435897435897434,0.4444444444444444,0.5066666666666667,34.77135122239602,6.620924644718467,5.329257217440513,4.382507811477929,2.4365544650925055,8.44143769926553,3.6758535623047215,0.1590664272890485,0.40286344920712885,0.6946528638612387,0.7105750918124896,0.6940039552550511,0.366090132843887,0.5917885124226983,0.4109799955298731,0.3640645421539617,Netherlands,LW,0.7555555555555555,45,LW:34 | ST:11,grid_centered_v2,False,W,0.6461142926576491,0.07404987296275804
265785,31,25,2148.0,37.0,17.0,6.0,4.0,0.0,705.0,591.0,28.0,45.0,0.0,12.0,394.0,190.0,102.0,52.0,59.0,34.0,2,0,Luiz Henrique,0.8519553072625698,1.320768702599794,0.606839674167473,0.21417870852969634,0.1427858056864642,0.0,25.16599825223932,21.09660279017509,0.9995006398052495,1.6063403139727224,0.0,0.4283574170593927,14.064401860116725,6.78232577010705,3.6410380450048376,1.8562154739240346,2.106090633875347,1.213679348334946,0.8382978723404255,0.48223350253807107,0.5098039215686274,0.4594594594594595,34.28114730162883,7.4926851533972085,3.2840735307886773,3.4819241309909517,3.7481273992696855,10.941956585764084,3.9474886651634518,0.1676595744680851,0.39360371125699023,0.7396320540933802,0.559961038633779,0.6207421097480907,0.46649798808142706,0.7889807206347723,0.5113090738984704,0.47471147348856374,Brazil,RW,0.5833333333333334,24,RW:14 | ST:10,grid_centered_v2,True,W,0.646108555539388,0.10069590262006332
137210,53,47,4303.0,19.0,10.0,2.0,8.0,0.0,3676.0,3235.0,90.0,81.0,13.0,42.0,369.0,216.0,35.0,20.0,64.0,33.0,3,0,Angelo Stiller,0.9809783871717408,0.38983802976148657,0.2051779104007824,0.04103558208015649,0.16414232832062595,0.0,75.42339986332762,66.37505401465312,1.8466011936070417,1.6619410742463376,0.26673128352101716,0.8617472236832862,7.571064893788871,4.4318428646569,0.7181226864027385,0.4103558208015648,1.3131386265650076,0.677087104322582,0.8800326441784548,0.5853658536585366,0.5714285714285714,0.5263157894736842,59.634548430172885,5.006341013779092,5.519285789781047,1.6681653101497156,5.0083927928830985,7.960677571495269,4.288665056313628,0.17600652883569098,0.8272592629150302,0.6012373879027927,0.7229696659072709,0.4590236251706032,0.5657130884139263,0.5471612421543399,0.6350929081934017,0.5847261709279458,Germany,DM,0.9347826086956522,46,DM:43 | CM:3,grid_centered_v2,False,DM,0.6458991796070358,0.0711448166821661
2937,61,55,4949.0,38.0,19.0,5.0,10.0,0.0,3260.0,2877.0,114.0,95.0,27.0,59.0,332.0,192.0,43.0,23.0,12.0,45.0,9,0,Declan Rice,1.0,0.6910486967064053,0.34552434835320267,0.09092746009294807,0.18185492018589614,0.0,59.284703980602146,52.31966053748232,2.073146090119216,1.7276217417660134,0.4910082845019196,1.0729440290967873,6.037583350171752,3.491614467569206,0.7819761567993534,0.4182663164275611,0.21822590422307536,0.8183471408365327,0.8825153374233129,0.5783132530120482,0.5348837209302325,0.5,52.88729240709222,4.886441705395029,6.183067286320469,2.211153768438068,5.79571630632451,6.623200013633031,4.217451908593911,0.1765030674846626,0.7377805957849911,0.5938917742450603,0.7636023540372664,0.508100642248287,0.6256014391723735,0.4212721869421876,0.6101421919960676,0.5911170141303407,England,CM,0.509090909090909,55,CM:28 | DM:27,grid_centered_v2,True,CM,0.6456593764502178,0.06633919707457038
13376,36,25,2319.0,63.0,33.0,2.0,5.0,0.0,685.0,542.0,48.0,38.0,3.0,6.0,355.0,177.0,144.0,69.0,52.0,28.0,2,0,Jaminton Campaz,0.9218844329452349,2.2540253276410014,1.1806799335262388,0.07155635960765085,0.17889089901912708,0.0,24.50805316562041,19.391773453673377,1.7173526305836202,1.359570832545366,0.10733453941147626,0.21466907882295252,12.701253830358024,6.332737825277099,5.15205789175086,2.4686944064639538,1.8604653497989219,1.0017890345071117,0.7912408759124088,0.49859154929577465,0.4791666666666667,0.5238095238095238,34.24435108350664,10.19320342610986,5.277281521064249,3.2730218314169885,2.994633649580188,10.361607603275262,3.751136562651172,0.15824817518248177,0.39291163193747497,0.8496750341291365,0.7071283027150465,0.602772683768815,0.4079321038053889,0.7500543862108426,0.43840775605400123,0.3540607540229205,Colombia,AM,1.0,27,AM:27,grid_centered_v2,False,AM,0.6455849805411032,0.0969122247264143
116117,55,52,4587.0,30.0,14.0,5.0,1.0,0.0,3469.0,3181.0,49.0,137.0,19.0,80.0,477.0,269.0,46.0,26.0,79.0,86.0,19,2,Moisés Caicedo,0.9983649444081099,0.5876575866365591,0.27424020709706093,0.09794293110609319,0.019588586221218635,0.0,67.95280560140745,62.31129276969648,0.9598407248397132,2.683636312306953,0.3721831382031541,1.567086897697491,9.34375562752129,5.269329693507813,0.9010749661760573,0.5093032417516845,1.5474983114762724,1.6846184150248027,0.9169789564716057,0.5639412997903563,0.5652173913043478,0.4666666666666667,55.422917882102915,3.774720564828831,2.5073390363159853,2.100813072117964,8.374120609570967,9.068885470282007,4.317624698712604,0.18339579129432115,0.7745770891216752,0.5241935359691533,0.4978543586740535,0.49810955723835365,0.7906549975644088,0.6477353221379117,0.6450437313001064,0.6758516983653083,Ecuador,CM,0.7962962962962963,54,CM:43 | AM:6 | DM:5,grid_centered_v2,False,CM,0.6448316600398268,0.06890719439107154
16871,36,24,2120.0,35.0,19.0,5.0,9.0,0.0,845.0,729.0,66.0,19.0,1.0,7.0,159.0,80.0,47.0,19.0,35.0,16.0,1,0,Zizo,0.8637075471698114,1.2833390441438233,0.6966697668209327,0.18333414916340335,0.330001468494126,0.0,30.983471208615168,26.730118948024206,2.4200107689569244,0.6966697668209327,0.036666829832680665,0.25666780882876467,5.830025943396226,2.9333463866144536,1.7233410021359914,0.6966697668209327,1.2833390441438233,0.5866692773228906,0.8627218934911243,0.5031446540880503,0.40425531914893614,0.5428571428571428,40.350630919068784,6.739363323246708,7.865034999110003,3.5277251525708184,1.807674710751157,5.616118903524386,3.9015105211364087,0.17254437869822487,0.5115594311086672,0.7010152334638104,0.8472243712960755,0.624639825120943,0.32127331266391523,0.3320054038112429,0.4941664960275858,0.5394858474392782,Egypt,RW,0.7272727272727273,22,RW:16 | ST:4 | LW:2,grid_centered_v2,False,W,0.644600742530421,0.10135869427760194
70852,41,41,3795.0,0.0,0.0,0.0,0.0,117.0,942.0,442.0,2.0,1.0,0.0,1.0,18.0,13.0,0.0,0.0,10.0,1.0,4,0,Orlando Gill,0.9184057971014493,0.0,0.0,0.0,0.0,2.5483038322735867,20.517112905997596,9.626925588589105,0.043560749269633964,0.021780374634816982,0.0,0.021780374634816982,0.39204674342670565,0.28314487025262075,0.0,0.0,0.21780374634816982,0.021780374634816982,0.4692144373673036,0.7222222222222222,0.0,0.0,21.05018324042078,0.18731122185942606,0.10890187317408491,0.0,0.08276542361230453,2.5630694850203355,1.9293969897036662,3.916298635883841,0.18616301217934353,0.3063803245316652,0.31447774085640395,0.3168013406328847,0.21526564032987267,0.13518082723852,0.0490389806619016,0.9996646498695336,Paraguay,GK,1.0,27,GK:27,grid_centered_v2,False,GK,0.6444040069633975,0.07575704874652
2481,19,18,1727.0,0.0,0.0,0.0,0.0,72.0,404.0,188.0,2.0,0.0,0.0,0.0,10.0,9.0,0.0,0.0,1.0,0.0,0,0,Álvaro Montero,0.9199999999999999,0.0,0.0,0.0,0.0,3.451997683844817,19.369542559351476,9.013549507817022,0.09588882455124492,0.0,0.0,0.0,0.47944412275622456,0.43149971048060215,0.0,0.0,0.04794441227562246,0.0,0.46534653465346537,0.9,0.0,0.0,20.541735167147287,0.1965720903300521,0.2397220613781123,0.0,0.0,3.3040995946728433,1.988712871287129,5.271065832697919,0.18016699760965352,0.3068819412411732,0.3236098390473242,0.3168013406328847,0.21087667676486685,0.17148542294565527,0.05333338634656863,0.9996646498695336,Colombia,GK,1.0,20,GK:20,grid_centered_v2,False,GK,0.6438489649021596,0.11230077901845947
142959,47,40,3242.0,62.0,37.0,16.0,8.0,0.0,854.0,638.0,82.0,34.0,0.0,12.0,305.0,141.0,80.0,31.0,60.0,21.0,4,0,Kerem Aktürkoğlu,0.921533004318322,1.5861055410537435,0.9465468551449759,0.4093175589816112,0.2046587794908056,0.0,21.8473247106435,16.321537664391744,2.0977524897807576,0.8697998128359239,0.0,0.30698816923620836,7.802615968086963,3.6071109885254486,2.046587794908056,0.7930527705268717,1.534940846181042,0.5372292961633647,0.747072599531616,0.46229508196721314,0.3875,0.5967741935483871,32.703616087641485,6.526056831013064,6.370004511651325,5.79325445615263,2.1796160015770796,6.436840629837267,3.454193787454472,0.1494145199063232,0.36434838945270714,0.689502391176436,0.7742733136560392,0.7908242712643001,0.3474446725862843,0.40415951816113904,0.3339142697455271,0.255300451938068,Türkiye,ST,0.7948717948717948,39,ST:31 | LW:8,grid_centered_v2,False,ST,0.6431124749695678,0.08196386558834226
874,37,37,3180.0,134.0,69.0,31.0,3.0,0.0,713.0,602.0,29.0,6.0,1.0,4.0,144.0,63.0,27.0,15.0,24.0,14.0,2,0,Cristiano Ronaldo,0.9283867924528305,3.5208631185475268,1.8129817550729803,0.8145280348878606,0.07882529369882522,0.0,18.734144802420793,15.817608935564262,0.7619778390886438,0.15765058739765045,0.02627509789960841,0.10510039159843364,3.783614097543611,1.6553311676753297,0.7094276432894271,0.39412646849412614,0.6306023495906018,0.3678513705945177,0.844319775596073,0.4375,0.5555555555555556,0.5149253731343284,31.06231522916847,2.672177456390175,2.3384837130651484,10.084249482473714,0.5228744482022073,3.6299636347454616,4.100691104938694,0.1688639551192146,0.33494178862500845,0.4541195216380679,0.48429502683244174,0.9470583285661751,0.2397087634408513,0.18974489242712106,0.5680143707714883,0.4906871422527476,Portugal,ST,0.5405405405405406,37,ST:20 | LW:12 | RW:5,grid_centered_v2,True,ST,0.6429915029304683,0.08275902732496065
2467,25,20,1898.0,6.0,3.0,1.0,1.0,0.0,1436.0,1307.0,8.0,33.0,14.0,17.0,121.0,80.0,23.0,20.0,7.0,16.0,1,1,Lisandro Martínez,1.0,0.2845100105374078,0.1422550052687039,0.04741833508956797,0.04741833508956797,0.0,68.0927291886196,61.97576396206533,0.37934668071654376,1.5648050579557429,0.6638566912539515,0.8061116965226555,5.737618545837724,3.793466807165437,1.0906217070600632,0.9483667017913593,0.33192834562697576,0.7586933614330875,0.9101671309192201,0.6611570247933884,0.8695652173913043,0.5,54.15459976929242,3.219704952581665,1.2091675447839831,1.5785036880927292,5.159114857744995,7.294324604411777,4.954569690524327,0.18203342618384402,0.7566430090713329,0.4888646472263777,0.3951484623016823,0.4509703531338148,0.577385880433189,0.4841880528965735,0.8245327098699984,0.6597980961429759,Argentina,LCB,0.95,20,LCB:19 | RCB:1,grid_centered_v2,False,CB,0.6429523577367886,0.10712253307159725
2901,27,21,1656.0,18.0,8.0,2.0,6.0,0.0,1018.0,869.0,32.0,33.0,6.0,27.0,174.0,93.0,23.0,14.0,20.0,23.0,3,0,In-Beom Hwang,0.9384842995169083,0.9180824669187148,0.4080366519638732,0.1020091629909683,0.3060274889729049,0.0,51.922663962402865,44.322981319575725,1.6321466078554927,1.683151189350977,0.3060274889729049,1.377123700378072,8.874797180214243,4.743426079080026,1.1731053743961353,0.7140641409367781,1.020091629909683,1.1731053743961353,0.8536345776031434,0.5344827586206896,0.6086956521739131,0.4444444444444444,47.97035643887086,5.233070061436674,5.763517708989708,2.2762135055660577,6.120549779458098,8.244244786574104,4.203317869020631,0.17072691552062869,0.6563072414919972,0.6150017177455006,0.7384096099122637,0.5139891254534098,0.6493377258316158,0.5736231269791432,0.6051160201150053,0.515424396891044,South Korea,CM,0.5555555555555556,18,CM:10 | DM:7 | AM:1,grid_centered_v2,True,CM,0.6426663592291395,0.11468292773139112
311543,40,35,3028.0,45.0,29.0,8.0,5.0,0.0,1028.0,824.0,60.0,91.0,3.0,26.0,563.0,261.0,173.0,79.0,53.0,56.0,6,1,Nilson Angulo,0.9296862615587848,1.243470726325323,0.8013478014096527,0.2210614624578352,0.13816341403614701,0.0,28.406397925831822,22.769330633157026,1.6579609684337642,2.5145741354578757,0.0828980484216882,0.7184497529879644,15.557200420470151,7.212130212686874,4.780454125650686,2.1829819417711227,1.4645321887831582,1.5474302372048465,0.8015564202334631,0.4635879218472469,0.45664739884393063,0.6444444444444445,36.13771150932842,9.174050692000161,4.904801198283218,4.179267510525084,6.054320803063963,11.487746063303362,3.6890535384987073,0.16031128404669262,0.42902187578433115,0.8134234368828579,0.6817420496434972,0.678151223628188,0.6445534338626436,0.8213598765859037,0.41575431995814077,0.3795094684409039,Ecuador,AM,0.7352941176470589,34,AM:25 | CM:6 | DM:3,grid_centered_v2,False,AM,0.6425105618424377,0.08481076923716549
36777,28,27,2481.0,0.0,0.0,0.0,0.0,65.0,543.0,255.0,2.0,1.0,0.0,0.0,7.0,7.0,0.0,0.0,4.0,0.0,2,0,Michael Woud,0.85,0.0,0.0,0.0,0.0,2.0042321644498187,16.74304715840387,7.862756952841596,0.06166868198307134,0.03083434099153567,0.0,0.0,0.2158403869407497,0.2158403869407497,0.0,0.0,0.12333736396614269,0.0,0.4696132596685083,1.0,0.0,0.0,19.39804007696059,0.17267230955259977,0.15417170495767835,0.0,0.05550181378476421,3.3021765417170497,2.043646408839779,3.1002708986084295,0.16723245445325755,0.305588339711953,0.3176221197908005,0.3168013406328847,0.21381259785877105,0.17138192519139933,0.05762494006734622,0.9996646498695336,New Zealand,GK,1.0,27,GK:27,grid_centered_v2,False,GK,0.641905789328997,0.09369481447106145
1578,34,21,1858.0,25.0,15.0,4.0,3.0,0.0,1139.0,1008.0,42.0,29.0,0.0,9.0,208.0,114.0,44.0,18.0,55.0,13.0,4,0,Giovani Lo Celso,0.9844025834230355,1.1920913954261732,0.7152548372557039,0.19073462326818771,0.1430509674511408,0.0,54.31168397561645,48.0651250635833,2.002713544315971,1.3828260186943608,0.0,0.42915290235342235,9.918200409945761,5.43593676314335,2.098080855950065,0.8583058047068447,2.622601069937581,0.6198875256216101,0.8849868305531168,0.5480769230769231,0.4090909090909091,0.6,50.57035564148726,7.06194942650465,5.793564181771202,3.7272337583034876,3.3473926383566943,9.25454223763146,4.003457310480585,0.17699736611062336,0.7009507393678519,0.7179510275545973,0.7402702370129405,0.6414250101201663,0.4351297916127354,0.6636144456957944,0.5321367654080452,0.5974485896768696,Argentina,CM,0.9047619047619048,21,CM:19 | AM:2,grid_centered_v2,False,CM,0.6416203416753546,0.1082694879625898
277930,44,27,2409.0,41.0,22.0,8.0,5.0,0.0,886.0,738.0,43.0,43.0,8.0,17.0,295.0,166.0,59.0,42.0,54.0,33.0,5,0,Thelo Aasgaard,0.8723619759236197,1.3362456169191188,0.717009843224893,0.26073085208177926,0.16295678255111204,0.0,28.87594186805705,24.052421104544138,1.4014283299395636,1.4014283299395636,0.26073085208177926,0.5540530606737809,9.61445017051561,5.41016518069692,1.9228900341031219,1.368836973429341,1.75993325155201,1.0755147648373395,0.8329571106094809,0.5627118644067797,0.711864406779661,0.5365853658536586,36.62095826574182,6.824630053240572,4.399833128880025,4.162831328876401,3.9174810525287334,9.262366846196025,4.335749383912297,0.16659142212189618,0.4383772741981174,0.7055482427080711,0.6455484850775838,0.67685043403728,0.4798492296373623,0.6642759324357622,0.6512089545518751,0.46058497882617694,Norway,AM,0.9629629629629629,27,AM:26 | CM:1,grid_centered_v2,False,AM,0.6412582833476568,0.09508467747440152
2926,40,33,3059.0,33.0,14.0,4.0,7.0,0.0,1787.0,1540.0,58.0,80.0,18.0,24.0,334.0,191.0,26.0,15.0,60.0,44.0,2,0,Youri Tielemans,0.9832363517489376,0.9546296059804985,0.40499437829475693,0.1157126795127877,0.20249718914737846,0.0,51.6946395723379,44.54938161242326,1.6778338529354215,2.314253590255754,0.5207070578075447,0.6942760770767261,9.662008739317773,5.5252804467356125,0.75213241683312,0.4339225481729539,1.7356901926918156,1.2728394746406646,0.8617795187465025,0.5718562874251497,0.5769230769230769,0.42424242424242425,48.16274348208546,4.972752402062051,5.308319172649135,2.3411784141998098,6.126986380202109,9.450961487705307,4.181605211073104,0.17235590374930052,0.6597198630248003,0.5991840237495284,0.7091894700967469,0.5198651541316548,0.6498011186712889,0.6800203162626622,0.5973516844386823,0.5369972336708014,Belgium,DM,0.7272727272727273,33,DM:24 | CM:9,grid_centered_v2,False,DM,0.6411563220889813,0.08437993747131266
14379,39,24,2196.0,45.0,25.0,12.0,3.0,0.0,452.0,351.0,31.0,19.0,1.0,0.0,331.0,143.0,35.0,10.0,78.0,65.0,6,2,Cherif Ndiaye,0.915851548269581,1.6890704783660309,0.9383724879811283,0.45041879423094155,0.11260469855773539,0.0,16.965774582698796,13.17474973125504,1.1635818850965989,0.7131630908656574,0.03753489951924513,0.0,12.424051740870137,5.3674906312520525,1.3137214831735795,0.37534899519245124,2.92772216250112,2.439768468750933,0.7765486725663717,0.43202416918429004,0.2857142857142857,0.5555555555555556,29.37547914656695,4.496680962405566,3.528280554809042,6.028182948132223,1.3249819530293532,8.810559391305743,3.2098342584416564,0.15530973451327434,0.30600041388118615,0.5697374454018447,0.5791961770590708,0.804552753501497,0.28892924639076883,0.6250927707420757,0.2582640874828635,0.3192226372847386,Senegal,ST,0.9166666666666666,24,ST:22 | RW:2,grid_centered_v2,False,ST,0.640548917217143,0.09958932064677038
37724,36,31,2808.0,34.0,17.0,7.0,4.0,0.0,726.0,607.0,34.0,52.0,4.0,18.0,378.0,190.0,116.0,56.0,74.0,55.0,8,0,Crysencio Summerville,1.0,1.0897435897435899,0.5448717948717949,0.22435897435897437,0.12820512820512822,0.0,23.26923076923077,19.455128205128204,1.0897435897435899,1.6666666666666667,0.12820512820512822,0.576923076923077,12.115384615384615,6.08974358974359,3.717948717948718,1.794871794871795,2.371794871794872,1.7628205128205128,0.8360881542699724,0.5026455026455027,0.4827586206896552,0.5,33.55284488239034,7.634615384615385,3.4294871794871797,3.557692307692308,4.294871794871796,10.033577533577533,3.855306617218843,0.1672176308539945,0.3799881499813396,0.7465348357342224,0.5714401655045076,0.6271813834599755,0.5096769399874023,0.7260382414174921,0.47695361798343083,0.4688604815814274,Netherlands,LW,0.5161290322580645,31,LW:16 | ST:11 | RW:4,grid_centered_v2,True,W,0.6398043402779352,0.08807048459279793
16813,20,18,1593.0,14.0,4.0,1.0,0.0,0.0,919.0,797.0,15.0,46.0,10.0,15.0,190.0,114.0,13.0,7.0,34.0,36.0,4,0,Hamdy Fathy,0.898179535467671,0.7104244913303613,0.20297842609438893,0.05074460652359723,0.0,0.0,46.634293395185864,40.443451399306994,0.7611690978539586,2.334251900085473,0.5074460652359724,0.7611690978539586,9.641475239483475,5.784885143690085,0.6596798848067641,0.35521224566518067,1.725316621802306,1.8268058348495004,0.8672470076169749,0.6,0.5384615384615384,0.2857142857142857,44.188945413965925,3.12079330120123,1.9029227446348964,1.2615552201494937,6.282182287621338,9.898839201166119,4.098450829102222,0.173449401523395,0.5863280528376994,0.48257006443173905,0.4494734231919717,0.4227352805814293,0.6608870580577306,0.7157674906550114,0.5671942672298572,0.551406171358135,Egypt,RCB,0.3333333333333333,12,RCB:4 | RB:4 | LCB:2 | LB:2,grid_centered_v2,True,CB,0.6394656268930693,0.11692868075960146
335056,43,32,2992.0,32.0,19.0,5.0,8.0,0.0,1382.0,1122.0,55.0,72.0,6.0,31.0,401.0,184.0,135.0,54.0,39.0,31.0,10,0,Diego Moreira,0.9694685828877005,0.93317831507907,0.5540746245781979,0.1458091117311047,0.2332945787697675,0.0,40.30163848247734,32.719564672459896,1.6039002290421516,2.0996512089279076,0.1749709340773256,0.904016492732849,11.693890760834595,5.3657753117046525,3.9368460167398265,1.5747384066959307,1.1373110715026167,0.904016492732849,0.8118668596237337,0.45885286783042395,0.4,0.59375,41.64020926579244,7.392521964767008,5.2928707558391,3.1296773682583146,5.77987318902099,8.888644039877784,3.6727538363966095,0.16237337192474677,0.5369074198666108,0.734687908170894,0.7081646319129645,0.5902767905688374,0.6244270547536199,0.6320001664150956,0.4098612410190307,0.40562558814002314,Belgium,RW,0.625,32,RW:20 | LW:11 | ST:1,grid_centered_v2,False,W,0.6390188463471611,0.08531946884917817
340573,56,41,3547.0,58.0,33.0,9.0,9.0,0.0,1995.0,1611.0,87.0,75.0,5.0,26.0,363.0,182.0,80.0,43.0,29.0,45.0,13,0,Bilal El Khannouss,0.9743332393572033,1.4338932927670147,0.8158358389881291,0.22250068336039883,0.22250068336039883,0.0,49.32098481155507,39.82762232151139,2.150839939150522,1.854172361336657,0.12361149075577711,0.6427797519300411,8.97419422886942,4.499458263510287,1.9777838520924338,1.0630588204996834,0.7169466463835074,1.112503416801994,0.8075187969924812,0.5013774104683195,0.5375,0.5689655172413793,46.684092968312854,6.887632264911901,6.600853606358499,4.06010667594933,4.75904239409742,7.80337380031936,3.9053664803168524,0.16150375939849626,0.6330884886022458,0.7088717502300743,0.786973548902557,0.6686590757923415,0.5462470039227717,0.5323562596161769,0.49560419165278147,0.39453747590615995,Morocco,ST,0.43902439024390244,41,ST:18 | RW:18 | LW:5,grid_centered_v2,True,ST,0.6389201428068472,0.07836070659657217
318,29,29,2476.0,11.0,4.0,2.0,3.0,0.0,1517.0,1332.0,13.0,58.0,17.0,36.0,204.0,126.0,9.0,7.0,5.0,26.0,8,2,Kalidou Koulibaly,0.9153675282714056,0.3659991328710386,0.13309059377128676,0.06654529688564338,0.09981794532846505,0.0,50.474607687760496,44.31916772583849,0.4325444297566819,1.9298136096836578,0.5656350235279687,1.1978153439415808,6.787620282335624,4.192353703795532,0.2994538359853952,0.23290853909975182,0.16636324221410845,0.8650888595133638,0.8780487804878049,0.6176470588235294,0.7777777777777778,0.36363636363636365,45.52988183120071,1.4440329424184613,1.6303597736982627,1.4459619336376757,6.4914937111945115,7.722236361784333,4.65102244647566,0.175609756097561,0.611710343626892,0.37826290423820647,0.4279106864922047,0.4391137479133731,0.6755618442883281,0.5246958315155567,0.7492480178810045,0.5795987159987062,Senegal,RCB,0.6176470588235294,34,RCB:21 | LCB:12 | RB:1,grid_centered_v2,False,CB,0.6385352456681546,0.09378936976252875
196298,59,27,2850.0,59.0,30.0,11.0,8.0,0.0,877.0,696.0,48.0,23.0,1.0,11.0,388.0,176.0,109.0,47.0,57.0,44.0,4,0,Ramón Sosa,0.9004631578947371,1.677705041551247,0.8530703601108035,0.31279246537396127,0.22748542936288096,0.0,24.938090193905822,19.791232354570642,1.3649125761772858,0.6540206094182827,0.02843567867036012,0.31279246537396127,11.033043324099724,5.00467944598338,3.099488975069253,1.3364768975069254,1.6208336842105266,1.251169861495845,0.7936145952109465,0.4536082474226804,0.43119266055045874,0.5084745762711864,33.79233061988585,6.608451722991692,4.66345130193906,4.713587379689188,1.8341012742382274,8.367375966644774,3.635147582278543,0.1587229190421893,0.3844456677483305,0.6939784321350934,0.6646836186789077,0.7188628455823505,0.32309856201428905,0.5849925120317558,0.39636577870357614,0.3598499724340554,Paraguay,LW,0.48148148148148145,27,LW:13 | RW:12 | ST:2,grid_centered_v2,True,W,0.6379711141057544,0.0874191355662929
9,43,39,3641.0,49.0,23.0,4.0,11.0,0.0,2869.0,2563.0,78.0,62.0,4.0,28.0,340.0,164.0,75.0,26.0,60.0,34.0,6,1,Achraf Hakimi,0.9862043394671794,1.1944963298682398,0.5606819507544799,0.09750990447903998,0.26815223731736,0.0,69.93897898759143,62.47947129494488,1.9014431373412797,1.5114035194251199,0.09750990447903998,0.6825693313532799,8.2883418807184,3.9979060836406393,1.8283107089819999,0.6338143791137599,1.4626485671855998,0.82883418807184,0.8933426280934124,0.4823529411764706,0.3466666666666667,0.46938775510204084,57.60899252143401,5.738457878591503,6.228445148598679,2.5038094770926733,4.19292589259872,7.044127340626306,3.877333639751784,0.1786685256186825,0.8032384731659553,0.6450020124802903,0.7662243335695985,0.5345473911256519,0.5016174010513799,0.46056536951134514,0.48515528771915667,0.6186043455792759,Morocco,RB,1.0,46,RB:46,public_anchor,False,FB,0.6379388486697729,0.07734256985504474
284322,30,18,1822.0,9.0,3.0,1.0,3.0,0.0,1166.0,1037.0,27.0,37.0,10.0,23.0,198.0,98.0,39.0,20.0,24.0,15.0,3,0,Kobbie Mainoo,1.0,0.4445664105378705,0.1481888035126235,0.04939626783754117,0.1481888035126235,0.0,57.596048298573,51.223929747530185,1.3336992316136114,1.8276619099890232,0.49396267837541163,1.1361141602634468,9.78046103183315,4.840834248079034,1.9264544456641055,0.9879253567508233,1.185510428100988,0.7409440175631175,0.8893653516295026,0.494949494949495,0.5128205128205128,0.3333333333333333,50.81975398832264,5.463227222832052,4.149286498353458,1.2693011342846687,6.1053787047200885,8.262016432159133,4.174559930354931,0.17787307032590052,0.7050553204240554,0.6287883148576136,0.6269188387367122,0.42342010334802854,0.6482443946580992,0.5752691933120665,0.5948215997482847,0.6085851121944829,England,CM,0.8888888888888888,18,CM:16 | DM:2,grid_centered_v2,False,CM,0.6367552755736442,0.10933387771722433
24845,46,38,3290.0,8.0,1.0,0.0,18.0,0.0,1386.0,1152.0,85.0,64.0,8.0,25.0,363.0,144.0,90.0,34.0,32.0,42.0,10,0,Julian Ryerson,1.0,0.2188449848024316,0.02735562310030395,0.0,0.4924012158054711,0.0,37.91489361702128,31.51367781155015,2.325227963525836,1.750759878419453,0.2188449848024316,0.6838905775075987,9.930091185410333,3.9392097264437687,2.4620060790273555,0.9300911854103343,0.8753799392097265,1.1489361702127658,0.8311688311688312,0.39669421487603307,0.37777777777777777,0.125,42.491378833932025,6.948328267477204,8.52127659574468,0.28829787234042553,4.759878419452888,6.704976261649374,3.6558537014243013,0.16623376623376626,0.5535422361168616,0.7120525974693028,0.872568701164056,0.339822668111498,0.546312541131019,0.4288441146883419,0.4037783112032818,0.4558679045944796,Norway,RB,0.9523809523809523,42,RB:40 | LB:2,grid_centered_v2,False,FB,0.6363016311071621,0.08136375599905375
249,52,34,3016.0,93.0,54.0,22.0,4.0,0.0,457.0,356.0,22.0,12.0,0.0,3.0,295.0,107.0,103.0,40.0,37.0,18.0,1,0,Donyell Malen,0.9857029177718833,2.735521691561891,1.5883674338101303,0.6471126582189419,0.11765684694889854,0.0,13.442294763911658,10.47145937845197,0.6471126582189419,0.3529705408466956,0.0,0.0882426352116739,8.677192462481267,3.147320655883036,3.0296638089341372,1.1765684694889853,1.0883258342773114,0.5294558112700435,0.7789934354485777,0.36271186440677966,0.3883495145631068,0.5806451612903226,26.818093846412573,4.650386875655214,2.2648943037662965,8.561905995666363,0.8118322439474,5.494384511456589,3.528234431144723,0.15579868708971556,0.2649350437716115,0.5793093628611363,0.4783917417337953,0.9115534739454684,0.25675819646271925,0.3218565016639486,0.35891000733419764,0.32489413726632976,Netherlands,ST,0.8529411764705882,34,ST:29 | RW:5,grid_centered_v2,False,ST,0.6361892324136964,0.08497932343305979
10135,48,44,3921.0,55.0,32.0,10.0,11.0,0.0,2278.0,1960.0,81.0,93.0,6.0,31.0,496.0,250.0,75.0,31.0,107.0,66.0,10,0,Bruno Guimarães,0.9931140015302219,1.2537399407229273,0.7294486927842486,0.2279527164950777,0.25074798814458543,0.0,51.9276288175787,44.67873243303523,1.8464170036101293,2.1199602634042227,0.13677162989704664,0.7066534211347409,11.306454738155855,5.698817912376942,1.7096453737130828,0.7066534211347409,2.439094066497331,1.5044879288675128,0.8604038630377524,0.5040322580645161,0.41333333333333333,0.5818181818181818,48.57036355107448,6.309731192583751,5.995156443820544,4.008486265494933,5.379684109283835,9.490441851521267,3.836667389548539,0.1720807726075505,0.6668955374772295,0.6775820054535718,0.7525298749436153,0.6645035264346998,0.5943100357383454,0.6832664447639446,0.4700228973099771,0.5333611381369816,Brazil,CM,0.8809523809523809,42,CM:37 | AM:3 | DM:2,grid_centered_v2,False,CM,0.6361229184808075,0.07452989623156389
421,40,27,2548.0,48.0,26.0,13.0,5.0,0.0,465.0,330.0,26.0,20.0,5.0,8.0,343.0,151.0,49.0,18.0,73.0,60.0,6,1,Breel Embolo,1.0,1.695447409733124,0.9183673469387755,0.45918367346938777,0.17660910518053377,0.0,16.42464678178964,11.656200941915229,0.9183673469387755,0.7064364207221351,0.17660910518053377,0.282574568288854,12.115384615384615,5.33359497645212,1.7307692307692308,0.6357927786499216,2.578492935635793,2.119309262166405,0.7096774193548387,0.4402332361516035,0.3673469387755102,0.5416666666666666,26.96976122955386,4.531789638932497,3.267268445839875,6.042517006802721,2.0310047095761385,8.787732675487778,3.1516440110251827,0.14193548387096774,0.26726982192536264,0.5719286797861816,0.5586300393204772,0.8053678973017777,0.33686584110062495,0.6230637082737247,0.2419891585511818,0.1872656448006472,Switzerland,ST,0.7037037037037037,27,ST:19 | RW:8,grid_centered_v2,False,ST,0.6360588707920172,0.09245474942228676
41552,51,33,3307.0,24.0,13.0,2.0,3.0,0.0,1929.0,1707.0,25.0,71.0,28.0,65.0,293.0,163.0,19.0,15.0,28.0,48.0,14,2,Pathé Ismaël Ciss,0.9551406108255215,0.6238596067079305,0.3379239536334624,0.05198830055899421,0.07798245083849131,0.0,50.14271588914992,44.372014527101555,0.6498537569874276,1.8455846698442946,0.727836207825919,1.689619768167312,7.616286031892652,4.237046495558028,0.49388885531044496,0.38991225419245656,0.727836207825919,1.247719213415861,0.8849144634525661,0.5563139931740614,0.7894736842105263,0.5416666666666666,45.98679125040647,2.5084355019714706,2.0535378720802715,1.9723332728921343,7.501911770662865,7.600807073303423,4.640961313859284,0.17698289269051323,0.620229810868385,0.44379965225581935,0.461476091939378,0.4864784727991372,0.7413544023771738,0.5132106988067014,0.7464180831816899,0.5972636465066447,Senegal,DM,0.7575757575757576,33,RB:25 | RCB:8,public_anchor,False,DM,0.6353135540036322,0.08115435683997171
63274,48,42,3689.0,64.0,36.0,11.0,13.0,0.0,969.0,760.0,74.0,43.0,0.0,5.0,529.0,241.0,125.0,58.0,81.0,69.0,8,0,Barış Alper Yılmaz,0.9414773651396042,1.4700215839534074,0.8268871409737918,0.25265995974199196,0.29859813424053594,0.0,22.25704554454456,17.456506309446716,1.6997124564461275,0.9876707517186958,0.0,0.11484543624635997,12.150647154864885,5.53555002707455,2.871135906158999,1.3322070604577756,1.8604960671910313,1.5848670201997674,0.7843137254901961,0.4555765595463138,0.464,0.5625,33.02293854519221,7.3202481063429845,5.891570879438266,4.303921675299244,2.0074982255863723,9.116499716543311,3.6357393014182304,0.1568627450980392,0.3701976257819814,0.7310833719669427,0.7462793026137402,0.6879258626213232,0.3352070836962012,0.651840690812669,0.39657696492452627,0.3374138787253672,Türkiye,AM,0.9523809523809523,42,AM:40 | CM:2,grid_centered_v2,False,AM,0.6351270425866048,0.07683774485868795
38123,32,28,2600.0,30.0,15.0,4.0,7.0,0.0,1199.0,965.0,67.0,37.0,7.0,9.0,220.0,103.0,61.0,26.0,33.0,28.0,6,0,Ajdin Hrustić,0.9143230769230768,0.949489349112426,0.474744674556213,0.1265985798816568,0.22154751479289939,0.0,37.94792431952662,30.541907396449698,2.120526213017751,1.1710368639053252,0.22154751479289939,0.28484680473372775,6.962921893491123,3.259913431952662,1.930628343195266,0.8228907692307691,1.0444382840236683,0.8861900591715975,0.804837364470392,0.4681818181818182,0.4262295081967213,0.5,41.438552481582285,6.396393248520709,6.519826863905324,2.6774311834319526,2.9212622307692304,5.968424259279181,3.7005214129394703,0.16096747289407842,0.5329528699954102,0.6823863361485065,0.7825760775490068,0.5501554357714724,0.40233961373830646,0.36224281010676934,0.41991506539819234,0.38775242929475207,Australia,AM,1.0,27,AM:27,grid_centered_v2,False,AM,0.6346650937816521,0.09152553237716281
81,32,22,2180.0,8.0,1.0,0.0,3.0,0.0,1140.0,952.0,33.0,59.0,4.0,27.0,227.0,145.0,29.0,19.0,21.0,23.0,4,0,Krépin Diatta,0.9801834862385322,0.3237303257301575,0.040466290716269684,0.0,0.12139887214880904,0.0,46.13157141654744,38.523908761888734,1.3353875936368993,2.3875111522599113,0.16186516286507874,1.0925898493392814,9.185847992593217,5.867612153859104,1.1735224307718208,0.768859523609124,0.8497921050416632,0.9307246864742027,0.8350877192982457,0.6387665198237885,0.6551724137931034,0.125,44.30717530717629,4.7507425300900605,4.006162780910698,0.3066528070027775,6.66075145189799,10.130956574874112,4.283165995383025,0.16701754385964915,0.5885866714772789,0.5855273764611092,0.6161010065879227,0.34131578932117324,0.6871828992600458,0.7333156269817811,0.6331899580466108,0.46621420033348276,Senegal,RB,0.9545454545454546,22,RB:21 | RCB:1,grid_centered_v2,False,FB,0.6346358730755063,0.09995411791453813
335051,43,32,3100.0,43.0,19.0,8.0,4.0,0.0,2157.0,1973.0,33.0,76.0,15.0,35.0,320.0,192.0,37.0,20.0,48.0,26.0,1,0,João Neves,0.9894999999999999,1.2352790322580645,0.5458209677419354,0.22981935483870966,0.11490967741935483,0.0,61.965043548387094,56.67919838709677,0.9480048387096774,2.183283870967742,0.43091129032258063,1.0054596774193547,9.192774193548388,5.515664516129032,1.0629145161290323,0.5745483870967742,1.378916129032258,0.7469129032258064,0.914696337505795,0.6,0.5405405405405406,0.4418604651162791,52.64768771183843,3.8322377419354843,3.002015322580645,3.486425123780945,6.414832741935483,9.521930322580644,4.354657121985191,0.18293926750115902,0.7341103048032598,0.5278469393247729,0.5375220075510295,0.6211258494203763,0.6702252056383358,0.6858427560309862,0.6575870175125106,0.6705158171191972,Portugal,CM,0.8947368421052632,38,CM:34 | DM:4,grid_centered_v2,False,CM,0.6340885553997603,0.08382008382012573
415431,53,38,3332.0,9.0,3.0,2.0,2.0,0.0,2310.0,2075.0,35.0,110.0,17.0,40.0,322.0,184.0,45.0,29.0,32.0,39.0,7,0,Samir El Mourabet,0.9661014405762304,0.2348565926971028,0.07828553089903427,0.05219035393268951,0.05219035393268951,0.0,60.279858792256384,54.14749220516536,0.9133311938220664,2.8704694662979233,0.44361800842786087,1.04380707865379,8.402646983163011,4.801512561807435,1.174282963485514,0.756760132023998,0.8350456629230322,1.0177119016874456,0.8982683982683982,0.5714285714285714,0.6444444444444445,0.3333333333333333,51.40930880086946,3.9534193104012303,2.5703749311849586,1.1937892413868307,7.7424390059144885,8.436403300816123,4.451093870375827,0.17965367965367965,0.7146264419739016,0.5355339853459876,0.5029181121255937,0.41675696665929124,0.7556714445019878,0.5913276285266549,0.6892040049566218,0.630873637449393,Morocco,CM,0.7368421052631579,38,CM:28 | DM:6 | AM:4,grid_centered_v2,False,CM,0.6336786375622517,0.08084933299575417
138908,57,52,4793.0,42.0,14.0,4.0,6.0,0.0,3464.0,2987.0,80.0,146.0,19.0,61.0,761.0,429.0,125.0,73.0,120.0,86.0,12,1,Elliot Anderson,0.9860463175464217,0.7776455414824691,0.2592151804941563,0.07406148014118752,0.11109222021178129,0.0,64.13724180226839,55.30541029543179,1.4812296028237506,2.703244025153345,0.35179203067064074,1.1294375721531098,14.090196596860928,7.943093745142362,2.3144212544121103,1.3516220125766725,2.221844404235626,1.592321823035532,0.8622979214780601,0.5637319316688568,0.584,0.3333333333333333,53.381666053619774,7.156190518642245,4.314081218224174,1.6220597604879856,7.511685623319946,12.811527038205877,4.16734975199791,0.17245958429561203,0.7452495268361414,0.7227873137293203,0.639218600958038,0.45487955126163077,0.7419466969227418,0.8836192437580724,0.5922270727625539,0.538366462495613,England,AM,0.46153846153846156,52,AM:24 | DM:15 | CM:13,grid_centered_v2,True,AM,0.6336124354508063,0.06741013908648066
931,56,32,2933.0,87.0,51.0,21.0,4.0,0.0,690.0,512.0,35.0,12.0,4.0,6.0,221.0,97.0,45.0,18.0,28.0,25.0,3,0,Ferran Torres,0.9941697920218207,2.654057099055866,1.5558265753086113,0.6406344721858988,0.122025613749695,0.0,21.049418371822387,15.61927855996096,1.0677241203098313,0.366076841249085,0.122025613749695,0.1830384206245425,6.741915159670649,2.959121133430104,1.3727881546840688,0.5491152618736275,0.8541792962478649,0.7626600859355938,0.7420289855072464,0.43891402714932126,0.4,0.5862068965517241,30.1584111456209,3.7217812193656976,3.340451176397901,8.475646776022694,1.1592433306221026,5.459511668250109,3.431654253260243,0.14840579710144927,0.31926116622617123,0.5208286102510242,0.5644198706818476,0.9090018215564445,0.2782800647947227,0.318979367104832,0.3264790906993577,0.24524604260227406,Spain,ST,0.8125,32,ST:26 | LW:4 | RW:2,grid_centered_v2,False,ST,0.63331397797356,0.08617333604945081
353808,41,23,2333.0,3.0,0.0,0.0,4.0,0.0,1095.0,882.0,17.0,76.0,13.0,32.0,295.0,170.0,42.0,22.0,21.0,27.0,5,0,Deveron Fonville,0.9099699957136734,0.10531157258580875,0.0,0.0,0.14041543011441168,0.0,38.4387239938202,30.961602340227774,0.5967655779862496,2.6678931721738217,0.456350147871838,1.1233234409152935,10.355637970937861,5.967655779862497,1.4743620162013227,0.7722848656292642,0.7371810081006613,0.9478041532722788,0.8054794520547945,0.576271186440678,0.5238095238095238,0.0,38.62794325456145,3.3734807084987404,2.2641988105948885,0.0,7.550839754402487,10.08353165112953,3.9167193673634126,0.16109589041095893,0.4776281544361598,0.4986569791034402,0.47833597599038274,0.3168013406328847,0.7443105482051219,0.7297868494707946,0.4998374518923149,0.38937330459474184,Curaçao,RCB,0.8695652173913043,23,RCB:20 | LB:2 | LCB:1,grid_centered_v2,False,CB,0.633114877629807,0.0966210089690452
362145,38,31,2614.0,36.0,19.0,5.0,8.0,0.0,1046.0,840.0,54.0,49.0,2.0,26.0,351.0,172.0,88.0,38.0,67.0,26.0,2,0,Ali Ahmed,0.9319051262433055,1.1550775091921615,0.6096242409625295,0.16042743183224462,0.2566838909315914,0.0,33.56141873930557,26.951808547817098,1.732616263788242,1.5721888319559973,0.06417097273289785,0.8342226455276721,11.262005714623573,5.518703655029215,2.8235228002475052,1.219248481925059,2.149727586552078,0.8342226455276721,0.8030592734225621,0.49002849002849,0.4318181818181818,0.5277777777777778,38.64435279582804,7.241694272907523,5.743302059594358,3.1924489475610534,4.568973258582327,9.19627058712637,3.717253768620877,0.16061185468451245,0.47795089228855464,0.7271307047112198,0.7371529233037033,0.5957642113233198,0.5313100052346995,0.658668142341072,0.42600617899116966,0.3832768898163449,Canada,AM,0.75,32,AM:24 | CM:8,grid_centered_v2,False,AM,0.6329352544361441,0.0912801081749552
474591,35,31,2727.0,24.0,7.0,2.0,4.0,0.0,1603.0,1467.0,47.0,67.0,5.0,32.0,340.0,194.0,73.0,47.0,69.0,49.0,11,0,Christ Inao Oulaï,0.921969196919692,0.7302726312235184,0.21299618410685953,0.060856052601959865,0.12171210520391973,0.0,48.77612616047083,44.637914583537565,1.4301172361460568,2.0386777621656558,0.15214013150489966,0.9736968416313578,10.345528942333178,5.903037102390107,2.2212459199715355,1.4301172361460568,2.0995338147676152,1.490973288748017,0.9151590767311292,0.5705882352941176,0.6438356164383562,0.2916666666666667,47.68846816278222,7.1992710228118515,4.2447096689867,1.3683764118986157,5.784367799816286,9.976016649228502,4.470918309165799,0.18303181534622584,0.6512778094284134,0.7249810235789367,0.6340620971562918,0.4322045181171883,0.6247603709726105,0.7216788873538402,0.695502110822733,0.6716011370938973,Ivory Coast,AM,0.8387096774193549,31,AM:26 | CM:5,grid_centered_v2,False,AM,0.6328487385836997,0.08936889100726263
47545,33,24,2127.0,38.0,16.0,11.0,6.0,0.0,710.0,529.0,38.0,26.0,2.0,12.0,296.0,119.0,90.0,45.0,30.0,21.0,2,0,Gaël Kakuta,0.8541137752703337,1.3733282141159102,0.5782434585751202,0.3975423777703951,0.21684129696567006,0.0,25.659553474270957,19.11817434913991,1.3733282141159102,0.9396456201845703,0.07228043232189002,0.4336825939313401,10.697503983639724,4.300685723152456,3.252619454485051,1.6263097272425255,1.0842064848283504,0.7589445393798453,0.7450704225352113,0.40202702702702703,0.5,0.42105263157894735,32.92021605503403,7.079868345929127,4.62594766860096,4.831985127326224,2.6382357797489857,7.227041093494519,3.607841726533662,0.14901408450704226,0.3683117367000419,0.7188745304841425,0.6619923988614582,0.72744808894747,0.3810154469727834,0.4778240282189464,0.3866634261925338,0.25127692772277793,Congo DR,RW,0.6086956521739131,23,RW:14 | ST:9,grid_centered_v2,False,W,0.6322422082002084,0.10119177007070444
400948,21,13,1172.0,19.0,11.0,2.0,1.0,0.0,363.0,296.0,9.0,18.0,1.0,5.0,211.0,98.0,78.0,30.0,41.0,15.0,2,0,Assane Diao,1.0,1.4590443686006827,0.8447098976109215,0.15358361774744028,0.07679180887372014,0.0,27.87542662116041,22.730375426621162,0.6911262798634812,1.3822525597269624,0.07679180887372014,0.3839590443686007,16.203071672354948,7.525597269624574,5.989761092150171,2.303754266211604,3.1484641638225255,1.151877133105802,0.8154269972451791,0.46445497630331756,0.38461538461538464,0.5789473684210527,34.311869470378625,8.577645051194539,2.150170648464164,3.5691575354769176,3.340443686006826,11.929201106384355,3.6399340025386824,0.16308539944903583,0.3941818746219001,0.78925936629047,0.4692013345003713,0.6281519193962155,0.43458967198135456,0.8445988791018767,0.39807516684435734,0.4147771699551972,Senegal,RW,0.6153846153846154,13,RW:8 | LW:5,grid_centered_v2,False,W,0.6320773342769243,0.13632174348738454
48471,30,23,1897.0,29.0,12.0,5.0,7.0,0.0,646.0,474.0,37.0,24.0,1.0,9.0,192.0,96.0,57.0,26.0,23.0,19.0,2,0,Ruben Vargas,1.0,1.3758566157090142,0.5693199789140748,0.23721665788086452,0.33210332103321033,0.0,30.648392198207695,22.488139167105956,1.7554032683183973,1.1386399578281496,0.0474433315761729,0.4269899841855561,9.109119662625197,4.554559831312599,2.7042698998418553,1.2335266209804954,1.0911966262519768,0.9014232999472851,0.7337461300309598,0.5,0.45614035087719296,0.41379310344827586,35.64623627660425,6.789140748550342,6.21507643647865,3.5223674404231726,2.955719557195572,7.876383763837637,3.5170502226915237,0.14674922600619197,0.4195589576809611,0.7036664012839754,0.7654539807160861,0.6241847005390198,0.4049629395650403,0.5392364377882508,0.3550807102994286,0.22932297865779214,Switzerland,RW,0.36363636363636365,22,RW:8 | LW:7 | ST:7,grid_centered_v2,True,W,0.631857978032147,0.10715076407302863
19549,30,24,2136.0,3.0,2.0,1.0,1.0,0.0,1179.0,951.0,28.0,64.0,5.0,45.0,215.0,123.0,31.0,18.0,12.0,19.0,6,0,Antonee Robinson,1.0,0.12640449438202248,0.08426966292134831,0.042134831460674156,0.042134831460674156,0.0,49.67696629213483,40.07022471910112,1.1797752808988764,2.696629213483146,0.21067415730337077,1.896067415730337,9.058988764044944,5.182584269662921,1.3061797752808988,0.7584269662921348,0.5056179775280899,0.800561797752809,0.806615776081425,0.5720930232558139,0.5806451612903226,0.6666666666666666,44.87957979529405,4.272471910112359,3.1811797752808992,1.7883895131086143,8.877808988764045,8.971897047295531,4.033108772089669,0.161323155216285,0.59946738209693,0.5556829215936762,0.5517988102037249,0.4698549174793067,0.8158052841654214,0.6393055092771348,0.543130393485898,0.39224780283239036,USA,LB,0.75,24,LB:18 | RCB:6,grid_centered_v2,False,FB,0.6317990664755387,0.10097836012474724
19720,47,41,3722.0,14.0,5.0,3.0,0.0,0.0,2961.0,2751.0,8.0,39.0,20.0,45.0,299.0,172.0,15.0,12.0,23.0,27.0,4,1,Trevoh Chalobah,1.0,0.338527673293928,0.12090274046211714,0.07254164427727029,0.0,0.0,71.59860290166577,66.52068780225686,0.19344438473938744,0.9430413756045137,0.4836109618484686,1.0881246641590543,7.229983879634605,4.15905427189683,0.36270822138635145,0.29016657710908117,0.5561526061257389,0.6528747984954326,0.9290780141843972,0.5752508361204013,0.8,0.35714285714285715,55.8332104298383,1.3516926383664698,0.4836109618484686,1.4638827051508407,4.405695862439549,7.548428489016765,4.869643400213917,0.18581560283687945,0.7801740262698601,0.37274632778883765,0.3409950365676283,0.4407131100612851,0.5184325193851316,0.5082515586397771,0.80544682207521,0.7033557298812882,England,RCB,0.4666666666666667,45,RCB:21 | LCB:17 | RB:7,grid_centered_v2,True,CB,0.6308732712514489,0.07649635702676612
198352,32,23,1906.0,50.0,33.0,14.0,6.0,0.0,260.0,176.0,29.0,4.0,0.0,0.0,168.0,66.0,39.0,18.0,29.0,21.0,6,0,Mohamed Touré,0.8871196222455403,2.094458709393983,1.3823427482000288,0.5864484386303153,0.25133504512727795,0.0,10.891185288848712,7.372494657066819,1.2147860514485103,0.16755669675151863,0.0,0.0,7.037381263563782,2.7646854964000576,1.6336777933273066,0.7540051353818339,1.2147860514485103,0.8796726579454728,0.676923076923077,0.39285714285714285,0.46153846153846156,0.66,24.253682405955864,4.679020756786158,4.419307876821304,7.946867356522563,0.30160205415273356,5.049131123531509,3.2867690445072193,0.1353846153846154,0.22747617866238112,0.5810861698890859,0.6469790558397996,0.8918689244880141,0.22718766502768317,0.28619091997371,0.28084825406052116,0.13992631959602492,Australia,ST,0.9565217391304348,23,ST:22 | RW:1,grid_centered_v2,False,ST,0.6306232750259333,0.1068974854846366
137976,42,32,3072.0,10.0,4.0,1.0,0.0,0.0,1712.0,1564.0,5.0,66.0,28.0,46.0,331.0,166.0,13.0,6.0,24.0,50.0,8,0,Isak Hien,1.0,0.29296875,0.1171875,0.029296875,0.0,0.0,50.15625,45.8203125,0.146484375,1.93359375,0.8203125,1.34765625,9.697265625,4.86328125,0.380859375,0.17578125,0.703125,1.46484375,0.9135514018691588,0.5015105740181269,0.46153846153846156,0.4,45.70206629672897,1.0546875,0.3662109375,1.1984375,7.078125,8.31312547205438,4.111615866918537,0.18271028037383177,0.6149292048303554,0.3552320028973865,0.33256935410983113,0.4171662759568541,0.7148356016096947,0.5799936598401559,0.5720082066232488,0.6678226466587399,Sweden,RCB,0.53125,32,RCB:17 | RB:15,grid_centered_v2,True,CB,0.6305802298785663,0.08420120990817175
44507,36,10,1189.0,4.0,0.0,0.0,0.0,0.0,696.0,645.0,2.0,23.0,7.0,35.0,104.0,56.0,4.0,2.0,5.0,15.0,1,0,Ali Lajami,0.9071740958788899,0.2746700374402022,0.0,0.0,0.0,0.0,47.79258651459518,44.2905435372326,0.1373350187201011,1.5793527152811624,0.4806725655203538,2.403362827601769,7.141420973445256,3.8453805241628305,0.2746700374402022,0.1373350187201011,0.3433375468002527,1.0300126404007581,0.9267241379310345,0.5384615384615384,0.5,0.0,44.949437417283896,0.7622093538965611,0.34333754680025275,0.0,8.17830036478202,6.998917349212578,4.276518086911175,0.1853448275862069,0.6007888286840248,0.3383551948529041,0.33093994009310296,0.3168013406328847,0.780219332524758,0.45631255022548933,0.6308838964351097,0.6981109282262633,Saudi Arabia,RCB,0.6,10,RCB:6 | RB:3 | LCB:1,grid_centered_v2,False,CB,0.62990083888705,0.13534368922718523
1323,56,36,3265.0,72.0,29.0,8.0,11.0,0.0,1864.0,1598.0,71.0,53.0,4.0,22.0,338.0,177.0,72.0,33.0,62.0,43.0,4,0,Dani Olmo,0.9980704441041347,1.9808565016216824,0.7978449798198443,0.2200951668468536,0.3026308544144237,0.0,51.282173875316886,43.964009577659,1.9533446057658257,1.458130480360405,0.1100475834234268,0.6052617088288474,9.299020799279564,4.869605566486636,1.9808565016216824,0.9078925632432711,1.7057375430631152,1.183011521801838,0.8572961373390557,0.5236686390532544,0.4583333333333333,0.4027777777777778,48.41607088890064,6.638620470018221,6.547831213693895,3.683299862078166,3.9562106240721935,8.388453710241054,3.94036301456385,0.17145922746781117,0.6641882654870666,0.6956082756329985,0.7841032994433731,0.6377567251807224,0.48290727375985104,0.5869300474367503,0.5086530579763057,0.5251344156892257,Spain,CM,0.6111111111111112,36,CM:22 | AM:14,grid_centered_v2,False,CM,0.6298446728153154,0.08167466181655356
756,54,52,4580.0,59.0,32.0,9.0,13.0,0.0,2967.0,2645.0,68.0,69.0,15.0,46.0,298.0,172.0,67.0,46.0,19.0,29.0,4,1,Federico Valverde,0.9889301310043669,1.146554365858775,0.6218599950420474,0.17489812360557583,0.2526306229858318,0.0,57.65808141530483,51.40061521519423,1.3214524894643505,1.3408856143094146,0.2914968726759597,0.8939237428729431,5.791071203829066,3.3424974733510044,1.3020193646192866,0.8939237428729431,0.36922937205621564,0.5635606205068554,0.8914728682170543,0.5771812080536913,0.6865671641791045,0.5423728813559322,50.87586332124223,4.798038524246297,4.693099650082951,3.3545347446153375,4.522088151446388,6.41104008685248,4.541763567863007,0.17829457364341086,0.7059742362596599,0.5884485314492803,0.6668036131254821,0.6098202624657845,0.5276157445465083,0.4018076239182004,0.7174078330436188,0.6139061892026435,Uruguay,CM,0.5769230769230769,52,CM:30 | DM:21 | AM:1,grid_centered_v2,True,CM,0.6297105008365979,0.06895983262221453
34710,46,35,3098.0,89.0,51.0,17.0,5.0,0.0,563.0,442.0,31.0,21.0,4.0,7.0,373.0,157.0,37.0,16.0,59.0,44.0,5,0,Hyun-gyu Oh,0.9192608134280182,2.3767847371073034,1.3619777707019378,0.4539925902339793,0.13352723242175862,0.0,15.03516637069002,11.803807346083461,0.8278688410149034,0.5608143761713862,0.10682178593740689,0.18693812539046206,9.961131538663192,4.192755098043221,0.9881015199210136,0.42728714374962756,1.5756213425767516,1.1750396453114758,0.7850799289520426,0.42091152815013405,0.43243243243243246,0.5730337078651685,28.048560772641377,3.346192444489271,2.804071880856931,6.684777016584884,1.5008460924205669,7.13259172171091,3.600519569345663,0.15701598579040854,0.2842491462068095,0.49691899121304817,0.521677891382871,0.8392725165388963,0.30048936729064724,0.4689031132519216,0.3840765852931367,0.33923636777117755,South Korea,ST,0.9705882352941176,34,ST:33 | RW:1,grid_centered_v2,False,ST,0.6296848155150098,0.08384713564713958
196187,25,16,1484.0,6.0,1.0,0.0,1.0,0.0,935.0,859.0,13.0,39.0,4.0,23.0,163.0,101.0,18.0,11.0,32.0,21.0,3,0,Alidu Seidu,1.0,0.3638814016172507,0.06064690026954179,0.0,0.06064690026954179,0.0,56.70485175202157,52.095687331536396,0.7884097035040432,2.3652291105121295,0.24258760107816715,1.394878706199461,9.885444743935311,6.12533692722372,1.091644204851752,0.6671159029649596,1.9407008086253372,1.2735849056603774,0.9187165775401069,0.6196319018404908,0.6111111111111112,0.16666666666666666,50.061917133920474,4.057277628032345,2.3045822102425877,0.41823899371069184,7.314016172506738,10.43436740363468,4.461473989673741,0.1837433155080214,0.6924824982917293,0.542108876680961,0.4815748302921971,0.35046001902706464,0.7297970781088344,0.7551869598067885,0.6925106442033587,0.6798832562606355,Ghana,RB,1.0,16,RB:16,grid_centered_v2,False,FB,0.6294023361726697,0.12114681120536815
750,36,28,2338.0,18.0,8.0,3.0,0.0,0.0,1713.0,1556.0,36.0,47.0,1.0,12.0,205.0,114.0,37.0,24.0,34.0,9.0,1,0,Álvaro Fidalgo,0.9425705731394356,0.6531070694978125,0.29026980866569446,0.10885117824963542,0.0,0.0,62.15402278054182,56.45747778547757,1.306214138995625,1.7053351259109548,0.03628372608321181,0.43540471299854167,7.438163847058421,4.1363447734861465,1.3424978650788368,0.8708094259970833,1.2336466868292013,0.32655353474890625,0.9083479276123759,0.5560975609756098,0.6486486486486487,0.4444444444444444,53.290436719544466,5.145032358599434,3.2655353474890623,2.1660760470179445,3.980324751328335,7.459175365807434,4.543100055821215,0.1816695855224752,0.7438818382042987,0.6096776081374956,0.5584927258866855,0.5040192918671377,0.48481196009230965,0.49979796782092023,0.7178117975627909,0.6554459675006934,Mexico,CM,0.7586206896551724,29,CM:22 | AM:4 | DM:3,grid_centered_v2,False,CM,0.6291087923838757,0.09651763779473037
22224,57,52,4750.0,26.0,9.0,4.0,6.0,0.0,3108.0,2778.0,15.0,64.0,59.0,33.0,401.0,263.0,3.0,2.0,54.0,41.0,5,0,Gabriel Magalhães,0.9971578947368421,0.49123146814404434,0.17004166204986151,0.07557407202216067,0.113361108033241,0.0,58.721053961218836,52.48619301939058,0.2834027700831025,1.2091851523545707,1.11471756232687,0.6234860941828255,7.576300720221607,4.968995235457064,0.0566805540166205,0.037787036011080334,1.020249972299169,0.7746342382271468,0.8938223938223938,0.655860349127182,0.6666666666666666,0.34615384615384615,49.33683966827453,1.1147175623268697,1.3319930193905818,1.5349585953547837,4.6496947811634355,8.924174377021435,4.528751778971079,0.17876447876447876,0.6801792690201435,0.35874257774572205,0.4046193449076128,0.447068181058775,0.5376621101879973,0.6351255463303195,0.7134566590010477,0.6198063254697733,Brazil,RCB,0.8431372549019608,51,RCB:43 | RB:7 | LCB:1,grid_centered_v2,False,CB,0.6285406539292601,0.06771457123762017
18592,42,39,3381.0,41.0,28.0,8.0,5.0,0.0,1162.0,993.0,43.0,74.0,5.0,18.0,482.0,221.0,162.0,90.0,44.0,37.0,2,0,Iliman Ndiaye,0.9895888790298729,1.080030453599595,0.7375817731899673,0.2107376494828478,0.13171103092677988,0.0,30.609643587383644,26.157810742058487,1.1327148659703068,1.9493232577163422,0.13171103092677988,0.47415971133640755,12.69694338134158,5.821627566963671,4.267437402027668,2.370798556682038,1.159057072155663,0.9746616288581711,0.8545611015490534,0.45850622406639,0.5555555555555556,0.6829268292682927,37.40379688498959,8.545411686529478,3.5561978350230565,4.084369336865322,4.601983420581689,9.52579726594831,4.096393414739589,0.17091222030981068,0.4536231552115248,0.7878902389944722,0.5813809973543971,0.6706032731157026,0.5339089716975456,0.6861583563349296,0.5664407796704742,0.5178828188513146,Senegal,AM,0.9487179487179487,39,AM:37 | CM:2,grid_centered_v2,False,AM,0.6285390285177039,0.08026133004296773
51776,47,42,3756.0,44.0,23.0,9.0,7.0,0.0,1520.0,1289.0,60.0,112.0,5.0,45.0,528.0,269.0,84.0,31.0,94.0,73.0,12,2,Maximiliano Araújo,0.9404632587859426,0.9915427329053068,0.5183064285641377,0.20281555900335824,0.15774543478038972,0.0,34.25329440945605,29.047695061703195,1.352103726689055,2.5239269564862354,0.11267531055742123,1.0140777950167912,11.898512794863683,6.061931707989262,1.892945217364677,0.6985869254560116,2.118295838479519,1.64505953413835,0.8480263157894737,0.509469696969697,0.36904761904761907,0.5227272727272727,39.318847832370174,5.239401940920088,4.247859208014781,3.393608017471204,6.69516695332197,10.015113482094058,3.704560935605683,0.16960526315789476,0.4912294738134933,0.6153835977096911,0.6342968851139149,0.6131825337452287,0.6895179371387192,0.7246445126558405,0.4213834223624401,0.5005318745029915,Uruguay,LB,1.0,42,LB:42,grid_centered_v2,False,FB,0.6280463299079829,0.07614934040901757
403087,34,30,2629.0,33.0,14.0,3.0,8.0,0.0,1516.0,1253.0,43.0,78.0,4.0,41.0,310.0,168.0,79.0,41.0,28.0,32.0,3,1,Mohammed Abu Al-Shamat,0.9241080258653482,1.0439714099734059,0.44289696180689947,0.09490649181576417,0.2530839781753711,0.0,47.95941386423283,39.6392780817175,1.3603263826926197,2.4675687872098684,0.12654198908768555,1.297055388148777,9.807004154295631,5.314763541682794,2.49920428448179,1.297055388148777,0.8857939236137989,1.0123359127014844,0.8265171503957783,0.5419354838709678,0.5189873417721519,0.42424242424242425,44.965317764184476,6.134122921025557,4.79277783669609,2.227792529540621,7.1749307812717715,9.066475409968813,3.962774562107366,0.16530343007915568,0.6010890219526247,0.6677315337301795,0.6738813746643425,0.5096068767724442,0.721035534686764,0.6475269357082227,0.517004394665458,0.44363691798931154,Saudi Arabia,CM,0.5384615384615384,26,CM:14 | DM:12,grid_centered_v2,True,CM,0.6278203690506777,0.09101933216878645
1231,38,38,3377.0,18.0,6.0,1.0,9.0,0.0,1438.0,1118.0,66.0,62.0,16.0,40.0,336.0,185.0,66.0,33.0,47.0,39.0,4,0,Vladimír Coufal,1.0,0.47971572401539825,0.1599052413384661,0.026650873556411013,0.23985786200769912,0.0,38.32395617411904,29.795676636067512,1.758957654723127,1.6523541604974827,0.4264139769025762,1.0660349422564406,8.9546935149541,4.930411607936038,1.758957654723127,0.8794788273615635,1.2525910571513177,1.0393840687000295,0.7774687065368567,0.5505952380952381,0.5,0.3333333333333333,40.200413251221235,5.991116375481196,5.716612377850162,1.1037409929918072,5.575362748001185,8.554361965396167,3.7582278426210918,0.15549374130737137,0.5086003662151178,0.6595994756903032,0.7354878465563532,0.4088509111207817,0.6091403624474729,0.6020825812632159,0.44101356872129016,0.32135082567336926,Czech Republic,RB,1.0,35,RB:35,grid_centered_v2,False,FB,0.626926172607444,0.0803088500767597
726,39,28,2491.0,52.0,35.0,15.0,8.0,0.0,1079.0,920.0,40.0,9.0,3.0,8.0,121.0,50.0,34.0,19.0,16.0,5.0,3,0,Andrej Kramarić,1.0,1.8787635487755923,1.2645523885989562,0.5419510236852669,0.28904054596547574,0.0,38.98434363709354,33.239662786029704,1.4452027298273786,0.32517061421116017,0.1083902047370534,0.28904054596547574,4.37173825772782,1.8065034122842232,1.2284223203532718,0.6864712966680049,0.5780810919309515,0.18065034122842233,0.8526413345690455,0.4132231404958678,0.5588235294117647,0.6730769230769231,41.74939346057299,4.6065837013247695,5.202729827378564,7.4521353796745196,1.2826174227217986,3.7687741986855157,4.140964252832909,0.1705282669138091,0.5390466508012225,0.5765872960633542,0.7021426601840601,0.8733351735513153,0.28618426775585926,0.19796304198474643,0.5826895591997745,0.5127881175608778,Croatia,RW,0.5714285714285714,28,RW:16 | ST:12,grid_centered_v2,True,W,0.6261689692081339,0.09350655867614656
1157,51,41,3656.0,21.0,8.0,3.0,13.0,0.0,2185.0,1943.0,59.0,100.0,12.0,28.0,394.0,170.0,68.0,32.0,20.0,65.0,15,0,Konrad Laimer,0.9970459518599561,0.5154313044352619,0.1963547826420045,0.0736330434907517,0.3190765217932573,0.0,53.62940000909748,47.689667834176845,1.4481165219847831,2.4544347830250564,0.2945321739630068,0.6872417392470157,9.67047304511872,4.172539131142596,1.6690156524570383,0.785419130568018,0.49088695660501125,1.5953826089662866,0.8892448512585812,0.43147208121827413,0.47058823529411764,0.38095238095238093,49.260584329527966,4.8156010442951604,5.375212174824873,1.6258658055295818,6.116451479298441,7.135971027254456,4.004374026704452,0.17784897025171625,0.6788702654230652,0.5895316766457125,0.7136024976328649,0.45522141881729633,0.6490425283247556,0.4692219863251821,0.5324771721959785,0.6082800769071245,Austria,RB,0.5813953488372093,43,RB:25 | LB:17 | RCB:1,grid_centered_v2,True,FB,0.6241944011278386,0.07718374450462301
15286,39,30,2706.0,62.0,31.0,8.0,9.0,0.0,787.0,648.0,40.0,32.0,2.0,11.0,296.0,116.0,121.0,48.0,34.0,21.0,4,0,Mousa Tamari,1.0,2.0620842572062084,1.0310421286031042,0.2660753880266075,0.29933481152993346,0.0,26.175166297117517,21.55210643015521,1.3303769401330376,1.06430155210643,0.06651884700665188,0.36585365853658536,9.84478935698448,3.858093126385809,4.024390243902439,1.5964523281596452,1.130820399113082,0.6984478935698448,0.8233799237611181,0.3918918918918919,0.39669421487603307,0.5,35.02407680799691,6.951219512195122,4.972283813747228,4.572062084257206,2.720620842572062,6.577006052615808,3.6967602452119426,0.16467598475222364,0.40766497024950954,0.7122035992296585,0.6864281840727925,0.7083874501341485,0.38717940948559265,0.41701101030761406,0.41854916261065367,0.43542547920645935,Jordan,AM,0.5333333333333333,30,AM:16 | CM:14,grid_centered_v2,True,AM,0.622713920062756,0.08971499589146108
511,51,27,2459.0,30.0,11.0,5.0,4.0,0.0,1934.0,1759.0,27.0,37.0,10.0,33.0,202.0,98.0,15.0,11.0,18.0,19.0,4,0,Leon Goretzka,0.9945709638064254,1.0920461985674454,0.40041693947473,0.1820076997612409,0.14560615980899272,0.0,70.40057826764799,64.03030877600456,0.982841578710701,1.3468569782331827,0.3640153995224818,1.20125081842419,7.353111070354133,3.567350915320322,0.5460230992837227,0.40041693947473,0.6552277191404673,0.6916292590927154,0.9095139607032058,0.48514851485148514,0.7333333333333333,0.36666666666666664,56.383792395443145,3.0977710499363202,3.257937825726213,2.7499786466878824,5.227261137142839,6.449736826002907,4.6420279276743965,0.18190279214064117,0.7875267354325122,0.4811056842467704,0.5578906687145891,0.5566498692736899,0.5826360943768039,0.4053367535103153,0.7467190908661071,0.6582385542465035,Germany,DM,0.8571428571428571,28,DM:24 | CM:4,grid_centered_v2,False,DM,0.6225778233670196,0.09411301210987595
19974,43,39,3559.0,97.0,57.0,34.0,10.0,0.0,629.0,455.0,39.0,21.0,9.0,8.0,304.0,136.0,34.0,8.0,50.0,52.0,6,0,Ivan Toney,0.9025465148569843,2.213889034757368,1.3009451028986598,0.7760023420799023,0.22823598296467712,0.0,14.356043328478192,10.38473722489281,0.8901203335622407,0.479295564225822,0.2054123846682094,0.1825887863717417,6.938373882126185,3.104009368319609,0.7760023420799023,0.1825887863717417,1.1411799148233857,1.1868271114163211,0.7233704292527822,0.4473684210526316,0.23529411764705882,0.5876288659793815,26.324720896259223,2.6292785237530802,3.4805987402113256,9.204599612656104,1.4538632114849932,5.687718378805347,3.0393271136571904,0.14467408585055644,0.2574308285958723,0.4514116258156935,0.5754574348669697,0.9286110110868598,0.2973752518020502,0.33804908107036835,0.21259865058954897,0.21042204829562336,England,ST,0.8205128205128205,39,ST:32 | RW:5 | LW:2,grid_centered_v2,False,ST,0.6224257778353411,0.07822848933715278
1646,45,39,3297.0,61.0,31.0,14.0,2.0,0.0,1870.0,1523.0,57.0,78.0,9.0,18.0,490.0,251.0,80.0,37.0,73.0,60.0,9,1,Lucas Paquetá,0.9567910221413406,1.5932007011088747,0.809659372694674,0.365652619926627,0.05223608856094671,0.0,48.840742804485174,39.77778143916092,1.4887285239869812,2.037207453876922,0.2350623985242602,0.4701247970485204,12.797841697431943,6.555629114398812,2.0894435424378686,0.9663676383775142,1.906617232474555,1.5670826568284013,0.8144385026737968,0.5122448979591837,0.4625,0.5081967213114754,45.31675387683721,6.0489390553576285,4.0091197970526595,5.07513752380851,4.865791649452186,10.714615454035886,3.76256610599569,0.16288770053475937,0.6077125632631953,0.6628992239004766,0.6163257170224818,0.7445564708025516,0.5546014929152929,0.774282832762621,0.44260935113005884,0.4122299845940677,Brazil,AM,0.5833333333333334,36,AM:21 | CM:15,grid_centered_v2,True,AM,0.6222115534808347,0.08127733669054765
20995,57,56,4992.0,27.0,10.0,3.0,3.0,0.0,2926.0,2595.0,9.0,89.0,23.0,62.0,508.0,305.0,15.0,9.0,23.0,65.0,6,1,Maxence Lacroix,0.9553786057692307,0.4650580953564164,0.17224373902089496,0.051673121706268484,0.051673121706268484,0.0,50.39851803751387,44.697250275922244,0.15501936511880549,1.532969277285965,0.3961605997480584,1.0679111819295486,8.749981942261465,5.2534340401372965,0.25836560853134244,0.15501936511880549,0.3961605997480584,1.1195843036358173,0.8868762816131237,0.6003937007874016,0.6,0.37037037037037035,45.16127888744694,0.8646635698848928,0.6717505821814904,1.3952669490201415,5.330943722696699,9.15598875855442,4.334657721670029,0.17737525632262474,0.6047870460129904,0.3442230428230354,0.3547078622171534,0.4345963589865014,0.5905879638175203,0.6552284984284935,0.6508390232460902,0.6022673672070733,France,RCB,0.8214285714285714,56,RCB:46 | RB:9 | LCB:1,grid_centered_v2,False,CB,0.621922107438981,0.06605286344459844
25416,35,25,2250.0,47.0,21.0,9.0,4.0,0.0,624.0,447.0,51.0,15.0,4.0,4.0,309.0,164.0,21.0,7.0,47.0,43.0,9,0,Wout Weghorst,0.9323377777777778,1.7527950222222222,0.7831637333333333,0.3356416,0.14917404444444446,0.0,23.271150933333335,16.670199466666666,1.9019690666666669,0.5594026666666667,0.14917404444444446,0.14917404444444446,11.523694933333333,6.116135822222222,0.7831637333333333,0.2610545777777778,1.7527950222222222,1.603620977777778,0.7163461538461539,0.5307443365695793,0.3333333333333333,0.44680851063829785,32.18460989948718,4.952578275555556,5.575379911111112,4.675179047943262,1.469364337777778,10.154823160819848,3.1912195948671482,0.1432692307692308,0.3549269763410234,0.5979490428328147,0.7265651694926464,0.7160426761084289,0.29840063811601547,0.7350803510414857,0.2529811444978381,0.1982896425098684,Netherlands,RW,0.6086956521739131,23,RW:14 | ST:9,grid_centered_v2,False,W,0.6216716025033548,0.09838699100999074
906,27,12,1126.0,11.0,7.0,2.0,2.0,0.0,344.0,283.0,18.0,11.0,1.0,6.0,167.0,78.0,49.0,27.0,34.0,10.0,2,0,Tahith Chong,0.9340941385435169,0.8212728216323993,0.5226281592206178,0.14932233120589078,0.14932233120589078,0.0,25.68344096741322,21.12910986563355,1.3439009808530173,0.8212728216323993,0.07466116560294539,0.4479669936176724,12.468414655691882,5.823570917029741,3.6583971145443246,2.0158514712795257,2.5384796305001434,0.746611656029454,0.8226744186046512,0.46706586826347307,0.5510204081632653,0.6363636363636364,34.81221086215826,8.727890258984317,4.181025273764942,3.1989853452832637,2.456352348336903,9.554196888632056,3.998294614633189,0.16453488372093025,0.4036385047926765,0.7955554990747234,0.6293010915958042,0.5963342667850166,0.36754446097591903,0.6884709030449526,0.5302191375698311,0.43358358022705407,Curaçao,AM,0.9090909090909091,11,AM:10 | CM:1,grid_centered_v2,False,AM,0.6216559856526397,0.13907841814715957
203224,53,44,3865.0,52.0,29.0,7.0,11.0,0.0,2265.0,1903.0,112.0,60.0,3.0,16.0,427.0,176.0,137.0,71.0,32.0,41.0,2,0,Florian Wirtz,0.9967399741267788,1.2069192959672252,0.673089607366337,0.16246990522635724,0.25530985106998993,0.0,52.57061933395702,44.168604235108255,2.599518483621716,1.3925991876544905,0.06962995938272452,0.3713597833745308,9.910664218807792,4.084957617119839,3.17976814514442,1.6479090387244804,0.7427195667490616,0.9516094448972352,0.8401766004415011,0.41217798594847777,0.5182481751824818,0.5576923076923077,49.860230678561614,9.17026565070482,7.903000389939233,3.357469307508345,3.3259910598481417,6.955474621813208,3.9622072556613337,0.16803532008830024,0.6890866482248162,0.8132770455370685,0.848796716415262,0.6100731499749932,0.43346681472879167,0.4522319589297413,0.5167930936345866,0.4796915859426069,Germany,ST,0.4772727272727273,44,ST:21 | LW:14 | RW:9,grid_centered_v2,True,ST,0.6216338231394722,0.07506788648186265
66387,45,30,2788.0,48.0,26.0,15.0,10.0,0.0,734.0,545.0,44.0,35.0,1.0,15.0,340.0,133.0,75.0,32.0,26.0,39.0,5,0,Pavel Šulc,0.9777618364418939,1.515039861344685,0.8206465915617044,0.473449956670214,0.31563330444680937,0.0,23.16748454639581,17.20201509235111,1.388786539565961,1.1047165655638327,0.03156333044468093,0.473449956670214,10.731532351191516,4.197922949142564,2.36724978335107,1.0100265742297898,0.8206465915617044,1.2309698873425565,0.7425068119891008,0.3911764705882353,0.4266666666666667,0.5416666666666666,31.76561142473756,5.435205502574057,5.2079495233723545,6.019838214881431,2.9701093948444757,7.050621540564295,3.4247668392097426,0.14850136239782016,0.34740180535271087,0.6271204598440417,0.7024933152747421,0.8040770193728725,0.40606009346934907,0.461176753364012,0.3242241993465381,0.24618702495838668,Czech Republic,RW,0.5,28,RW:14 | ST:13 | LW:1,grid_centered_v2,True,W,0.6210679384421915,0.08838581136092072
48497,35,32,2789.0,74.0,39.0,16.0,3.0,0.0,507.0,352.0,24.0,21.0,1.0,4.0,429.0,196.0,45.0,19.0,34.0,68.0,6,0,Cédric Itten,0.8588203657224812,2.050822386415104,1.0808388252728252,0.4434210565221846,0.08314144809790962,0.0,14.050904728546724,9.755263243488063,0.6651315847832769,0.5819901366853674,0.027713816032636538,0.11085526413054615,11.889227078001076,5.431907942396762,1.2471217214686443,0.5265625046200942,0.9422697451096425,1.884539490219285,0.6942800788954635,0.4568764568764569,0.4222222222222222,0.527027027027027,25.010172269799167,2.9847779867149553,2.120106926496695,6.114596861613487,1.2997779719306537,8.975300489984837,3.2219676996671622,0.1388560157790927,0.23812513580377936,0.47392369373458404,0.46679615314287454,0.809427818249809,0.28729428952389896,0.6396028159179041,0.2617460959601334,0.16362798093378786,Switzerland,ST,0.6875,32,ST:22 | RW:10,grid_centered_v2,False,ST,0.6208075819548524,0.08836996450980979
19366,56,43,3849.0,79.0,53.0,21.0,5.0,0.0,675.0,497.0,36.0,28.0,2.0,11.0,400.0,163.0,81.0,36.0,46.0,48.0,4,0,Ollie Watkins,0.9810444271239283,1.812217686892993,1.215791612725679,0.4817287522120614,0.11469732195525272,0.0,15.484138463959118,11.40091380235212,0.8258207180778196,0.6423050029494152,0.04587892878210109,0.252334108301556,9.175785756420217,3.7391326957412385,1.858096615675094,0.8258207180778196,1.055215361988325,1.101094290770426,0.7362962962962963,0.4075,0.4444444444444444,0.6708860759493671,27.02691115234465,4.078636768728787,2.695387065948439,6.897710427411176,1.7112840435723706,6.457285774037734,3.4519494937754027,0.14725925925925928,0.2681529745392499,0.5434593055478185,0.5129577185467722,0.8494064288349015,0.31466217135107016,0.40602636916101675,0.33317014925767835,0.23414691354814793,England,ST,0.9302325581395349,43,ST:40 | LW:3,grid_centered_v2,False,ST,0.6202374389237655,0.0752237504160506
17269,29,23,2015.0,48.0,14.0,4.0,7.0,0.0,1002.0,830.0,36.0,36.0,4.0,20.0,273.0,143.0,69.0,31.0,56.0,19.0,0,0,Emam Ashour,0.8908287841191069,1.9098661773670182,0.557044301732047,0.15915551478058484,0.2785221508660235,0.0,39.868456452536506,33.02476931697136,1.4323996330252637,1.4323996330252637,0.15915551478058484,0.7957775739029243,10.862363883774917,5.689809653405908,2.7454326299650886,1.2334552395495326,2.228177206928188,0.7559886952077781,0.8283433133732535,0.5238095238095238,0.4492753623188406,0.2916666666666667,41.51418750402329,6.776046041783401,5.112870912326288,2.636439474002878,4.344945553509967,9.537162086196842,3.856941962887488,0.16566866267465072,0.5344366076814621,0.7029702910298915,0.6960689319466639,0.5464781481532184,0.513634040616978,0.687084898344063,0.47756215972735944,0.44843126883797885,Egypt,AM,0.5263157894736842,19,AM:10 | CM:9,grid_centered_v2,True,AM,0.6201229301370328,0.10396601849874501
113580,21,17,1530.0,41.0,21.0,7.0,3.0,0.0,453.0,361.0,16.0,9.0,1.0,8.0,282.0,132.0,97.0,58.0,38.0,15.0,2,0,Willy Semedo,0.8627450980392158,2.080738177623991,1.0657439446366785,0.3552479815455594,0.15224913494809691,0.0,22.989619377162636,18.320645905420996,0.8119953863898501,0.45674740484429077,0.050749711649365634,0.40599769319492507,14.311418685121112,6.698961937716264,4.922722029988467,2.943483275663207,1.9284890426758943,0.7612456747404845,0.7969094922737306,0.46808510638297873,0.5979381443298969,0.5121951219512195,31.89205679934615,9.784544405997694,2.8673587081891583,5.358415618758264,1.689965397923876,10.782802031951706,3.9918062713258244,0.15938189845474615,0.34966493596073234,0.8358875948366611,0.5267498818922812,0.7635777066332072,0.3132099592309335,0.7787660394882111,0.5278078531496552,0.3679535980856187,Cape Verde Islands,AM,0.9743589743589743,39,AM:38 | CM:1,grid_centered_v2,False,AM,0.6201121653817101,0.11931175180026089
2887,47,35,2903.0,76.0,31.0,13.0,3.0,0.0,679.0,428.0,31.0,40.0,3.0,9.0,477.0,208.0,32.0,12.0,41.0,59.0,5,0,Raúl Jiménez,1.0,2.356183258697899,0.9610747502583535,0.40303134688253534,0.0930072338959697,0.0,21.050637271787807,13.26903203582501,0.9610747502583535,1.2400964519462625,0.0930072338959697,0.2790217016879091,14.78815018945918,6.448501550120565,0.9920771615570101,0.3720289355838788,1.2710988632449192,1.8291422666207373,0.6303387334315169,0.4360587002096436,0.375,0.40789473684210525,27.15340460860914,3.2955563210471928,2.9142266620737174,5.385544899106188,2.8925249741646573,10.33607827079772,2.909277665764508,0.12606774668630338,0.2701142735200775,0.49369420854502627,0.5305025195953716,0.7653470868804122,0.40015603179975495,0.7482366019360366,0.18193261804550662,0.09022617833938597,Mexico,ST,0.95,40,ST:38 | LW:1 | RW:1,grid_centered_v2,False,ST,0.6198094804790866,0.08661745513621887
19545,43,32,2979.0,19.0,9.0,2.0,6.0,0.0,1971.0,1764.0,40.0,64.0,12.0,47.0,254.0,148.0,31.0,17.0,30.0,35.0,5,0,Reece James,1.0,0.5740181268882175,0.2719033232628399,0.060422960725075525,0.18126888217522658,0.0,59.54682779456193,53.29305135951662,1.2084592145015105,1.9335347432024168,0.36253776435045315,1.4199395770392749,7.673716012084592,4.471299093655589,0.9365558912386707,0.5135951661631419,0.9063444108761329,1.0574018126888216,0.8949771689497716,0.5826771653543307,0.5483870967741935,0.47368421052631576,51.58742016030018,3.91238670694864,4.018126888217522,1.8114167594212116,6.719033232628399,8.007850227180816,4.267995586644376,0.17899543378995433,0.717481019820162,0.5329328244577116,0.6170098801060468,0.47193306006262287,0.6911315863837707,0.5515859851257423,0.627918812244425,0.6226933976010992,England,RB,0.9166666666666666,36,RB:33 | RCB:2 | LB:1,public_anchor,False,FB,0.6187005397569103,0.08550542817701189
257,39,35,3252.0,10.0,3.0,2.0,0.0,0.0,2611.0,2453.0,9.0,43.0,19.0,23.0,221.0,134.0,7.0,7.0,9.0,24.0,2,0,Marquinhos,0.9800276752767528,0.2712253713865552,0.08136761141596656,0.05424507427731104,0.0,0.0,70.81694446902956,66.531583601122,0.2441028342478997,1.1662690969621874,0.5153282056344549,0.623818354189077,5.99408070764287,3.63441997657984,0.18985775997058865,0.18985775997058865,0.2441028342478997,0.6509408913277325,0.9394867866717733,0.6063348416289592,1.0,0.3,55.84300034635344,1.036080918696641,0.6102570856197492,1.1478752502008414,3.913782109107992,6.907192492098654,5.278662418696571,0.18789735733435467,0.7803063466827176,0.35414701931461773,0.3501981809918504,0.4127201893954216,0.47955724051238346,0.4477043470095629,0.8839897992282223,0.7259013046965499,Brazil,RCB,0.8,40,RCB:32 | RB:7 | LCB:1,grid_centered_v2,False,CB,0.6186453322373197,0.08183774785616808
2472,43,40,3650.0,33.0,13.0,5.0,11.0,0.0,2934.0,2582.0,73.0,39.0,6.0,31.0,298.0,158.0,59.0,28.0,88.0,45.0,10,0,Rodrigo de Paul,0.9176547945205481,0.7466944492400076,0.29415235879151813,0.11313552261212237,0.2488981497466692,0.0,66.3879246687934,58.42318387689999,1.6517786301369863,0.8824570763745544,0.13576262713454684,0.7014402401951586,6.742877147682493,3.5750825145430665,1.3349991668230439,0.6335589266278852,1.9911851979733537,1.0182197035091014,0.880027266530334,0.5302013422818792,0.4745762711864407,0.3939393939393939,55.178805024489364,5.552691449802965,5.498386398949147,2.1047762710838924,3.140642107712517,6.59571954720593,4.064955681623786,0.17600545330606682,0.7711994607639162,0.634092559913377,0.7216226312429985,0.49846843695156834,0.4191310078174833,0.4187357869299453,0.5548911048091839,0.5847122962059826,Argentina,CM,0.8809523809523809,42,CM:37 | AM:3 | DM:2,grid_centered_v2,False,CM,0.6186141716808858,0.07724715714944617
94322,39,36,3012.0,72.0,49.0,12.0,5.0,0.0,1524.0,1220.0,44.0,57.0,2.0,22.0,356.0,182.0,78.0,50.0,44.0,37.0,5,0,Callum McCowatt,0.8579681274900398,1.845827844002476,1.2561883938350182,0.30763797400041265,0.1281824891668386,0.0,39.070022698052405,31.27652735670862,1.1280059046681798,1.4612803765019602,0.051272995666735446,0.5640029523340899,9.126593228678908,4.665842605672926,1.9996468310026823,1.281824891668386,1.1280059046681798,0.9485504198346056,0.800524934383202,0.5112359550561798,0.6410256410256411,0.6805555555555556,39.85064538303999,5.7989758099077795,3.5250184520880623,5.580878654483438,3.8147108776051173,8.065887513110635,4.084293772623065,0.16010498687664043,0.5017084790351086,0.6485243614807085,0.578940679001811,0.7778144360247047,0.47174253517703896,0.5570185625599623,0.5620034163623302,0.37693204197460234,New Zealand,AM,1.0,34,AM:34,grid_centered_v2,False,AM,0.6176408480987119,0.08503573188496208
658,34,32,2736.0,49.0,27.0,14.0,6.0,0.0,1317.0,1127.0,34.0,31.0,1.0,15.0,294.0,134.0,83.0,41.0,45.0,26.0,3,0,Houssem Aouar,0.9089506172839508,1.4650848765432103,0.8072916666666669,0.4185956790123458,0.17939814814814817,0.0,39.377893518518526,33.69695216049383,1.0165895061728396,0.9268904320987656,0.029899691358024696,0.44849537037037046,8.790509259259261,4.006558641975309,2.48167438271605,1.2258873456790127,1.3454861111111114,0.7773919753086421,0.8557327258921792,0.4557823129251701,0.4939759036144578,0.5510204081632653,41.14654924298349,5.567322530864199,3.528163580246914,5.58101458175863,2.598283179012346,6.976529037540943,4.0043427342740285,0.17114654517843586,0.5272193833647623,0.6349569754414415,0.5791870159790543,0.7778229446742646,0.37803984772800564,0.4542088404315195,0.5324655527872436,0.5209903316723916,Algeria,RW,0.6875,32,RW:22 | ST:8 | LW:2,grid_centered_v2,False,W,0.6175218226235352,0.08922178162191939
53535,42,40,3532.0,88.0,50.0,23.0,6.0,0.0,908.0,679.0,50.0,34.0,6.0,5.0,340.0,129.0,73.0,30.0,24.0,31.0,1,0,Eldor Shomurodov,0.9194535673839187,2.0617418611779827,1.171444239305672,0.5388643500806092,0.14057330871668064,0.0,21.273427385791006,15.908212769771026,1.171444239305672,0.796582082727857,0.14057330871668064,0.11714442393056722,7.965820827278571,3.022326137408634,1.7103085893862813,0.7028665435834032,0.5622932348667226,0.7262954283695168,0.7477973568281938,0.37941176470588234,0.410958904109589,0.5681818181818182,30.61086472292214,4.146912607142079,3.701763796205924,7.0873003720364505,1.822767236359626,5.369491886489735,3.45067784790873,0.14955947136563877,0.32706187671296383,0.5477716576474012,0.5927195938540163,0.8579815662576947,0.3223150700061783,0.31161624384267345,0.3327488894474377,0.2567672994837281,Uzbekistan,ST,0.6428571428571429,42,ST:27 | RW:11 | LW:4,grid_centered_v2,False,ST,0.6170466077478782,0.07852692478503656
38735,42,39,3217.0,20.0,10.0,1.0,6.0,0.0,1827.0,1636.0,36.0,70.0,7.0,20.0,401.0,211.0,139.0,68.0,48.0,26.0,5,0,Sergiño Dest,0.9333478396021139,0.522233792752193,0.2611168963760965,0.02611168963760965,0.1566701378256579,0.0,47.70605696791283,42.71872424712939,0.9400208269539473,1.8278182746326757,0.18278182746326754,0.522233792752193,10.47078754468147,5.509566513535636,3.6295248596277414,1.775594895357456,1.2533611026052631,0.6789039305778509,0.8954570333880679,0.5261845386533666,0.4892086330935252,0.5,45.73419312417037,6.757705278213376,3.2117378254259865,1.574457172027412,4.535600490052796,9.29194673490999,4.170836657441702,0.17909140667761358,0.6155286896673581,0.701993716647282,0.5542259996418202,0.4506074740804377,0.5286807626633454,0.6667707593026914,0.5934824603543603,0.6238905719474592,USA,RB,0.7948717948717948,39,RB:31 | LB:4 | RCB:4,grid_centered_v2,False,FB,0.6167717588252039,0.082281728665854
47519,52,50,4374.0,42.0,16.0,4.0,5.0,0.0,2286.0,1751.0,83.0,110.0,16.0,52.0,401.0,211.0,67.0,30.0,46.0,46.0,14,0,Pedro Porro,0.9966735253772291,0.8613227997087164,0.32812297131760626,0.08203074282940157,0.10253842853675196,0.0,46.880569527003,35.908957673570534,1.7021379137100825,2.255845427808543,0.32812297131760626,1.0663996567822205,8.223581968647506,4.327121684250932,1.3740149423924763,0.6152305712205117,0.9433535425381181,0.9433535425381181,0.7659667541557306,0.5261845386533666,0.44776119402985076,0.38095238095238093,43.64970096846478,5.073601443998487,4.819306141227342,1.8775228643846231,6.554256352069187,7.636523973911405,3.621859320857086,0.15319335083114613,0.5759817625752375,0.605338451133386,0.6757519330816432,0.47790410422033885,0.6798973363903819,0.5165908996887791,0.39163346973557994,0.29529945878180097,Spain,RB,1.0,50,RB:50,grid_centered_v2,False,FB,0.6167069714978997,0.07056503290095427
18970,38,28,2568.0,17.0,10.0,1.0,5.0,0.0,1749.0,1512.0,54.0,49.0,6.0,20.0,206.0,95.0,22.0,12.0,18.0,35.0,2,0,Pascal Groß,1.0,0.5957943925233644,0.35046728971962615,0.035046728971962614,0.17523364485981308,0.0,61.296728971962615,52.99065420560748,1.8925233644859811,1.717289719626168,0.2102803738317757,0.7009345794392523,7.219626168224298,3.3294392523364484,0.7710280373831775,0.4205607476635514,0.6308411214953271,1.2266355140186915,0.8644939965694682,0.46116504854368934,0.5454545454545454,0.5882352941176471,52.98092468059185,4.7733644859813085,5.6950934579439245,1.9474986256184716,4.724299065420561,6.044710098902096,4.093882348107301,0.17289879931389365,0.7392059585852851,0.5869253461434459,0.7341404476106386,0.4842315266884353,0.5435220346382323,0.3689465584200393,0.5655207347861453,0.5441601749119643,Germany,CM,0.6363636363636364,33,CM:21 | AM:12,grid_centered_v2,False,CM,0.6163968926926274,0.09209401941068135
42075,23,23,1945.0,37.0,19.0,6.0,4.0,0.0,755.0,670.0,45.0,25.0,2.0,24.0,180.0,93.0,31.0,12.0,52.0,25.0,2,0,Edmilson Junior,0.8663496143958869,1.4832618076803616,0.7616749823223479,0.2405289417860046,0.1603526278573364,0.0,30.266558508072244,26.859065166103843,1.8039670633950342,1.0022039241083525,0.0801763139286682,0.9621157671440184,7.215868253580137,3.7281985976830705,1.242732865894357,0.4810578835720092,2.084584162145373,1.0022039241083525,0.8874172185430463,0.5166666666666667,0.3870967741935484,0.5135135135135135,39.413315918998734,5.492077504113771,5.391857111702937,4.017603536566351,3.816392543004606,6.769478036756299,3.9292248111870482,0.17748344370860927,0.49309065697297916,0.6305022842324912,0.7146943386914978,0.6652393640424769,0.47187507976908927,0.43484031731337297,0.5045004802691437,0.6036433515861903,Qatar,RW,0.5652173913043478,23,RW:13 | LW:7 | ST:3,grid_centered_v2,True,W,0.6163889257310968,0.10582033568615286
925,38,27,2321.0,41.0,23.0,9.0,8.0,0.0,702.0,519.0,37.0,32.0,0.0,5.0,243.0,111.0,46.0,20.0,44.0,22.0,5,0,Gonçalo Guedes,1.0,1.5898319689788885,0.8918569582076692,0.3489875053856097,0.3102111158983197,0.0,27.221025420077552,20.12494614390349,1.4347264110297286,1.2408444635932787,0.0,0.19388194743644982,9.42266264541146,4.304179233089186,1.7837139164153384,0.7755277897457993,1.7061611374407584,0.8530805687203792,0.7393162393162394,0.4567901234567901,0.43478260869565216,0.5609756097560976,33.601820244000336,5.37440758293839,5.292977165015079,5.162451004087809,2.6212839293408017,7.39622129669523,3.4846851371440977,0.14786324786324787,0.38089810451211237,0.623491390427335,0.7081716982888878,0.7505248987864004,0.37975179717396695,0.49383507033846535,0.34410486382395383,0.23994999274615905,Portugal,RW,0.4074074074074074,27,RW:11 | LW:9 | ST:7,grid_centered_v2,True,W,0.6162423609393489,0.0968704612145734
69196,30,23,1972.0,50.0,22.0,6.0,6.0,0.0,955.0,754.0,47.0,18.0,3.0,9.0,190.0,92.0,30.0,12.0,34.0,23.0,2,0,Mahmoud Saber,0.8561612576064909,1.953714837337327,0.8596345284284238,0.23444578048047923,0.23444578048047923,0.0,37.31595339314295,29.46201974704689,1.8364919470970873,0.7033373414414378,0.11722289024023962,0.3516686707207189,7.424116381881843,3.5948353007006815,1.1722289024023962,0.46889156096095846,1.3285260893893824,0.8987088251751704,0.7895287958115184,0.4842105263157895,0.4,0.44,40.203382816396456,5.142177451871845,5.880681660385354,3.959054583643627,2.0982897353002894,6.485400999928323,3.6051382898526163,0.15790575916230368,0.5086588687600408,0.6095045109431229,0.7456162063448173,0.6605001336627977,0.3416360334837867,0.4085980089048184,0.38570757695012303,0.34991147298177344,Egypt,AM,0.9545454545454546,22,AM:21 | DM:1,grid_centered_v2,False,AM,0.6160584921730899,0.10509340962424954
842,44,41,3544.0,42.0,19.0,10.0,5.0,0.0,1328.0,1116.0,66.0,82.0,4.0,28.0,400.0,191.0,65.0,33.0,49.0,52.0,7,0,Nikola Vlašić,1.0,1.0665914221218962,0.48250564334085777,0.25395033860045146,0.12697516930022573,0.0,33.72460496613995,28.340857787810382,1.6760722347629795,2.082392776523702,0.10158013544018057,0.7110609480812641,10.158013544018058,4.8504514672686225,1.6506772009029345,0.8380361173814898,1.2443566591422122,1.3205417607223475,0.8403614457831325,0.4775,0.5076923076923077,0.4523809523809524,39.537252848867254,5.734198645598194,4.88854401805869,3.6118725142427173,5.28216704288939,8.223132054176071,3.9404678732293297,0.16807228915662653,0.4955327091654756,0.6447535124642702,0.680607549167453,0.6317586163822045,0.5868526991369736,0.5716654792200385,0.5086921469182761,0.48018180631324636,Croatia,AM,0.5365853658536586,41,AM:22 | CM:19,grid_centered_v2,True,AM,0.6157019706475831,0.07839386579402068
61837,46,46,3960.0,26.0,8.0,0.0,1.0,0.0,2745.0,2439.0,21.0,71.0,24.0,43.0,327.0,200.0,15.0,10.0,28.0,29.0,8,1,Abdülkerim Bardakcı,0.941747474747475,0.5564871441689625,0.17122681359045,0.0,0.02140335169880625,0.0,58.75220041322315,52.20277479338844,0.44947038567493125,1.5196379706152436,0.51368044077135,0.9203441230486687,6.998896005509644,4.28067033976125,0.32105027548209375,0.2140335169880625,0.599293847566575,0.6206971992653812,0.8885245901639345,0.6116207951070336,0.6666666666666666,0.3076923076923077,49.55054571139865,1.64377741046832,1.2413943985307625,0.8551021544112454,5.141085078053261,7.827800860986851,4.504828607675353,0.1777049180327869,0.6838326221461241,0.39030271244358244,0.3976261325416357,0.38727557805015317,0.5759938256666243,0.534659672797641,0.7061065959848976,0.6064550476358149,Türkiye,RCB,0.6739130434782609,46,RCB:31 | LCB:11 | LB:2 | RB:2,grid_centered_v2,False,CB,0.6154073767385231,0.07416198487095663
345748,52,39,3764.0,82.0,35.0,5.0,10.0,0.0,864.0,675.0,73.0,53.0,1.0,28.0,620.0,260.0,260.0,115.0,80.0,59.0,11,0,Andrés Gómez,0.895268331562168,1.7553348264954303,0.7492282796017081,0.10703261137167258,0.21406522274334516,0.0,18.49523524502502,14.449402535175798,1.5626761260264197,1.1345456805397294,0.021406522274334518,0.5993826236813665,13.272043810087402,5.565695791326974,5.565695791326974,2.4617500615484693,1.7125217819467613,1.2629848141857365,0.78125,0.41935483870967744,0.4423076923076923,0.4268292682926829,30.9794581123141,9.82345307169211,5.084049040154447,2.7588390190011376,3.2644946468360136,9.050038623986795,3.5972319965028583,0.15625,0.3334884707722796,0.8372428724524993,0.6941060944484044,0.5574417681517859,0.42869678693117863,0.6461042310669007,0.3829172407562547,0.3301750688933081,Colombia,AM,0.717948717948718,39,AM:28 | CM:10 | DM:1,grid_centered_v2,False,AM,0.6152735428040047,0.07606837351699972
433272,33,17,1596.0,39.0,19.0,7.0,2.0,1.0,476.0,355.0,23.0,42.0,5.0,16.0,247.0,126.0,57.0,23.0,35.0,27.0,3,0,Findlay Curtis,0.8733583959899749,1.920731810729832,0.9357411385606873,0.34474673525920063,0.09849906721691445,0.04924953360845723,23.44277799762564,17.483584431002317,1.1327392729945163,2.0684804115552033,0.24624766804228618,0.7879925377353156,12.164634801288935,6.205441234665611,2.8072234156820617,1.1327392729945163,1.723733676296003,1.3297374074283452,0.7457983193277311,0.5101214574898786,0.40350877192982454,0.48717948717948717,31.45968662811385,5.732645712024421,3.3735930521793205,5.0423704504175415,5.570122251116512,10.21798210100149,3.434279497522427,0.22303396427823205,0.34195492666666716,0.6446628889244193,0.5670362101437738,0.7422925792051057,0.6087456740443051,0.739714213927821,0.32734070135812454,0.9448316454088608,Scotland,RW,0.5294117647058824,17,RW:9 | ST:4 | LW:4,grid_centered_v2,True,W,0.6152683374077488,0.11681873369179013
36088,30,14,1501.0,38.0,19.0,9.0,0.0,0.0,213.0,157.0,10.0,7.0,1.0,1.0,221.0,93.0,19.0,8.0,21.0,38.0,7,0,Guillermo Martínez,0.9183744170552964,2.0924986717715615,1.0462493358857807,0.49559179068273823,0.0,0.0,11.729005712824806,8.645323459687766,0.5506575452030424,0.38546028164212975,0.05506575452030425,0.05506575452030425,12.16953174898724,5.121115170388295,1.0462493358857807,0.440526036162434,1.1563808449263895,2.0924986717715615,0.7370892018779343,0.42081447963800905,0.42105263157894735,0.5,24.806597708125604,2.6706890942347563,1.376643863007606,6.429483395701999,0.8645323459687767,8.43200467745764,3.338632841528354,0.14741784037558686,0.23522610271323802,0.4540255258139406,0.40808038709814337,0.8264040925901581,0.25995183212047257,0.5909248164206562,0.29673380829038604,0.23566106505055298,Mexico,ST,0.6666666666666666,15,ST:10 | RW:3 | LW:2,grid_centered_v2,False,ST,0.6149797104054918,0.12045881640226247
348205,54,31,2862.0,24.0,12.0,5.0,5.0,0.0,1795.0,1591.0,52.0,66.0,1.0,19.0,325.0,154.0,60.0,29.0,41.0,47.0,7,0,Petar Sučić,0.999475890985325,0.7543214271587357,0.37716071357936787,0.15715029732473662,0.15715029732473662,0.0,56.41695673958045,50.0052246087312,1.6343630921772607,2.0743839246865234,0.03143005946494733,0.5971711298339992,10.21476932610788,4.840229157601889,1.8858035678968397,0.9114717244834725,1.2886324380628402,1.4772127948525242,0.8863509749303621,0.47384615384615386,0.48333333333333334,0.5,50.81513109042477,5.864849096159171,4.950234365729203,2.785227377609008,4.962806389515183,8.197859282181106,4.043589850206527,0.17727019498607244,0.7049795356801857,0.6523401060198951,0.6849011432555188,0.5597984922871511,0.5621675870408563,0.5693191496193817,0.5470069045087157,0.6009295923270624,Croatia,RW,0.5806451612903226,31,RW:18 | ST:13,grid_centered_v2,True,W,0.614760826583258,0.08723567442899585
292924,16,15,1285.0,28.0,17.0,6.0,4.0,0.0,256.0,158.0,21.0,8.0,1.0,1.0,202.0,91.0,18.0,5.0,11.0,15.0,1,0,Ahmed Nadhir Benbouali,0.8552529182879377,1.677227512907084,1.0183167042650154,0.35940589562294656,0.23960393041529773,0.0,15.334651546579055,9.46435525140426,1.257920634680313,0.47920786083059547,0.05990098260382443,0.05990098260382443,12.099998485972534,5.450989416948023,1.0782176868688398,0.29950491301912213,0.6589108086420686,0.8985147390573665,0.6171875,0.4504950495049505,0.2777777777777778,0.6071428571428571,24.8461219653212,3.342474829293403,4.46262320398492,5.515176265240308,1.0482671955669276,8.982870332242083,2.768473090677391,0.1234375,0.23578703652100205,0.49668222135180234,0.6501514442327563,0.7736744259773145,0.2712859183530767,0.6402636930309927,0.1527327426315097,0.07939375539023288,Algeria,ST,0.8461538461538461,13,ST:11 | RW:2,grid_centered_v2,False,ST,0.6146668360141554,0.1301899241201578
36579,19,11,1143.0,32.0,16.0,4.0,1.0,0.0,262.0,207.0,16.0,10.0,0.0,6.0,129.0,66.0,29.0,13.0,31.0,14.0,2,0,Soufiane Rahimi,0.8780489938757655,2.2124069137027162,1.1062034568513581,0.27655086421283953,0.06913771605320988,0.0,18.114081605940992,14.311507223014445,1.1062034568513581,0.6913771605320989,0.0,0.4148262963192593,8.918765370864074,4.563089259511853,2.0049937655430865,0.8987903086917285,2.1432691976495066,0.9679280247449384,0.7900763358778626,0.5116279069767442,0.4482758620689655,0.5,30.115652033322725,5.30977659288652,3.14576608042105,4.761091753294617,2.0741314815962966,7.923208684246826,3.6993806481077596,0.15801526717557254,0.3185290809343546,0.6196182780505144,0.5489828599732576,0.7223272044675912,0.3399195754148898,0.5436413482943593,0.41950065547417037,0.3512360202395895,Morocco,ST,0.6428571428571429,14,ST:9 | RW:4 | LW:1,grid_centered_v2,False,ST,0.6146416409879613,0.13804027713039488
1257,54,46,4139.0,16.0,6.0,3.0,4.0,0.0,3303.0,3008.0,45.0,91.0,22.0,49.0,400.0,226.0,52.0,31.0,40.0,35.0,7,0,Jules Koundé,0.9934766851896594,0.34564059595871216,0.12961522348451704,0.06480761174225852,0.08641014898967804,0.0,71.35318052822663,64.98043204023789,0.9721141761338778,1.9658308895151753,0.4752558194432292,1.058524325123556,8.641014898967804,4.8821734179168095,1.1233319368658146,0.6696786546700048,0.8641014898967803,0.7560888036596829,0.9106872540115047,0.565,0.5961538461538461,0.375,56.82034094025737,3.856052898664382,2.9055412597779235,1.449922206816392,6.17832565276198,8.530042785083532,4.425995207824415,0.18213745080230095,0.7932277886365513,0.5293587914880895,0.5298073417251598,0.43946707990489214,0.6534870356249366,0.599872949758555,0.6811288651573111,0.6610374980910476,France,RB,1.0,46,RB:46,grid_centered_v2,False,FB,0.6141161458854569,0.07254061354630797
280074,45,41,3743.0,19.0,12.0,5.0,7.0,0.0,1534.0,1292.0,48.0,134.0,11.0,37.0,364.0,220.0,54.0,26.0,49.0,37.0,4,0,Nathaniel Brown,1.0,0.45685279187817257,0.2885386053967406,0.12022441891530858,0.168314186481432,0.0,36.88485172321667,31.065989847715738,1.1541544215869624,3.22201442693027,0.26449372161367884,0.8896606999732835,8.752337697034465,5.289874432273577,1.2984237242853327,0.6251669783596046,1.1781993053700242,0.8896606999732835,0.8422425032594524,0.6043956043956044,0.48148148148148145,0.631578947368421,39.96255470010774,4.229495057440555,3.8111140796152823,2.6289072936147475,7.8698904621961,9.21901101836982,3.985100813835129,0.1684485006518905,0.5039137557834268,0.5529779983416936,0.6011734368210812,0.5458018866520813,0.7630370103089209,0.6606026143647874,0.5253145191195466,0.48517248431419485,Germany,LB,0.85,40,LB:34 | RCB:4 | RB:2,grid_centered_v2,False,FB,0.6141020424835185,0.07628146482272699
1567,49,44,4069.0,13.0,6.0,1.0,0.0,0.0,3195.0,2916.0,17.0,51.0,22.0,71.0,249.0,160.0,7.0,4.0,33.0,27.0,9,0,Aïssa Mandi,0.9749520766773164,0.28033765783053827,0.12938661130640228,0.021564435217733716,0.0,0.0,68.89837052065921,62.88189309491152,0.3665953987014732,1.0997861961044195,0.4744175747901417,1.5310749004590938,5.369544369215695,3.450309634837394,0.150951046524136,0.08625774087093487,0.7116263621852126,0.5822397508788103,0.9126760563380282,0.642570281124498,0.5714285714285714,0.46153846153846156,54.5543589401503,1.2313292509325953,0.9164884967536829,1.2767336606477562,5.5636242861752985,6.758144332145846,4.433386558134021,0.18253521126760563,0.7623983467252783,0.36560522192086103,0.3729066097018489,0.4240774959934696,0.6082560817772038,0.4337852820474971,0.6835185343273859,0.665756178712534,Algeria,LCB,0.5227272727272727,44,LCB:23 | RCB:18 | RB:3,grid_centered_v2,True,CB,0.61360217064339,0.0731619197590266
277003,47,29,2961.0,22.0,9.0,2.0,2.0,0.0,1776.0,1617.0,24.0,80.0,3.0,46.0,354.0,173.0,34.0,15.0,42.0,61.0,6,0,Neil El Aynaoui,0.9621209050996286,0.6433635231669248,0.2631941685682875,0.05848759301517499,0.05848759301517499,0.0,51.93698259747539,47.28721895276898,0.7018511161820998,2.3395037206069995,0.08773138952276248,1.3452146393490247,10.352303963685973,5.059176795812636,0.9942890812579749,0.4386569476138124,1.228239453318675,1.7838715869628372,0.910472972972973,0.4887005649717514,0.4411764705882353,0.4090909090909091,47.53716872555245,2.9740941048216483,2.0763095520387123,1.6545543982988207,6.9980405042656875,8.548949209052944,4.033543551495903,0.18209459459459462,0.6485642861133034,0.4732451233251492,0.4632950318793963,0.45779962893431103,0.7096444766781637,0.6015911366797998,0.5432913073401497,0.6605271537751272,Morocco,DM,0.5517241379310345,29,DM:16 | AM:10 | CM:3,grid_centered_v2,True,DM,0.6132862715672786,0.08576492931439955
410016,43,24,2215.0,68.0,40.0,8.0,1.0,0.0,499.0,352.0,31.0,38.0,0.0,11.0,380.0,139.0,115.0,40.0,31.0,64.0,9,0,Prince Kwabena Adu,0.8776749435665913,2.4249980382065637,1.426469434239155,0.285293886847831,0.03566173585597888,0.0,17.79520619213346,12.552931021304564,1.1055138115353451,1.3551459625271975,0.0,0.39227909441576764,13.551459625271972,4.956981283981064,4.101099623437571,1.426469434239155,1.1055138115353451,2.282351094782648,0.7054108216432866,0.36578947368421055,0.34782608695652173,0.5882352941176471,27.854140950612912,6.108855352129182,2.9599240760462466,5.45587889095276,3.223820921380491,8.037142218626121,3.0587525341643147,0.14108216432865733,0.28114150567396284,0.666301777774736,0.5341581195101306,0.7698914025268055,0.4255490971971144,0.5543294825141502,0.2174893200805954,0.18046353201860874,Ghana,ST,0.6521739130434783,23,ST:15 | LW:4 | RW:4,grid_centered_v2,False,ST,0.6130352164498087,0.09916126819786787
92993,28,23,1946.0,14.0,6.0,2.0,3.0,0.0,903.0,754.0,20.0,67.0,8.0,26.0,289.0,142.0,21.0,9.0,22.0,31.0,8,0,Mats Wieffer,1.0,0.6474820143884892,0.27749229188078106,0.09249743062692703,0.13874614594039053,0.0,41.76258992805755,34.87153134635149,0.9249743062692702,3.098663926002055,0.3699897225077081,1.2024665981500513,13.365878725590955,6.567317574511819,0.9712230215827338,0.4162384378211716,1.0174717368961972,1.4337101747173688,0.8349944629014396,0.4913494809688581,0.42857142857142855,0.42857142857142855,41.51797565270043,3.214285714285714,3.0755395683453237,1.985611510791367,8.38951695786228,10.66829304722312,3.7757521699937637,0.16699889258028794,0.5345109042654134,0.4885196657143394,0.5433896209288612,0.4876800682149473,0.791459852249054,0.7712006658121475,0.44746684402253645,0.46596761951992494,Netherlands,RB,1.0,23,RB:23,grid_centered_v2,False,FB,0.612896861643477,0.10579314300018773
199310,29,19,1615.0,25.0,20.0,5.0,6.0,0.0,590.0,445.0,26.0,26.0,2.0,12.0,207.0,88.0,41.0,18.0,7.0,18.0,4,0,Anis Ben Slimane,0.9388235294117647,1.3079584775086506,1.0463667820069205,0.2615916955017301,0.31391003460207617,0.0,30.867820069204154,23.281660899653982,1.3602768166089967,1.3602768166089967,0.10463667820069206,0.6278200692041523,10.829896193771628,4.604013840830451,2.145051903114187,0.9417301038062285,0.36622837370242217,0.9417301038062285,0.7542372881355932,0.4251207729468599,0.43902439024390244,0.8,35.467004867749694,4.985937716262976,5.127197231833911,5.15764705882353,3.8192387543252604,7.720981696003211,3.524784311787846,0.15084745762711865,0.4161223021574575,0.5999904978392292,0.6970419434853634,0.750198951218204,0.4720994199360373,0.5245772741165428,0.35772679475002706,0.27004140368870466,Tunisia,RW,0.8125,16,RW:13 | ST:3,grid_centered_v2,False,W,0.6123916848020039,0.11612953160783482
37127,41,28,2454.0,34.0,18.0,1.0,11.0,0.0,1575.0,1351.0,63.0,34.0,0.0,11.0,174.0,79.0,47.0,19.0,20.0,15.0,0,0,Martin Ødegaard,1.0,1.2469437652811737,0.6601466992665037,0.03667481662591687,0.4034229828850856,0.0,57.762836185819076,49.54767726161369,2.310513447432763,1.2469437652811737,0.0,0.4034229828850856,6.381418092909536,2.897310513447433,1.723716381418093,0.6968215158924206,0.7334963325183375,0.5501222493887531,0.8577777777777778,0.4540229885057471,0.40425531914893614,0.5294117647058824,52.05874762292855,6.267726161369194,7.995110024449879,2.2764274413922045,3.0513447432762835,5.418303684343647,3.867481212141506,0.17155555555555557,0.7249507942226132,0.6752396965392812,0.852556187432861,0.5140084830347953,0.41227119477698826,0.31559727074330834,0.48148552491838315,0.5264104137799154,Norway,CM,1.0,28,CM:28,grid_centered_v2,False,CM,0.6123690146921281,0.09420884047408652
44594,36,24,2232.0,17.0,7.0,3.0,7.0,0.0,1006.0,867.0,40.0,58.0,5.0,20.0,213.0,115.0,25.0,12.0,28.0,38.0,7,1,Saud Abdulhamid,0.9923387096774194,0.6802321800208116,0.28009560353798124,0.12004097294484911,0.28009560353798124,0.0,40.253739594172735,34.6918411810614,1.6005463059313216,2.3207921436004164,0.2000682882414152,0.8002731529656608,8.522909079084288,4.601570629552549,1.0003414412070761,0.48016389177939645,1.120382414151925,1.5205189906347556,0.8618290258449304,0.539906103286385,0.48,0.4117647058823529,42.86100107536363,4.641584287200833,5.5418915842872005,2.1759910402766725,5.9980472814776284,8.061917191232723,3.97472251252103,0.17236580516898609,0.5607309776549361,0.5787627238443739,0.7244221488399026,0.5049170632558434,0.6404654436334806,0.5566473399959072,0.5214530423088267,0.5371280184960335,Saudi Arabia,RB,0.9629629629629629,27,RB:26 | LB:1,grid_centered_v2,False,FB,0.6122141506442884,0.09878291611472619
1271,53,50,4300.0,42.0,12.0,2.0,3.0,0.0,2971.0,2722.0,39.0,109.0,27.0,82.0,394.0,260.0,21.0,10.0,41.0,51.0,12,0,Aurélien Tchouaméni,0.9937209302325581,0.8735500270416442,0.2495857220118983,0.04159762033531639,0.062396430502974574,0.0,61.7932650081125,56.61436127636561,0.8111535965386695,2.267070308274743,0.5615678745267713,1.705502433747972,8.194731206057329,5.40769064359113,0.4367750135208221,0.2079881016765819,0.852751216873986,1.060739318550568,0.9161898350723662,0.6598984771573604,0.47619047619047616,0.2857142857142857,52.33402232353712,2.406422336398053,2.371064359113034,1.2536295449277601,8.10945608436993,9.550462332499663,4.242907525275038,0.18323796701447326,0.729256306476926,0.4373941096677705,0.48691011934149814,0.42203487226903774,0.7764628622512441,0.6881673355666978,0.6191350310370648,0.674012112915994,France,CM,0.625,56,CM:35 | DM:21,grid_centered_v2,False,CM,0.6120510013964519,0.07116963031426936
284869,40,36,2904.0,76.0,38.0,16.0,2.0,0.0,937.0,720.0,54.0,44.0,1.0,12.0,385.0,198.0,109.0,54.0,85.0,21.0,3,0,Toni Fruk,0.8499999999999999,2.002066115702479,1.0010330578512394,0.42148760330578505,0.05268595041322313,0.0,24.683367768595037,18.966942148760328,1.4225206611570247,1.159090909090909,0.026342975206611566,0.31611570247933884,10.142045454545453,5.21590909090909,2.871384297520661,1.4225206611570247,2.2391528925619832,0.5532024793388429,0.768409818569904,0.5142857142857142,0.4954128440366973,0.5,33.16280228242941,7.236415289256197,3.846074380165289,5.773347107438015,2.7475723140495862,8.845129870129867,3.7426355716278974,0.1536819637139808,0.37277176404882684,0.726863779340205,0.6038637926723921,0.7896289554967348,0.38920386639745463,0.6281573633340654,0.4352884047050492,0.3007298889041013,Croatia,AM,1.0,36,AM:36,grid_centered_v2,False,AM,0.6119465155228762,0.08660254037844387
275170,47,37,3367.0,52.0,23.0,11.0,7.0,0.0,1886.0,1610.0,51.0,58.0,15.0,21.0,310.0,137.0,76.0,44.0,23.0,30.0,5,0,Danilo,0.9005850905850908,1.251778504288157,0.5536712615120696,0.2647992989840332,0.16850864480802116,0.0,45.4010434439897,38.756988305844864,1.2277058407441541,1.3962144855521752,0.36108995316004533,0.5055259344240635,7.4625256986409365,3.2979549055284143,1.8295224293442298,1.0591971959361328,0.5536712615120696,0.7221799063200907,0.8536585365853658,0.44193548387096776,0.5789473684210527,0.4423076923076923,44.22734464591782,5.134699133935844,3.9960621483045013,3.7781495426045475,3.9214368913180926,5.9429433193526835,4.148909942249456,0.17073170731707318,0.5870620202178745,0.6090509589059835,0.6153330629291357,0.6456556192911602,0.4801615129323167,0.36001536877414186,0.585568533961841,0.5154879791399267,Brazil,AM,0.9444444444444444,36,AM:34 | DM:2,grid_centered_v2,False,AM,0.6111229880746778,0.08042802041991627
51114,32,29,2618.0,24.0,13.0,3.0,7.0,0.0,1977.0,1731.0,36.0,65.0,7.0,25.0,291.0,167.0,30.0,21.0,38.0,25.0,2,0,Cristian Roldán,0.9055080213903743,0.7470959993136779,0.40467699962824216,0.09338699991420973,0.2179029997998227,0.0,61.542032943464214,53.884298950499016,1.1206439989705166,2.023384998141211,0.2179029997998227,0.7782249992850812,9.058538991678343,5.198542995224342,0.9338699991420973,0.6537089993994681,1.1829019989133234,0.7782249992850812,0.8755690440060698,0.5738831615120275,0.7,0.5416666666666666,51.82442892265168,4.242882696102262,4.000076496325316,2.3969771321265503,5.438236295004147,8.99960967785016,4.491786918683249,0.17511380880121397,0.7212525721690468,0.5538209479483673,0.615638339909774,0.5249077849338697,0.5987670646250757,0.6417232137662531,0.702053702740203,0.5731655271075677,USA,AM,1.0,36,AM:36,grid_centered_v2,False,AM,0.6110139837888097,0.09121034881575904
57875,26,22,1913.0,18.0,8.0,0.0,7.0,0.0,903.0,746.0,44.0,19.0,1.0,21.0,143.0,74.0,50.0,24.0,28.0,6.0,0,0,César Yanis,0.85,0.7198118139048614,0.3199163617354939,0.0,0.2799268165185572,0.0,36.11055933089388,29.832200731834813,1.7595399895452168,0.7598013591217981,0.03998954521693674,0.8397804495556717,5.718504966021954,2.9592263460533195,1.9994772608468372,0.9597490852064819,1.1197072660742289,0.23993727130162049,0.8261351052048727,0.5174825174825175,0.48,0.4444444444444444,40.422209308114496,6.1263983272347105,5.938447464715106,1.3367717953185803,3.0911918452692104,5.695364436922199,3.943270893505931,0.16522702104097453,0.5129691468333167,0.6672947668792257,0.7491207889689202,0.429397415920392,0.41532820303264534,0.33869766014223235,0.5097370086520938,0.44263520459447886,Panama,AM,1.0,23,AM:23,grid_centered_v2,False,AM,0.6108838061453474,0.10670172798919807
313353,35,22,1946.0,77.0,37.0,12.0,2.0,0.0,353.0,197.0,17.0,8.0,0.0,5.0,276.0,112.0,27.0,8.0,24.0,40.0,4,0,Promise David,0.9386228160328881,3.3425776542178385,1.6061736780007798,0.5209211928651177,0.08682019881085296,0.0,15.323765090115545,8.551789582869016,0.73797168989225,0.3472807952434118,0.0,0.2170504970271324,11.981187435897708,4.861931133407766,1.1720726839465148,0.3472807952434118,1.0418423857302355,1.736403976217059,0.5580736543909348,0.4057971014492754,0.2962962962962963,0.4805194805194805,22.323479030109866,2.7174722227796972,2.322440318190316,7.3770516531609935,1.059206425492406,8.024094891118697,2.5099976461839506,0.11161473087818696,0.20185057090037525,0.45698159457737825,0.4830076073641168,0.8702959964517353,0.2719704282857057,0.5531078642920634,0.10920788811065978,0.043993735206228,Canada,ST,0.6521739130434783,23,ST:15 | LW:5 | RW:3,grid_centered_v2,False,ST,0.6105774625798066,0.10579314300018773
265556,31,13,1314.0,19.0,9.0,1.0,0.0,0.0,405.0,328.0,30.0,19.0,1.0,10.0,147.0,85.0,36.0,20.0,36.0,16.0,2,1,Telmo Arcanjo,0.9234094368340945,1.2016972123183423,0.5692249953086884,0.06324722170096538,0.0,0.0,25.615124788890977,20.745088717916644,1.8974166510289614,1.2016972123183423,0.06324722170096538,0.6324722170096537,9.29734159004191,5.376013844582057,2.2768999812347537,1.2649444340193075,2.2768999812347537,1.011955547215446,0.8098765432098766,0.5782312925170068,0.5555555555555556,0.47368421052631576,35.568553037305776,7.716161047517777,4.743541627572403,2.250261188092518,3.4975713600633855,9.2611132599659,3.9849039744641352,0.16197530864197532,0.41806844908080726,0.7504457183223459,0.6703949558954666,0.5116405846620358,0.44683824256021193,0.6641699984363898,0.5252413073664377,0.40053734067013147,Cape Verde Islands,AM,0.9230769230769231,13,AM:12 | CM:1,grid_centered_v2,False,AM,0.6105666676711209,0.12874526191574362
30807,36,15,1567.0,22.0,8.0,4.0,0.0,0.0,735.0,663.0,25.0,14.0,3.0,13.0,149.0,85.0,54.0,33.0,22.0,8.0,2,0,Seko Fofana,0.9546458200382898,1.206253174011368,0.43863751782231564,0.21931875891115782,0.0,0.0,40.29982194992525,36.352084289524406,1.3707422431947365,0.7676156561890524,0.16448906918336836,0.7127859664612629,8.169623769440628,4.660523626862104,2.9608032453006308,1.8093797610170521,1.206253174011368,0.43863751782231564,0.9020408163265307,0.5704697986577181,0.6111111111111112,0.36363636363636365,43.4274247720191,7.59391202729884,3.426855607986841,3.095915323513232,2.9882180901645254,8.236142473580099,4.45023977518016,0.18040816326530615,0.5716970180227688,0.7445676464197791,0.5712330692685013,0.5873159334169594,0.40744212433510707,0.5728721209591076,0.6889310604367483,0.6401579520378126,Ivory Coast,CM,0.6,15,CM:9 | AM:6,grid_centered_v2,False,CM,0.6100388924060351,0.11789474283986914
13708,58,42,3503.0,58.0,33.0,9.0,2.0,0.0,1470.0,1317.0,61.0,100.0,8.0,25.0,469.0,223.0,97.0,51.0,47.0,67.0,7,0,Jhon Arias,0.9562489294890095,1.4249555843370338,0.8107505910883124,0.22111379756953975,0.049136399459897714,0.0,36.11525360302482,32.35631904434265,1.4986601835268805,2.4568199729948863,0.19654559783959086,0.6142049932487216,11.522485673346015,5.478708539778595,2.383115373805039,1.2529781862273917,1.1547053873075963,1.6460693819065735,0.8959183673469387,0.47547974413646055,0.5257731958762887,0.5689655172413793,41.6471436720884,6.407386489570661,4.016900655846638,4.041892242562714,5.866886095511789,9.096631188099416,4.140612385393663,0.17918367346938777,0.5370433259874613,0.6829930346875386,0.6169167647998702,0.667195734706577,0.630858565707235,0.6501302969859776,0.5825619345198613,0.6250400911910413,Colombia,CM,0.6041666666666666,48,CM:29 | AM:18 | DM:1,grid_centered_v2,False,CM,0.6095523958001815,0.07885130203925458
2983,46,21,2278.0,80.0,39.0,16.0,2.0,0.0,395.0,277.0,24.0,16.0,8.0,5.0,250.0,108.0,38.0,15.0,33.0,32.0,9,0,José Fajardo,0.8652458296751536,2.7347541587625575,1.3331926523967468,0.5469508317525115,0.06836885396906393,0.0,13.502848658890128,9.469086274715355,0.8204262476287673,0.5469508317525115,0.27347541587625573,0.17092213492265984,8.546106746132992,3.6919181143294533,1.2990082254122148,0.5127664047679795,1.128086090489555,1.093901663505023,0.7012658227848101,0.432,0.39473684210526316,0.4875,25.248779961378343,3.3227263028965073,2.42709431590177,7.217076367375537,1.6271787244637217,6.464685360061234,3.250244562455907,0.14025316455696202,0.24155420409827932,0.49542449204105454,0.4914089718798003,0.8636135214948235,0.30895426802882925,0.4067027001137145,0.26997758890630696,0.1740412937661448,Panama,ST,0.9047619047619048,21,ST:19 | RW:2,grid_centered_v2,False,ST,0.6094133135955765,0.09778046040608337
28382,36,31,2674.0,64.0,33.0,15.0,3.0,0.0,545.0,377.0,20.0,10.0,6.0,0.0,364.0,147.0,16.0,6.0,23.0,56.0,5,0,Haris Tabaković,1.0,2.1540762902019446,1.1106955871353776,0.5048616305160808,0.10097232610321616,0.0,18.343305908750935,12.68885564697083,0.6731488406881077,0.3365744203440538,0.20194465220643232,0.0,12.25130890052356,4.947643979057592,0.5385190725504861,0.20194465220643232,0.7741211667913238,1.8848167539267016,0.691743119266055,0.40384615384615385,0.375,0.515625,26.894363321965507,2.1035901271503366,2.2382198952879584,6.625116866118175,0.8279730740463725,8.13824003221909,3.1068540386555177,0.138348623853211,0.26610750918601356,0.4185093228991981,0.47625334424363025,0.8363360543353283,0.25773359973611626,0.5637719188902717,0.22994680067580867,0.1599723094798176,Bosnia & Herzegovina,ST,0.8709677419354839,31,ST:27 | RW:4,grid_centered_v2,False,ST,0.6090308814595461,0.09025021314282922
48489,34,29,2739.0,21.0,7.0,0.0,5.0,0.0,1253.0,956.0,46.0,67.0,6.0,31.0,296.0,169.0,38.0,26.0,56.0,41.0,8,1,Miro Muheim,1.0,0.6900328587075575,0.23001095290251916,0.0,0.16429353778751368,0.0,41.17196056955093,31.41292442497262,1.511500547645126,2.2015334063526835,0.19715224534501644,1.0186199342825848,9.72617743702081,5.553121577217962,1.248630887185104,0.8543263964950711,1.8400876232201533,1.3472070098576123,0.7629688747007183,0.5709459459459459,0.6842105263157895,0.3333333333333333,40.62460521910613,5.776560788608981,4.68236582694414,0.9886820007301934,6.216867469879518,9.487208045942985,4.022571826410705,0.15259377494014367,0.5169540857513505,0.6472215914143322,0.6660368684761734,0.3988176660371998,0.656242131480569,0.683001221366571,0.5392279473282343,0.2887143180714728,Switzerland,RCB,0.8620689655172413,29,RCB:25 | LB:3 | RB:1,grid_centered_v2,False,CB,0.6088856970611745,0.08917290636126908
263676,25,17,1388.0,26.0,14.0,4.0,3.0,0.0,396.0,308.0,22.0,35.0,0.0,7.0,173.0,87.0,28.0,14.0,24.0,29.0,4,0,Abbosbek Fayzullaev,0.9304322766570605,1.5685962012806351,0.8446287237664958,0.2413224925047131,0.18099186937853481,0.0,23.890926757966596,18.581831922862907,1.327273708775922,2.1115718094162395,0.0,0.4223143618832479,10.43719780082884,5.24876421197751,1.6892574475329916,0.8446287237664958,1.4479349550282785,1.74958807065917,0.7777777777777778,0.5028901734104047,0.5,0.5384615384615384,32.849908903081264,5.224631962727039,4.313639553521747,4.189983230233875,4.645457980715727,8.856940416999727,3.6834112459336508,0.15555555555555556,0.36702327594542755,0.6144925900734856,0.6391858711538584,0.6789978019436125,0.5373289953262631,0.6292019974653886,0.413711557925679,0.32206743181910075,Uzbekistan,RW,0.7894736842105263,19,RW:15 | LW:2 | ST:2,grid_centered_v2,False,W,0.6080189757197346,0.12526628697018535
66275,35,16,1633.0,55.0,31.0,13.0,1.0,0.0,296.0,203.0,29.0,5.0,4.0,4.0,246.0,102.0,35.0,14.0,26.0,16.0,1,0,Mojmír Chytil,0.8646968769136558,2.6210958608221655,1.4773449397361296,0.6195317489216028,0.04765628837858482,0.0,14.10626136006111,9.67422654085272,1.38203236297896,0.23828144189292413,0.19062515351433929,0.19062515351433929,11.723446941131867,4.860941414615652,1.6679700932504689,0.6671880373001875,1.2390634978432056,0.7625006140573571,0.6858108108108109,0.4146341463414634,0.4,0.5636363636363636,26.25715260825569,4.775160095534199,3.7171904935296163,8.15180963427613,1.0198445713017152,8.049220419486304,3.225191447249835,0.13716216216216218,0.2564139949546524,0.587036249785752,0.5939156839694474,0.8988224369609277,0.2695124685299567,0.5554597772085603,0.2626763128910721,0.15168231442733318,Czech Republic,RW,0.625,16,RW:10 | ST:4 | LW:2,grid_centered_v2,False,W,0.6080119129520224,0.1154877300804838
22265,35,12,1340.0,31.0,7.0,4.0,1.0,0.0,233.0,165.0,16.0,21.0,1.0,10.0,246.0,121.0,38.0,23.0,32.0,22.0,3,0,Nuno Da Costa,0.9161567164179106,1.9075203274671424,0.4307303965248386,0.24613165515705063,0.06153291378926266,0.0,14.337168912898198,10.152930775228338,0.9845266206282025,1.2921911895745157,0.06153291378926266,0.6153291378926264,15.137096792158612,7.445482568500782,2.338250723991981,1.415257017153041,1.969053241256405,1.3537241033637784,0.7081545064377682,0.491869918699187,0.6052631578947368,0.22580645161290322,26.1246419130048,6.29481708064157,2.7997475774114506,3.0236886996169856,3.62428862218757,11.899285351998653,3.6564644959532875,0.14163090128755365,0.25442749931981273,0.6767513691407827,0.5213311540112878,0.5809608199472447,0.45676418000305785,0.8431053424389315,0.40399765441536756,0.18481532439729886,Cape Verde Islands,ST,0.5,12,ST:6 | RW:5 | LW:1,grid_centered_v2,True,ST,0.6077112968121953,0.1274901225322322
70535,17,11,911.0,28.0,16.0,3.0,1.0,0.0,286.0,217.0,6.0,20.0,1.0,5.0,160.0,64.0,50.0,17.0,18.0,22.0,3,0,Ibrahim Adel,0.8649286498353458,2.392557845867257,1.3671759119241471,0.25634548348577757,0.0854484944952592,0.0,24.43826942564413,18.542323305471246,0.5126909669715551,1.7089698899051837,0.0854484944952592,0.42724247247629593,13.67175911924147,5.4687036476965885,4.272424724762959,1.4526244064194063,1.5380729009146654,1.879866878895702,0.7587412587412588,0.4,0.34,0.5714285714285714,30.991134644014437,5.323441207054648,1.7516941371528136,5.1076672874371685,4.024624090726708,8.856185106775223,3.27720505528275,0.15174825174825177,0.3336930870425846,0.6204384402513188,0.4374807885959671,0.7467910045958307,0.4883121120180951,0.6291352268806305,0.27797609381011273,0.2795779017734876,Egypt,ST,0.6666666666666666,9,ST:6 | RW:3,grid_centered_v2,False,ST,0.607699343455769,0.15462145269454017
66353,40,36,3210.0,59.0,31.0,7.0,12.0,0.0,1512.0,1188.0,72.0,39.0,4.0,9.0,376.0,167.0,84.0,32.0,48.0,43.0,3,0,Lukáš Provod,0.8884112149532711,1.4696148135208318,0.7721704952397591,0.1743610795702682,0.2989047078347455,0.0,37.66199318717793,29.5915660756398,1.7934282470084728,0.9714403004629226,0.09963490261158182,0.2241785308760591,9.36568084548869,4.159757184033541,2.092332954843218,0.7970792208926546,1.195618831338982,1.0710752030745045,0.7857142857142857,0.4441489361702128,0.38095238095238093,0.5254237288135594,40.177610571104154,5.818678312516378,6.127546510612282,3.5267747875249267,2.306547995458119,7.156106866157597,3.5276878439364103,0.15714285714285714,0.5081511294769867,0.6496676559914641,0.7603667888542595,0.6245591099675761,0.35660157565833356,0.4711225270159334,0.3587224412492861,0.3407488630448757,Czech Republic,RW,0.45714285714285713,35,RW:16 | ST:11 | LW:8,grid_centered_v2,True,W,0.607446830883683,0.08237139508938744
26315,47,23,2275.0,50.0,24.0,5.0,2.0,0.0,855.0,659.0,25.0,44.0,8.0,18.0,356.0,194.0,64.0,30.0,42.0,40.0,4,1,Nicolás González,0.9922857142857142,1.9627629513343796,0.9421262166405022,0.19627629513343797,0.07851051805337518,0.0,33.5632464678179,25.869215698587126,0.9813814756671898,1.7272313971742543,0.3140420722135007,0.7065946624803767,13.974872213500783,7.615520251177393,2.512336577708006,1.177657770800628,1.648720879120879,1.5702103610675038,0.7707602339181286,0.5449438202247191,0.46875,0.48,36.335229709805645,5.53499152276295,2.885261538461538,3.849187064364207,4.867652119309263,12.296559812322506,3.6337715179179377,0.15415204678362573,0.4328399883359745,0.6330456794697938,0.5281837111609354,0.6515201587575143,0.554746839118551,0.8620047730406262,0.39587480696742927,0.3060076884283011,Argentina,LW,0.875,24,LW:21 | RW:2 | ST:1,grid_centered_v2,False,W,0.6072629812802238,0.09784490979926537
329163,23,17,1507.0,46.0,23.0,10.0,3.0,0.0,498.0,388.0,21.0,14.0,0.0,5.0,163.0,71.0,56.0,25.0,21.0,16.0,3,0,Adil Boulbina,0.8540145985401458,2.3461316774759147,1.1730658387379573,0.5100286255382425,0.1530085876614727,0.0,25.399425551804473,19.789110670883804,1.071060113630309,0.7140400757535393,0.0,0.25501431276912123,8.31346659627335,3.6212032413215214,2.8561603030141574,1.275071563845606,1.071060113630309,0.8160458008611878,0.7791164658634538,0.43558282208588955,0.44642857142857145,0.5,33.04977337215898,5.651117170963726,3.5191975162138727,6.72252117853908,1.7953007618946133,6.376433004107798,3.639428523858978,0.15582329317269078,0.3706909439351261,0.6398907407500771,0.578484660186438,0.8411081863368464,0.32042052894117923,0.39866005465556,0.39789452554159077,0.3251809301132218,Algeria,LW,0.4117647058823529,17,LW:7 | RW:6 | ST:4,grid_centered_v2,True,W,0.6072080277889992,0.12021877866841581
334915,39,37,3099.0,78.0,37.0,15.0,3.0,0.0,791.0,650.0,54.0,13.0,1.0,3.0,280.0,118.0,128.0,59.0,39.0,19.0,4,0,Farès Ghedjemis,0.853678606001936,1.933792776422585,0.9173119580466108,0.37188322623511255,0.0743766452470225,0.0,19.610642130131602,16.114939803521544,1.338779614446405,0.3222987960704309,0.024792215082340835,0.0743766452470225,6.941820223055434,2.9254813797162185,3.173403530539627,1.4627406898581092,0.9668963882112925,0.4710520865644759,0.8217446270543616,0.42142857142857143,0.4609375,0.47435897435897434,32.04596386381107,6.550103224754449,3.7560205849746366,5.208020499864104,0.7561625600113956,5.35995964588842,3.836680956336536,0.16434892541087232,0.3524287356407511,0.6908124129365626,0.5969213711435972,0.7536026440143756,0.25341261771975065,0.3108420207497915,0.47002793804286386,0.4311589329542956,Algeria,RW,1.0,37,RW:37,grid_centered_v2,False,W,0.606525050613769,0.08383360646017825
340077,44,33,3159.0,56.0,37.0,8.0,6.0,0.0,834.0,686.0,52.0,27.0,1.0,8.0,310.0,127.0,99.0,45.0,50.0,24.0,4,0,Matías Fernández,0.9838683127572017,1.5697044306097805,1.0371261416528905,0.2242434900871115,0.16818261756533362,0.0,23.37738384158137,19.22887927496981,1.4575826855662246,0.7568217790440012,0.028030436260888938,0.2242434900871115,8.68943524087557,3.5598654051328946,2.7750131898280044,1.261369631740002,1.4015218130444467,0.6727304702613345,0.8225419664268585,0.4096774193548387,0.45454545454545453,0.6607142857142857,33.99853726051553,6.477833819891433,4.568961110524897,4.56735309043951,1.841599662340403,6.212843825250568,3.8071312307968515,0.1645083932853717,0.3882994058827319,0.6868660905699958,0.6578829982462446,0.7080349757126461,0.3236174524184325,0.3838983649309924,0.4590650034901261,0.4332379833478593,Belgium,ST,0.7878787878787878,33,ST:26 | RW:6 | LW:1,grid_centered_v2,False,ST,0.6062760861477094,0.08303364917060368
46334,42,35,3194.0,35.0,13.0,1.0,6.0,0.0,1980.0,1699.0,65.0,73.0,5.0,41.0,313.0,172.0,51.0,25.0,47.0,41.0,8,1,Aubrey Modiba,0.8731340012523482,0.8611058559627104,0.3198393179290067,0.02460302445607744,0.14761814673646464,0.0,48.71398842303333,41.800538550875565,1.5991965896450335,1.796020785293653,0.1230151222803872,1.008724002699175,7.700746654752239,4.23172020644532,1.2547542472599496,0.615075611401936,1.1563421494356396,1.008724002699175,0.8580808080808081,0.549520766773163,0.49019607843137253,0.37142857142857144,46.57170817167527,4.99441396458372,4.809891281163139,1.3874563836063718,5.385602053435351,7.572970589342937,4.02474615595263,0.17161616161616164,0.6310282662579321,0.6005086581984082,0.6750887128039615,0.4339013112302859,0.5947612331887978,0.5105754363429065,0.5400336383443867,0.5272130487594252,South Africa,LB,0.8571428571428571,35,LB:30 | RCB:5,grid_centered_v2,False,FB,0.6055715129162376,0.08257745268487249
747,41,39,3049.0,39.0,20.0,10.0,2.0,0.0,1908.0,1571.0,42.0,104.0,31.0,38.0,411.0,221.0,19.0,9.0,42.0,53.0,14,1,Casemiro,0.9967530337815677,1.147459215668515,0.5884406234197512,0.2942203117098756,0.058844062341975124,0.0,56.13723547424427,46.222010969621465,1.2357253091814777,3.0598912417827067,0.9120829663006145,1.1180371844975274,12.09245481127589,6.502268888788252,0.5590185922487637,0.2647982805388881,1.2357253091814777,1.559367652062341,0.8233752620545073,0.537712895377129,0.47368421052631576,0.5128205128205128,48.317588133135565,3.5041639124646187,3.4129556158345573,4.203220392107682,8.747169867134602,10.716315130434939,3.824780742124008,0.16467505241090147,0.66245458022977,0.5069798990880225,0.5701387721754047,0.6800419593690579,0.8095153844957759,0.774395363205162,0.46560888403794237,0.4354133027373356,Brazil,CM,0.6842105263157895,38,CM:26 | DM:10 | AM:2,grid_centered_v2,False,CM,0.6049419424540625,0.0845181973337754
46746,42,37,3145.0,93.0,43.0,19.0,0.0,0.0,413.0,247.0,16.0,22.0,6.0,6.0,424.0,196.0,19.0,4.0,43.0,58.0,4,0,Ante Budimir,1.0,2.661367249602544,1.2305246422893483,0.5437201907790143,0.0,0.0,11.818759936406996,7.0683624801271865,0.4578696343402226,0.629570747217806,0.17170111287758347,0.17170111287758347,12.133545310015899,5.608903020667727,0.5437201907790143,0.11446740858505565,1.2305246422893483,1.659777424483307,0.5980629539951574,0.46226415094339623,0.21052631578947367,0.46236559139784944,21.18575508994253,1.7255961844197139,1.1446740858505564,6.997227208232901,1.6655007949125598,9.239256681765006,2.5242911738227978,0.11961259079903148,0.18778753749191945,0.39527420733120394,0.3902063206923018,0.8539594979562859,0.3115479495183963,0.6623203654761737,0.11129923931579756,0.06575411298372351,Croatia,ST,0.8378378378378378,37,ST:31 | RW:5 | LW:1,grid_centered_v2,False,ST,0.6047994017535094,0.08321825652701376
20844,40,22,2150.0,25.0,9.0,0.0,4.0,0.0,550.0,443.0,22.0,40.0,0.0,6.0,278.0,137.0,135.0,66.0,28.0,14.0,3,0,Haissem Hassan,1.0,1.0465116279069768,0.3767441860465116,0.0,0.16744186046511628,0.0,23.023255813953487,18.544186046511626,0.9209302325581395,1.6744186046511627,0.0,0.2511627906976744,11.637209302325582,5.734883720930233,5.651162790697675,2.7627906976744185,1.172093023255814,0.586046511627907,0.8054545454545454,0.49280575539568344,0.4888888888888889,0.36,32.33868921775898,9.150697674418605,3.2232558139534886,1.2474418604651163,3.5162790697674415,9.507254475489376,3.8493294903189494,0.1610909090909091,0.35771261038822544,0.812518817571654,0.5551401954321227,0.42148827155259666,0.44830117305456074,0.6846434251877926,0.4747300163299971,0.3893103849293953,Egypt,RW,1.0,20,RW:20,grid_centered_v2,False,W,0.6046595350954739,0.10064905641951909
2803,42,42,3837.0,11.0,2.0,2.0,2.0,0.0,2449.0,2242.0,17.0,49.0,35.0,50.0,266.0,164.0,5.0,3.0,23.0,24.0,6,0,Nico Elvedi,1.0,0.2580140734949179,0.04691164972634871,0.04691164972634871,0.04691164972634871,0.0,57.443315089913995,52.5879593432369,0.39874902267396406,1.1493354182955433,0.8209538702111024,1.1727912431587177,6.239249413604378,3.8467552775605944,0.11727912431587177,0.07036747458952307,0.5394839718530102,0.5629397967161845,0.9154757043691303,0.6165413533834586,0.6,0.18181818181818182,49.533882445037484,1.1634089132134482,1.254886630179828,0.8046058710640416,5.317435496481626,7.235081448735207,4.485746322908045,0.18309514087382606,0.6835485667116714,0.36160124109019187,0.39866501291211864,0.38294439780401424,0.5895545453855429,0.47858418888391385,0.7001656385063717,0.6723427094605063,Switzerland,RCB,0.5,42,RCB:21 | RB:20 | LCB:1,grid_centered_v2,True,CB,0.6046128595760496,0.07534128759775874
2507,26,25,2192.0,25.0,14.0,3.0,4.0,0.0,1000.0,822.0,38.0,46.0,2.0,11.0,268.0,142.0,58.0,29.0,58.0,18.0,5,1,Miguel Almirón,0.9217928832116788,0.9461833883331559,0.5298626974665672,0.11354200659997869,0.15138934213330493,0.0,37.84733553332623,31.110509808394163,1.4381987502663967,1.7409774345330067,0.07569467106665247,0.41632069086658857,10.14308592293143,5.374321645732325,2.1951454609329213,1.0975727304664606,2.1951454609329213,0.6812520395998722,0.822,0.5298507462686567,0.5,0.56,40.4576984905296,6.430262307112125,4.428138257399168,2.7701438292530236,4.049664902065907,9.113602542831224,3.9344401353394725,0.1644,0.513668020940557,0.6842535186501246,0.6476268504549727,0.5584517151671604,0.49029115027654396,0.6515915283313511,0.5064449849603978,0.43182455361301075,Paraguay,AM,0.8,30,AM:24 | CM:6,grid_centered_v2,False,AM,0.604005138456965,0.09968014539947918
138835,47,42,3565.0,102.0,54.0,22.0,4.0,0.0,648.0,470.0,32.0,7.0,3.0,8.0,354.0,131.0,55.0,20.0,66.0,55.0,5,2,Folarin Balogun,1.0,2.5750350631136043,1.3632538569424963,0.5553997194950911,0.10098176718092566,0.0,16.359046283309958,11.865357643758765,0.8078541374474053,0.1767180925666199,0.07573632538569425,0.20196353436185133,8.936886395511921,3.307152875175315,1.3884992987377278,0.5049088359046283,1.6661991584852733,1.3884992987377278,0.7253086419753086,0.3700564971751412,0.36363636363636365,0.5294117647058824,27.109995151767006,3.5495091164095376,2.5750350631136043,7.410576685091988,0.8053295932678822,5.740183516770865,3.230068356430073,0.14506172839506173,0.2694401862632985,0.509867164085659,0.5032924554051416,0.8716605918520504,0.25636591955844934,0.34251158603073706,0.2640875906437784,0.2138640627111258,USA,ST,0.7142857142857143,42,ST:30 | LW:8 | RW:4,grid_centered_v2,False,ST,0.6037341629294599,0.07816263118937337
903,47,44,3971.0,95.0,44.0,14.0,3.0,0.0,1858.0,1652.0,38.0,41.0,15.0,26.0,442.0,227.0,83.0,42.0,90.0,39.0,2,0,Scott McTominay,0.9932007051120625,2.1384704177053977,0.9904494566214473,0.31514300892500596,0.06753064476964414,0.0,41.82397932733294,37.18687505315071,0.8553881670821591,0.9229188118518032,0.3376532238482207,0.5852655880035825,9.949514996060904,5.109818787569741,1.8683478386268213,0.9454290267750179,2.0259193430893245,0.8778983820053738,0.8891280947255114,0.5135746606334841,0.5060240963855421,0.4631578947368421,42.75976939960192,4.916230939230093,2.5098889639384403,4.834089100143758,3.203203583573454,8.694470284498088,4.1579896987262295,0.1778256189451023,0.5587645361093743,0.5957208713367329,0.49805919604635424,0.7275991610239686,0.4239558319698601,0.6147293808601048,0.5888512649321632,0.607984438100142,Scotland,RW,0.6341463414634146,41,RW:26 | LW:11 | ST:4,grid_centered_v2,False,W,0.6035911859973025,0.07405919620773836
482605,24,21,1655.0,26.0,16.0,8.0,1.0,0.0,529.0,458.0,29.0,15.0,4.0,14.0,139.0,67.0,37.0,15.0,31.0,7.0,2,0,Gilberto Mora,0.923583081570997,1.3058516077801408,0.8036009894031635,0.40180049470158175,0.05022506183769772,0.0,26.569057712142094,23.00307832166556,1.456526793293234,0.7533759275654658,0.20090024735079087,0.7031508657277681,6.981283595439983,3.3650791431257474,1.8583272879948156,0.7533759275654658,1.5569769169686294,0.35157543286388404,0.8657844990548205,0.48201438848920863,0.40540540540540543,0.6153846153846154,36.513742033420925,5.283676505325801,3.9175548233404225,5.5702145735463136,2.9833686731592444,6.157153965843672,3.9246551971881747,0.1731568998109641,0.43629759754291597,0.6180498320884565,0.6093448644132079,0.7771461703463405,0.4070718788872845,0.3789200505404535,0.5027966111205515,0.5475593292038669,Mexico,AM,0.76,25,AM:19 | CM:6,grid_centered_v2,False,AM,0.6032123686455667,0.1147175699094147
337426,34,33,2746.0,47.0,21.0,5.0,9.0,0.0,1199.0,983.0,54.0,55.0,6.0,15.0,336.0,146.0,72.0,35.0,43.0,61.0,12,0,Augustine Boakye,0.8647487254187911,1.3320783352226824,0.59518393701439,0.1417104611939024,0.2550788301490243,0.0,33.98216859429779,27.860276670721213,1.530472980894146,1.5588150731329262,0.17005255343268288,0.42513138358170716,9.52294299223024,4.137945466861949,2.0406306411921946,0.9919732283573168,1.2187099662675607,1.728867626565609,0.8198498748957465,0.43452380952380953,0.4861111111111111,0.44680851063829785,38.84916870161596,5.8441394196365355,5.229116018054999,2.8605582226479607,3.843187707578633,7.096695082178157,3.7799746758193873,0.1639699749791493,0.48198061147039023,0.6511425662176941,0.7039128207507896,0.566511069155074,0.4739875290268258,0.46551750573283573,0.44902450163247876,0.42622824728766984,Ghana,AM,1.0,33,AM:33,grid_centered_v2,False,AM,0.6030245489101805,0.08905917572475075
2598,44,40,3339.0,41.0,20.0,7.0,6.0,0.0,1193.0,931.0,48.0,60.0,1.0,22.0,418.0,186.0,107.0,51.0,53.0,39.0,6,0,Ritsu Doan,1.0,1.105121293800539,0.5390835579514824,0.18867924528301885,0.16172506738544473,0.0,32.15633423180593,25.09433962264151,1.2938005390835579,1.6172506738544474,0.026954177897574122,0.5929919137466307,11.266846361185983,5.013477088948787,2.884097035040431,1.3746630727762803,1.4285714285714286,1.0512129380053907,0.7803855825649623,0.4449760765550239,0.4766355140186916,0.4878048780487805,36.567591046603845,6.479784366576819,4.12398921832884,3.2397606994937873,4.126684636118599,8.353796154193374,3.683186859792591,0.15607711651299247,0.4373418332249597,0.6869729610985569,0.6250156451976574,0.5998844613820642,0.4963798522222708,0.5837428133876432,0.41363038097546745,0.32814695713629555,Japan,RW,0.9743589743589743,39,RW:38 | ST:1,grid_centered_v2,False,W,0.6029077295611794,0.08076454080357875
46930,42,30,2738.0,59.0,32.0,15.0,4.0,0.0,464.0,344.0,26.0,26.0,1.0,4.0,362.0,131.0,26.0,10.0,37.0,65.0,8,0,Ermedin Demirović,0.982746530314098,1.9059109116025788,1.0337143927336019,0.48455362159387594,0.12921429909170024,0.0,14.98885869463723,11.11242972188622,0.8398929440960516,0.8398929440960516,0.03230357477292506,0.12921429909170024,11.693894067798874,4.231768295253183,0.8398929440960516,0.32303574772925064,1.1952322665982273,2.0997323602401288,0.7413793103448276,0.36187845303867405,0.38461538461538464,0.5423728813559322,26.95925505939955,2.917012801995133,2.8104110052444806,6.4083748852899145,1.805769829806511,7.010110972470478,3.2639080709108486,0.14827586206896554,0.2671076685521002,0.46962142726455836,0.5221861461092574,0.8253044773955536,0.3211419548632825,0.45736494459189403,0.2740130390389666,0.24397053928375861,Bosnia & Herzegovina,ST,0.6333333333333333,30,ST:19 | RW:8 | LW:3,grid_centered_v2,False,ST,0.6028383943508977,0.08918918918918918
359561,25,20,1797.0,28.0,13.0,4.0,1.0,0.0,715.0,609.0,13.0,83.0,0.0,31.0,277.0,160.0,47.0,24.0,31.0,28.0,3,0,Kamogelo Sebelebele,0.8511686143572621,1.1936254358265446,0.5541832380623243,0.17051791940379207,0.04262947985094802,0.0,30.480078093427835,25.961353229227345,0.5541832380623243,3.5382468276286856,0.0,1.3215138753793887,11.808365918712601,6.8207167761516825,2.003585552994557,1.0231075164227525,1.3215138753793887,1.1936254358265446,0.8517482517482518,0.5776173285198556,0.5106382978723404,0.4642857142857143,36.11810791187347,4.21605555725876,1.6199202343360248,3.0685713170890194,9.011872040490411,11.281855472171921,4.035824713830913,0.17034965034965036,0.42864338244454503,0.552131476836179,0.4270896896653572,0.5849132754272793,0.8220916119535857,0.8096253449776828,0.5441354271684729,0.5104170729978188,South Africa,RB,0.95,20,RB:19 | RCB:1,grid_centered_v2,False,FB,0.602836469420577,0.11009178140937595
291713,38,32,2574.0,98.0,50.0,25.0,2.0,0.0,553.0,408.0,24.0,13.0,2.0,1.0,228.0,74.0,29.0,10.0,17.0,36.0,3,0,Armando González,0.9176884226884228,3.1445267630582316,1.6043503893154243,0.8021751946577121,0.06417401557261697,0.0,17.744115305828593,13.091499176813862,0.7700881868714037,0.41713110122201036,0.06417401557261697,0.032087007786308484,7.315837775278335,2.374438576186828,0.9305232258029461,0.32087007786308486,0.5454791323672443,1.1551322803071056,0.7377938517179023,0.32456140350877194,0.3448275862068966,0.5102040816326531,27.969874554313233,2.461073497209861,2.2781775528279025,9.683900265568598,0.8856014149021143,4.297898217187875,3.2403821151640124,0.14755877034358048,0.2829889190996515,0.44082327219519507,0.47945691544189534,0.9392980408250291,0.2612358086422116,0.23172559354848152,0.2670881467460693,0.237012354037005,Mexico,ST,0.78125,32,ST:25 | RW:5 | LW:2,grid_centered_v2,False,ST,0.6028277078626401,0.09198662110077999
6236,35,33,2805.0,9.0,4.0,0.0,2.0,0.0,1474.0,1294.0,24.0,127.0,13.0,61.0,339.0,186.0,30.0,21.0,22.0,77.0,16,0,Andrés Cubas,0.9285240641711229,0.2681299436643884,0.11916886385083929,0.0,0.059584431925419644,0.0,43.913726329034276,38.55112745574651,0.7150131831050358,3.7836114272641472,0.3872988075152277,1.8173251737252991,10.09956121135863,5.5413521690640275,0.8937664788812947,0.6256365352169063,0.6554287511796161,2.2940006291286568,0.8778833107191316,0.5486725663716814,0.7,0.4444444444444444,43.13828598225379,3.1788294432211384,2.115247333352398,1.0557252982800638,10.871179604792815,9.403910735804683,4.3685405637353405,0.17557666214382633,0.5661073490205369,0.4862628513902061,0.46640751408908515,0.40465414776830405,0.892701356180286,0.6761288648940584,0.6622344218491144,0.5791702528351842,Paraguay,CM,0.5945945945945946,37,CM:22 | AM:14 | DM:1,grid_centered_v2,True,CM,0.6025051077589407,0.0881175685227012
16841,40,37,3237.0,20.0,4.0,0.0,2.0,0.0,1696.0,1441.0,24.0,94.0,16.0,40.0,330.0,214.0,46.0,28.0,48.0,31.0,2,0,Mohanad Lasheen,0.870182267531665,0.4838826325477285,0.0967765265095457,0.0,0.04838826325477285,0.0,41.03324724004737,34.86374367506384,0.5806591590572742,2.2742483729743235,0.3871061060381828,0.967765265095457,7.984063437037519,5.177544168260694,1.1129300548597756,0.6774356855668198,1.1613183181145483,0.7500180804489791,0.8496462264150944,0.6484848484848484,0.6086956521739131,0.2,40.867435236513224,3.319434859277417,1.717783345544436,0.535487137113364,6.4549943181866976,9.194016381019516,4.268806459323895,0.1699292452830189,0.5217322366444823,0.49521487425289373,0.4348011093439436,0.3601879329208743,0.6730265747724261,0.6584760932662203,0.6282013437588103,0.5048347480644215,Egypt,DM,0.5428571428571428,35,DM:19 | CM:11 | AM:5,grid_centered_v2,True,DM,0.6022814533042561,0.08202714349909392
94333,38,35,2963.0,55.0,31.0,10.0,7.0,0.0,1236.0,979.0,51.0,56.0,1.0,23.0,397.0,188.0,105.0,48.0,62.0,50.0,5,0,Elijah Just,0.8634154573067839,1.4424254180454201,0.8130034174437824,0.26225916691734913,0.1835814168421444,0.0,32.41523303098435,25.67517244120848,1.3375217512784805,1.4686513347371553,0.026225916691734914,0.603196083909903,10.41168892661876,4.9304723380461635,2.753721252632166,1.2588440012032758,1.6260068348875647,1.3112958345867456,0.7920711974110033,0.473551637279597,0.45714285714285713,0.5636363636363636,37.063678301775,6.3676525727532365,4.353502170827995,4.3635508470328155,3.878813078707594,8.323316185103419,3.6796233219405536,0.15841423948220068,0.44698689354519894,0.680797260154239,0.6421346730289342,0.6925438239984749,0.47679755473187535,0.5809339573537617,0.4123418193963883,0.3560810507825903,New Zealand,AM,1.0,32,AM:32,grid_centered_v2,False,AM,0.6020965880208992,0.0857359791264644
427,45,33,2757.0,81.0,39.0,18.0,2.0,0.0,383.0,265.0,20.0,12.0,4.0,2.0,363.0,143.0,51.0,17.0,30.0,31.0,4,0,Haji Wright,0.924758795792528,2.4452272837604387,1.1773316551439148,0.5433838408356529,0.06037598231507256,0.0,11.562000613336394,7.999817656747115,0.6037598231507255,0.36225589389043533,0.12075196463014512,0.06037598231507256,10.958240790185668,4.316882735527687,1.53958754903435,0.5131958496781168,0.9056397347260884,0.9358277258836245,0.6919060052219321,0.3939393939393939,0.3333333333333333,0.48148148148148145,23.708070052851127,2.822577173229642,1.8414674606097128,6.958298006849667,0.9056397347260884,7.225454011556944,3.10438055778183,0.13838120104438642,0.22000693884762917,0.46363357211574324,0.444592039750892,0.8521921583055252,0.26246076690318576,0.4776739924890728,0.2292941753157103,0.16020502230256303,USA,ST,0.8484848484848485,33,ST:28 | RW:4 | LW:1,grid_centered_v2,False,ST,0.6020341262706599,0.08888133204487778
199837,39,14,1489.0,27.0,12.0,3.0,2.0,0.0,485.0,411.0,16.0,16.0,1.0,4.0,218.0,89.0,90.0,38.0,20.0,17.0,4,0,Kamaldeen Sulemana,1.0,1.6319677635997314,0.7253190060443251,0.18132975151108127,0.12088650100738751,0.0,29.31497649429147,24.84217595701813,0.9670920080591001,0.9670920080591001,0.06044325050369376,0.24177300201477503,13.176628609805238,5.379449294828744,5.439892545332438,2.2968435191403627,1.2088650100738751,1.027535258562794,0.8474226804123711,0.40825688073394495,0.4222222222222222,0.4444444444444444,36.31149044885864,8.087306917394224,3.0826057756883816,3.3549735094395943,2.290799194089993,8.755999654962075,3.807079313051853,0.16948453608247424,0.43238066686497756,0.7677314667181255,0.5439529330756718,0.609858077013805,0.35545957856686083,0.6202357959408423,0.45904577372542393,0.4989284190271915,Ghana,ST,0.5,14,ST:7 | LW:5 | RW:2,grid_centered_v2,True,ST,0.6016485334522409,0.12094323718957538
2722,46,40,3378.0,108.0,61.0,23.0,4.0,0.0,668.0,470.0,35.0,16.0,0.0,4.0,399.0,136.0,27.0,13.0,14.0,49.0,3,0,Ayoub El Kaabi,0.8950976909413852,2.5755919348579828,1.454732481725342,0.5485056898308667,0.09539229388362898,0.0,15.93051307856604,11.208594531326407,0.8346825714817536,0.3815691755345159,0.0,0.09539229388362898,9.515381314891991,3.243337992043385,0.6438979837144957,0.3100249551217942,0.33387302859270146,1.168555600074455,0.7035928143712575,0.3408521303258145,0.48148148148148145,0.5648148148148148,26.427916387599666,2.444427530767993,2.6113640450643434,7.5543006226920415,0.8776091037293866,5.563229579838183,3.372097921090438,0.14071856287425152,0.25898889103981465,0.4397781844445647,0.5062105634883839,0.8773725609869403,0.2607482645600042,0.3275761729986195,0.30725480035718916,0.17762423900901217,Morocco,ST,1.0,40,ST:40,grid_centered_v2,False,ST,0.6015419597759655,0.0802969621557299
19047,31,19,1720.0,24.0,9.0,1.0,4.0,0.0,713.0,534.0,39.0,42.0,9.0,22.0,284.0,150.0,48.0,25.0,33.0,36.0,4,0,Juninho Bacuna,0.9109011627906977,1.1439223904813414,0.42897089643050296,0.04766343293672255,0.1906537317468902,0.0,33.98402768388318,25.45227318820984,1.8588738845321795,2.001864183342347,0.42897089643050296,1.0485955246078962,13.536414954029205,7.149514940508382,2.2878447809626827,1.1915858234180638,1.5728932869118442,1.7158835857220118,0.7489481065918654,0.528169014084507,0.5208333333333334,0.375,37.734262891608424,7.1113841941590055,5.695780235938345,1.7318667184964847,6.17241456530557,11.593827958965257,3.632815291847571,0.1497896213183731,0.4600869262854686,0.7204943147692577,0.7341835175185826,0.46475847466228476,0.6530635744595951,0.8271814265522062,0.3955337545861954,0.2591076248026734,Curaçao,AM,0.6842105263157895,19,AM:13 | CM:5 | DM:1,grid_centered_v2,False,AM,0.6014067961853422,0.11252906601262812
1719,40,23,2261.0,13.0,3.0,1.0,2.0,0.0,1153.0,961.0,26.0,77.0,5.0,34.0,253.0,145.0,38.0,18.0,29.0,16.0,6,0,Mert Müldür,0.9288014153029632,0.48062700393828695,0.11091392398575854,0.03697130799525285,0.0739426159905057,0.0,42.62791811852653,35.529426983437986,0.9612540078765739,2.8467907156344694,0.18485653997626422,1.2570244718385968,9.353740922798972,5.3608396593116625,1.4049097038196081,0.6654835439145512,1.0721679318623325,0.5915409279240456,0.8334778837814397,0.5731225296442688,0.47368421052631576,0.23076923076923078,41.942018263626075,3.9300500398953773,2.8098194076392162,0.9125884190805463,7.841614425793129,9.224543111969133,3.9517299098061915,0.16669557675628796,0.542817169194613,0.5340527757878203,0.522138715258658,0.39222805390662624,0.7614162089368881,0.6610724092122681,0.5128896624883339,0.4619600264537318,Türkiye,RB,0.6818181818181818,22,RB:15 | LB:6 | RCB:1,grid_centered_v2,False,FB,0.6012885396780114,0.09814736773799135
34168,24,20,1656.0,17.0,7.0,3.0,3.0,0.0,921.0,796.0,49.0,16.0,4.0,11.0,90.0,31.0,14.0,3.0,3.0,14.0,2,0,Jin-kyu Kim,0.8552536231884058,0.7901799779458099,0.3253682262129805,0.1394435255198488,0.1394435255198488,0.0,42.80916233459358,36.99901543793322,2.277577583490863,0.7436988027725269,0.18592470069313172,0.5112929269061123,4.183305765595463,1.4409164303717708,0.650736452425961,0.1394435255198488,0.1394435255198488,0.650736452425961,0.8642779587404995,0.34444444444444444,0.21428571428571427,0.4117647058823529,45.426227186061325,4.5179702268431,6.460883349086327,2.3945931326216687,2.565760869565218,3.050616335853812,3.496406002889735,0.17285559174809992,0.6097678667492296,0.5710665018848263,0.779336144240339,0.5246924351045833,0.3756243955212747,0.15826703329335623,0.3480612559666271,0.5435907252103525,South Korea,AM,1.0,34,AM:34,grid_centered_v2,False,AM,0.6010225729819477,0.11468292773139112
1322,44,29,2733.0,26.0,4.0,1.0,1.0,0.0,1948.0,1665.0,53.0,42.0,10.0,25.0,206.0,112.0,29.0,19.0,27.0,25.0,1,0,Nikola Moro,0.9707757043541896,0.8311800761759252,0.12787385787321925,0.031968464468304814,0.031968464468304814,0.0,62.27456878425779,53.227493339727516,1.6943286168201552,1.3426755076688024,0.3196846446830482,0.7992116117076203,6.585503680470792,3.5804680204501396,0.9270854695808397,0.6074008248977915,0.86314854064423,0.7992116117076203,0.8547227926078029,0.5436893203883495,0.6551724137931034,0.15384615384615385,52.78028300175139,4.999867842842874,4.411648096626065,0.7424634244612531,4.366892246370439,6.643723189795244,4.324378918173626,0.1709445585215606,0.7361454568925963,0.6008419396429779,0.6464166983122216,0.37763976371220426,0.5153678783157515,0.4231691626124306,0.6473469842459738,0.5183117616468587,Croatia,AM,0.9310344827586207,29,AM:27 | CM:2,grid_centered_v2,False,AM,0.600693671269308,0.08927073733568375
142016,38,31,2909.0,31.0,14.0,3.0,3.0,0.0,1418.0,1195.0,24.0,44.0,14.0,40.0,360.0,224.0,64.0,43.0,61.0,19.0,3,0,João Paulo,0.855362667583362,0.8203718950008869,0.37049053322620695,0.07939082854847292,0.07939082854847292,0.0,37.525398293911536,31.62401337180838,0.6351266283877833,1.1643988187109362,0.37049053322620695,1.0585443806463057,9.526899425816751,5.927848531619311,1.6936710090340892,1.1379352091947785,1.6142801804856162,0.5028085808069952,0.8427362482369535,0.6222222222222222,0.671875,0.45161290322580644,39.225088694959595,4.795206044327765,2.0244661279860594,2.0570391813560858,4.620546221521125,10.165654610933702,4.367616071253667,0.1685472496473907,0.48938249840318965,0.5882737614249721,0.4591554162427669,0.4941459102929494,0.5353696648733155,0.7358787730022697,0.6619259128180011,0.4864829815303977,Cape Verde Islands,RCB,0.7096774193548387,31,RCB:22 | RB:8 | LB:1,grid_centered_v2,False,CB,0.6006910148710635,0.0865280819858812
274300,44,40,3435.0,58.0,33.0,7.0,10.0,0.0,1535.0,1304.0,69.0,57.0,3.0,26.0,363.0,162.0,95.0,48.0,51.0,42.0,3,0,Maghnes Akliouche,1.0,1.519650655021834,0.8646288209606987,0.18340611353711792,0.26200873362445415,0.0,40.21834061135372,34.16593886462882,1.8078602620087338,1.4934497816593888,0.07860262008733625,0.6812227074235808,9.510917030567686,4.244541484716158,2.4890829694323147,1.25764192139738,1.3362445414847162,1.1004366812227075,0.8495114006514658,0.4462809917355372,0.5052631578947369,0.5689655172413793,42.951758815413285,7.066375545851529,5.960698689956333,3.8156602921246803,4.137117903930132,7.281201053809232,3.973241048687055,0.16990228013029318,0.5624923435204636,0.7181793115487096,0.7504621457931039,0.6487579283305834,0.49720476421724263,0.4829462917731436,0.5209016109107096,0.5044766368397955,France,CM,0.625,40,CM:25 | AM:15,grid_centered_v2,False,CM,0.6003931047941392,0.07962795585541418
89982,17,14,1188.0,24.0,12.0,7.0,1.0,0.0,239.0,160.0,8.0,7.0,1.0,3.0,195.0,97.0,8.0,1.0,19.0,16.0,3,0,Shahriar Moghanlou,0.8609848484848484,1.5654269972451789,0.7827134986225894,0.45658287419651045,0.06522612488521579,0.0,15.589043847566572,10.436179981634526,0.5218089990817263,0.45658287419651045,0.06522612488521579,0.19567837465564736,12.719094352617079,6.326934113865931,0.5218089990817263,0.06522612488521579,1.2392963728191,1.0436179981634526,0.6694560669456067,0.49743589743589745,0.125,0.5,24.795089403208575,1.721969696969697,1.6632661845730026,5.748461891643709,1.284954660238751,10.350015451719996,2.683581153430906,0.13389121338912133,0.23506294903276506,0.39505338608073753,0.4305011244543009,0.7881277128214509,0.2863352996176308,0.7492300675161336,0.1370574607632238,0.13064798419608795,Iran,ST,0.7142857142857143,14,ST:10 | RW:4,grid_centered_v2,False,ST,0.5998921915653983,0.13540064007726602
41621,50,45,4016.0,7.0,3.0,1.0,7.0,0.0,2964.0,2642.0,37.0,79.0,10.0,45.0,372.0,221.0,71.0,35.0,47.0,35.0,8,0,Matheus Nunes,1.0,0.15687250996015936,0.06723107569721117,0.022410358565737053,0.15687250996015936,0.0,66.42430278884463,59.20816733067729,0.829183266932271,1.7704183266932272,0.22410358565737054,1.0084661354581674,8.336653386454184,4.952689243027889,1.5911354581673307,0.7843625498007969,1.0532868525896415,0.7843625498007969,0.8913630229419703,0.5940860215053764,0.49295774647887325,0.42857142857142855,53.83337836239389,3.9800796812749004,2.9357569721115535,1.130549231644849,5.450199203187252,8.716023004755172,4.181979928576954,0.17827260458839408,0.7519503535622726,0.5372230273799984,0.5322252853232592,0.41119989236957744,0.5996757084846874,0.6166616122111329,0.5974861083658717,0.6136295099239241,Portugal,RB,1.0,48,RB:48,grid_centered_v2,False,FB,0.5998353442419851,0.07364310404177954
199143,40,32,2864.0,47.0,25.0,9.0,5.0,0.0,774.0,603.0,49.0,42.0,7.0,18.0,291.0,126.0,76.0,40.0,21.0,34.0,4,0,Yuito Suzuki,0.9750837988826817,1.440155191785525,0.7660399956305984,0.27577439842701545,0.15320799912611968,0.0,23.716598264723327,18.476884694610032,1.5014383914359728,1.2869471926594054,0.21449119877656753,0.5515487968540309,8.916705549140165,3.860841577978216,2.328761586717019,1.2256639930089575,0.6434735963297027,1.0418143940576137,0.7790697674418605,0.4329896907216495,0.5263157894736842,0.5319148936170213,33.15209018804396,6.0884858852719965,4.59623997378359,4.342480968533004,3.655542859149216,6.704147281334451,3.7639633318631933,0.15581395348837213,0.37257435475413037,0.6651469471799667,0.6598531278288818,0.6909164132437343,0.45921796596775777,0.42876718306431544,0.4431235592508159,0.32507205724886756,Japan,AM,0.53125,32,AM:17 | CM:15,grid_centered_v2,True,AM,0.599421514937987,0.08720520972597884
304,41,38,3389.0,77.0,47.0,13.0,13.0,0.0,1271.0,1004.0,92.0,43.0,3.0,16.0,445.0,219.0,161.0,79.0,60.0,45.0,7,0,Sadio Mané,0.9235703747418117,1.8885637937328872,1.1527597182525415,0.3188484327081498,0.3188484327081498,0.0,31.173565997850645,24.62490972607557,2.2564658314730597,1.0546525081884954,0.07358040754803456,0.39242884025618435,10.914427119625127,5.371369751006523,3.948815205077855,1.9376173987649101,1.4716081509606913,1.1037061132205184,0.7899291896144768,0.49213483146067416,0.4906832298136646,0.6103896103896104,38.28926610234083,9.641486069044127,7.394830958577473,5.385430287997977,2.7641706435544986,8.996322145791154,3.756539420841893,0.15798583792289536,0.4709717182587207,0.8308265178949259,0.8266266045676318,0.7653396312562274,0.39045255662646705,0.6414367766344323,0.4403928287888777,0.3508798344106657,Senegal,CM,0.5789473684210527,38,CM:22 | AM:10 | DM:6,grid_centered_v2,True,CM,0.5994112379593625,0.08016654249287004
545,33,23,2136.0,3.0,1.0,0.0,1.0,0.0,1151.0,996.0,13.0,65.0,10.0,23.0,260.0,164.0,35.0,19.0,40.0,24.0,3,0,Noussair Mazraoui,0.9764794007490638,0.1234313849261457,0.0411437949753819,0.0,0.0411437949753819,0.0,47.35650801666457,40.97921979548037,0.5348693346799647,2.6743466733998233,0.411437949753819,0.9463072844337838,10.697386693599293,6.747582375962632,1.4400328241383664,0.7817321045322562,1.645751799015276,0.9874510794091657,0.8653344917463076,0.6307692307692307,0.5428571428571428,0.3333333333333333,44.013529570516674,3.739970963262215,1.5634642090645121,0.7242679796322012,7.159020325716451,11.338923018655377,4.179125184209893,0.17306689834926153,0.5829703007178834,0.5219850136764225,0.42265688414274544,0.3760920212442453,0.7200222399171585,0.8129357722075115,0.5964616464302775,0.5463745073880616,Morocco,RB,0.5217391304347826,23,RB:12 | LB:8 | RCB:2 | LCB:1,grid_centered_v2,True,FB,0.599384597995138,0.10097836012474724
409,41,25,2303.0,19.0,8.0,2.0,2.0,0.0,1844.0,1615.0,23.0,36.0,9.0,29.0,182.0,99.0,14.0,8.0,32.0,21.0,4,0,Nabil Bentaleb,0.9809639600521058,0.7283753242245337,0.3066843470419089,0.07667108676047722,0.07667108676047722,0.0,70.69074199316,61.911902559085355,0.8817174977454881,1.38007956168859,0.3450198904221475,1.1117307580269198,6.977068895203428,3.7952187946436227,0.5366976073233406,0.3066843470419089,1.2267373881676356,0.805046410985011,0.8758134490238612,0.5439560439560439,0.5714285714285714,0.42105263157894735,55.469605118009504,2.967171057630469,2.625984721546345,1.8848320431003849,5.087126606557663,6.9451744443692025,4.24709720485856,0.17516268980477223,0.7752190270251497,0.4728054691871103,0.507384854098176,0.47856472602205047,0.5718206379603635,0.4512653797789721,0.6206075227402356,0.5738007258432917,Algeria,DM,0.4,25,DM:10 | CM:9 | AM:6,grid_centered_v2,True,DM,0.5988458454570937,0.09724828893297194
184226,55,41,3417.0,45.0,21.0,5.0,6.0,0.0,1335.0,1011.0,84.0,58.0,3.0,16.0,419.0,172.0,84.0,32.0,43.0,53.0,8,0,Yéremy Pino,0.9670324846356453,1.146175464669114,0.5348818835122533,0.12735282940767936,0.15282339528921524,0.0,34.003205451850384,25.750742106232767,2.139527534049013,1.4772928211290806,0.07641169764460762,0.4075290541045739,10.67216710436353,4.380937331624169,2.139527534049013,0.8150581082091478,1.0952343329060423,1.3499399917214012,0.7573033707865169,0.4105011933174224,0.38095238095238093,0.4666666666666667,38.51308179109362,6.436411998264115,6.189347509213216,2.700990605511923,3.5582380536505616,7.364815844226104,3.3924813614563525,0.15146067415730338,0.4753696321741039,0.6845919130680082,0.7639664391708001,0.5522664549137751,0.451585556152144,0.490860951385618,0.31376371796861713,0.27651107586755963,Spain,LW,0.6585365853658537,41,LW:27 | ST:12 | RW:2,grid_centered_v2,False,W,0.5985727905619175,0.07983741160310596
280695,35,19,1735.0,39.0,21.0,6.0,2.0,0.0,437.0,361.0,23.0,6.0,1.0,9.0,169.0,71.0,80.0,36.0,19.0,6.0,0,0,Alan Minda,0.9095504322766571,1.8400703269689143,0.9908070991371077,0.28308774261060216,0.09436258087020073,0.0,20.61822392013886,17.032445847071234,1.0851696800073085,0.28308774261060216,0.047181290435100366,0.4246316139159033,7.973638083531961,3.349871620892126,3.7745032348080296,1.6985264556636133,0.896444518266907,0.28308774261060216,0.8260869565217391,0.42011834319526625,0.45,0.5384615384615384,32.10071403712058,6.647843822305642,3.2319183948043753,4.728754956599845,1.410720584009501,5.950175298834775,3.846704665695345,0.16521739130434784,0.3534143151443758,0.6961055846945312,0.5558275088165983,0.7199718304884003,0.294532137745634,0.3606469517262437,0.4737538444134894,0.4425089928249144,Ecuador,ST,0.5,18,ST:9 | RW:8 | LW:1,grid_centered_v2,True,ST,0.5982615661648442,0.11204157318173225
24866,29,28,2453.0,17.0,7.0,1.0,0.0,0.0,1549.0,1307.0,21.0,71.0,4.0,32.0,205.0,131.0,21.0,11.0,17.0,18.0,4,1,Douglas Santos,0.8770281288218508,0.5470252902965478,0.22524570776916675,0.0321779582527381,0.0,0.0,49.84365733349132,42.056591436328695,0.6757371233075001,2.2846350359444054,0.1287118330109524,1.0296946640876192,6.596481441811311,4.215312531108692,0.6757371233075001,0.35395754078011915,0.5470252902965478,0.5792032485492858,0.8437701743060039,0.6390243902439025,0.5238095238095238,0.4117647058823529,44.87537440433619,2.374733319052072,1.6893428082687503,1.396297068663444,6.313315409187216,7.8185107142838755,4.105326249141775,0.16875403486120077,0.5993877853321711,0.4354084540221814,0.4325566247900095,0.43468804668588945,0.6630903322142229,0.5337838030780759,0.5697099818173734,0.4892278075160564,Brazil,RCB,0.8148148148148148,27,RCB:22 | LB:5,grid_centered_v2,False,CB,0.5980730695367649,0.09422804129778006
10097,43,37,3189.0,32.0,15.0,3.0,2.0,0.0,1855.0,1644.0,32.0,89.0,10.0,46.0,378.0,202.0,47.0,22.0,58.0,46.0,4,0,Éderson,1.0,0.90310442144873,0.42333019755409224,0.08466603951081844,0.05644402634054563,0.0,52.35183443085607,46.39698965192851,0.90310442144873,2.5117591721542807,0.28222013170272814,1.2982126058325496,10.667920978363124,5.700846660395109,1.3264346190028222,0.620884289746002,1.6368767638758233,1.2982126058325496,0.8862533692722372,0.5343915343915344,0.46808510638297873,0.46875,47.520868568588625,3.996237064910631,2.568203198494826,2.2074905926622765,7.428033866415806,9.584359927727755,4.054339589232201,0.17725067385444745,0.6482713689387691,0.5382462497174816,0.5027436580807626,0.5077690102016171,0.7368488609179611,0.6909167902538496,0.5509768639487098,0.6006808577033328,Brazil,CM,0.8378378378378378,37,CM:31 | AM:4 | DM:2,grid_centered_v2,False,CM,0.597990397315079,0.08264216349543385
35570,32,15,1542.0,9.0,4.0,2.0,1.0,0.0,1148.0,1011.0,23.0,39.0,2.0,13.0,160.0,80.0,14.0,7.0,24.0,17.0,0,0,Stephen Eustaquio,0.9335214007782101,0.49037116383291196,0.2179427394812942,0.1089713697406471,0.05448568487032355,0.0,62.549566231131436,55.08502740389711,1.2531707520174418,2.124941709942618,0.1089713697406471,0.7083139033142061,8.717709579251768,4.358854789625884,0.7627995881845296,0.3813997940922648,1.3076564368877652,0.9262566427955004,0.8806620209059234,0.5,0.5,0.4444444444444444,52.67019683069211,3.8630350573059404,3.432598146830384,2.0657796820878778,5.361391391239836,7.602396705476237,4.108216541747092,0.1761324041811847,0.7344564928925672,0.5298019374184115,0.5716849563785341,0.49493730401304853,0.5929143532960666,0.5133611675116695,0.5707664733106157,0.5863490750720562,Canada,CM,0.5333333333333333,15,CM:8 | DM:5 | AM:2,grid_centered_v2,True,CM,0.5978604960032396,0.11884659700082725
567,37,34,3015.0,9.0,4.0,2.0,0.0,0.0,2491.0,2323.0,7.0,25.0,23.0,31.0,205.0,126.0,11.0,7.0,14.0,27.0,5,0,Rúben Dias,1.0,0.26865671641791045,0.11940298507462686,0.05970149253731343,0.0,0.0,74.35820895522389,69.34328358208955,0.208955223880597,0.746268656716418,0.6865671641791045,0.9253731343283582,6.119402985074627,3.7611940298507465,0.3283582089552239,0.208955223880597,0.417910447761194,0.8059701492537313,0.932557205941389,0.6146341463414634,0.6363636363636364,0.4444444444444444,57.19303462614668,1.1074626865671642,0.5223880597014925,1.533665008291874,3.9492537313432834,7.109574080815435,4.590780812845694,0.1865114411882778,0.7980048106605155,0.35831749685762376,0.3438005754889385,0.44695235711269254,0.4823578642124853,0.46673184518020183,0.7319918157274058,0.7110104683221439,Portugal,RCB,0.9166666666666666,36,RCB:33 | LCB:3,grid_centered_v2,False,CB,0.5978204779759652,0.08499341502148813
35532,36,36,3138.0,117.0,65.0,37.0,5.0,0.0,948.0,743.0,33.0,24.0,0.0,7.0,310.0,141.0,55.0,25.0,45.0,23.0,4,0,Julián Quiñones,0.9305544933078397,3.1226063781171294,1.7347813211761829,0.9874909059002887,0.13344471701355254,0.0,25.30111834576956,19.82988494821391,0.8807351322894468,0.6405346416650521,0.0,0.18682260381897353,8.273572454840256,3.7631410197821813,1.4678918871490778,0.6672235850677627,1.201002453121973,0.6138456982623417,0.7837552742616034,0.45483870967741935,0.45454545454545453,0.5555555555555556,32.74085537671528,3.8538834273513976,2.935783774298156,11.439732207960075,1.526607562635041,6.632913556727312,3.694153106107411,0.1567510548523207,0.36502850283571237,0.5292210893145199,0.5322274294524241,0.9669187563268941,0.3022047595260263,0.422169732412195,0.41760308697304444,0.336088581816331,Mexico,RW,0.625,32,RW:20 | ST:7 | LW:5,grid_centered_v2,False,W,0.5977333511328746,0.08331102314482675
138935,41,10,1346.0,16.0,4.0,3.0,2.0,0.0,548.0,468.0,17.0,26.0,1.0,8.0,195.0,89.0,72.0,33.0,18.0,16.0,2,0,Carney Chukwuemeka,1.0,1.0698365527488856,0.2674591381872214,0.20059435364041606,0.1337295690936107,0.0,36.64190193164933,31.292719167904902,1.136701337295691,1.7384843982169391,0.06686478454680535,0.5349182763744428,13.038632986627043,5.950965824665676,4.814264487369985,2.2065378900445767,1.2035661218424962,1.0698365527488856,0.8540145985401459,0.4564102564102564,0.4583333333333333,0.25,40.112623507337226,8.164190193164933,3.577265973254086,2.4791976225854384,4.272659732540862,9.700582923762717,3.9110282732347024,0.1708029197080292,0.5068707463266298,0.771205916339722,0.5830276942402806,0.532328658087653,0.5079212042323045,0.700240826944658,0.49771531798238516,0.5164328346854048,Austria,AM,0.9,10,AM:9 | CM:1,grid_centered_v2,False,AM,0.5976359412098774,0.12720565184113045
161747,43,38,3470.0,22.0,9.0,3.0,7.0,0.0,2074.0,1810.0,34.0,78.0,11.0,42.0,438.0,235.0,54.0,26.0,41.0,71.0,8,0,Guéla Doué,0.9664783861671469,0.5514775805795248,0.22560446478253282,0.07520148826084427,0.1754701392753033,0.0,51.989295550997014,45.371564584042716,0.8522835336229018,1.9552386947819513,0.2757387902897624,1.05282083565182,10.979417286083264,5.890783247099469,1.353626788695197,0.6517462315939837,1.027753672898205,1.7797685555066478,0.8727097396335584,0.5365296803652968,0.48148148148148145,0.4090909090909091,46.91749355603342,3.677352775955285,3.095794600071423,1.7356399749641183,5.928383991229891,9.856685587035146,3.993381143089708,0.17454194792671168,0.6373515800843814,0.5180031816425487,0.5450040333007539,0.46509847740661603,0.6353764244711453,0.7125069712366026,0.5283932515043327,0.5657169105861976,Ivory Coast,RB,0.9736842105263158,38,RB:37 | RCB:1,grid_centered_v2,False,FB,0.5973986906260143,0.0792253561716117
619,51,47,3953.0,27.0,11.0,1.0,2.0,0.0,3538.0,3277.0,39.0,96.0,11.0,64.0,350.0,204.0,11.0,5.0,35.0,53.0,7,2,Eric García,0.9934353655451557,0.6106875634390914,0.24879863695666687,0.022618057905151534,0.04523611581030307,0.0,80.02268886842612,74.11937575518157,0.8821042583009098,2.171333558894547,0.24879863695666687,1.4475557059296982,7.916320266803036,4.614083812650913,0.24879863695666687,0.11309028952575766,0.7916320266803036,1.1987570689730311,0.9262295081967213,0.5828571428571429,0.45454545454545453,0.4074074074074074,60.9301562123116,2.2663294020961837,2.454059282708941,1.3440773697953605,7.077190318521914,8.208288766282706,4.1972273884953575,0.1852459016393443,0.8413696307328575,0.4286318144704006,0.4935746298600999,0.43004589587321046,0.7147753376141389,0.5702878086890651,0.6029432593791646,0.6970021461961714,Spain,RB,0.5319148936170213,47,RB:25 | LCB:14 | RCB:8,grid_centered_v2,True,FB,0.5973977424500241,0.07422761910772306
2664,38,32,2752.0,94.0,45.0,18.0,2.0,0.0,1022.0,850.0,31.0,28.0,4.0,18.0,307.0,137.0,78.0,40.0,36.0,37.0,5,0,Mahmoud Trézéguet,0.8669912790697675,2.665242086093835,1.275913764619389,0.5103655058477555,0.05670727842752839,0.0,28.977419276467007,24.100593331699567,0.8789628156266901,0.7939018979853975,0.11341455685505678,0.5103655058477555,8.704567238625609,3.884448572285695,2.2115838586736074,1.134145568550568,1.020731011695511,1.0490846509092753,0.8317025440313112,0.44625407166123776,0.5128205128205128,0.4787234042553192,35.59032790644631,4.927862495352218,2.509297070418131,6.826650125759826,2.574510440609789,6.776990216183687,3.9286106837782646,0.16634050880626225,0.41848609390178393,0.5964343454756827,0.4980116487878438,0.8460843003061349,0.37627362903567396,0.4355399393355621,0.5042714961713398,0.4572749278628932,Egypt,LW,0.4827586206896552,29,LW:14 | RW:8 | ST:7,grid_centered_v2,True,W,0.5965099876607568,0.0889620378928367
542,54,51,4478.0,37.0,18.0,6.0,8.0,0.0,2640.0,2339.0,43.0,80.0,14.0,80.0,407.0,223.0,78.0,41.0,65.0,55.0,8,0,Ryan Gravenberch,1.0,0.7436355515855293,0.36176864671728454,0.12058954890576151,0.16078606520768202,0.0,53.05940151853506,47.00982581509603,0.8642251004912908,1.6078606520768202,0.28137561411344353,1.6078606520768202,8.179991067440822,4.481911567664136,1.5676641357748995,0.8240285841893703,1.3063867798124162,1.1054041983028138,0.8859848484848485,0.547911547911548,0.5256410256410257,0.4864864864864865,47.754802096444564,4.268870031263957,3.044886109870478,2.4441654696232638,6.419383653416705,7.9184108384644345,4.17783309915121,0.17719696969696971,0.6524644208091958,0.5554563470652473,0.5409446858781151,0.5291683608759489,0.6705432556102321,0.5431903076576398,0.5959976877382567,0.5999963016407875,Netherlands,CM,0.5490196078431373,51,CM:28 | DM:23,grid_centered_v2,True,CM,0.5962610918497296,0.0697407948946123
161907,53,38,3348.0,14.0,8.0,3.0,5.0,0.0,1870.0,1630.0,42.0,83.0,6.0,56.0,293.0,155.0,41.0,21.0,33.0,33.0,7,1,Malo Gusto,1.0,0.3763440860215054,0.2150537634408602,0.08064516129032258,0.13440860215053763,0.0,50.26881720430107,43.817204301075265,1.129032258064516,2.2311827956989245,0.16129032258064516,1.5053763440860215,7.876344086021505,4.166666666666666,1.1021505376344085,0.564516129032258,0.8870967741935483,0.8870967741935483,0.8716577540106952,0.5290102389078498,0.5121951219512195,0.5714285714285714,46.6704761083319,3.887096774193548,3.561827956989247,2.089093701996928,7.204301075268817,7.4203640500568815,4.113389712177284,0.17433155080213905,0.6328391233105134,0.5313287300793014,0.5818212298662502,0.4970483454580788,0.7229001325044307,0.4961217141653045,0.5726558123889742,0.5629687683672088,France,RB,0.9069767441860465,43,RB:39 | LB:3 | RCB:1,grid_centered_v2,False,FB,0.5959059771281392,0.0806559132617443
416901,32,25,2377.0,6.0,2.0,1.0,2.0,0.0,1436.0,1291.0,20.0,70.0,11.0,33.0,261.0,148.0,24.0,11.0,44.0,40.0,5,1,Niko Sigur,0.8589608750525873,0.19513625264131138,0.06504541754710379,0.032522708773551894,0.06504541754710379,0.0,46.702609798820525,41.9868170266555,0.650454175471038,2.276589614148633,0.35774979650907085,1.0732493895272126,8.488426989897045,4.813360898485681,0.7805450105652455,0.35774979650907085,1.4309991860362834,1.300908350942076,0.899025069637883,0.5670498084291188,0.4583333333333333,0.3333333333333333,44.79270950135838,2.780691600138687,1.9838852351866658,1.017911921421027,6.637884860681943,8.439854683167308,4.094334999028872,0.1798050139275766,0.5978221005635589,0.4609809946849236,0.4559189953937832,0.40135885991319864,0.6856261598964228,0.5916436094606371,0.5656866178430352,0.6327439250291133,Canada,DM,0.5862068965517241,29,DM:17 | AM:10 | CM:2,grid_centered_v2,True,DM,0.595812957748708,0.09572256925636695
972,53,47,4147.0,11.0,8.0,3.0,2.0,0.0,3520.0,3379.0,10.0,50.0,35.0,40.0,272.0,149.0,8.0,5.0,14.0,60.0,10,0,Jonathan Tah,0.9967446346756692,0.23794964753530568,0.17305428911658594,0.06489535841871973,0.043263572279146484,0.0,76.14388721129781,73.09380536561798,0.2163178613957324,1.0815893069786622,0.7571125148850635,0.8652714455829296,5.883845829963922,3.2231361347964134,0.17305428911658594,0.1081589306978662,0.30284500595402536,1.2979071683743946,0.9599431818181818,0.5477941176470589,0.625,0.7272727272727273,58.695964513330026,0.8111919802339964,0.7787443010246367,2.2159843266584325,4.510227410101021,6.155772941656155,4.600086209952508,0.1919886363636364,0.8164294112952076,0.34115450407714715,0.3626158479806779,0.5085379479932426,0.5266806948209491,0.37879691451312825,0.7347059188733046,0.7669702542691241,Germany,LCB,0.66,50,LCB:33 | RCB:13 | RB:4,grid_centered_v2,False,CB,0.5950595121788019,0.07247061052537383
66055,28,26,2163.0,67.0,41.0,23.0,4.0,0.0,600.0,383.0,29.0,24.0,3.0,10.0,268.0,117.0,40.0,18.0,14.0,38.0,3,0,Petar Musa,0.9241054091539527,2.5762161891809217,1.5764905038271313,0.8843727216591224,0.15380395159289087,0.0,23.07059273893363,14.7267283650193,1.1150786490484588,0.9228237095573452,0.11535296369466815,0.38450987898222716,10.304864756723687,4.498765584092058,1.5380395159289086,0.6921177821680089,0.5383138305751181,1.4611375401324633,0.6383333333333333,0.43656716417910446,0.45,0.6119402985074627,28.570257363950383,4.006592938994808,3.6336183563820468,10.505949075645889,2.55699069523181,7.607973310266194,3.1019025291277114,0.12766666666666668,0.29268946808802154,0.5389019024861537,0.5874230393917982,0.9542142985543761,0.37497408154149686,0.5138890089756553,0.22864165590851052,0.09744591652455546,Croatia,RW,0.5625,32,RW:18 | ST:14,grid_centered_v2,True,W,0.5949925093673311,0.10034614156807703
162707,36,19,1851.0,48.0,33.0,10.0,5.0,0.0,313.0,235.0,20.0,10.0,1.0,4.0,173.0,54.0,33.0,9.0,19.0,31.0,7,0,Elye Wahi,1.0,2.33387358184765,1.6045380875202593,0.4862236628849271,0.24311183144246354,0.0,15.218800648298217,11.426256077795786,0.9724473257698542,0.4862236628849271,0.04862236628849271,0.19448946515397084,8.411669367909239,2.625607779578606,1.6045380875202593,0.4376012965964344,0.9238249594813615,1.5072933549432739,0.7507987220447284,0.31213872832369943,0.2727272727272727,0.6875,27.563322994392117,3.306320907617504,3.768233387358185,7.511142625607779,1.3176661264181524,4.612267076381147,3.122976640999658,0.1501597444089457,0.2765318500716776,0.4943797209016224,0.5978652257784861,0.8756807110633341,0.2884541073561643,0.2536042439655217,0.2342326019125384,0.26290026979567455,Ivory Coast,ST,0.7894736842105263,19,ST:15 | RW:3 | LW:1,grid_centered_v2,False,ST,0.5948102346510292,0.10847401828002518
25297,33,17,1541.0,34.0,15.0,9.0,4.0,0.0,300.0,180.0,15.0,12.0,5.0,8.0,212.0,88.0,17.0,3.0,23.0,12.0,5,0,Michael Gregoritsch,0.9587280986372486,1.9037689693899937,0.8398980747308796,0.5039388448385277,0.22397281992823456,0.0,16.797961494617592,10.078776896770556,0.8398980747308796,0.6719184597847038,0.2799660249102932,0.4479456398564691,11.870559456196432,4.92740203842116,0.9518844846949969,0.16797961494617594,1.2878437145873487,0.6719184597847038,0.6,0.41509433962264153,0.17647058823529413,0.4411764705882353,24.238878822039673,2.575687429174698,3.331595696432489,6.089721004507924,2.4133071347267276,8.14364587265755,2.52993131788981,0.12,0.22727118151740291,0.44803286862005703,0.5637201730965103,0.8080340408837383,0.3643855248966922,0.5642755814727406,0.1121340694171978,0.06702981802745606,Austria,ST,0.9411764705882353,17,ST:16 | RW:1,grid_centered_v2,False,ST,0.594213717378334,0.11888515226445329
37272,36,26,2299.0,35.0,17.0,7.0,5.0,0.0,576.0,460.0,40.0,19.0,5.0,4.0,295.0,117.0,64.0,26.0,56.0,18.0,4,0,Brandley Kuwas,0.9118747281426708,1.2494151342537683,0.6068587794946874,0.24988302685075364,0.17848787632196686,0.0,20.561803352290582,16.420884621620953,1.4279030105757349,0.6782539300234741,0.17848787632196686,0.1427903010575735,10.530784702996046,4.176616305934025,2.284644816921176,0.9281369568742278,1.9990642148060291,0.6425563547590807,0.7986111111111112,0.39661016949152544,0.40625,0.4857142857142857,32.07389530746001,5.890099918624907,4.551440846210155,3.8200950775271627,1.702774340111564,7.0370933367822115,3.633628448304773,0.15972222222222224,0.35293138426173104,0.65379763456374,0.6566147694526905,0.6491238819843632,0.31408205908157855,0.45990330076307706,0.39582377258972856,0.37216836190688557,Curaçao,RW,0.6,25,RW:15 | ST:10,grid_centered_v2,False,W,0.5940336892882946,0.09733285267845752
33289,32,18,1426.0,36.0,19.0,9.0,4.0,0.0,235.0,156.0,19.0,12.0,1.0,4.0,239.0,103.0,13.0,6.0,17.0,14.0,1,0,Koki Ogawa,0.9167461430575035,2.0829295256004987,1.0993239162891522,0.5207323814001247,0.23143661395561096,0.0,13.596901069892144,9.026027944268828,1.0993239162891522,0.6943098418668329,0.05785915348890274,0.23143661395561096,13.828337683847755,5.959492809356982,0.7521689953557357,0.34715492093341643,0.9836056093113466,0.8100281488446384,0.6638297872340425,0.4309623430962343,0.46153846153846156,0.5277777777777778,24.912997994880833,3.3384731563096883,4.021211167478741,6.760468089561366,1.7762760121093142,9.636176962388479,3.2617561714193024,0.1327659574468085,0.2367382552481266,0.4964273619018804,0.6172440502804704,0.8429365378286495,0.3191117254722633,0.695093663372344,0.2733750003394418,0.12400671809317476,Japan,RW,0.5555555555555556,18,RW:10 | ST:8,grid_centered_v2,True,W,0.5930598444905595,0.1235859712350678
33321,36,33,2801.0,69.0,44.0,15.0,4.0,0.0,897.0,747.0,45.0,38.0,0.0,14.0,218.0,103.0,66.0,31.0,18.0,27.0,2,0,Keito Nakamura,0.873777222420564,1.9372211893008577,1.2353294540469237,0.4211350411523604,0.11230267764062941,0.0,25.18387546091115,20.972525049387546,1.2634051234570811,1.0668754375859797,0.0,0.393059371742203,6.120495931414303,2.8917939492462077,1.8529941810703854,0.870345751714878,0.5053620493828324,0.7580430740742486,0.8327759197324415,0.4724770642201835,0.4696969696969697,0.6376811594202898,34.67895219763521,4.7026746262013575,3.776177535666165,6.373903883725156,2.7064945311391697,5.4659427216052405,3.8885176442802245,0.1665551839464883,0.4011125501202309,0.5825523716067804,0.5984787929887692,0.8234969706586721,0.38611986296645295,0.31950892402348174,0.48932294603602683,0.46010670264169246,Japan,AM,0.8484848484848485,33,AM:28 | DM:5,grid_centered_v2,False,AM,0.5928522158738394,0.0881804647252295
41112,50,47,4194.0,70.0,33.0,11.0,14.0,0.0,1901.0,1629.0,108.0,56.0,4.0,19.0,361.0,169.0,147.0,68.0,34.0,32.0,1,0,Francisco Trincão,0.9327253218884121,1.401089539317357,0.6605136399638969,0.220171213321299,0.2802179078634714,0.0,38.04958877488994,32.60535513639964,2.161681003518208,1.1208716314538856,0.08006225938956327,0.3802957321004255,7.225618909908085,3.382630459209048,2.94228803256645,1.3610584096225755,0.6805292048112878,0.6404980751165061,0.8569174118884797,0.46814404432132967,0.46258503401360546,0.4714285714285714,42.868612252948886,7.633936432794857,6.945401002044613,3.628945945376991,2.8662288861463643,6.140114775856656,3.9678817745533803,0.17138348237769596,0.560878749746968,0.7465021042574184,0.8049447872886465,0.6331961486030974,0.3981614077359888,0.3774018838371362,0.5189063628410394,0.5241308363299354,Portugal,CM,0.8936170212765957,47,CM:42 | AM:5,grid_centered_v2,False,CM,0.5926205103013387,0.07206339602884602
21587,41,27,2503.0,11.0,3.0,1.0,0.0,0.0,1476.0,1301.0,12.0,43.0,13.0,38.0,192.0,104.0,19.0,12.0,19.0,17.0,3,1,Ellyes Skhiri,0.9875349580503396,0.39059512923285505,0.1065259443362332,0.03550864811207773,0.0,0.0,52.410764613426736,46.196751193813135,0.4261037773449328,1.5268718688193426,0.46161242545701053,1.3493286282589538,6.817660437518925,3.6928994036560843,0.6746643141294769,0.4261037773449328,0.6746643141294769,0.6036470179053215,0.8814363143631436,0.5416666666666666,0.631578947368421,0.2727272727272727,46.47295948981049,2.16957839964795,1.0652594433623321,0.9786600524218938,5.954800288395436,6.795059165118517,4.390244110768402,0.17628726287262875,0.6292140649646929,0.422606073815996,0.38415168773645225,0.39794762263151534,0.6373098148734189,0.43722377761707404,0.669436958894299,0.5883430866747935,Tunisia,RCB,0.47368421052631576,19,RCB:9 | RB:7 | LB:2 | LCB:1,grid_centered_v2,True,CB,0.591932669383589,0.09328214261177596
328033,48,40,3356.0,21.0,13.0,4.0,2.0,0.0,3406.0,3210.0,45.0,54.0,11.0,27.0,266.0,113.0,21.0,10.0,29.0,55.0,6,0,Aleksandar Pavlović,1.0,0.5631704410011918,0.3486293206197854,0.1072705601907032,0.0536352800953516,0.0,91.34088200238378,86.08462455303933,1.2067938021454112,1.4481525625744933,0.29499404052443384,0.7240762812872467,7.133492252681764,3.0303933253873656,0.5631704410011918,0.268176400476758,0.7777115613825982,1.4749702026221692,0.9424544920728127,0.424812030075188,0.47619047619047616,0.6190476190476191,67.07834680718383,3.231525625744934,3.3119785458879614,2.5843407684885635,4.379320619785458,5.516986745767875,4.207660775218003,0.18849089841456257,0.8959575055724511,0.48961717193425214,0.5621692642893961,0.5417971953481049,0.516349586180974,0.32372852796557716,0.6066628114955288,0.732130467237438,Germany,DM,0.9534883720930233,43,DM:41 | CM:2,grid_centered_v2,False,DM,0.5914345309033763,0.08055972251403021
2290,40,39,3453.0,16.0,7.0,4.0,1.0,0.0,2278.0,2040.0,43.0,88.0,10.0,57.0,314.0,167.0,60.0,32.0,20.0,40.0,3,0,N'Golo Kanté,0.9090173410404626,0.37908629339654387,0.16585025336098796,0.09477157334913597,0.023692893337283992,0.0,53.97241102233294,48.333502408059346,1.0187944135032119,2.0849746136809912,0.23692893337283996,1.3504949202251877,7.439568507907174,3.956713187326427,1.4215736002370396,0.7581725867930877,0.4738578667456799,0.9477157334913598,0.8955223880597015,0.5318471337579618,0.5333333333333333,0.4375,48.71323348854879,3.9661903446613413,2.6772969471130916,1.865362941498471,6.714565971786284,7.1349398635308825,4.2312499530328305,0.17910447761194032,0.6693926050465759,0.5363431859989938,0.5115053737399257,0.4768052324343462,0.6908298984073533,0.46912468248988803,0.6150264259632459,0.6240535032808444,France,CM,0.5,36,CM:18 | AM:14 | DM:4,grid_centered_v2,True,CM,0.5911958905845208,0.07942014004430376
312964,42,39,3448.0,20.0,8.0,3.0,2.0,0.0,2421.0,2216.0,10.0,52.0,20.0,53.0,207.0,118.0,13.0,8.0,15.0,32.0,11,2,Nathan Ngoy,0.98584686774942,0.5146532372241752,0.2058612948896701,0.07719798558362628,0.05146532372241752,0.0,62.298774365986404,57.02357868443861,0.2573266186120876,1.3380984167828553,0.5146532372241752,1.3638310786440642,5.326661005270213,3.0364540996226337,0.33452460419571384,0.2058612948896701,0.38598992791813136,0.8234451795586804,0.9153242461792648,0.5700483091787439,0.6153846153846154,0.4,51.43220785639968,1.1708361146849986,0.9263758270035154,1.7057896975145483,5.702357868443861,5.961180667007918,4.473470878626538,0.18306484923585298,0.7149944127447505,0.36203815969178466,0.37364985978899556,0.4624096237420894,0.6186602692490809,0.3616089973494821,0.6963078173892769,0.6719880868822223,Belgium,RCB,0.7435897435897436,39,RCB:29 | RB:10,grid_centered_v2,False,CB,0.5911204724712678,0.07947770339174953
3428,49,29,2692.0,39.0,22.0,6.0,3.0,0.0,589.0,478.0,29.0,30.0,4.0,10.0,458.0,184.0,54.0,27.0,70.0,59.0,5,0,Jordan Ayew,0.9322436849925707,1.2155183262718883,0.6856770045636292,0.18700281942644437,0.09350140971322218,0.0,18.35744344036262,14.8978912809734,0.9038469605611477,0.9350140971322217,0.12466854628429623,0.31167136571074056,14.27454854955192,5.734753129077627,1.683025374837999,0.8415126874189995,2.181699559975184,1.8388610576933693,0.8115449915110357,0.4017467248908297,0.5,0.5641025641025641,30.357168257061367,4.8215560275451566,2.773875154825591,3.584175490005764,2.443503507172206,9.233894555381168,3.7539972756294873,0.16230899830220713,0.3226757926544226,0.5898987459208678,0.5192561972506902,0.629421632002775,0.3666003245159492,0.6618658283072041,0.4394585737296514,0.4048013256424478,Ghana,ST,0.896551724137931,29,ST:26 | LW:3,grid_centered_v2,False,ST,0.5907041606792559,0.08994797902211837
296645,43,29,2532.0,49.0,28.0,8.0,1.0,0.0,607.0,409.0,22.0,26.0,4.0,10.0,473.0,212.0,56.0,26.0,49.0,54.0,4,0,Tete Yengi,0.8516587677725119,1.483339323016105,0.8476224702949171,0.2421778486556906,0.030272231081961323,0.0,18.375244266750524,12.381342512522181,0.6659890838031491,0.7870780081309944,0.1210889243278453,0.30272231081961326,14.318765301767707,6.417712989375801,1.6952449405898342,0.7870780081309944,1.483339323016105,1.6347004784259114,0.6738056013179572,0.44820295983086683,0.4642857142857143,0.5714285714285714,26.445978120592965,3.9081450326812073,1.83146998045866,4.266951390515551,2.155382853035646,10.32940706461872,3.24253903598541,0.13476112026359144,0.25926221992117343,0.5326638293928225,0.44379892640887064,0.6850437686265711,0.3457089974233684,0.7477601440248386,0.2677183867922845,0.13598726182102525,Australia,ST,0.7931034482758621,29,ST:23 | RW:6,grid_centered_v2,False,ST,0.5906721889672853,0.09274640550769153
50788,36,24,2171.0,15.0,5.0,3.0,3.0,0.0,1443.0,1308.0,22.0,66.0,3.0,32.0,209.0,118.0,16.0,9.0,25.0,29.0,1,0,Mathieu Choinière,0.9023399355135882,0.5611049806279796,0.1870349935426599,0.11222099612559594,0.11222099612559594,0.0,53.97829913641164,48.928354310759836,0.8229539715877036,2.468861914763111,0.11222099612559594,1.1970239586730234,7.818062730083184,4.414025847606774,0.5985119793365117,0.3366629883767878,0.9351749677132996,1.0848029625474276,0.9064449064449065,0.5645933014354066,0.5625,0.3333333333333333,48.597265215683315,2.7905621036564856,2.6746004076600363,1.8262836266311582,6.9614424596578015,7.873416090955702,4.3241102561275415,0.1812889812889813,0.6673664441616247,0.46160589185697926,0.5112888678754,0.4732752734527972,0.7072536707281003,0.5389570491226122,0.647255497759706,0.6508652561715447,Canada,CM,0.6296296296296297,27,CM:17 | DM:8 | AM:2,grid_centered_v2,False,CM,0.5904493538489819,0.10016108628552259
430078,22,21,1857.0,14.0,7.0,0.0,3.0,0.0,909.0,792.0,17.0,60.0,9.0,24.0,212.0,117.0,39.0,16.0,21.0,27.0,9,2,Samukelo Kabini,0.8523747980613893,0.5783480051466616,0.2891740025733308,0.0,0.12393171538857033,0.0,37.55130976273681,32.71797286258257,0.7022797205352319,2.4786343077714066,0.371795146165711,0.9914537231085626,8.757841220792304,4.833336900154243,1.6111123000514145,0.6609691487390418,0.8675220077199923,1.115385438497133,0.8712871287128713,0.5518867924528302,0.41025641025641024,0.5,40.08482705212381,3.3502873726710183,2.4373237359752165,1.404843603602663,6.853423860987939,8.42233203757443,3.919490370857949,0.17425742574257427,0.5063230686367323,0.4971797932209243,0.49223050155319303,0.43544891857293794,0.7001304915156499,0.5900385976966336,0.5008707293870941,0.5619996391390435,South Africa,RCB,0.9545454545454546,22,RCB:21 | LB:1,grid_centered_v2,False,CB,0.5901179326018228,0.10829863575904264
49583,39,25,2316.0,19.0,6.0,4.0,1.0,0.0,803.0,592.0,24.0,59.0,7.0,23.0,344.0,178.0,75.0,35.0,37.0,38.0,4,1,Ali Abdi,0.9724697754749567,0.7180152487315095,0.2267416574941609,0.15116110499610727,0.03779027624902682,0.0,30.345591827968533,22.371843539423875,0.9069666299766436,2.229626298692582,0.2645319337431877,0.8691763537276167,12.999855029665223,6.726669172326773,2.834270718677011,1.3226596687159384,1.3982402212139922,1.436030497463019,0.7372353673723536,0.5174418604651163,0.4666666666666667,0.3157894736842105,33.90033376684797,5.6383092163548,2.4752630943112566,2.1583061078291044,6.0426651722193885,10.96966242265283,3.5124180901922424,0.14744707347447072,0.38646233330475865,0.6391384987788296,0.4952777612162319,0.5033157299576061,0.6437084172291729,0.7907231558098134,0.35350012721198276,0.2359409242782713,Tunisia,LB,0.6111111111111112,18,LB:11 | RCB:7,grid_centered_v2,False,FB,0.5899890902756426,0.0969749713983985
328,41,27,2398.0,35.0,13.0,3.0,5.0,0.0,2167.0,1980.0,40.0,48.0,2.0,19.0,138.0,69.0,17.0,5.0,11.0,16.0,4,0,Fabián Ruiz,0.9855504587155964,1.2946138219158168,0.4808565624258748,0.11096689902135573,0.18494483170225953,0.0,80.15509005975929,73.23815335409478,1.4795586536180763,1.7754703843416917,0.07397793268090382,0.7027903604685863,5.104477354982364,2.552238677491182,0.6288124277876824,0.18494483170225953,0.40687862974497097,0.5918234614472305,0.9137055837563451,0.5,0.29411764705882354,0.37142857142857144,61.871547428036465,3.3290069706406715,4.716093208407618,2.3037915224242136,4.682803138701211,5.073134148487654,3.880035430937312,0.18274111675126903,0.8510247100747215,0.49582448496798376,0.668443130887884,0.51648410381864,0.540264045983535,0.288052417599972,0.4861619283607977,0.6681859653559351,Spain,CM,0.9393939393939394,33,CM:31 | DM:2,grid_centered_v2,False,CM,0.5898402700270253,0.09530251207255477
50739,42,32,2771.0,32.0,19.0,4.0,5.0,0.0,742.0,604.0,38.0,65.0,4.0,16.0,457.0,180.0,95.0,32.0,57.0,25.0,3,0,Brenden Aaronson,1.0,1.0393359797906894,0.6171057380007218,0.12991699747383617,0.1623962468422952,0.0,24.099603031396608,19.617466618549262,1.2342114760014435,2.111151208949838,0.12991699747383617,0.5196679898953447,14.843016961385782,5.846264886322627,3.085528690003609,1.0393359797906894,1.8513172140021654,0.811981234211476,0.8140161725067385,0.3938730853391685,0.3368421052631579,0.59375,33.66364862879983,5.745579213280404,3.9787080476362324,3.0907840129917,4.982316853121617,9.366390096869184,3.547963128646018,0.1628032345013477,0.38204806105791067,0.6454173238013452,0.6140123023732635,0.5868653696415421,0.5636858205772198,0.6730080379363877,0.3657085937630287,0.4111431334310382,USA,RW,0.6060606060606061,33,RW:20 | ST:12 | LW:1,grid_centered_v2,False,W,0.5894644024485705,0.08865651892087287
204043,36,35,3210.0,21.0,10.0,1.0,0.0,0.0,2314.0,2060.0,15.0,56.0,23.0,41.0,221.0,122.0,10.0,5.0,16.0,18.0,8,0,Arthur Theate,1.0,0.588785046728972,0.28037383177570097,0.028037383177570097,0.0,0.0,64.8785046728972,57.757009345794394,0.42056074766355145,1.5700934579439254,0.6448598130841122,1.1495327102803738,6.196261682242991,3.4205607476635516,0.28037383177570097,0.14018691588785048,0.44859813084112155,0.5046728971962617,0.8902333621434745,0.5520361990950227,0.5,0.47619047619047616,52.2922826517177,1.3317757009345796,1.0514018691588787,1.5692033822874945,5.8345794392523365,6.44489364401404,4.196257415364469,0.1780466724286949,0.7286061974933592,0.371560729275517,0.3830987865506304,0.4501364088993953,0.6284759207482309,0.40489451292572964,0.6025968468486135,0.6107798799449121,Belgium,RCB,0.6,35,RCB:21 | RB:12 | LCB:2,grid_centered_v2,False,CB,0.5894334148966104,0.08237139508938744
96512,31,15,1562.0,24.0,8.0,2.0,0.0,0.0,837.0,701.0,10.0,40.0,5.0,15.0,212.0,114.0,28.0,18.0,13.0,29.0,6,0,Kevin Lenini,0.8832386363636363,1.2213799324874868,0.4071266441624956,0.1017816610406239,0.0,0.0,42.5956251455011,35.674472194738684,0.5089083052031196,2.0356332208124783,0.2544541526015598,0.7633624578046794,10.788856070306133,5.801554679315563,1.4249432545687346,0.9160349493656151,0.6615807967640555,1.4758340850890466,0.8375149342891278,0.5377358490566038,0.6428571428571429,0.3333333333333333,41.12372128310993,3.5369127211616807,1.272270763007799,2.0508972568191517,5.470764280933535,9.735384098211599,4.185472739970323,0.16750298685782558,0.5267708336719727,0.5090651716574704,0.4000049086193184,0.49358981753306896,0.6012361266103895,0.7030012689991301,0.5987383916617697,0.4726374966807498,Cape Verde Islands,DM,0.8666666666666667,15,DM:13 | AM:2,grid_centered_v2,False,DM,0.5893774674216845,0.11808328404914467
129033,29,23,2028.0,19.0,9.0,2.0,4.0,0.0,1545.0,1394.0,9.0,29.0,13.0,27.0,167.0,92.0,13.0,5.0,15.0,26.0,2,0,Joško Gvardiol,1.0,0.8431952662721893,0.3994082840236686,0.08875739644970414,0.17751479289940827,0.0,68.56508875739644,61.86390532544378,0.3994082840236686,1.2869822485207099,0.5769230769230769,1.198224852071006,7.411242603550296,4.0828402366863905,0.5769230769230769,0.22189349112426035,0.665680473372781,1.1538461538461537,0.9022653721682848,0.5508982035928144,0.38461538461538464,0.47368421052631576,54.20974081308285,1.606508875739645,1.974852071005917,2.2165991902834006,5.347633136094675,7.3686709421393894,3.9782880840261226,0.180453074433657,0.757442468142393,0.38804565529127516,0.4551990759928162,0.5085936100767287,0.5918636471342996,0.4912260013467594,0.5227800046735221,0.6407073925859835,Croatia,LCB,0.8,25,LCB:20 | LB:5,grid_centered_v2,False,CB,0.5893148478170396,0.10363225834851908
260865,26,20,1741.0,37.0,27.0,5.0,1.0,0.0,526.0,417.0,26.0,9.0,0.0,10.0,147.0,57.0,52.0,30.0,15.0,15.0,4,0,Marco Pašalić,0.919764503159104,1.7592279124180448,1.2837609090618165,0.23773350167811416,0.04754670033562284,0.0,25.00956437653761,19.82697403995472,1.2362142087261938,0.4279203030206055,0.0,0.4754670033562283,6.989364949336557,2.7101619191305018,2.4724284174523876,1.426401010068685,0.7132005050343425,0.7132005050343425,0.7927756653992395,0.3877551020408163,0.5769230769230769,0.7297297297297297,33.5461240218753,6.147788353396032,3.3520423736614102,5.158592745570916,1.7211905521495465,4.957491992905151,3.9112223677724556,0.15855513307984792,0.3798633430859072,0.6685035033068953,0.5653353373804775,0.7502631384902458,0.31533823408705225,0.2791508063426564,0.4977876923528763,0.35779915741442114,Croatia,AM,0.9615384615384616,26,AM:25 | CM:1,grid_centered_v2,False,AM,0.5891446373219899,0.11184834238569873
276670,47,36,3213.0,44.0,21.0,4.0,9.0,0.0,1500.0,1208.0,56.0,54.0,7.0,26.0,285.0,143.0,42.0,19.0,30.0,25.0,4,0,Farès Chaïbi,0.9914347961406785,1.221936443422685,0.5831969389062814,0.11108513122024409,0.2499415452455492,0.0,41.65692420759154,33.547709628513715,1.5551918370834172,1.4996492714732952,0.19439897963542715,0.7220533529315866,7.914815599442391,3.971293441123726,1.1663938778125629,0.5276543732961594,0.8331384841518306,0.6942820701265255,0.8053333333333333,0.5017543859649123,0.4523809523809524,0.4772727272727273,41.98933290091636,4.535050482066465,5.262658091559064,2.6597022187762014,4.357314272114074,7.065073975467953,3.778111569728224,0.1610666666666667,0.5437425924918484,0.572132056724823,0.7061542206482309,0.5485656529589181,0.5146112400137821,0.4625377664099403,0.44833708762728236,0.389004228547143,Algeria,AM,0.5277777777777778,36,AM:19 | CM:15 | DM:2,grid_centered_v2,True,AM,0.5890368794675216,0.08233293074216318
39043,51,45,4061.0,32.0,11.0,4.0,6.0,0.0,2185.0,1873.0,85.0,90.0,13.0,46.0,371.0,178.0,43.0,19.0,23.0,41.0,3,0,Fredrik Aursnes,0.9459443486825906,0.6708494765343169,0.23060450755867143,0.08385618456678962,0.12578427685018442,0.0,45.80644081960883,39.26565842339924,1.7819439220442792,1.8867641527527663,0.27253259984206624,0.9643461225180806,7.777661118569736,3.731600213222138,0.9014539840929884,0.3983168766922507,0.4821730612590403,0.8595258918095935,0.85720823798627,0.4797843665768194,0.4418604651162791,0.34375,45.606992162569284,4.444377782039849,5.146673327786712,1.681195787116457,5.624653579817414,6.663593398241451,3.918729345447208,0.171441647597254,0.6131530879181984,0.5664680043999811,0.6983618868223352,0.46019588794749966,0.612845654957349,0.4250079453494399,0.5005869515377789,0.5249015101978218,Norway,RB,0.6122448979591837,49,RB:30 | LB:10 | RCB:8 | LCB:1,grid_centered_v2,False,FB,0.5890108931248291,0.07323394726331209
49,35,16,1602.0,11.0,3.0,0.0,0.0,0.0,892.0,768.0,17.0,30.0,6.0,28.0,134.0,73.0,15.0,11.0,13.0,17.0,2,0,Thomas Partey,1.0,0.6179775280898876,0.16853932584269662,0.0,0.0,0.0,50.1123595505618,43.146067415730336,0.9550561797752809,1.6853932584269662,0.33707865168539325,1.5730337078651684,7.528089887640449,4.101123595505618,0.8426966292134831,0.6179775280898876,0.7303370786516854,0.9550561797752809,0.8609865470852018,0.5447761194029851,0.7333333333333333,0.2727272727272727,45.985337834433416,3.6292134831460676,2.3876404494382024,0.7814096016343206,6.550561797752809,7.37590139191682,4.474958868177378,0.17219730941704037,0.62020282473303,0.5149404670534478,0.488240886886246,0.38096096807534774,0.6796429750152013,0.4919106977053347,0.6967769392498271,0.5349017279880024,Ghana,CM,0.6666666666666666,15,CM:10 | DM:3 | AM:2,grid_centered_v2,False,CM,0.5889377926463555,0.1165997668006996
158688,33,30,2535.0,59.0,35.0,9.0,8.0,0.0,594.0,444.0,61.0,26.0,1.0,12.0,245.0,90.0,81.0,34.0,15.0,13.0,2,0,Jesse Randall,0.8535502958579881,1.7879100871818214,1.060624627989216,0.27273204719722693,0.2424284863975351,0.0,18.00031511501698,13.454780995063196,1.848517208781205,0.787892580791989,0.030303560799691886,0.3636427295963026,7.424372395924512,2.72732047197227,2.454588424775043,1.0303210671895242,0.45455341199537824,0.3939462903959945,0.7474747474747475,0.3673469387755102,0.41975308641975306,0.5932203389830508,30.48404490618874,6.1304103497776685,5.954649697139455,4.853171534728819,2.178826021497846,4.920289477087708,3.487140243995696,0.14949494949494951,0.3248654856052856,0.6675216520902145,0.7500979723866203,0.7289669469728945,0.34738802677401803,0.27632322666317183,0.344931821713473,0.256113684775617,New Zealand,ST,0.5333333333333333,30,ST:16 | LW:11 | RW:3,grid_centered_v2,True,ST,0.588888447444551,0.0926915097316435
636,57,46,3967.0,23.0,10.0,3.0,5.0,0.0,2958.0,2677.0,61.0,71.0,9.0,28.0,330.0,135.0,62.0,27.0,31.0,58.0,17,1,Bernardo Silva,1.0,0.5218048903453492,0.22687169145449962,0.0680615074363499,0.11343584572724981,0.0,67.108646332241,60.733551802369554,1.3839173178724478,1.6107890093269475,0.20418452230904968,0.635240736072599,7.486765817998488,3.062767834635745,1.4066044870178978,0.612553566927149,0.7033022435089489,1.3158558104360978,0.9050033806626099,0.4090909090909091,0.43548387096774194,0.43478260869565216,55.591810001818594,4.374086211242753,4.083690446180993,1.731677644918403,4.394504663473658,5.51514769576277,4.009750698862547,0.181000676132522,0.7768931624761357,0.5620650399100738,0.6219758663465188,0.46474143837163057,0.5175487903703694,0.32357599683024785,0.5344730879473354,0.6473767018981663,Portugal,CM,0.5714285714285714,49,CM:28 | DM:21,grid_centered_v2,True,CM,0.5887368861156027,0.0740965244340036
744,55,30,2764.0,41.0,27.0,7.0,11.0,0.0,1038.0,929.0,53.0,29.0,0.0,6.0,356.0,155.0,103.0,44.0,76.0,40.0,4,0,Brahim Díaz,0.9828943560057888,1.3121853016140959,0.8641220278922094,0.22403163686094316,0.3520497150671964,0.0,33.220691294522716,29.73219866340231,1.6962395362328555,0.928131066995336,0.0,0.19202711730937985,11.393608960356538,4.960700530492313,3.296465513811021,1.4081988602687856,2.4323434859188113,1.2801807820625324,0.894990366088632,0.4353932584269663,0.42718446601941745,0.6585365853658537,40.71654930721674,7.78990005885051,6.1768722734517185,4.319097104668346,2.0546901552103645,8.251160517970137,3.973141160950947,0.17899807321772643,0.5187636758420813,0.7539473475020266,0.7632428291017547,0.689104713985035,0.33854130157349954,0.574263880009871,0.5208644287868217,0.6227263421594913,Morocco,CM,0.5666666666666667,30,CM:17 | AM:13,grid_centered_v2,True,CM,0.5887055587474375,0.0887687119753338
51494,29,14,1322.0,11.0,2.0,0.0,0.0,0.0,811.0,698.0,6.0,55.0,5.0,27.0,191.0,99.0,16.0,9.0,18.0,30.0,1,0,Manuel Ugarte,0.9874054462934946,0.7394337305828741,0.13444249646961348,0.0,0.0,0.0,54.51643231842827,46.92043126789511,0.40332748940884044,3.697168652914371,0.3361062411740337,1.8149737023397823,12.839258412848087,6.654903575245868,1.0755399717569079,0.6049912341132606,1.2099824682265212,2.0166374470442023,0.8606658446362515,0.518324607329843,0.5625,0.18181818181818182,46.85569563801669,2.843458800332325,1.0083187235221012,0.5518558586938225,10.654567845216869,10.871838827333743,4.070829303395281,0.1721331689272503,0.6362249021396069,0.4649567662607555,0.3798323577455674,0.3615554204048136,0.8859604654226282,0.7845236019218542,0.5570538666510652,0.5340538859476138,Uruguay,CM,0.7857142857142857,14,CM:11 | DM:3,grid_centered_v2,False,CM,0.5884294113374469,0.1283551238614283
153083,36,22,1978.0,19.0,8.0,0.0,0.0,0.0,1130.0,996.0,10.0,42.0,5.0,33.0,181.0,102.0,13.0,9.0,19.0,23.0,2,0,Emiliano Martínez,0.907613751263903,0.7846408061988241,0.33037507629424173,0.0,0.0,0.0,46.66547952656164,41.131696998633096,0.41296884536780215,1.734469150544769,0.20648442268390108,1.3627971897137472,7.474736101157219,4.212282222751582,0.5368594989781428,0.37167196083102194,0.7846408061988241,0.9498283443459451,0.8814159292035398,0.56353591160221,0.6923076923076923,0.42105263157894735,43.860801707776844,2.0648442268390106,1.0324221134195053,1.304630369969833,6.074771715360369,7.587802846658843,4.480537695459445,0.17628318584070798,0.5800405427830193,0.41610904964489714,0.3816584806245817,0.4265472857740949,0.6460339180736976,0.5119796793158702,0.6985321373262571,0.5882906263224275,Uruguay,DM,0.4583333333333333,24,DM:11 | CM:11 | AM:2,grid_centered_v2,True,DM,0.588314470913675,0.10493389512356742
21098,46,33,3120.0,7.0,2.0,0.0,1.0,0.0,2136.0,1820.0,34.0,74.0,12.0,46.0,281.0,175.0,39.0,30.0,30.0,35.0,6,0,Joris Kayembe,0.9211506410256411,0.18600157174556217,0.053143306213017764,0.0,0.026571653106508882,0.0,56.75705103550297,48.360408653846164,0.903436205621302,1.966302329881657,0.3188598372781066,1.2222960428994085,7.466634522928996,4.650039293639054,1.0362944711538462,0.7971495931952665,0.7971495931952665,0.9300078587278108,0.8520599250936329,0.6227758007117438,0.7692307692307693,0.2857142857142857,48.649043504559764,4.017633949704143,2.404734606139054,0.6458292001267962,6.334682100591717,8.378382413229906,4.541534814029573,0.1704119850187266,0.6682718686270082,0.5396007844589572,0.4896134204209903,0.3694491126302726,0.6645983575598071,0.5860045926738958,0.7173386551892285,0.5112445929079549,Congo DR,LB,0.7272727272727273,33,LB:24 | RCB:9,grid_centered_v2,False,FB,0.5877598533146507,0.08355099778440249
134590,36,10,1175.0,10.0,6.0,0.0,2.0,0.0,583.0,490.0,33.0,24.0,1.0,2.0,103.0,50.0,17.0,7.0,12.0,13.0,4,0,Oğuz Aydın,0.929131914893617,0.7116755092802173,0.4270053055681304,0.0,0.14233510185604345,0.0,41.49068219103667,34.87209995473064,2.348529180624717,1.7080212222725215,0.07116755092802172,0.14233510185604345,7.3302577455862385,3.5583775464010867,1.2098483657763694,0.4981728564961521,0.8540106111362608,0.9251781620642825,0.8404802744425386,0.4854368932038835,0.4117647058823529,0.6,44.379872208279394,5.899789971933002,6.654166011770031,1.7978074277953824,3.4373927098234494,6.438039244573172,3.803017935453531,0.16809605488850773,0.589973600890427,0.6543562002176944,0.7898313379979147,0.47070473491334963,0.4421386755466899,0.4042688880089252,0.45754186637563055,0.4804969668957534,Türkiye,RW,0.7,10,RW:7 | ST:3,grid_centered_v2,False,W,0.5875476753372479,0.13614760450616073
406303,38,11,1327.0,24.0,13.0,2.0,1.0,0.0,556.0,443.0,27.0,22.0,2.0,12.0,168.0,62.0,58.0,22.0,11.0,15.0,4,0,Kendry Páez,0.9198492840994725,1.4972678625884408,0.8110200922354054,0.12477232188237004,0.06238616094118502,0.0,34.68670548329888,27.63706929694497,1.6844263454119957,1.3724955407060706,0.12477232188237004,0.7486339312942204,10.480875038119086,3.867941978353472,3.6183973345887317,1.3724955407060706,0.6862477703530353,0.9357924141177755,0.7967625899280576,0.36904761904761907,0.3793103448275862,0.5416666666666666,38.89693490650993,6.806330158683286,4.554189748706507,3.2169400375218613,4.105009389929974,6.522261626837718,3.5441833399274825,0.15935251798561154,0.4829207601718429,0.7045787493986521,0.6568139010068895,0.5978987979201631,0.4946661552494406,0.4119771451909442,0.3644018153644811,0.3675906672510041,Ecuador,RW,0.8181818181818182,11,RW:9 | ST:2,grid_centered_v2,False,W,0.5873862816735702,0.1281130811722416
30504,29,19,1697.0,15.0,3.0,2.0,3.0,0.0,1089.0,950.0,7.0,31.0,7.0,30.0,193.0,124.0,19.0,16.0,34.0,29.0,3,0,Wilfried Singo,0.9470241602828519,0.7533780886162935,0.1506756177232587,0.1004504118155058,0.1506756177232587,0.0,54.69524923354291,47.71394561236526,0.3515764413542703,1.55698138314034,0.3515764413542703,1.506756177232587,9.69346474019631,6.22792553256136,0.9542789122473052,0.8036032945240464,1.7076570008635985,1.456530971324834,0.8723599632690542,0.6424870466321243,0.8421052631578947,0.2,47.125014119529204,3.4956743311796017,1.7076570008635985,1.4145491593366084,6.202812929607484,10.646556885482276,4.709521686072764,0.17447199265381086,0.6411239383060817,0.50643928446141,0.43400164199081,0.4363133431677485,0.6552386724605298,0.7697442347887056,0.7652822085895,0.5648036161050889,Ivory Coast,RB,0.8421052631578947,19,RB:16 | RCB:3,grid_centered_v2,False,FB,0.5872423049143707,0.11328907127867385
2979,46,40,3480.0,47.0,21.0,5.0,9.0,0.0,1013.0,855.0,67.0,44.0,2.0,15.0,380.0,190.0,126.0,72.0,51.0,34.0,4,0,José Luis Rodríguez,0.9176379310344829,1.1154047265160527,0.4983723246135554,0.11866007728894176,0.21358813912009517,0.0,24.0405316587396,20.29087321640904,1.5900450356718197,1.0442086801426875,0.04746403091557671,0.35598023186682526,9.018165873959573,4.5090829369797865,2.9902339476813324,1.7087051129607613,1.210332788347206,0.806888525564804,0.8440276406712734,0.5,0.5714285714285714,0.44680851063829785,35.0990203345583,7.739010240784781,5.149847354340072,2.5406188940471073,2.6437465219976226,7.8127161117717,4.118117088875701,0.1688055281342547,0.409092259221115,0.7515343000273299,0.6985766886647851,0.5378631452727379,0.3814265850340574,0.5332373854257213,0.5743804891496307,0.48991142650840164,Panama,ST,0.7441860465116279,43,ST:32 | RW:9 | LW:2,grid_centered_v2,False,ST,0.5870691004206366,0.07911144474508838
193279,26,13,1162.0,17.0,9.0,2.0,1.0,0.0,314.0,254.0,14.0,20.0,0.0,6.0,188.0,79.0,66.0,30.0,21.0,30.0,2,0,Jayden Nelson,0.9208950086058522,1.212538178284814,0.6419319767390191,0.1426515503864487,0.07132577519322435,0.0,22.396293410672445,18.116746899078983,0.9985608527051408,1.426515503864487,0.0,0.42795465115934606,13.409245736326177,5.634736240264724,4.7075011627528065,2.1397732557967304,1.4978412790577114,2.1397732557967304,0.8089171974522293,0.42021276595744683,0.45454545454545453,0.5294117647058824,32.29838367651861,7.895763313889935,2.888693895325586,3.0987406999379807,3.4236372092747684,9.149269034242954,3.6462952551838614,0.16178343949044588,0.35698297980601823,0.7589162855309008,0.5284585546277852,0.5875639582044413,0.4410658814102621,0.6546531070934528,0.40035082588035314,0.39809233895122054,Canada,ST,0.8571428571428571,14,ST:12 | RW:2,grid_centered_v2,False,ST,0.5868997973290674,0.13690706925142868
195992,31,29,2624.0,18.0,3.0,1.0,7.0,0.0,1133.0,804.0,34.0,86.0,5.0,31.0,376.0,203.0,47.0,23.0,31.0,56.0,9,0,Juan Cáceres,0.8750952743902439,0.5402646130000744,0.09004410216667907,0.030014700722226357,0.21010290505558446,0.0,34.00665591828246,24.13181938066999,1.0204998245556962,2.5812642621114663,0.15007350361113178,0.930455722389017,11.28552747155711,6.09298424661195,1.4106909339446387,0.6903381166112063,0.930455722389017,1.6808232404446757,0.7096204766107679,0.5398936170212766,0.48936170212765956,0.16666666666666666,35.084506727607696,4.027972836922777,3.706815539194955,0.6995126821444948,6.672267970550918,10.14985879632056,3.4460143195404114,0.14192409532215358,0.4088157291520503,0.5402550818112903,0.5931113963383419,0.37399034519836477,0.6879653424143738,0.7347138958509009,0.3312062867163762,0.1871735774490379,Paraguay,RB,1.0,30,RB:30,grid_centered_v2,False,FB,0.5858306262457202,0.0911060090117484
57807,46,39,3476.0,33.0,17.0,4.0,7.0,0.0,1770.0,1432.0,59.0,31.0,8.0,28.0,354.0,165.0,60.0,35.0,75.0,64.0,12,0,Adalberto Carrasquilla,0.9057825086306099,0.7739280928172934,0.3986902296331511,0.09380946579603555,0.16416656514306222,0.0,41.51068861474573,33.58378875498073,1.3836896204915243,0.7270233599192756,0.1876189315920711,0.6566662605722489,8.302137722949148,3.869640464086467,1.4071419869405333,0.8208328257153111,1.7589274836756668,1.5009514527365688,0.8090395480225989,0.4661016949152542,0.5833333333333334,0.5151515151515151,41.6731778181836,5.422187123010855,4.362140159515653,2.3389450781577263,2.828355393750472,6.815801734466817,3.948002979826273,0.1618079096045198,0.5375535150234281,0.6263445719702782,0.6427722540584874,0.5196632323854035,0.3952945566651427,0.4391585524504215,0.5115007567020254,0.3984038833005443,Panama,AM,0.6,40,AM:24 | CM:13 | DM:3,grid_centered_v2,False,AM,0.5855841033852166,0.07915695032535126
299,43,40,3600.0,22.0,10.0,3.0,4.0,0.0,2318.0,2152.0,31.0,83.0,19.0,47.0,322.0,182.0,22.0,15.0,36.0,61.0,10,2,Fabinho,0.9054656084656086,0.4980060846560848,0.22636640211640216,0.06790992063492064,0.09054656084656088,0.0,52.47173201058202,48.71404973544974,0.7017358465608468,1.878841137566138,0.4300961640211641,1.0639220899470903,7.28899814814815,4.119868518518519,0.4980060846560848,0.33954960317460325,0.8149190476190478,1.380835052910053,0.9283865401207938,0.5652173913043478,0.6818181818181818,0.45454545454545453,48.22541460090345,2.5194580555555564,2.2523457010582018,1.7692832371332372,5.982864007936509,7.46346809983897,4.59224576998444,0.18567730802415877,0.6608279949356627,0.4444929319167772,0.4773856590641892,0.4681314211521465,0.6393589238256838,0.5002045892365344,0.7324202647851991,0.7018204873243852,Brazil,CM,0.5,40,CM:20 | AM:13 | DM:7,grid_centered_v2,True,CM,0.5854962675162381,0.07778174593052023
323974,28,18,1459.0,19.0,9.0,0.0,5.0,0.0,454.0,364.0,30.0,29.0,3.0,7.0,249.0,111.0,99.0,46.0,29.0,25.0,3,0,Elias Saad,0.9206305688827963,1.0790118387865535,0.5111108710041569,0.0,0.28395048389119826,0.0,25.782703937320804,20.671595227279234,1.7037029033471898,1.64691280656895,0.17037029033471898,0.3975306774476776,14.140734097781674,6.303700742384602,5.6222195810457265,2.612344451799024,1.64691280656895,1.4197524194559914,0.801762114537445,0.4457831325301205,0.46464646464646464,0.47368421052631576,35.05367544192487,10.420982758806977,5.820984919769565,1.662923640458451,3.9469117260876563,10.162530436928805,3.707264096700263,0.160352422907489,0.4082284873889779,0.8569376699662712,0.7419607499218919,0.4585521951877456,0.4821729175996349,0.7356486381967325,0.4223667938258167,0.38002426657025135,Tunisia,ST,0.6666666666666666,15,ST:10 | LW:5,grid_centered_v2,False,ST,0.5851788822802138,0.12218032942845611
19281,52,48,4231.0,85.0,47.0,21.0,6.0,0.0,1218.0,988.0,52.0,52.0,8.0,16.0,568.0,223.0,161.0,68.0,34.0,76.0,7,0,Antoine Semenyo,1.0,1.8080831954620655,0.9997636492554951,0.4467029071141574,0.12762940203261638,0.0,25.908768612621127,21.016308201370833,1.1061214842826754,1.1061214842826754,0.17017253604348853,0.34034507208697706,12.082250059087686,4.743559442212243,3.424722287875207,1.4464665563696526,0.7232332781848263,1.616639092413141,0.8111658456486043,0.3926056338028169,0.422360248447205,0.5529411764705883,34.15033498545996,5.9688017017253605,3.4672654218860783,6.079174718812128,2.8588986055306074,7.818800120505591,3.6270400331031594,0.16223316912972086,0.3911452940671911,0.6583218786883963,0.574410400238662,0.8074407982580847,0.3976059867249387,0.5338110913029301,0.3934760928115029,0.40383107084175585,Ghana,AM,0.5625,48,AM:27 | CM:20 | DM:1,grid_centered_v2,True,AM,0.5850323638752497,0.0717476077323525
163041,24,21,1843.0,0.0,0.0,0.0,1.0,0.0,1020.0,880.0,7.0,30.0,8.0,23.0,165.0,109.0,15.0,12.0,14.0,24.0,2,0,Bradley Cross,0.8500000000000001,0.0,0.0,0.0,0.041508410200759634,0.0,42.33857840477483,36.52740097666848,0.29055887140531744,1.2452523060227891,0.33206728160607707,0.9546934346174717,6.84888768312534,4.5244167118828,0.6226261530113946,0.4981009224091156,0.5811177428106349,0.9962018448182312,0.8627450980392157,0.6606060606060606,0.8,0.0,41.2021054759397,2.058817145957678,0.9546934346174716,0.0,4.5161150298426485,8.316001578454102,4.644154119794221,0.17254901960784316,0.5283108303330858,0.41573603175000995,0.3757818428307891,0.3168013406328847,0.527144873188754,0.5802590974286533,0.7473184159296457,0.5395471014645038,South Africa,RCB,0.9523809523809523,21,RCB:20 | RB:1,grid_centered_v2,False,CB,0.5847146483686602,0.10870919257944607
32966,36,21,1899.0,22.0,7.0,4.0,0.0,0.0,1085.0,940.0,23.0,49.0,3.0,30.0,184.0,97.0,18.0,10.0,19.0,27.0,2,0,Ao Tanaka,1.0,1.0426540284360188,0.33175355450236965,0.1895734597156398,0.0,0.0,51.4218009478673,44.54976303317535,1.0900473933649288,2.3222748815165875,0.14218009478672985,1.4218009478672984,8.72037914691943,4.597156398104265,0.8530805687203791,0.4739336492890995,0.9004739336492891,1.2796208530805686,0.8663594470046083,0.5271739130434783,0.5555555555555556,0.3181818181818182,46.97889138838535,3.597156398104265,2.725118483412322,2.617406290392072,7.180094786729857,8.017540696476406,4.140757961487075,0.17327188940092167,0.6384694717628788,0.512900296644729,0.5153441852523937,0.5447689671973798,0.7213639327778812,0.5524939535685941,0.5826147372875512,0.549072320914368,Japan,CM,0.5238095238095238,21,CM:11 | AM:7 | DM:3,grid_centered_v2,True,CM,0.5846941826868205,0.10709432437247181
1125,30,11,1154.0,17.0,8.0,2.0,0.0,0.0,619.0,484.0,12.0,34.0,5.0,15.0,184.0,89.0,40.0,19.0,23.0,22.0,4,1,Ryan Christie,1.0,1.3258232235701906,0.6239168110918544,0.1559792027729636,0.0,0.0,48.27556325823223,37.74696707105719,0.9358752166377816,2.651646447140381,0.389948006932409,1.169844020797227,14.350086655112651,6.94107452339688,3.119584055459272,1.4818024263431542,1.7937608318890814,1.7157712305025996,0.7819063004846527,0.483695652173913,0.475,0.47058823529411764,43.14341141159639,6.285961871750433,2.339688041594454,3.0624936283005404,7.54159445407279,11.16859128927737,3.647888614125642,0.15638126009693054,0.5662065854224579,0.6762576528701264,0.4843916780945521,0.5843786890043842,0.7437536660658483,0.8029227348642081,0.4009215083219623,0.3317191278573841,Scotland,CM,0.9,10,CM:9 | AM:1,grid_centered_v2,False,CM,0.5846795014463919,0.13738079755019839
1424,45,32,2928.0,40.0,14.0,4.0,1.0,0.0,1240.0,1051.0,53.0,33.0,5.0,11.0,291.0,128.0,54.0,35.0,19.0,37.0,7,0,Edo Kayembe,0.925563524590164,1.1379879400698738,0.39829577902445584,0.11379879400698739,0.028449698501746848,0.0,35.277626142166085,29.900633125335933,1.5078340205925829,0.9388400505576459,0.14224849250873423,0.3129466835192153,8.278862264008332,3.6415614082235965,1.5362837190943297,0.9957394475611397,0.5405442715331901,1.0526388445646333,0.8475806451612903,0.43986254295532645,0.6481481481481481,0.35,40.08011593419216,5.4737219917360935,3.926058393241065,2.1680044426901373,2.472278799801801,6.417773600379014,4.2249328343481425,0.16951612903225807,0.5062302432396096,0.6294121774839031,0.6099951087270608,0.5041939042280004,0.3687161519134488,0.40242099831098416,0.6127931019885482,0.4993480249263826,Congo DR,AM,0.7419354838709677,31,AM:23 | CM:7 | DM:1,grid_centered_v2,False,AM,0.5846369155945916,0.08624688162573727
35533,35,23,2010.0,49.0,28.0,9.0,1.0,0.0,356.0,278.0,14.0,20.0,3.0,1.0,267.0,100.0,45.0,16.0,35.0,35.0,6,1,Enner Valencia,0.9262139303482587,2.032141011361105,1.1612234350634887,0.3732503898418356,0.04147226553798174,0.0,14.764126531521498,11.529289819558922,0.5806117175317443,0.8294453107596347,0.1244167966139452,0.04147226553798174,11.073094898641124,4.147226553798173,1.8662519492091783,0.6635562486077078,1.4515292938293607,1.4515292938293607,0.7808988764044944,0.37453183520599254,0.35555555555555557,0.5714285714285714,27.327552284360518,3.4297563599910896,1.6796267542882606,5.754573070680712,1.7128045667186458,6.92971268093542,3.4068364579917785,0.15617977528089888,0.2728291945970074,0.5022412274758011,0.4317904775867497,0.7884971042484751,0.31476588745751877,0.4498151244606753,0.31839222970907516,0.3293504890152794,Ecuador,ST,0.8947368421052632,19,ST:17 | RW:2,grid_centered_v2,False,ST,0.5845641650390273,0.10409524914962444
1464,42,39,3637.0,23.0,7.0,2.0,6.0,0.0,2403.0,2062.0,41.0,55.0,24.0,35.0,309.0,186.0,32.0,15.0,54.0,27.0,11,0,Granit Xhaka,1.0,0.569150398680231,0.1732196865548529,0.04949133901567226,0.14847401704701677,0.0,59.463843827330216,51.025570525158095,1.0145724498212814,1.361011822930987,0.5938960681880671,0.8660984327742645,7.646411877921364,4.60269452845752,0.7918614242507561,0.3711850426175419,1.336266153423151,0.6681330767115755,0.8580940491052851,0.6019417475728155,0.46875,0.30434782608695654,50.240225849573285,3.4223260929337367,3.353038218311796,1.2471339254760851,4.83530382183118,8.249597582558973,4.0344052247606985,0.17161880982105704,0.6954674821967379,0.5017679921179631,0.5654139679770435,0.4214610745510493,0.552218367777454,0.5741190934002014,0.5436101898428882,0.5272481170234771,Switzerland,DM,0.6153846153846154,39,DM:24 | CM:15,grid_centered_v2,False,DM,0.5841970963283174,0.07738508913800088
626,23,16,1497.0,2.0,0.0,0.0,0.0,0.0,1123.0,1068.0,7.0,8.0,9.0,12.0,70.0,51.0,2.0,2.0,4.0,1.0,0,0,John Stones,1.0,0.12024048096192386,0.0,0.0,0.0,0.0,67.51503006012024,64.20841683366734,0.4208416833667335,0.4809619238476954,0.5410821643286573,0.7214428857715431,4.208416833667335,3.0661322645290583,0.12024048096192386,0.12024048096192386,0.2404809619238477,0.06012024048096193,0.9510240427426536,0.7285714285714285,1.0,0.0,54.99904796235392,1.178356713426854,1.0521042084168337,0.0,2.903807615230461,6.478299456054966,5.415203101789382,0.19020480854853072,0.7686896220165595,0.3624808050515022,0.38315212414122873,0.3168013406328847,0.4010128683086255,0.4079479674904785,0.9032986442146558,0.7496061864689519,England,RCB,0.6875,16,RCB:11 | RB:4 | LCB:1,grid_centered_v2,False,CB,0.5840926841010403,0.12061964266400721
41627,23,15,1435.0,24.0,14.0,5.0,4.0,0.0,443.0,355.0,25.0,15.0,0.0,9.0,158.0,61.0,65.0,29.0,16.0,27.0,3,0,Kenji Gorré,0.8515679442508711,1.2818026199176875,0.7477181949519844,0.26704221248285154,0.21363376998628125,0.0,23.65994002598065,18.95999708628246,1.335211062414258,0.8011266374485547,0.0,0.48067598246913285,8.438533914458109,3.257914992290789,3.47154876227707,1.548844832400539,0.854535079945125,1.4420279474073985,0.801354401805869,0.3860759493670886,0.4461538461538462,0.5833333333333334,33.35125518166653,6.702759533319575,4.513013390960191,4.3498098394622575,2.403379912345664,5.71930883730837,3.646885473351708,0.16027088036117382,0.376251580149576,0.6990570469682958,0.6538253256156003,0.6914830260027323,0.36365864503490014,0.34073266537024666,0.40056218883690486,0.3790041338867673,Curaçao,ST,0.625,16,ST:10 | LW:5 | RW:1,grid_centered_v2,False,ST,0.5840090023550809,0.12319780983618198
7327,36,13,1471.0,17.0,11.0,3.0,2.0,0.0,599.0,462.0,19.0,36.0,3.0,7.0,189.0,93.0,31.0,17.0,23.0,26.0,4,0,Alexander Prass,1.0,1.0401087695445275,0.6730115567641061,0.18354860639021073,0.12236573759347383,0.0,36.64853840924541,28.26648538409245,1.1624745071380014,2.2025832766825286,0.18354860639021073,0.42828008157715836,11.563562202583276,5.690006798096533,1.8966689326988442,1.0401087695445275,1.407205982324949,1.5907545887151597,0.7712854757929883,0.49206349206349204,0.5483870967741935,0.6470588235294118,38.098928193261145,5.396329027872197,3.5791978246091096,3.704722677650258,5.0231135282121,9.442199993525621,3.7561609691971922,0.15425709515859767,0.4672351489791191,0.6248015185480436,0.5831785966927107,0.6395474707618598,0.5668565828734677,0.6792975498416768,0.44025371840689626,0.30719416280759915,Austria,RB,0.46153846153846156,13,RB:6 | LB:4 | RCB:3,grid_centered_v2,True,FB,0.5838290046243793,0.1216809526951952
134995,42,26,2450.0,2.0,1.0,0.0,6.0,0.0,1114.0,940.0,24.0,81.0,6.0,41.0,238.0,150.0,41.0,19.0,23.0,29.0,3,1,Nawaf Boushal,0.9097142857142858,0.06683615160349855,0.03341807580174928,0.0,0.20050845481049565,0.0,37.22773644314869,31.412991253644318,0.8020338192419826,2.7068641399416915,0.20050845481049565,1.3701411078717203,7.953502040816328,5.012711370262392,1.3701411078717203,0.6349434402332362,0.7686157434402333,0.969124198250729,0.8438061041292639,0.6302521008403361,0.4634146341463415,0.5,39.45170164113247,3.415327346938776,3.1078810495626827,1.046785306122449,7.83319696793003,8.908552220888357,3.962038610391914,0.1687612208258528,0.49384697910560815,0.5013222375203256,0.5459669265690028,0.4038742742955057,0.7609322468641887,0.6337527486886494,0.5167302782402516,0.48932320522653305,Saudi Arabia,RB,0.6785714285714286,28,RB:19 | LB:6 | RCB:3,grid_centered_v2,False,FB,0.5836672086536535,0.09428571428571428
44475,36,30,2682.0,22.0,7.0,4.0,2.0,0.0,1535.0,1348.0,5.0,47.0,12.0,51.0,218.0,126.0,14.0,8.0,10.0,19.0,4,0,Abdulelah Al-Amri,0.910454884414616,0.6721479012456896,0.2138652413054467,0.12220870931739812,0.06110435465869906,0.0,46.89759220055152,41.184335039963166,0.15276088664674764,1.4359523344794278,0.36662612795219435,1.5581610437968259,6.660374657798197,3.8495743434980407,0.4277304826108934,0.24441741863479624,0.3055217732934953,0.580491369257641,0.8781758957654723,0.5779816513761468,0.5714285714285714,0.3181818181818182,43.363835657678486,1.038774029197884,0.7179761672397139,1.9134446487304468,6.104325030404036,7.123349035025697,4.286940414760429,0.17563517915309446,0.5704692218552859,0.35430396690225113,0.35811499031800453,0.4811515044599745,0.6481684017839319,0.46803109886795785,0.6344965469890916,0.5799277836226684,Saudi Arabia,LCB,0.3939393939393939,33,LCB:13 | RB:13 | RCB:7,grid_centered_v2,True,CB,0.5833058855116682,0.09011551125709445
42012,39,27,2422.0,34.0,15.0,6.0,6.0,0.0,859.0,705.0,40.0,36.0,2.0,10.0,308.0,127.0,82.0,34.0,46.0,32.0,5,0,Elias Achouri,0.9047192402972751,1.1430391722996127,0.5042819877792409,0.20171279511169635,0.20171279511169635,0.0,28.878548500157862,23.70125342562432,1.3447519674113089,1.210276770670178,0.06723759837056545,0.3361879918528272,10.35459014906708,4.269587496530906,2.7567415331931833,1.1430391722996127,1.5464647625230055,1.0758015739290472,0.8207217694994179,0.41233766233766234,0.4146341463414634,0.4411764705882353,36.202894997379104,6.05138385335089,4.471300291642602,3.2020500849609785,2.924835529119597,7.214435482156254,3.6977385956833384,0.16414435389988358,0.43028099032465283,0.6630383939988075,0.6507853652241511,0.5966014608971779,0.4026114013530312,0.4766324618380325,0.41890434035309154,0.4284954058612625,Tunisia,AM,1.0,24,AM:24,grid_centered_v2,False,AM,0.5832721496758844,0.0948291522977829
1934,44,40,3499.0,8.0,3.0,0.0,1.0,0.0,2218.0,2016.0,23.0,70.0,18.0,35.0,281.0,154.0,25.0,13.0,17.0,41.0,5,0,Sander Berge,1.0,0.20577307802229208,0.07716490425835952,0.0,0.02572163475278651,0.0,57.050585881680476,51.8548156616176,0.5915975993140897,1.8005144326950557,0.46298942555015715,0.9002572163475279,7.227779365533009,3.9611317519291225,0.6430408688196627,0.33438125178622463,0.43726779079737066,1.0545870248642468,0.90892696122633,0.5480427046263345,0.52,0.375,49.57913287604264,2.1194627036296083,1.62046298942555,0.8580308659617033,5.550728779651329,7.189712566579774,4.252094484153549,0.18178539224526602,0.6843196223890453,0.4194937365625109,0.4271323637037383,0.38752733526555233,0.6072838192482156,0.47429627195325036,0.6223609484900662,0.656834078524916,Norway,DM,0.65,40,DM:26 | CM:11 | AM:3,grid_centered_v2,False,DM,0.5830856274464148,0.0788963599298113
38747,42,35,3032.0,32.0,14.0,4.0,4.0,0.0,1269.0,1081.0,43.0,83.0,5.0,29.0,343.0,183.0,75.0,40.0,50.0,45.0,7,0,Quinten Timber,0.9545184696569922,0.9066666202546627,0.3966666463614149,0.11333332753183284,0.11333332753183284,0.0,35.95499815947397,30.628331765477824,1.218333270967203,2.3516665462855313,0.14166665941479104,0.8216666246057881,9.718332835854666,5.1849997345813525,2.1249998912218655,1.1333332753183283,1.4166665941479106,1.2749999347331196,0.8518518518518519,0.5335276967930029,0.5333333333333333,0.4375,39.91271200999399,5.734666373110742,3.669166478843088,2.3369999251606437,6.0321663578818026,8.859582718792902,4.0528925654200325,0.1703703703703704,0.5029315731096116,0.6447808053025046,0.590188598983611,0.5194873607848576,0.6429465011769642,0.6294355421412987,0.5504428339706794,0.5106921468653756,Netherlands,CM,0.37142857142857144,35,CM:13 | DM:13 | AM:9,grid_centered_v2,True,CM,0.5829519444411779,0.08475480699468983
1095,34,27,2306.0,13.0,7.0,3.0,2.0,0.0,1314.0,1147.0,25.0,47.0,3.0,18.0,239.0,117.0,35.0,22.0,22.0,36.0,6,0,Xaver Schlager,1.0,0.5073720728534258,0.2732003469210754,0.1170858629661752,0.07805724197745012,0.0,51.28360797918473,44.765828274067644,0.9757155247181266,1.834345186470078,0.1170858629661752,0.7025151777970511,9.32784041630529,4.566348655680833,1.3660017346053772,0.8586296617519514,0.8586296617519514,1.4050303555941022,0.8729071537290716,0.4895397489539749,0.6285714285714286,0.5384615384615384,46.85173348329617,4.332176929748482,2.8686036426712924,2.3960904663419837,4.835646140503035,7.86150736481509,4.270017080614384,0.17458143074581434,0.6361526143722984,0.5594351962450521,0.5268496026599753,0.5248276923182011,0.5522451391405024,0.5378356692869299,0.6286229961829967,0.5662321782958978,Austria,CM,0.7777777777777778,27,CM:21 | DM:4 | AM:2,grid_centered_v2,False,CM,0.5828973031495184,0.09718501056887048
290,59,59,5331.0,43.0,21.0,9.0,4.0,0.0,4276.0,3834.0,20.0,30.0,37.0,45.0,409.0,293.0,5.0,2.0,22.0,39.0,6,0,Virgil van Dijk,0.9974676420934159,0.7241042534048996,0.3536323098023928,0.15155670420102546,0.06735853520045577,0.0,72.00627412928722,64.56315598963685,0.33679267600227886,0.5051890140034183,0.6230664506042158,0.7577835210051275,6.887410224246603,4.934012703433385,0.08419816900056971,0.03367926760022789,0.37047194360250674,0.6567457182044437,0.8966323666978484,0.7163814180929096,0.4,0.4883720930232558,55.49221787763002,0.8756609576059251,1.212453633608204,2.6842830533780653,3.110280362881045,9.056762039085466,4.0922261932232775,0.1793264733395697,0.7755294799081337,0.3448557673927578,0.3954008597853146,0.5507695806653217,0.4167949720907094,0.6466864982531307,0.5649136786196186,0.6268164036969265,Netherlands,RCB,0.864406779661017,59,RCB:51 | RB:5 | LCB:3,grid_centered_v2,False,CB,0.5828131866569299,0.06391820885023608
237050,50,34,2758.0,42.0,19.0,3.0,3.0,0.0,764.0,593.0,61.0,55.0,5.0,22.0,380.0,193.0,69.0,32.0,54.0,34.0,3,0,Ji-sung Eom,0.9287309644670051,1.2728800020613775,0.5758266675991945,0.09092000014724125,0.09092000014724125,0.0,23.15429337083077,17.97185336243802,1.848706669660572,1.6668666693660896,0.1515333335787354,0.6667466677464359,11.516533351983892,5.849186676139187,2.0911600033865487,0.9698133349039066,1.6365600026503426,1.0304266683354009,0.7761780104712042,0.5078947368421053,0.463768115942029,0.4523809523809524,33.5212956179751,6.570485343973968,5.121826674961257,2.438279240578707,4.500540007288443,9.712545557121176,3.672129406614877,0.15523560209424084,0.3794024155766173,0.6919204141001373,0.6966773936353667,0.5286371198094938,0.5259168425603049,0.7011913622529172,0.40963598398133727,0.3183673539370948,South Korea,ST,0.8823529411764706,34,ST:30 | LW:2 | RW:2,grid_centered_v2,False,ST,0.58279555260735,0.08886521721706972
38750,36,25,2210.0,32.0,21.0,10.0,1.0,0.0,299.0,218.0,20.0,11.0,7.0,0.0,280.0,120.0,16.0,2.0,40.0,39.0,6,0,Brian Brobbey,1.0,1.3031674208144794,0.8552036199095022,0.4072398190045249,0.04072398190045248,0.0,12.176470588235293,8.877828054298641,0.8144796380090498,0.44796380090497734,0.2850678733031674,0.0,11.402714932126695,4.886877828054298,0.6515837104072397,0.08144796380090497,1.6289592760180995,1.588235294117647,0.7290969899665551,0.42857142857142855,0.125,0.65625,25.335795789887865,2.484162895927602,2.260180995475113,5.767703619909502,1.1199095022624435,8.127343244990303,2.8212092127821027,0.14581939799331103,0.24281306441372513,0.44227376621871783,0.47801383182727436,0.789289188042889,0.275788452833605,0.5627562654177816,0.1631919552386946,0.2207094782458198,Netherlands,ST,1.0,25,ST:25,grid_centered_v2,False,ST,0.5818647560130081,0.09927337820337083
16804,37,35,3267.0,18.0,9.0,4.0,0.0,0.0,1936.0,1708.0,2.0,71.0,18.0,32.0,306.0,184.0,9.0,5.0,34.0,25.0,9,0,Yasser Ibrahim,0.8826446280991737,0.43767502219793736,0.21883751109896868,0.09726111604398609,0.0,0.0,47.07438016528926,41.530496550782054,0.048630558021993044,1.726384809780753,0.43767502219793736,0.7780889283518887,7.440475377364936,4.47401133802336,0.21883751109896868,0.1215763950549826,0.8267194863738817,0.6078819752749131,0.8822314049586777,0.6013071895424836,0.5555555555555556,0.5,43.336517314391095,0.8048357352639848,0.1215763950549826,2.084461443890445,5.145113038726864,8.067537441860155,4.279702235150372,0.17644628099173554,0.5699414844439525,0.34079061979935954,0.31535639773642954,0.4966288922697991,0.5763049244815951,0.5571728111397141,0.6319891839867022,0.5903876417192312,Egypt,RCB,0.7666666666666667,30,RCB:23 | LCB:6 | RB:1,grid_centered_v2,False,CB,0.5812587912388649,0.08164965809277261
290212,39,27,2186.0,36.0,21.0,9.0,1.0,0.0,615.0,490.0,41.0,25.0,0.0,15.0,295.0,128.0,86.0,33.0,51.0,33.0,7,0,Denis Višinský,0.8685773101555352,1.2873698467081125,0.7509657439130657,0.3218424616770281,0.035760273519669795,0.0,21.992568214596925,17.522534024638198,1.4661712143064616,0.8940068379917449,0.0,0.5364041027950469,10.54928068830259,4.577315010517734,3.0753835226916024,1.1800890261491033,1.8237739495031595,1.1800890261491033,0.7967479674796748,0.43389830508474575,0.38372093023255816,0.5833333333333334,32.747697312173415,6.501217725875969,3.862109540124338,4.7927584015611835,2.6820205139752344,7.709935929979064,3.558467760539436,0.15934959349593497,0.36515351804783497,0.6881459860731721,0.6050956831606287,0.7246219085229668,0.3842867408895856,0.5235334061485949,0.36935068613880184,0.36755454983932595,Czech Republic,AM,0.84,25,AM:21 | DM:2 | CM:2,grid_centered_v2,False,AM,0.5811924048044274,0.09981684966311909
161939,36,30,2708.0,16.0,6.0,1.0,2.0,0.0,1827.0,1619.0,14.0,51.0,23.0,44.0,163.0,98.0,8.0,4.0,2.0,13.0,7,0,Tomás Araújo,0.9348781388478584,0.4971287001258922,0.1864232625472096,0.031070543757868264,0.06214108751573653,0.0,56.76588344562531,50.303210343988724,0.4349876126101557,1.5845977316512816,0.71462250643097,1.3671039253462036,5.064498632532527,3.04491328827109,0.2485643500629461,0.12428217503147306,0.06214108751573653,0.40391706885228745,0.886152162014231,0.6012269938650306,0.5,0.375,48.568426826107476,1.1247536840348311,1.4292450128619403,1.2595569176290395,6.3725685247387815,6.066559585174618,4.2097099990876385,0.1772304324028462,0.6668616227323316,0.3593309845187334,0.41216938786651225,0.4225586570479665,0.6672640644173979,0.3708761085748979,0.6073919334008131,0.600422890038564,Portugal,RCB,0.7666666666666667,30,RCB:23 | RB:6 | LB:1,grid_centered_v2,False,CB,0.5811041120827414,0.08968186015777625
163220,35,29,2336.0,44.0,27.0,1.0,3.0,0.0,683.0,577.0,48.0,48.0,1.0,8.0,253.0,137.0,73.0,39.0,34.0,32.0,8,1,Jeremy Antonisse,0.8547517123287669,1.448979786310752,0.8891466870543251,0.032931358779789824,0.09879407633936947,0.0,22.49211804659645,19.001394015938725,1.5807052214299115,1.5807052214299115,0.032931358779789824,0.2634508702383186,8.331633771286825,4.511596152831205,2.4039891909246567,1.284322992411803,1.119666198512854,1.0538034809532744,0.8448023426061494,0.541501976284585,0.5342465753424658,0.6136363636363636,34.40292212898196,6.615909978859775,4.495130473441311,2.735528959387101,3.4083956337082464,7.9407405428174425,4.050748546775533,0.1689604685212299,0.3958971384304169,0.694381812618045,0.6525235778116244,0.5553578073569413,0.4398778307149781,0.5452888866391787,0.549651361783874,0.4919686152068696,Curaçao,ST,0.9285714285714286,28,ST:26 | LW:1 | RW:1,grid_centered_v2,False,ST,0.581089272333409,0.09655894643680772
195104,48,41,3711.0,65.0,26.0,7.0,6.0,0.0,1851.0,1580.0,35.0,83.0,8.0,37.0,530.0,281.0,70.0,41.0,105.0,79.0,15,0,Richard Ríos,0.9381783885745082,1.4789392544222237,0.5915757017688895,0.15927038124547027,0.13651746963897451,0.0,42.11563938362364,35.94960033826329,0.7963519062273513,1.8884916633391473,0.182023292851966,0.8418577294403429,12.059043151442747,6.393568161425306,1.5927038124547026,0.9328693758663258,2.389055718682054,1.7974800169131644,0.8535926526202053,0.530188679245283,0.5857142857142857,0.4,41.88455785059047,4.960134730216073,2.741725848582738,2.902369032440207,5.283226075028313,10.541561463731277,4.110137068801492,0.17071853052404107,0.5416929085737983,0.5984117658514735,0.5166769194595935,0.5702264008420438,0.5869339065650466,0.7626178167509922,0.57146812965264,0.5153131353429301,Colombia,CM,0.7291666666666666,48,CM:35 | AM:11 | DM:2,grid_centered_v2,False,CM,0.5803013274817261,0.0766096468804651
351587,48,22,2299.0,50.0,31.0,9.0,2.0,0.0,337.0,216.0,20.0,21.0,3.0,3.0,303.0,117.0,43.0,16.0,23.0,27.0,1,0,Tani Oluwaseyi,0.9808264462809918,1.9198429788014195,1.19030264685688,0.34557173618425546,0.07679371915205677,0.0,12.939741677121567,8.293721668422132,0.7679371915205677,0.8063340510965961,0.11519057872808516,0.11519057872808516,11.634248451536601,4.492432570395321,1.6510649617692206,0.6143497532164541,0.883127770248653,1.0367152085527664,0.6409495548961425,0.38613861386138615,0.37209302325581395,0.62,23.382497010149404,3.3597252129024837,2.3422084341377314,5.6709975950736755,1.808492086030937,7.4478214401376075,2.984609112857297,0.1281899109792285,0.21563460181976613,0.4977808857293479,0.4845939515231348,0.78340450477111,0.32132968634159664,0.49872249059290336,0.19925660604354845,0.09991828449633207,Canada,ST,0.38461538461538464,26,ST:10 | RW:9 | LW:7,grid_centered_v2,True,ST,0.5802489357224058,0.09733285267845752
272,39,38,3405.0,49.0,16.0,6.0,5.0,0.0,1879.0,1635.0,39.0,70.0,6.0,32.0,382.0,208.0,45.0,22.0,62.0,58.0,9,1,Adrien Rabiot,0.9960352422907489,1.2900192124822913,0.42123076325952374,0.1579615362223214,0.13163461351860117,0.0,49.46828776029032,43.044518620582586,1.0267499854450892,1.8428845892604164,0.1579615362223214,0.8424615265190475,10.05688447282113,5.475999922373809,1.1847115216674104,0.5791922994818451,1.6322692076306544,1.5269615168157735,0.8701436934539649,0.5445026178010471,0.4888888888888889,0.32653061224489793,46.067821799369945,4.112265326321101,3.2908653379650294,2.5064765828317004,5.175873003551398,9.299907744726474,4.021147052864034,0.174028738690793,0.6217331560213732,0.5455841649744476,0.560498721108369,0.5347877474299979,0.5786786533488483,0.6674406213125396,0.5386998904921064,0.5590067770265283,France,CM,0.7368421052631579,38,CM:28 | DM:7 | AM:3,grid_centered_v2,False,CM,0.579046326675556,0.07997797053517368
39058,40,36,3086.0,14.0,8.0,4.0,4.0,0.0,2331.0,2056.0,31.0,62.0,13.0,27.0,307.0,166.0,73.0,41.0,47.0,35.0,1,0,Fredrik André Bjørkan,0.9052657161373946,0.3696159437242765,0.21120911069958656,0.10560455534979328,0.10560455534979328,0.0,61.54105463009203,54.28074144979374,0.8184353039608978,1.6368706079217956,0.34321480488682815,0.7128307486111045,8.105149623096633,4.382589047016421,1.9272831351337274,1.082446692335381,1.2408535253600708,0.9240398593106911,0.882024882024882,0.5407166123778502,0.5616438356164384,0.5714285714285714,51.38096724208526,4.799727040648104,2.626913314326108,2.28338634063491,4.749564876856953,7.75777450295654,4.240409447402961,0.17640497640497643,0.7141706192948665,0.5885527058855219,0.5074594333794977,0.5146381227123615,0.5455039364209137,0.5280527382426367,0.6182560187147472,0.5898568706046151,Norway,LB,0.972972972972973,37,RCB:36 | LB:1,public_anchor,False,FB,0.5786264164959019,0.08400999847910275
129670,39,31,2652.0,34.0,18.0,5.0,5.0,0.0,772.0,620.0,47.0,57.0,2.0,13.0,347.0,181.0,60.0,33.0,78.0,49.0,5,0,Nathanaël Mbuku,0.8655279034690799,0.9986860424643231,0.528716140128171,0.14686559448004752,0.14686559448004752,0.0,22.676047787719337,18.21133371552589,1.3805365881124465,1.6742677770725416,0.058746237792019006,0.38185054564812354,10.192472256915297,5.316534520177719,1.7623871337605703,0.9693129235683136,2.291103273888741,1.4392828259044657,0.8031088082901554,0.521613832853026,0.55,0.5294117647058824,33.04301488795248,6.053799804467558,4.259102239921377,2.973950881431584,3.8420039515980426,9.007989826807885,3.8943837360843974,0.1606217616580311,0.3705666738458895,0.6631758942252232,0.6351344956737016,0.5765686565683158,0.47389418508531056,0.6424529042596796,0.491509543524657,0.3834013078247079,Congo DR,AM,0.8709677419354839,31,AM:27 | CM:3 | DM:1,grid_centered_v2,False,AM,0.578616357236457,0.09062378100287981
340173,31,20,1631.0,57.0,24.0,9.0,3.0,0.0,377.0,276.0,35.0,18.0,3.0,2.0,153.0,63.0,36.0,13.0,26.0,27.0,7,0,Ermin Mahmic,0.8566217044757818,2.6943404929250523,1.1344591549158116,0.4254221830934293,0.14180739436447645,0.0,17.820462558469206,13.046280281531832,1.6544196009188918,0.8508443661868585,0.14180739436447645,0.09453826290965095,7.232177112588298,2.977955281654005,1.701688732373717,0.6144987089127312,1.2289974178254623,1.2762665492802878,0.7320954907161804,0.4117647058823529,0.3611111111111111,0.42105263157894735,29.63043462105344,5.128700762848565,4.91598967130185,5.833725544787465,1.8765845187565715,5.404431511962666,3.2749387759171493,0.1464190981432361,0.31028489987330393,0.6086870278008553,0.6825215828403183,0.793238892241674,0.3260441386663818,0.314463085472821,0.27729816124020573,0.2262380370061111,Bosnia & Herzegovina,AM,1.0,20,AM:20,grid_centered_v2,False,AM,0.578171317033019,0.11555851631457756
126640,38,34,3051.0,15.0,4.0,1.0,2.0,0.0,2165.0,1894.0,9.0,76.0,26.0,52.0,303.0,193.0,18.0,12.0,35.0,36.0,7,1,David Affengruber,1.0,0.4424778761061947,0.11799410029498525,0.029498525073746312,0.058997050147492625,0.0,63.86430678466077,55.87020648967552,0.26548672566371684,2.24188790560472,0.7669616519174042,1.5339233038348083,8.938053097345133,5.6932153392330385,0.5309734513274337,0.35398230088495575,1.032448377581121,1.0619469026548674,0.8748267898383372,0.636963696369637,0.6666666666666666,0.26666666666666666,51.140581250383214,1.8790560471976403,0.9882005899705015,0.9345132743362832,7.946902654867257,9.881392564035165,4.431723490769645,0.17496535796766743,0.7102869494693682,0.40465669099996604,0.37831076443738554,0.394122811880511,0.7674127949725321,0.7144207250203816,0.6829816926754394,0.5712349669994913,Austria,RB,1.0,34,RB:34,grid_centered_v2,False,FB,0.5781011783800167,0.08449049099068254
303467,48,43,3855.0,74.0,28.0,9.0,7.0,0.0,1091.0,769.0,58.0,42.0,3.0,17.0,640.0,282.0,273.0,118.0,82.0,55.0,8,0,Abdul Fatawu Issahaku,0.9226770428015565,1.5940412723886812,0.6031507517146362,0.19386988447970446,0.15078768792865904,0.0,23.501338218595286,16.565104573876972,1.2493836999803176,0.9047261275719541,0.06462329482656816,0.36619867068388623,13.78630289633454,6.0745897136974065,5.880719829217702,2.541849596511681,1.7663700585928628,1.1847604051537495,0.7048579285059579,0.440625,0.43223443223443225,0.3783783783783784,30.69581781097746,9.486699680540205,3.9527915335584183,3.1521268849948836,2.4319899953065147,9.826300599176369,3.3264938953805303,0.1409715857011916,0.32853743755382603,0.8252113702127314,0.6120367627582959,0.5922419614107345,0.36575517737232366,0.7101429531878002,0.2929693647893378,0.1795963187412468,Ghana,AM,0.5348837209302325,43,AM:23 | CM:20,grid_centered_v2,True,AM,0.5779535235983948,0.07516518773655008
106851,35,11,1259.0,26.0,14.0,4.0,1.0,0.0,336.0,246.0,18.0,8.0,1.0,4.0,141.0,61.0,11.0,4.0,13.0,16.0,2,0,Shuto Machino,1.0,1.858617950754567,1.0007942811755361,0.28594122319301035,0.07148530579825259,0.0,24.019062748212868,17.585385226370136,1.2867355043685464,0.5718824463860207,0.07148530579825259,0.28594122319301035,10.079428117553613,4.360603653693407,0.7863383637807784,0.28594122319301035,0.9293089753772835,1.1437648927720414,0.7321428571428571,0.4326241134751773,0.36363636363636365,0.5384615384615384,31.685620674004312,3.4956314535345516,3.6100079428117553,4.76556485611291,1.679904686258936,7.402717455596302,3.298593908513762,0.14642857142857144,0.3459736683284604,0.5064365539833342,0.5855831395065961,0.7226520581582666,0.3125258978599979,0.49445032267551764,0.2844242688393846,0.22632615125957853,Japan,ST,0.5454545454545454,11,ST:6 | RW:5,grid_centered_v2,True,ST,0.577829724527536,0.1315273507798934
6610,40,38,3461.0,14.0,5.0,0.0,5.0,0.0,2435.0,1904.0,24.0,64.0,48.0,58.0,390.0,205.0,12.0,7.0,41.0,34.0,8,0,Marcos Senesi,1.0,0.36405663103149377,0.13002022536839064,0.0,0.13002022536839064,0.0,63.31984975440624,49.51170182028316,0.624097081768275,1.6642588847154,1.24819416353655,1.5082346142733314,10.14157757873447,5.330829240104016,0.3120485408841375,0.18202831551574689,1.0661658480208032,0.8841375325050563,0.7819301848049282,0.5256410256410257,0.5833333333333334,0.35714285714285715,49.29038117314256,2.1115284599826643,2.275353943946836,0.8963140298014611,7.385148800924588,9.0400840130687,3.9262810544732547,0.15638603696098563,0.6793820959982241,0.4190015759273799,0.47923047641741706,0.39082370488671697,0.7342104300950122,0.645241337158758,0.5034028530158282,0.3317753883703477,Argentina,RB,0.9736842105263158,38,RB:37 | LCB:1,grid_centered_v2,False,FB,0.5777307861176106,0.07932829827892507
8489,51,32,2777.0,53.0,29.0,12.0,5.0,0.0,786.0,621.0,44.0,25.0,1.0,9.0,286.0,96.0,37.0,10.0,36.0,43.0,1,0,Jonathan David,1.0,1.7176809506661865,0.939863161685272,0.38890889449045735,0.16204537270435723,0.0,25.473532589124957,20.126035289881166,1.4259992797983436,0.8102268635217861,0.03240907454087145,0.291681670867843,9.268995318689234,3.1112711559236588,1.1991357580122435,0.32409074540871446,1.166726683471372,1.3935902052574722,0.7900763358778626,0.3356643356643357,0.2702702702702703,0.5471698113207547,34.06699662164948,3.9603889088944912,4.456247749369824,5.521419204924549,2.0774216780698596,5.362772625286128,3.274532179904142,0.15801526717557254,0.3895819448104112,0.5359756178097543,0.6496853348705216,0.7740701389346225,0.3401530998883034,0.3110703853961417,0.2771766403728689,0.3512360202395895,Canada,ST,0.75,36,ST:27 | RW:8 | LW:1,grid_centered_v2,False,ST,0.5776675744763741,0.0885606912737863
637,46,40,3403.0,35.0,16.0,6.0,4.0,0.0,1751.0,1518.0,34.0,67.0,10.0,40.0,332.0,186.0,73.0,38.0,39.0,38.0,0,0,Felix Nmecha,1.0,0.9256538348516016,0.4231560387893036,0.15868351454598884,0.1057890096973259,0.0,46.30913899500441,40.146929180135174,0.89920658242727,1.7719659124302087,0.26447252424331474,1.057890096973259,8.78048780487805,4.919188950925654,1.9306494269761976,1.0049955921245959,1.0314428445489274,1.0049955921245959,0.8669331810394061,0.5602409638554217,0.5205479452054794,0.45714285714285713,44.31085523859167,4.646782250955039,2.8298560094034677,2.77617228495865,5.5962386129885395,8.56758742286218,4.114949173179985,0.17338663620788122,0.5886569121429802,0.5790855398075082,0.5237449055743784,0.5589900871290697,0.6107112080208259,0.6032825031875118,0.5732249439486405,0.5505812141972135,Germany,CM,0.6744186046511628,43,CM:29 | AM:11 | DM:3,grid_centered_v2,False,CM,0.5772331416853909,0.08000146927830898
47969,39,38,3271.0,15.0,4.0,1.0,1.0,0.0,1178.0,912.0,26.0,80.0,11.0,39.0,392.0,214.0,83.0,40.0,69.0,39.0,7,1,Gabriel Gudmundsson,1.0,0.4127178232956283,0.11005808621216755,0.027514521553041887,0.027514521553041887,0.0,32.41210638948334,25.0932436563742,0.7153775603790891,2.201161724243351,0.3026597370834607,1.0730663405686336,10.78569244879242,5.8881076123509635,2.2837052889024765,1.1005808621216755,1.89850198715989,1.0730663405686336,0.7741935483870968,0.5459183673469388,0.4819277108433735,0.26666666666666666,35.3710417057031,4.988382757566494,1.939773769489453,0.907530826454703,6.441149495567107,9.881105759332165,3.709669338566196,0.15483870967741936,0.41428558970799306,0.6001399883355807,0.4524052297209047,0.3917914321018511,0.6720622445798291,0.7143985536058979,0.4232423044921069,0.31380920721357775,Sweden,RCB,0.6052631578947368,38,RCB:23 | LB:15,grid_centered_v2,False,CB,0.576171469746998,0.081599719459298
26243,39,38,3425.0,30.0,13.0,6.0,1.0,0.0,2784.0,2453.0,15.0,71.0,17.0,44.0,340.0,211.0,35.0,21.0,36.0,39.0,8,0,Nico Schlotterbeck,1.0,0.7883211678832116,0.3416058394160584,0.15766423357664233,0.026277372262773723,0.0,73.15620437956204,64.45839416058394,0.3941605839416058,1.8656934306569342,0.4467153284671533,1.1562043795620438,8.934306569343065,5.5445255474452555,0.9197080291970803,0.5518248175182482,0.945985401459854,1.0248175182481751,0.8811063218390804,0.6205882352941177,0.6,0.43333333333333335,55.73627118466314,2.562043795620438,1.12992700729927,2.606228710462287,6.162043795620438,9.62410047230571,4.330122019094574,0.1762212643678161,0.7788607077499184,0.4471734316573769,0.38907936952256916,0.5437647254641061,0.6523200431153305,0.694123032959388,0.6493000684471597,0.5874936187581912,Germany,LB,0.5789473684210527,38,LB:22 | RCB:13 | LCB:2 | RB:1,grid_centered_v2,True,FB,0.5761254088728003,0.07974411631958335
19524,39,24,2256.0,39.0,22.0,8.0,2.0,0.0,612.0,458.0,29.0,16.0,1.0,2.0,215.0,91.0,28.0,13.0,20.0,22.0,0,0,Che Adams,1.0,1.5558510638297873,0.8776595744680851,0.3191489361702128,0.0797872340425532,0.0,24.414893617021278,18.27127659574468,1.1569148936170213,0.6382978723404256,0.0398936170212766,0.0797872340425532,8.577127659574469,3.63031914893617,1.1170212765957448,0.5186170212765957,0.7978723404255319,0.8776595744680851,0.7483660130718954,0.4232558139534884,0.4642857142857143,0.5641025641025641,32.009682241691,3.7779255319148937,3.3311170212765955,4.9101200218221495,1.3523936170212767,6.352214250371103,3.554084891089868,0.14967320261437908,0.35177630657061837,0.5243971823687598,0.563682344307038,0.7330231409780683,0.2907136688035896,0.39646227509655524,0.36782925143781897,0.25792206672037854,Scotland,ST,0.5909090909090909,22,ST:13 | RW:8 | LW:1,grid_centered_v2,True,ST,0.5759590299501204,0.09825607013894325
635,46,45,3761.0,48.0,30.0,13.0,11.0,0.0,1478.0,1246.0,104.0,52.0,4.0,13.0,318.0,160.0,77.0,39.0,55.0,22.0,2,0,Riyad Mahrez,0.9074346612534889,1.0423072950319254,0.6514420593949535,0.2822915590711465,0.23886208844481624,0.0,32.09437879285804,27.056560200203734,2.258332472569172,1.129166236284586,0.08685894125266047,0.2822915590711465,6.905285829586506,3.4743576501064184,1.6720346191137139,0.8468746772134396,1.1943104422240813,0.4777241768896325,0.8430311231393776,0.5031446540880503,0.5064935064935064,0.625,40.0349134804089,6.779340364770149,6.95957266786942,4.420351355722107,2.6926271788324745,6.373534672413136,4.025337170160182,0.16860622462787553,0.5053395768946283,0.703145505029636,0.8056587733561595,0.6969071589906788,0.38508078785057404,0.39839682260230863,0.5402526008286358,0.4872657278817593,Algeria,CM,0.8222222222222222,45,CM:37 | AM:8,grid_centered_v2,False,CM,0.5758785361706811,0.07609870582637973
542644,20,18,1476.0,22.0,12.0,2.0,1.0,0.0,501.0,409.0,20.0,27.0,0.0,5.0,181.0,83.0,57.0,33.0,12.0,14.0,0,0,Ali Jasim,0.9194173441734417,1.2333647299887633,0.6727443981756891,0.11212406636261485,0.056062033181307425,0.0,28.08707862383502,22.929371571154736,1.1212406636261485,1.5136748958953004,0.0,0.2803101659065371,10.147228005816643,4.653148754048516,3.195535891334523,1.850047094983145,0.6727443981756891,0.784868464538304,0.8163672654690619,0.4585635359116022,0.5789473684210527,0.5454545454545454,35.29084834470461,6.979723131072775,3.1114428415625617,2.929743779255974,3.2852351444246146,7.890098863402729,4.020026629501189,0.1632734530938124,0.41275253118887884,0.7136897356209251,0.5462506192137916,0.5726546845663325,0.4303041090290675,0.5405273095086708,0.5382845724010551,0.41720432147518044,Iraq,ST,0.8636363636363636,22,ST:19 | RW:2 | LW:1,grid_centered_v2,False,ST,0.5758156596370607,0.12147467868233121
30424,40,40,3476.0,38.0,13.0,3.0,2.0,0.0,1984.0,1684.0,14.0,54.0,13.0,45.0,311.0,204.0,44.0,26.0,42.0,36.0,8,2,Roger Ibañez,0.8989844649021864,0.8845014010257416,0.3025925845614379,0.06982905797571644,0.04655270531714429,0.0,46.18028367460714,39.1973778770355,0.32586893722001004,1.256923043562896,0.3025925845614379,1.0474358696357466,7.238945676815938,4.7483759423487175,1.0241595169771744,0.6051851691228758,0.9776068116600302,0.8379486957085973,0.8487903225806451,0.6559485530546624,0.5909090909090909,0.34210526315789475,42.652623592529366,2.5883304156332225,1.0707122222943188,1.6664726085075339,4.690185060702288,8.615571978452191,4.229746018233798,0.16975806451612904,0.5566812029700376,0.4488295503499419,0.3845662893955074,0.45887137739444106,0.540843886014188,0.60762553648331,0.6144951675056054,0.5025613096936952,Brazil,LCB,0.65,40,LCB:26 | RCB:8 | RB:6,grid_centered_v2,False,CB,0.5757537646600389,0.07915695032535126
8794,44,26,2222.0,55.0,29.0,11.0,3.0,0.0,387.0,252.0,21.0,11.0,0.0,2.0,265.0,110.0,28.0,10.0,21.0,38.0,5,0,George Hirst,0.9239963996399639,2.0584078209801175,1.0853423056076985,0.41168156419602353,0.11227679023527914,0.0,14.483705940351008,9.431250379763448,0.785937531646954,0.41168156419602353,0.0,0.0748511934901861,9.917783137449657,4.116815641960235,1.0479167088626051,0.3742559674509305,0.785937531646954,1.4221726763135356,0.6511627906976745,0.41509433962264153,0.35714285714285715,0.5272727272727272,24.368612503893722,2.74329624141532,2.5823661754114204,5.867477195964421,0.8907292025332145,7.0088249176122535,2.974190832042977,0.1302325581395349,0.22907214398251663,0.4586146398197988,0.5038813479710207,0.7952368047554976,0.2615489222263221,0.4572440136414085,0.19678881256033232,0.11011041230006786,Scotland,ST,1.0,26,ST:26,grid_centered_v2,False,ST,0.5752580688412173,0.09900495037128094
2194,40,33,3155.0,18.0,9.0,7.0,3.0,0.0,2456.0,2147.0,13.0,74.0,15.0,42.0,335.0,202.0,15.0,10.0,48.0,54.0,10,1,Ramy Bensebaini,0.9901109350237719,0.5083929365256769,0.2541964682628384,0.1977083642044299,0.08473215608761281,0.0,69.36739178372568,60.63997970670157,0.3671726763796555,2.090059850161116,0.42366078043806404,1.1862501852265792,9.46175742978343,5.705298509899262,0.42366078043806404,0.2824405202920427,1.355714497401805,1.5251788095770304,0.874185667752443,0.6029850746268657,0.6666666666666666,0.5,53.80431334924695,2.044869366914389,1.3839585494310092,2.937541969203413,6.6006349592250375,9.796373137739565,4.378829562218134,0.1748371335504886,0.7515227708329385,0.41487317019301795,0.40864825379135583,0.5733457899833768,0.683081264703186,0.707803322840518,0.6656585661473244,0.5695656965293086,Algeria,LB,0.7894736842105263,38,LB:30 | LCB:8,grid_centered_v2,False,FB,0.5743656155187915,0.0830862687254227
162007,37,23,1953.0,18.0,13.0,2.0,3.0,0.0,932.0,784.0,40.0,31.0,4.0,19.0,168.0,78.0,20.0,10.0,23.0,28.0,3,0,Maxim De Cuyper,1.0,0.8294930875576038,0.599078341013825,0.09216589861751152,0.1382488479262673,0.0,42.94930875576037,36.12903225806452,1.8433179723502304,1.4285714285714286,0.18433179723502305,0.8755760368663594,7.741935483870968,3.5944700460829493,0.9216589861751152,0.4608294930875576,1.0599078341013826,1.2903225806451613,0.8412017167381974,0.4642857142857143,0.5,0.7222222222222222,44.043867803247565,5.000000000000001,5.368663594470046,3.0204813108038913,4.525345622119815,6.425115207373272,3.926694487846364,0.1682403433476395,0.5835515850262333,0.6008500144866468,0.7131722520430872,0.580677966147887,0.5278725158636123,0.40309011366385306,0.5035570105514353,0.4824107197630927,Belgium,LB,0.8695652173913043,23,LB:20 | RCB:3,grid_centered_v2,False,FB,0.5742128641316729,0.10560337936221025
2975,29,26,2377.0,13.0,5.0,3.0,4.0,0.0,1183.0,1015.0,28.0,37.0,4.0,25.0,277.0,157.0,83.0,47.0,43.0,25.0,8,0,César Blackman,0.8669120740429113,0.4267089300085007,0.16411881923403873,0.09847129154042324,0.131295055387231,0.0,38.83051263077356,33.31612030450986,0.9190653877106169,1.2144792623318865,0.131295055387231,0.8205940961701936,9.092182585565745,5.153330923948816,2.7243723992850426,1.5427169007999642,1.411421845412733,0.8205940961701936,0.8579881656804734,0.5667870036101083,0.5662650602409639,0.38461538461538464,40.76156560128118,6.216820872585387,3.0197862739063126,1.7867674484818092,3.971675425463737,8.915024304358665,4.18330296206582,0.1715976331360947,0.5196494838546442,0.6723892978836591,0.5389412361958074,0.46970856937814304,0.48412872797990814,0.6343217483163974,0.5979606082408486,0.5269676819923721,Panama,RB,0.9333333333333333,30,RB:28 | LB:2,grid_centered_v2,False,FB,0.5741286979363813,0.09572256925636695
44335,33,32,2745.0,10.0,1.0,1.0,1.0,0.0,1742.0,1618.0,6.0,52.0,14.0,31.0,198.0,113.0,13.0,8.0,10.0,15.0,0,1,Hassan Kadesh,0.9079380692167577,0.29768461285795333,0.029768461285795335,0.029768461285795335,0.029768461285795335,0.0,51.85665955985547,48.16537036041685,0.178610767714772,1.5479599868613572,0.4167584580011347,0.9228222998596554,5.894155334587476,3.3638361252948727,0.3869899967153393,0.23814769028636268,0.29768461285795333,0.44652691928693,0.928817451205511,0.5707070707070707,0.6153846153846154,0.1,46.913154617502286,1.065710914031473,0.6102534563588043,0.47982353608647615,5.0904068798710025,6.421491787534033,4.551114061651471,0.1857634902411022,0.6372725231392214,0.3558755017289372,0.3501979156159259,0.3555547033482154,0.5720746348610247,0.4027598293010359,0.7202267298052741,0.702777752668669,Saudi Arabia,RCB,0.5151515151515151,33,RCB:17 | RB:12 | LB:3 | LCB:1,grid_centered_v2,True,CB,0.5737198878810807,0.08907539631968077
228,33,22,2031.0,20.0,9.0,2.0,0.0,0.0,1261.0,1124.0,3.0,18.0,17.0,26.0,187.0,101.0,4.0,3.0,12.0,17.0,3,0,Armando Obispo,0.9220925652387987,0.8172164536828349,0.3677474041572757,0.08172164536828348,0.0,0.0,51.52549740470274,45.92756469697532,0.12258246805242523,0.7354948083145514,0.6946339856304096,1.0623813897876853,7.640973841934507,4.126943091098316,0.16344329073656697,0.12258246805242523,0.4903298722097009,0.6946339856304096,0.8913560666137986,0.5401069518716578,0.75,0.45,45.715540433566055,0.772269548730279,0.3064561701310631,2.0686195287664537,4.212750818735014,7.398041183152616,4.630218295046525,0.17827121332275975,0.6151806740766802,0.33892921037827606,0.3283211802132447,0.4951944387358957,0.5031848970569472,0.49400743029818317,0.7433731628485997,0.6136119857882895,Curaçao,LCB,0.5714285714285714,21,LCB:12 | RB:6 | RCB:3,grid_centered_v2,True,CB,0.573567254469928,0.10355569220703699
36905,40,34,2990.0,57.0,35.0,17.0,7.0,0.0,855.0,713.0,54.0,35.0,5.0,9.0,235.0,101.0,24.0,5.0,24.0,33.0,4,0,Guus Til,0.933408026755853,1.601465945571079,0.9833562823682063,0.4776301942931288,0.19667125647364125,0.0,24.021989183566184,20.032372266529464,1.5171782642252327,0.9833562823682063,0.14047946890974378,0.25286304403753873,6.602535038757957,2.8376852719768237,0.6743014507667701,0.14047946890974378,0.6743014507667701,0.9271644948043088,0.8339181286549707,0.4297872340425532,0.20833333333333334,0.6140350877192983,34.69220487742952,3.4192702732631637,4.874637571168109,6.4258105250991155,2.430294812138567,5.262121082895213,3.391455184325074,0.16678362573099415,0.4013635255873359,0.5015733653174447,0.6796353928597114,0.8262131537573731,0.3656308124207878,0.3029570376563077,0.31343424853700014,0.4631228998960443,Netherlands,AM,0.5294117647058824,34,AM:18 | CM:16,grid_centered_v2,True,AM,0.5734959298810781,0.08534799901845884
25927,53,39,3430.0,92.0,50.0,16.0,3.0,0.0,508.0,322.0,23.0,15.0,8.0,7.0,424.0,166.0,47.0,18.0,34.0,31.0,4,0,Jean-Philippe Mateta,0.9583673469387756,2.3134931873624085,1.257333254001309,0.40234664128041886,0.07543999524007854,0.0,12.7745058606533,8.09722615576843,0.5783732968406021,0.3771999762003927,0.20117332064020943,0.17602665556018324,10.6621859939311,4.174346403284345,1.1818932587612303,0.4526399714404712,0.85498661272089,0.7795466174808116,0.6338582677165354,0.3915094339622642,0.3829787234042553,0.5434782608695652,22.751730923888577,2.600165169274707,1.860853215921937,6.065996207584314,1.2523039209853037,7.018613266484875,3.002105683321974,0.12677165354330708,0.20734390895529217,0.4495755404033798,0.4461307385601245,0.8066975285355329,0.28422974594551703,0.45816456229307323,0.20345319534284234,0.09334326703631339,France,ST,0.9743589743589743,39,ST:38 | LW:1,grid_centered_v2,False,ST,0.573384734592006,0.07968597258868872
18816,17,13,1062.0,2.0,1.0,0.0,2.0,0.0,581.0,490.0,15.0,27.0,3.0,8.0,103.0,51.0,16.0,7.0,7.0,9.0,3,0,Arthur Masuaku,0.9745480225988701,0.165177630948961,0.0825888154744805,0.0,0.165177630948961,0.0,47.98410179067318,40.46851958249545,1.2388322321172076,2.2298980178109735,0.24776644642344153,0.660710523795844,8.506647993871493,4.212029589198506,1.321421047591688,0.5781217083213636,0.5781217083213636,0.7432993392703247,0.8433734939759037,0.49514563106796117,0.4375,0.5,45.15484761943494,3.9642631427750645,4.005557550512305,1.1156243416642726,5.607780570717226,7.3822783180817915,3.8779015342012215,0.16867469879518074,0.6046658677847232,0.5362210864291894,0.6160550076269972,0.4098916426597452,0.6115787221034579,0.4925145938624366,0.4853668656401248,0.48817463044527376,Congo DR,LB,0.7692307692307693,13,LB:10 | RCB:2 | RB:1,grid_centered_v2,False,FB,0.5733710237777846,0.14320780207890624
280358,29,20,1669.0,23.0,12.0,3.0,1.0,0.0,538.0,407.0,21.0,59.0,1.0,19.0,250.0,125.0,69.0,26.0,26.0,34.0,2,2,Jens Castrop,1.0,1.2402636309167165,0.6470940683043739,0.16177351707609347,0.05392450569203116,0.0,29.01138406231276,21.94727381665668,1.1324146195326543,3.181545835829838,0.05392450569203116,1.0245656081485919,13.481126423007789,6.740563211503894,3.72079089275015,1.40203714799281,1.40203714799281,1.8334331935290593,0.7565055762081785,0.5,0.37681159420289856,0.5217391304347826,34.23259147231051,6.244457759137209,3.1276213301378073,3.2435980931044366,7.835230677052127,10.936788496105452,3.3793557308115174,0.1513011152416357,0.39269054254964236,0.6739383967854582,0.5475388365518458,0.6002180391865112,0.761049236706295,0.7886545232070904,0.309563784314595,0.27481847861678754,South Korea,DM,0.5,20,DM:10 | CM:9 | AM:1,grid_centered_v2,True,DM,0.5731781234684346,0.11423541647611542
283252,44,43,3845.0,60.0,30.0,12.0,5.0,0.0,1785.0,1545.0,61.0,63.0,19.0,41.0,382.0,194.0,90.0,52.0,51.0,31.0,7,0,Zakaria El Ouahdi,0.920332899869961,1.2925351519630144,0.6462675759815072,0.25850703039260287,0.10771126266358451,0.0,38.452920770899674,33.28278016304761,1.314077404495731,1.357161909561165,0.4093027981216212,0.8832323538413931,8.229140467497857,4.179196991347079,1.9388027279445215,1.1201971317012789,1.098654879168562,0.667809828514224,0.865546218487395,0.5078534031413613,0.5777777777777777,0.5,41.57062461808119,5.7151595969297935,3.8776054558890425,3.972830849514933,4.659589222826666,7.374435997309995,4.219128339681289,0.17310924369747901,0.5355433432110336,0.6436417482163055,0.6062848797945855,0.6616181897154878,0.5384399208680025,0.49177192782065354,0.6107368173762339,0.5469320278544348,Morocco,RB,0.9534883720930233,43,RB:41 | RCB:1 | LB:1,grid_centered_v2,False,FB,0.573053622127429,0.07526286833362746
792,23,11,1043.0,11.0,4.0,2.0,0.0,0.0,375.0,308.0,22.0,10.0,2.0,4.0,125.0,43.0,27.0,11.0,15.0,19.0,5,0,Justin Kluivert,1.0,0.9491850431447747,0.3451581975071908,0.1725790987535954,0.0,0.0,32.35858101629914,26.57718120805369,1.8983700862895494,0.862895493767977,0.1725790987535954,0.3451581975071908,10.786193672099712,3.710450623202301,2.329817833173538,0.9491850431447747,1.2943432406519655,1.6395014381591564,0.8213333333333334,0.344,0.4074074074074074,0.36363636363636365,38.89143496324705,6.437200383509108,4.745925215723873,2.5911269938115575,2.4333652924256954,6.226630872483221,3.6144398849472674,0.16426666666666667,0.48281250236101764,0.6846352808029853,0.6705641743409253,0.542407358622321,0.36585608744705395,0.3851346500946379,0.3889999818602805,0.4300874338940637,Netherlands,RW,0.8181818181818182,11,RW:9 | ST:2,grid_centered_v2,False,W,0.572779765899985,0.14450630072486473
307123,60,49,4505.0,52.0,31.0,9.0,6.0,0.0,2456.0,2167.0,40.0,108.0,18.0,36.0,538.0,259.0,89.0,42.0,28.0,74.0,9,0,Nico O'Reilly,1.0,1.0388457269700333,0.6193118756936736,0.17980022197558268,0.11986681465038845,0.0,49.06548279689234,43.29189789123196,0.7991120976692564,2.1576026637069923,0.35960044395116536,0.7192008879023307,10.748057713651498,5.174250832408435,1.7780244173140953,0.8390677025527191,0.5593784683684795,1.4783573806881243,0.882328990228013,0.48141263940520446,0.47191011235955055,0.5961538461538461,45.735916209640386,3.8157602663706993,2.6570477247502775,3.497746094083497,5.7176470588235295,8.688189083587423,4.011886133352269,0.1764657980456026,0.6155608324535391,0.5268006027813444,0.5098794584552336,0.6220903668795356,0.6198004245974098,0.6141655780693449,0.535265496396686,0.5906383660873946,England,LB,0.94,50,LB:47 | RCB:2 | LCB:1,grid_centered_v2,False,FB,0.572422695483494,0.06953149064200337
395075,36,21,1869.0,41.0,24.0,10.0,4.0,0.0,539.0,405.0,29.0,29.0,2.0,13.0,226.0,76.0,32.0,6.0,17.0,29.0,3,0,Mostafa Ziko,0.8800963081861959,1.7375898219406438,1.0171257494286694,0.42380239559527894,0.16952095823811159,0.0,22.842949122585537,17.163997021608797,1.229026947226309,1.229026947226309,0.08476047911905579,0.5509431142738626,9.577934140453303,3.22089820652412,1.3561676659048927,0.25428143735716735,0.7204640725119742,1.229026947226309,0.75139146567718,0.336283185840708,0.1875,0.5853658536585366,31.52216764154561,3.2081841346562614,4.0049326383753865,5.985126921279442,3.4073712605860424,5.518107046655892,3.003561248428308,0.150278293135436,0.3430640533526403,0.4881312603637071,0.6160075106279447,0.8020887291645021,0.43979800739695396,0.32382146428986697,0.20380526389849654,0.2641225603662076,Egypt,ST,0.6190476190476191,21,ST:13 | LW:6 | RW:2,grid_centered_v2,False,ST,0.5722362938693447,0.10795040773287994
49857,29,19,1764.0,26.0,11.0,2.0,3.0,0.0,680.0,526.0,35.0,34.0,2.0,9.0,199.0,98.0,39.0,17.0,34.0,29.0,6,0,İrfan Can Kahveci,0.9231292517006802,1.2245592114396777,0.5180827433014021,0.09419686241843674,0.1412952936276551,0.0,32.0269332222685,24.773774816048864,1.648445092322643,1.6013466611134246,0.09419686241843674,0.42388588088296536,9.372587810634457,4.615646258503401,1.8368388171595165,0.8006733305567123,1.6013466611134246,1.365854505067333,0.7735294117647059,0.49246231155778897,0.4358974358974359,0.4230769230769231,37.04724542878376,5.769557823129251,4.89823684575871,2.325044586123303,3.8338123004303752,7.9392916965781275,3.579684890009584,0.1547058823529412,0.4466667202500727,0.6468141260322045,0.6812842175959526,0.5184063107402723,0.4732482906483851,0.5451527698859151,0.37675213408694147,0.31229167238100497,Türkiye,AM,0.8947368421052632,19,AM:17 | CM:2,grid_centered_v2,False,AM,0.5714882392473302,0.11111677990074317
438688,47,42,3549.0,14.0,5.0,0.0,1.0,0.0,1685.0,1454.0,23.0,89.0,9.0,37.0,390.0,224.0,76.0,47.0,50.0,52.0,9,2,Ayyoub Bouaddi,0.9849422372499296,0.3496836345266022,0.12488701233092937,0.0,0.024977402466185874,0.0,42.086923155523195,36.31714318583426,0.5744802567222751,2.2229888194905425,0.22479662219567287,0.9241638912488773,9.74118696181249,5.594938152425636,1.8982825874301263,1.1739379159107362,1.2488701233092936,1.2988249282416655,0.8629080118694362,0.5743589743589743,0.618421052631579,0.35714285714285715,41.660776230165894,4.593344313531582,1.57357635536971,0.8891275315490155,6.096983941995972,9.555990336472812,4.259173531764125,0.17258160237388726,0.5373104918573898,0.5757636352301299,0.42344997446516575,0.3902041415718865,0.6476387412496718,0.688616627891078,0.6248393379640782,0.5399771182439593,Morocco,CM,0.4523809523809524,42,CM:19 | DM:18 | AM:5,grid_centered_v2,True,CM,0.5711461491406256,0.0783386238269082
44367,36,33,2723.0,19.0,6.0,1.0,4.0,0.0,780.0,612.0,21.0,95.0,5.0,43.0,380.0,211.0,51.0,27.0,55.0,59.0,8,3,Ali Majrashi,0.9044712366517398,0.5679933215844565,0.17936631207930204,0.029894385346550343,0.11957754138620137,0.0,23.317620570309266,18.29536383208881,0.6277820922775571,2.8399666079222823,0.14947192673275173,1.2854585699016645,11.35986643168913,6.307715308122122,1.5246136526740675,0.8071484043568592,1.6441911940602687,1.7637687354464702,0.7846153846153846,0.5552631578947368,0.5294117647058824,0.3157894736842105,31.3638780565789,3.969974374021885,2.2271317083180002,1.1218468670518464,7.847276153469464,10.49659090505518,3.7800987869466116,0.15692307692307694,0.34025754297637556,0.5365829138150453,0.47536469324917924,0.41043692780052976,0.7617413515499614,0.7595194216471807,0.4490703007809719,0.3381308313585145,Saudi Arabia,RB,1.0,35,RB:35,grid_centered_v2,False,FB,0.5709710347604093,0.08943450694195196
7318,43,39,3532.0,17.0,6.0,1.0,4.0,0.0,1649.0,1394.0,36.0,75.0,5.0,29.0,376.0,198.0,124.0,64.0,37.0,41.0,8,2,Amar Dedić,0.9487740656851643,0.4109921632214896,0.14505605760758455,0.024176009601264092,0.09670403840505637,0.0,39.866239832484496,33.701357384162144,0.8703363456455074,1.813200720094807,0.12088004800632049,0.7011042784366588,9.0901796100753,4.786849901050291,2.997825190556748,1.547264614480902,0.8945123552467715,0.9912163936518278,0.845360824742268,0.526595744680851,0.5161290322580645,0.35294117647058826,40.814501234465745,5.882023135987554,2.7077130753415783,1.1023689104019077,4.798937905850923,8.28137709551296,4.019136131042648,0.16907216494845362,0.5206909662025002,0.6533317387093692,0.5139471744980232,0.4087307979325305,0.5493726422769405,0.5770605403136061,0.5379544448482665,0.493451813993595,Bosnia & Herzegovina,RB,1.0,39,RB:39,grid_centered_v2,False,FB,0.5708182091095494,0.07852692478503656
2763,50,30,2897.0,43.0,18.0,10.0,5.0,0.0,1907.0,1698.0,51.0,43.0,6.0,22.0,239.0,103.0,22.0,9.0,10.0,32.0,4,0,Mario Pašalić,1.0,1.3358646876078701,0.5591991715567829,0.3106662064204349,0.15533310321021745,0.0,59.24404556437694,52.75112185018985,1.584397652744218,1.3358646876078701,0.18639972385226095,0.6834656541249569,7.424922333448395,3.1998619261304797,0.6834656541249569,0.27959958577839145,0.3106662064204349,0.9941318605453917,0.8904037755637126,0.4309623430962343,0.4090909090909091,0.4186046511627907,52.08871019855088,3.7062478425957885,4.815326199516741,4.105417793868557,3.976527442181567,5.772693725871374,3.9456312392314925,0.17808075511274254,0.7254214880084509,0.5198409067629991,0.6754716560164425,0.672285198490771,0.48451199390252353,0.34529089756809567,0.5106167921693218,0.6112102472627465,Croatia,CM,0.6333333333333333,30,CM:19 | AM:10 | DM:1,grid_centered_v2,False,CM,0.5702315670404702,0.0867071057951684
51535,38,36,3204.0,6.0,3.0,1.0,0.0,0.0,2019.0,1773.0,6.0,43.0,17.0,34.0,273.0,165.0,9.0,6.0,44.0,34.0,6,0,Sebastián Cáceres,0.9114481897627968,0.153614863443168,0.076807431721584,0.025602477240528002,0.0,0.0,51.69140154862603,45.39319214745614,0.153614863443168,1.100906521342704,0.43524211308897603,0.8704842261779521,6.989476286664144,4.2244087446871195,0.23042229516475202,0.153614863443168,1.126508998583232,0.8704842261779521,0.8781575037147102,0.6043956043956044,0.6666666666666666,0.5,45.5222980166358,1.2237984120972383,0.38403715860792,1.3123502223344417,4.201366515170646,7.72735905574878,4.445670766665492,0.17563150074294206,0.6115683432103843,0.3651603417911254,0.33384201229497423,0.42723140350453903,0.502284780824352,0.525179862292826,0.687468706505079,0.5798801758872395,Uruguay,RCB,0.4473684210526316,38,RCB:17 | RB:17 | LCB:4,grid_centered_v2,True,CB,0.569087720052543,0.08244848578954476
18814,23,18,1754.0,3.0,2.0,2.0,0.0,0.0,1240.0,1120.0,0.0,10.0,15.0,20.0,99.0,56.0,1.0,1.0,7.0,17.0,6,0,Issa Diop,1.0,0.1539338654503991,0.10262257696693274,0.10262257696693274,0.0,0.0,63.625997719498294,57.46864310148233,0.0,0.5131128848346637,0.7696693272519955,1.0262257696693273,5.07981755986317,2.8734321550741164,0.05131128848346637,0.05131128848346637,0.35917901938426455,0.8722919042189282,0.9032258064516129,0.5656565656565656,1.0,0.6666666666666666,51.212344135064555,0.3078677309007982,0.0,2.2979855568225007,3.8226909920182446,5.719774714073459,5.117769596505757,0.1806451612903226,0.7114496171305698,0.31294583828925904,0.3069832687185164,0.5159589032361707,0.4723715425982387,0.34077231826250687,0.8570236593460081,0.643053195152692,Morocco,RCB,0.6666666666666666,18,RCB:12 | RB:6,grid_centered_v2,False,CB,0.5689993362609724,0.11143308221977377
1117,48,41,3486.0,23.0,11.0,6.0,9.0,0.0,2287.0,1865.0,67.0,75.0,14.0,22.0,309.0,178.0,26.0,15.0,33.0,25.0,3,0,Kieran Tierney,0.8753729202524383,0.5197997547110004,0.24859988268786976,0.1355999360115653,0.20339990401734795,0.0,51.68617560974164,42.14898011026155,1.5141992854624793,1.6949992001445664,0.3163998506936524,0.4971997653757395,6.983396704595614,4.022798101676438,0.5875997227167831,0.33899984002891326,0.7457996480636092,0.5649997333815221,0.8154787931788369,0.5760517799352751,0.5769230769230769,0.4782608695652174,46.67414742477961,3.9459581379365507,4.904197685751612,2.3893610629859747,4.393437926774716,7.360072682152838,4.0778580478910555,0.1630957586357674,0.6329063630646129,0.5350611422758633,0.681699972181786,0.5242197832490115,0.5174645481647667,0.49041182156846075,0.5596391161242118,0.41491076638109026,Scotland,LB,0.7,40,RCB:28 | LB:12,public_anchor,False,FB,0.5689461157974268,0.0790433332862751
323935,57,49,3992.0,49.0,21.0,7.0,8.0,0.0,1670.0,1374.0,55.0,85.0,4.0,37.0,529.0,255.0,118.0,53.0,72.0,47.0,5,0,Giuliano Simeone,0.9948522044088176,1.099022600561845,0.4710096859550765,0.15700322865169214,0.17943226131621962,0.0,37.456484549760845,30.817490881060717,1.23359679654901,1.9064677764848335,0.08971613065810981,0.8298742085875157,11.864958279535022,5.7194033294545,2.6466258544142396,1.1887387312199549,1.6148903518459765,1.0541645352327902,0.822754491017964,0.4820415879017013,0.4491525423728814,0.42857142857142855,39.8914739159395,5.999766237761094,4.070869428611733,2.7725822466935015,5.1900781585716524,9.453289424941403,3.7965987671761185,0.1645508982035928,0.5025130553178198,0.6600940898996096,0.6210067368193118,0.5586694949534319,0.5797736376996314,0.6802122109094462,0.45516646908319897,0.43379253813208885,Argentina,CM,0.8571428571428571,49,CM:42 | AM:6 | DM:1,grid_centered_v2,False,CM,0.5687831279165562,0.07386414437091446
191289,29,26,2047.0,28.0,20.0,4.0,1.0,0.0,666.0,485.0,30.0,23.0,0.0,7.0,249.0,91.0,108.0,40.0,25.0,20.0,3,2,Amine Sbai,0.9991792867611138,1.2300595029985377,0.8786139307132413,0.17572278614264825,0.04393069653566206,0.0,29.257843892750934,21.3063878197961,1.3179208960698618,1.0104060203202274,0.0,0.30751487574963443,10.938743437379854,3.9976933847452476,4.744515225851503,1.7572278614264827,1.0982674133915518,0.8786139307132413,0.7282282282282282,0.3654618473895582,0.37037037037037035,0.7142857142857143,34.00757724958335,7.314460973187734,3.536421071120796,4.0644132207111525,2.4337605880756783,6.693156280812021,3.2913610899642296,0.14564564564564564,0.3884686756361445,0.7307934135529189,0.5798335824025777,0.669004587354636,0.3658850937687655,0.427747515137132,0.2822336993744392,0.21912588921337547,Morocco,ST,0.9230769230769231,26,ST:24 | RW:2,grid_centered_v2,False,ST,0.5681445285878046,0.10315018622579988
19077,48,43,3869.0,24.0,14.0,3.0,3.0,0.0,2575.0,2071.0,56.0,75.0,14.0,37.0,363.0,205.0,37.0,25.0,71.0,30.0,7,0,Kenny McLean,0.9251486172137502,0.5164954802744122,0.30128903016007375,0.06456193503430152,0.06456193503430152,0.0,55.415660904442134,44.56925581867948,1.205156120640295,1.6140483758575377,0.30128903016007375,0.796263865423052,7.811994139150484,4.411732227343937,0.796263865423052,0.538016125285846,1.5279657958118027,0.6456193503430152,0.8042718446601942,0.5647382920110193,0.6756756756756757,0.5833333333333334,47.4541557647844,4.278304228273047,3.3679809442893958,2.104966789165182,4.829232740565753,7.87063999431457,4.205413441303863,0.16085436893203886,0.6470713646699041,0.5560497517401393,0.5665934287530983,0.49848568898565254,0.55174352284141,0.5386956740529478,0.6058626546110013,0.3863268939076558,Scotland,AM,0.5,42,AM:21 | CM:12 | DM:9,grid_centered_v2,True,AM,0.5680323666982245,0.07502907164654693
284295,25,13,1203.0,4.0,3.0,1.0,1.0,0.0,801.0,712.0,8.0,35.0,3.0,11.0,140.0,84.0,38.0,26.0,18.0,13.0,5,0,Zidane Iqbal,0.8942726517040733,0.2676127636022165,0.20070957270166231,0.06690319090055412,0.06690319090055412,0.0,53.58945591134385,47.63507192119453,0.535225527204433,2.341611681519394,0.20070957270166231,0.7359350999060952,9.366446726077577,5.619868035646545,2.542321254221056,1.739482963414407,1.204257436209974,0.8697414817072034,0.8888888888888888,0.6,0.6842105263157895,0.75,47.407928436735816,5.914242075608984,1.7060313679641301,2.31621892898676,5.907551756518928,9.66781524990516,4.513110739942956,0.17777777777777778,0.6462387549548478,0.6551884747172009,0.4338733313617687,0.5176081480316352,0.6338486371478004,0.6976283212497051,0.7086636074323078,0.6073784986453297,Iraq,AM,0.9230769230769231,13,AM:12 | CM:1,grid_centered_v2,False,AM,0.5679262768427001,0.1345538485314094
291024,36,23,2189.0,24.0,15.0,4.0,2.0,0.0,630.0,505.0,34.0,20.0,2.0,11.0,287.0,151.0,84.0,40.0,62.0,17.0,2,0,Hélio Varela,0.8739013248058476,0.8623238289541483,0.5389523930963427,0.14372063815902472,0.07186031907951236,0.0,22.636000510046394,18.14473056757687,1.2216254243517102,0.7186031907951237,0.07186031907951236,0.395231754937318,10.311955787910025,5.425454090503183,3.0181334013395196,1.4372063815902474,2.227669891464883,0.6108127121758551,0.8015873015873016,0.5261324041811847,0.47619047619047616,0.625,32.66913361790684,6.905776663541139,3.4492953158165935,3.1542984556070772,2.162995604293322,9.17403293924801,3.824286357396818,0.16031746031746033,0.3637191075010499,0.7098247975691967,0.5729981945093304,0.5924318995849988,0.34625381317406345,0.6567713183565809,0.4654254099400933,0.3795867389873086,Cape Verde Islands,AM,1.0,22,AM:22,grid_centered_v2,False,AM,0.5678909009801827,0.09974842727441167
6716,63,51,4617.0,59.0,26.0,6.0,8.0,0.0,2604.0,2287.0,60.0,106.0,15.0,42.0,466.0,218.0,48.0,21.0,64.0,60.0,9,0,Alexis Mac Allister,0.9964262508122157,1.1459873060023533,0.5050113551874779,0.11654108196634103,0.1553881092884547,0.0,50.578829573392,44.421575742836986,1.1654108196634103,2.0588924480720245,0.2913527049158526,0.8157875737643872,9.051357366052486,4.23432597811039,0.9323286557307282,0.4078937868821936,1.2431048743076376,1.1654108196634103,0.8782642089093702,0.4678111587982833,0.4375,0.4406779661016949,47.04790017008748,3.7390263797534415,3.768161650245027,2.520700485196587,5.658069529465856,7.331489845749395,3.9553163291290363,0.17565284178187404,0.6397241509008033,0.5219249679686446,0.597859683754622,0.5360693125886444,0.6153502216763701,0.48770566735225374,0.5142260168599412,0.580156361043101,Argentina,CM,0.5882352941176471,51,CM:30 | DM:17 | AM:4,grid_centered_v2,True,CM,0.5677598377365087,0.06868295951599089
375608,18,18,1539.0,10.0,5.0,1.0,1.0,0.0,609.0,450.0,18.0,32.0,4.0,28.0,212.0,113.0,47.0,24.0,31.0,24.0,5,0,Moutaz Neffati,0.8500000000000001,0.4970760233918129,0.24853801169590645,0.04970760233918129,0.04970760233918129,0.0,30.271929824561404,22.36842105263158,0.8947368421052632,1.5906432748538013,0.19883040935672516,1.391812865497076,10.538011695906432,5.616959064327485,2.3362573099415207,1.192982456140351,1.54093567251462,1.192982456140351,0.7389162561576355,0.5330188679245284,0.5106382978723404,0.5,33.884748509204044,5.363450292397661,2.5102339181286553,1.7456140350877194,5.865497076023392,9.462799293832063,3.6231247834005202,0.1477832512315271,0.3861710785412722,0.622835852573667,0.49808690649613785,0.4659973810781708,0.6307562544722983,0.6809954867423695,0.3920832738057422,0.2391757681676315,Tunisia,RB,0.9583333333333334,24,RB:23 | RCB:1,grid_centered_v2,False,FB,0.567666220155198,0.11896237549589253
375930,39,32,2898.0,51.0,25.0,11.0,7.0,0.0,591.0,411.0,30.0,43.0,3.0,11.0,328.0,160.0,16.0,7.0,35.0,37.0,5,0,Keisuke Goto,0.9203588681849553,1.4577112508519476,0.7145643386529155,0.31440830900728284,0.20007801482281637,0.0,16.892300965754924,11.747437727453931,0.8574772063834986,1.2290506624830149,0.08574772063834987,0.31440830900728284,9.375084123126252,4.573211767378659,0.45732117673786593,0.20007801482281637,1.0003900741140817,1.0575552212063148,0.6954314720812182,0.4878048780487805,0.4375,0.49019607843137253,26.70227664938717,2.543849045604379,3.244122097484236,4.49604870303509,2.9354303031861773,7.865911108476464,3.3320276858072715,0.13908629441624365,0.26316095462090255,0.4460278035819294,0.5567954217278318,0.7026673104137374,0.4034175985228159,0.5382503910452795,0.2946819954227876,0.16530914024241145,Japan,ST,0.78125,32,ST:25 | RW:7,grid_centered_v2,False,ST,0.5676529533665564,0.08669214468630106
48648,43,28,2422.0,35.0,19.0,4.0,1.0,0.0,586.0,460.0,27.0,49.0,5.0,21.0,331.0,155.0,84.0,34.0,50.0,33.0,2,0,Dan Ndoye,0.9745995045417013,1.2675427082189759,0.6880946130331582,0.14486202379645435,0.03621550594911359,0.0,21.222286486180565,16.65913273659225,0.977818660626067,1.7745597915065658,0.18107752974556793,0.7605256249313854,11.987332469156598,5.613403422112607,3.0421024997255417,1.231327202269862,1.8107752974556794,1.1951116963207484,0.7849829351535836,0.46827794561933533,0.40476190476190477,0.5428571428571428,31.13023961887298,5.743779243529415,2.643731934285292,3.2079429343323422,4.914444157294714,9.263598627815655,3.5677139441510457,0.15699658703071673,0.3361355264628314,0.6453123714775286,0.5088101483735974,0.597115057802036,0.5583992480004993,0.6643800077405405,0.3725688335938008,0.3390053937010325,Switzerland,RW,0.5714285714285714,28,RW:16 | ST:8 | LW:4,grid_centered_v2,True,W,0.5674174722028555,0.0948291522977829
147812,34,18,1627.0,21.0,11.0,3.0,2.0,0.0,917.0,780.0,14.0,43.0,2.0,24.0,207.0,98.0,28.0,13.0,16.0,39.0,7,0,Ayman Yahya,0.904941610325753,1.0512228909131367,0.550640561906881,0.15017469870187666,0.1001164658012511,0.0,45.90339956987363,39.045421662487925,0.7008152606087577,2.1525040147268983,0.1001164658012511,1.2013975896150133,10.362054210429488,4.905706824261303,1.4016305212175153,0.650757027708132,0.8009317264100088,1.9522710831243966,0.8505997818974919,0.47342995169082125,0.4642857142857143,0.5238095238095238,43.32315487509794,3.2888259015710983,2.302678713428775,3.019913423903694,6.387430518119821,8.288279409038289,3.846003816381884,0.1701199563794984,0.5696832900561827,0.49326561263239344,0.4814221279504044,0.5806278797019387,0.6683068562444061,0.577698690331609,0.4734932322741849,0.5073673275833077,Saudi Arabia,DM,0.6842105263157895,19,DM:13 | CM:5 | AM:1,grid_centered_v2,False,DM,0.567373820805561,0.11570048014736443
407806,51,48,4318.0,93.0,53.0,21.0,3.0,0.0,1037.0,845.0,56.0,40.0,3.0,25.0,500.0,246.0,106.0,52.0,65.0,40.0,6,0,Rayan,0.9309935155164429,1.8046354156722157,1.0284481401142735,0.4074983196679197,0.05821404566684567,0.0,20.122655118839656,16.396956196161533,1.0866621857811192,0.7761872755579423,0.05821404566684567,0.4851170472237139,9.70234094447428,4.773551744681345,2.056896280228547,1.0090434582253252,1.261304322781656,0.7761872755579423,0.8148505303760849,0.492,0.49056603773584906,0.5698924731182796,31.599782434442208,5.109252741360156,3.036832715620449,5.8395988997399,2.431406640685254,8.158972442553882,3.8697007421961898,0.162970106075217,0.3444442146729666,0.6075062544866456,0.540302011173537,0.7935875956684865,0.3657123782832406,0.5657028349672968,0.48231207968435563,0.4132911482044764,Brazil,AM,0.98,50,AM:49 | CM:1,grid_centered_v2,False,AM,0.5672881536293789,0.07102113666162763
237078,47,39,3709.0,23.0,9.0,4.0,2.0,0.0,2285.0,2023.0,64.0,79.0,13.0,35.0,342.0,169.0,58.0,25.0,47.0,39.0,5,0,Pedro Vite,0.9193664060393639,0.5131001511192999,0.20077832000320434,0.08923480889031303,0.044617404445156515,0.0,50.97538457859132,45.13050459627581,1.4277569422450085,1.7623874755836824,0.2900131288935174,0.780804577790239,7.629576160121763,3.770170675615726,1.293904728909539,0.5577175555644565,1.048509004461178,0.870039386680552,0.8853391684901531,0.49415204678362573,0.43103448275862066,0.391304347826087,47.92791615710994,4.488510887182745,3.814788080060882,1.7775768147791644,5.052921053413975,6.760695086212893,4.00260682646006,0.17706783369803064,0.6555522294734412,0.5692271319399483,0.6014564585213625,0.4688794587432618,0.5691698149400947,0.4340226754230032,0.5318209260485715,0.5983486364797512,Ecuador,AM,0.5365853658536586,41,AM:22 | CM:17 | DM:2,grid_centered_v2,True,AM,0.5672294928228768,0.07663029916467379
18979,59,44,3863.0,78.0,43.0,22.0,5.0,0.0,555.0,357.0,41.0,10.0,4.0,2.0,390.0,133.0,54.0,13.0,61.0,60.0,7,0,Viktor Gyökeres,1.0,1.8172404866683924,1.0018120631633445,0.5125550090603158,0.11648977478643541,0.0,12.93036500129433,8.317369919751489,0.9552161532487703,0.23297954957287081,0.09319181982914833,0.046595909914574164,9.086202433341962,3.098628009319182,1.2580895676935024,0.30287341444473204,1.421175252394512,1.3978772974372249,0.6432432432432432,0.34102564102564104,0.24074074074074073,0.5512820512820513,23.810177638161072,3.187160238156873,3.028734144447321,6.605541063475311,0.615066010872379,5.361156136123777,2.7092647572999624,0.12864864864864864,0.22139125051742842,0.48679306488095936,0.539655596080025,0.8353631801408136,0.24506300509294995,0.31093914354865226,0.141651636986021,0.10213157121602752,Sweden,ST,0.9318181818181818,44,ST:41 | RW:3,grid_centered_v2,False,ST,0.5665339135940765,0.07508731650327818
306380,36,35,2816.0,40.0,18.0,6.0,12.0,0.0,2215.0,1875.0,93.0,53.0,0.0,16.0,216.0,100.0,43.0,16.0,21.0,21.0,0,0,Musab Al Juwayr,0.9212144886363639,1.1776889769498973,0.5299600396274537,0.17665334654248457,0.35330669308496915,0.0,65.21452709860054,55.204170794526426,2.7381268714085105,1.5604378944586135,0.0,0.4710755907799588,6.359520475529444,2.944222442374743,1.2660156502211393,0.4710755907799588,0.618286712898696,0.618286712898696,0.8465011286681715,0.46296296296296297,0.37209302325581395,0.45,55.98531915389155,6.415460701934564,8.788503990488607,3.0551708278183116,3.750939391585422,5.510800308213529,3.768243640352355,0.16930022573363432,0.7822234615683311,0.683438241102871,0.8818150587039049,0.5837343202645011,0.4667193373572984,0.3232155728657231,0.4446995558269787,0.49648052606794446,Saudi Arabia,ST,0.5625,32,ST:18 | RW:13 | LW:1,grid_centered_v2,True,ST,0.5651102378248009,0.08794529549668931
162451,33,22,2066.0,5.0,2.0,0.0,1.0,0.0,1142.0,1010.0,16.0,58.0,5.0,21.0,220.0,128.0,26.0,15.0,32.0,31.0,4,1,Anass Salah-Eddine,0.9470425943852856,0.20627742859311643,0.08251097143724656,0.0,0.04125548571862328,0.0,47.113764690667786,41.66804057580951,0.6600877714979725,2.39281817168015,0.20627742859311643,0.8663652000910889,9.076206858097123,5.28070217198378,1.0726426286842055,0.6188322857793492,1.320175542995945,1.2789200572773216,0.8844133099824869,0.5818181818181818,0.5769230769230769,0.4,44.631702403358624,3.395326474642696,1.8771246001973592,0.9155153600121452,6.266708280658875,9.138437586231836,4.2643217915453295,0.17688266199649738,0.5947668970170148,0.5000483600359638,0.4474230400724635,0.3924808154355976,0.6597893651624196,0.6537246866226695,0.6266376626652207,0.5959821296311288,Morocco,LB,0.8181818181818182,22,LB:18 | RCB:4,grid_centered_v2,False,FB,0.5642828459490821,0.10267477956236408
332056,35,32,2816.0,7.0,4.0,0.0,7.0,0.0,1194.0,1027.0,38.0,72.0,14.0,35.0,284.0,152.0,53.0,15.0,39.0,34.0,5,1,Wagner Pina,0.9154936079545457,0.20481568643869452,0.11703753510782544,0.0,0.20481568643869452,0.0,34.935704229685896,30.049387138934186,1.111856583524342,2.106675631940858,0.40963137287738904,1.0240784321934726,8.309664992655605,4.447426334097368,1.550747340178687,0.43889075665434546,1.1411159673012983,0.9948190484165164,0.8601340033500837,0.5352112676056338,0.2830188679245283,0.5714285714285714,39.44813015415943,3.6691267256303277,3.906127734223675,1.3067096920080985,6.290767512045617,7.832030670553215,3.6544019571583766,0.17202680067001674,0.4937766080887763,0.5174799139100819,0.6084704550193063,0.4267315235520546,0.6614953310624269,0.5350583863521657,0.4032571279049419,0.5326474240885907,Cape Verde Islands,RB,1.0,32,RB:32,grid_centered_v2,False,FB,0.5637359941773149,0.08794529549668931
2860,20,8,924.0,3.0,1.0,0.0,2.0,0.0,299.0,245.0,13.0,14.0,2.0,7.0,168.0,68.0,43.0,25.0,8.0,17.0,4,0,Ken Sema,0.896590909090909,0.26199085005903183,0.0873302833530106,0.0,0.1746605667060212,0.0,26.111754722550174,21.3959194214876,1.1352936835891378,1.2226239669421486,0.1746605667060212,0.6113119834710743,14.671487603305783,5.9384592680047215,3.7552021841794563,2.183257083825265,0.6986422668240848,1.4846148170011804,0.8193979933110368,0.40476190476190477,0.5813953488372093,0.3333333333333333,34.50582682510177,7.850992473435653,3.7988673258559613,0.7889290633608814,3.615473730814639,9.528128689492323,3.9575401810402737,0.16387959866220736,0.3978387584183298,0.7568232504921228,0.6002295371805971,0.38160349888867096,0.45607249238284325,0.6863485521454157,0.5150545569557848,0.42505444727819236,Sweden,AM,0.7142857142857143,14,AM:10 | DM:4,grid_centered_v2,False,AM,0.5635824613805419,0.15352989471574768
375,30,25,2531.0,11.0,6.0,0.0,2.0,0.0,1484.0,1311.0,13.0,34.0,12.0,29.0,187.0,122.0,8.0,4.0,27.0,15.0,5,0,Chancel Mbemba,0.9581825365468195,0.37479285309417276,0.20443246532409423,0.0,0.06814415510803142,0.0,50.56296309015931,44.66849367331459,0.44293700820220416,1.1584506368365342,0.40886493064818846,0.9880902490664555,6.3714785026009375,4.156793461589916,0.27257662043212566,0.13628831021606283,0.9199460939584241,0.5110811633102356,0.883423180592992,0.6524064171122995,0.5,0.5454545454545454,45.7247869218009,1.5979804372833366,1.4821353735996832,1.3771145423628228,4.51114306815168,7.7767300975627816,4.212057205855573,0.17668463611859841,0.615353206681351,0.3875298267898134,0.4162931284622264,0.4329814102549364,0.526752888106202,0.5298422522613818,0.6082264906798976,0.5934463983558567,Congo DR,RCB,0.68,25,RCB:17 | RB:6 | LCB:2,grid_centered_v2,False,CB,0.563312019746269,0.09276472578550138
327895,36,28,2499.0,35.0,17.0,5.0,4.0,0.0,1209.0,1063.0,33.0,62.0,3.0,7.0,261.0,135.0,53.0,28.0,28.0,35.0,6,0,Paul Wanner,0.9270428171268509,1.1685413661262827,0.567577234975623,0.16693448087518326,0.13354758470014658,0.0,40.36475747561931,35.490270634063954,1.1017675737762094,2.069987562852272,0.10016068852510994,0.23370827322525653,8.713979901684564,4.507230983629947,1.7695054972769424,0.9348330929010261,0.9348330929010261,1.1685413661262827,0.8792390405293631,0.5172413793103449,0.5283018867924528,0.4857142857142857,42.34865202481518,4.787680911500256,3.4889306502913295,3.1015125473959095,4.303570916962224,7.86184751501296,4.141693280513221,0.17584780810587264,0.5507601851384561,0.5878093367028361,0.5761113774596028,0.5878072407758087,0.5103644928913299,0.5378677047434196,0.5829539471604143,0.5826771741609494,Austria,CM,0.5714285714285714,28,CM:16 | DM:10 | AM:2,grid_centered_v2,True,CM,0.5626571523218988,0.09335676833780071
304951,26,21,1995.0,7.0,1.0,0.0,0.0,0.0,1365.0,1156.0,20.0,37.0,15.0,34.0,243.0,136.0,22.0,11.0,30.0,23.0,6,0,Gi-Hyuk Lee,0.8703007518796994,0.2748318163830629,0.03926168805472328,0.0,0.0,0.0,53.592204194697274,45.38651139126011,0.7852337610944655,1.4526824580247613,0.5889253208208491,1.3348973938605915,9.540590197297757,5.339589575442366,0.8637571372039121,0.43187856860195606,1.1778506416416983,0.9030188252586354,0.8468864468864469,0.5596707818930041,0.5,0.14285714285714285,46.85912058196388,3.0820425122957773,1.9630844027361638,0.3406806489908983,5.932441065068687,9.154437751298325,4.015729370839074,0.16937728937728938,0.6362873837766871,0.4801054215946916,0.4542615050615336,0.34409218211139014,0.6356736447846328,0.6550957302928616,0.5366911784199552,0.49750402264744276,South Korea,RB,0.7931034482758621,29,RB:23 | RCB:6,grid_centered_v2,False,FB,0.5622899221310133,0.10448585183211509
200139,38,28,2462.0,56.0,22.0,8.0,4.0,0.0,623.0,443.0,36.0,47.0,1.0,8.0,291.0,115.0,55.0,21.0,19.0,35.0,5,0,Mohamed Amoura,0.9879447603574331,2.0224376897650136,0.7945290924076838,0.2889196699664305,0.14445983498321524,0.0,22.499619298635775,15.998926724391088,1.300138514848937,1.697403061052779,0.03611495874580381,0.2889196699664305,10.509452995028909,4.1532202557674385,1.9863227310192095,0.7584141336618799,0.6861842161702724,1.2640235561031332,0.7110754414125201,0.3951890034364261,0.38181818181818183,0.39285714285714285,30.501991749396975,4.579376768967922,4.044875379530026,4.209412374816487,3.672891304448248,7.000075368383692,3.2329904891028676,0.14221508828250404,0.3251758420519652,0.5748942172844858,0.6190389095505023,0.6805297698032436,0.4605808629062531,0.45642140615001503,0.2649355214390792,0.18953696129677525,Algeria,ST,0.7142857142857143,28,ST:20 | LW:7 | RW:1,grid_centered_v2,False,ST,0.5619519000420996,0.09405565526628944
35576,45,40,3543.0,30.0,12.0,5.0,5.0,0.0,2259.0,2014.0,37.0,96.0,11.0,34.0,505.0,278.0,109.0,57.0,98.0,55.0,8,0,Orbelín Pineda,0.8512277730736666,0.6486917830366637,0.2594767132146655,0.10811529717277729,0.10811529717277729,0.0,48.846491262660784,43.548841701194696,0.800053199078552,2.075813705717324,0.23785365378011003,0.7351840207748856,10.919645014450506,6.011210522806417,2.356913478366545,1.2325143877696612,2.119059824586435,1.1892682689005503,0.8915449313855688,0.5504950495049505,0.5229357798165137,0.4,45.86965075099368,5.580911640058764,2.594767132146655,2.0281897758827503,5.468471730999076,10.067179880443835,4.186748221809152,0.17830898627711378,0.6180524461791839,0.6357590519714807,0.5048774649219265,0.49153401989270584,0.6010622757810076,0.7285633580701381,0.5991953720394321,0.6140876626202629,Mexico,AM,0.7727272727272727,44,AM:34 | CM:5 | DM:5,grid_centered_v2,False,AM,0.5617493439773487,0.07840492821781017
405957,27,19,1850.0,21.0,10.0,5.0,3.0,0.0,835.0,660.0,30.0,25.0,5.0,8.0,187.0,92.0,42.0,21.0,33.0,22.0,5,0,Lachlan Bayliss,0.8499999999999999,0.8683783783783783,0.4135135135135134,0.2067567567567567,0.12405405405405402,0.0,34.52837837837837,27.291891891891886,1.2405405405405403,1.0337837837837835,0.2067567567567567,0.3308108108108107,7.732702702702701,3.804324324324323,1.7367567567567566,0.8683783783783783,1.3645945945945943,0.9097297297297295,0.7904191616766467,0.4919786096256685,0.5,0.47619047619047616,37.779330393267514,5.086216216216216,3.783648648648648,3.1853539253539243,2.7498648648648643,6.801989882931057,3.790480131340152,0.15808383233532936,0.46096951754687493,0.6061059802918575,0.5990555438874176,0.5951451442338991,0.3893762486278176,0.4378700347664656,0.4529041790565411,0.35206651502303404,New Zealand,AM,0.9473684210526315,19,AM:18 | DM:1,grid_centered_v2,False,AM,0.5615898527978884,0.10850333162153583
529,38,29,2565.0,19.0,2.0,0.0,3.0,0.0,1370.0,1185.0,18.0,59.0,8.0,36.0,297.0,169.0,12.0,6.0,62.0,54.0,12,3,Nicolás Tagliafico,0.9720389863547757,0.6480259909031838,0.06821326220033513,0.0,0.1023198933005027,0.0,46.72608460722957,40.41635785369857,0.6139193598030162,2.012291234909887,0.27285304880134054,1.2278387196060323,10.129669436749767,5.764020655928319,0.4092795732020108,0.2046397866010054,2.1146111282103894,1.8417580794090487,0.864963503649635,0.569023569023569,0.5,0.10526315789473684,43.87866438410022,2.6739598782531377,2.0975578126603054,0.30602488286994284,6.377940015731336,9.776699625370354,4.007641044030426,0.172992700729927,0.5803834957045697,0.4542320927726476,0.4649931676079306,0.341264657264725,0.6676411448767806,0.7062592873341591,0.5336900747992704,0.5453973390162328,Argentina,LB,0.8275862068965517,29,LB:24 | RCB:5,grid_centered_v2,False,FB,0.5611101374722655,0.092147859824173
45307,45,19,2106.0,32.0,13.0,5.0,3.0,0.0,496.0,264.0,22.0,21.0,5.0,9.0,503.0,201.0,21.0,12.0,25.0,49.0,4,0,Lyndon Dykes,0.9243684710351376,1.264093635603607,0.5135380394639654,0.19751463056306362,0.11850877833783817,0.0,19.59345135185591,10.428772493729758,0.86906437447748,0.8295614483648671,0.19751463056306362,0.3555263350135145,19.8699718346442,7.940088148635156,0.8295614483648671,0.4740351133513527,0.987573152815318,1.9356433795180235,0.532258064516129,0.3996023856858847,0.5714285714285714,0.40625,23.861633470193343,3.2431902338455045,2.82445921705181,3.11157029975406,2.4215293707031598,12.314930565146872,2.896464138290792,0.1064516129032258,0.22209121511320176,0.4903598074154005,0.5233123304702666,0.5886896397064679,0.3649880331526441,0.8628306631878044,0.17910537325945622,0.03379652165112063,Scotland,ST,0.5789473684210527,19,ST:11 | RW:8,grid_centered_v2,True,ST,0.5610483696472546,0.10169503597462536
344862,27,14,1481.0,32.0,16.0,3.0,0.0,0.0,309.0,185.0,15.0,7.0,2.0,5.0,255.0,124.0,27.0,13.0,35.0,25.0,6,0,Hazem Mastouri,0.8717285617825793,1.6951912612652453,0.8475956306326227,0.15892418074361675,0.0,0.0,16.369190616592526,9.8003244791897,0.7946209037180837,0.3708230884017724,0.10594945382907783,0.2648736345726946,13.508555363207423,6.568866137402826,1.4303176266925508,0.6886714498890059,1.8541154420088621,1.324368172863473,0.598705501618123,0.48627450980392156,0.48148148148148145,0.5,23.923015125355878,4.079053972419496,1.9865522592952092,3.4580273288346057,1.3137732274805651,10.65523612177572,3.050696272422588,0.1197411003236246,0.22292826906353566,0.5434856769016903,0.4561315855565839,0.6187022271970978,0.28820146576755307,0.7703265649560403,0.21545122236598416,0.06617476205295382,Tunisia,ST,1.0,9,ST:9,grid_centered_v2,False,ST,0.561005004285041,0.12126945015481343
387521,31,30,2717.0,30.0,11.0,6.0,0.0,0.0,1713.0,1435.0,13.0,24.0,30.0,45.0,335.0,227.0,12.0,10.0,37.0,33.0,6,0,Luka Vušković,1.0,0.9937430990062569,0.3643724696356275,0.19874861980125139,0.0,0.0,56.742730953257265,47.53404490246595,0.43062200956937796,0.7949944792050055,0.9937430990062569,1.4906146485093852,11.096797938903201,7.5193227824806765,0.39749723960250277,0.3312476996687523,1.2256164887743835,1.0931174089068825,0.837711617046118,0.6776119402985075,0.8333333333333334,0.36666666666666664,47.33826337425748,2.216047110783953,1.076555023923445,2.833443749233223,5.505336768494663,12.559887716368468,4.615586043068265,0.1675423234092236,0.6449823276287603,0.4254974284398198,0.3850107325594113,0.5640976319276417,0.603854743282328,0.8734501482486661,0.7391875795303428,0.4731584167570023,Croatia,RB,0.9666666666666667,30,RB:29 | RCB:1,grid_centered_v2,False,FB,0.5596690950739459,0.08953320239991311
351014,31,27,2513.0,27.0,9.0,2.0,1.0,0.0,1284.0,1092.0,31.0,58.0,12.0,27.0,288.0,160.0,37.0,24.0,26.0,36.0,4,0,Junnosuke Suzuki,0.8867091126144052,0.8574226596311202,0.2858075532103734,0.06351278960230519,0.031756394801152596,0.0,40.77521092467993,34.677983122858635,0.9844482388357305,1.8418708984668508,0.38107673761383115,0.8574226596311202,9.145841702731948,5.081023168184415,1.174986607642646,0.7621534752276623,0.8256662648299675,1.1432302128414935,0.8504672897196262,0.5555555555555556,0.6486486486486487,0.3333333333333333,41.579423636768084,4.090223650388454,2.6357807684956653,1.5748995579796308,5.449397347877786,8.780099102124847,4.274966886781161,0.17009345794392525,0.5357158612885733,0.5441916187030084,0.5081715995766789,0.4506471433341947,0.5996148248440701,0.6223841935345097,0.630344942223616,0.5070154568946543,Japan,RB,0.8275862068965517,29,RB:24 | RCB:5,grid_centered_v2,False,FB,0.5593224447531145,0.09309635843490352
74,35,27,2369.0,9.0,3.0,2.0,0.0,0.0,1628.0,1473.0,17.0,44.0,9.0,19.0,216.0,106.0,22.0,10.0,32.0,48.0,8,0,Sofyan Amrabat,0.9792992823976363,0.3348385051676173,0.11161283505587244,0.07440855670391495,0.0,0.0,60.56856515698678,54.80190201243337,0.6324727319832771,1.636988247486129,0.3348385051676173,0.706881288687192,8.036124124022816,3.943653505307493,0.8184941237430645,0.3720427835195748,1.1905369072626393,1.785805360893959,0.9047911547911548,0.49074074074074076,0.45454545454545453,0.3333333333333333,51.14057865438947,2.6638263300001555,1.5811818299581928,1.4181930893762078,4.728663778533795,6.993337129652712,4.03838272737564,0.18095823095823096,0.7102869073601837,0.4535921582164763,0.42404672807725374,0.43663798976371804,0.5438645119015193,0.45578805804775757,0.545081691111283,0.646861765875522,Morocco,DM,0.5555555555555556,27,DM:15 | CM:9 | AM:3,grid_centered_v2,True,DM,0.5590271024722558,0.09588405831129586
7328,41,39,3367.0,15.0,8.0,0.0,2.0,0.0,1758.0,1569.0,18.0,83.0,13.0,64.0,222.0,135.0,11.0,8.0,8.0,22.0,3,0,Nicolas Seiwald,1.0,0.40095040095040096,0.21384021384021384,0.0,0.05346005346005346,0.0,46.99138699138699,41.93941193941194,0.48114048114048114,2.2185922185922187,0.34749034749034746,1.7107217107217108,5.934065934065934,3.6085536085536085,0.294030294030294,0.21384021384021384,0.21384021384021384,0.588060588060588,0.8924914675767918,0.6081081081081081,0.7272727272727273,0.5333333333333333,44.4206917978249,1.5075735075735075,1.496881496881497,1.366042966042966,7.797148797148798,6.876299376299376,4.629009441808076,0.17849829351535837,0.5907517417523062,0.38207741255158817,0.41744496798728886,0.4319971117039754,0.7588520489815943,0.4448118680295007,0.7430290401739144,0.6164683221286613,Austria,CM,0.7948717948717948,39,CM:31 | DM:6 | AM:2,grid_centered_v2,False,CM,0.5587807000265436,0.08042802041991627
266345,50,46,4139.0,14.0,5.0,1.0,1.0,0.0,2398.0,2162.0,25.0,79.0,14.0,42.0,303.0,175.0,26.0,17.0,58.0,45.0,9,0,Erik Lira,0.9126141580091811,0.27781924114316703,0.09922115755113106,0.019844231510226216,0.019844231510226216,0.0,47.586467161522464,42.90322852510908,0.4961057877556554,1.567694289307871,0.27781924114316703,0.833457723429501,6.012802147598543,3.4727405142895877,0.5159500192658816,0.3373519356738457,1.1509654275931205,0.8929904179601796,0.9015846538782318,0.5775577557755776,0.6538461538461539,0.35714285714285715,44.94573814515222,2.311852970941354,1.3494077426953828,1.0119491869391075,4.794366332870653,6.594509987332155,4.492053234370305,0.18031693077564637,0.6007188888088643,0.431474516073068,0.40596811292433677,0.40084003558768433,0.5490146724710653,0.41862424423433026,0.7021367854159895,0.6390406886323611,Mexico,RCB,0.7959183673469388,49,RCB:39 | RB:9 | LCB:1,grid_centered_v2,False,CB,0.5584164155951822,0.07254061354630797
36902,50,34,3015.0,72.0,31.0,7.0,8.0,0.0,1511.0,1359.0,50.0,18.0,2.0,20.0,209.0,84.0,71.0,34.0,24.0,31.0,2,0,Tijjani Reijnders,1.0,2.1492537313432836,0.9253731343283582,0.208955223880597,0.23880597014925373,0.0,45.1044776119403,40.56716417910448,1.492537313432836,0.5373134328358209,0.05970149253731343,0.5970149253731343,6.2388059701492535,2.5074626865671643,2.1194029850746268,1.0149253731343284,0.7164179104477612,0.9253731343283582,0.899404367968233,0.4019138755980861,0.4788732394366197,0.4305555555555556,45.76719875144463,5.5820895522388065,5.044776119402985,3.8282752902155885,2.2268656716417907,4.716189387988289,4.096622818367696,0.1798808735936466,0.6161442076466419,0.6358285410101071,0.6914201451158692,0.6497984441064942,0.3508405353170624,0.26112961940122614,0.5665248095234947,0.6336799506784527,Netherlands,CM,0.7297297297297297,37,CM:27 | DM:9 | AM:1,grid_centered_v2,False,CM,0.5584135910681448,0.08499341502148813
82090,36,22,2042.0,51.0,26.0,13.0,4.0,0.0,405.0,283.0,20.0,18.0,3.0,18.0,254.0,103.0,39.0,17.0,33.0,24.0,0,0,Brandon Thomas-Asante,0.9263467189030361,2.082238707034738,1.061533458488298,0.530766729244149,0.16331283976743047,0.0,16.53542502645233,11.554383413545706,0.8165641988371523,0.7349077789534371,0.12248462982557284,0.7349077789534371,10.370365325231834,4.205305624011334,1.5923001877324467,0.6940795690115794,1.347330928081301,0.9798770386045828,0.6987654320987654,0.40551181102362205,0.4358974358974359,0.5098039215686274,26.54320546204699,3.8786799444764735,2.9396311158137483,6.751888518974065,2.927382652831191,7.103963306686733,3.3141089582821457,0.1397530864197531,0.2607367828656084,0.5307947206214132,0.532535197817965,0.8425246618498687,0.4028051739305645,0.4662027652669707,0.28915761455228145,0.17025520197421026,Ghana,RW,0.5909090909090909,22,RW:13 | ST:6 | LW:3,grid_centered_v2,True,W,0.5581953879546688,0.10327639474752695
47315,57,48,4298.0,25.0,11.0,6.0,3.0,0.0,2709.0,2365.0,42.0,88.0,12.0,51.0,381.0,211.0,24.0,12.0,20.0,58.0,8,0,Martín Zubimendi,1.0,0.5234993020009306,0.2303396928804095,0.12563983248022337,0.06281991624011168,0.0,56.72638436482085,49.52303396928804,0.8794788273615636,1.842717543043276,0.25127966496044674,1.0679385760818987,7.978129362494184,4.418334108887855,0.5025593299208935,0.25127966496044674,0.41879944160074456,1.2145183806421591,0.873015873015873,0.5538057742782152,0.5,0.44,49.111227444289334,2.4206607724523033,2.544206607724523,2.2075942298743603,5.729176361098186,7.847085075277642,4.079916394815468,0.17460317460317462,0.6762982454101665,0.4382869574496011,0.5008159906703309,0.5077783927079905,0.6206593225980206,0.5364770892229149,0.5603955932122425,0.5665158838958344,Spain,CM,0.6458333333333334,48,CM:31 | DM:17,grid_centered_v2,False,CM,0.5581777218257848,0.07118618716695682
158054,55,38,3318.0,42.0,22.0,12.0,4.0,0.0,723.0,562.0,41.0,35.0,5.0,9.0,431.0,167.0,55.0,24.0,46.0,37.0,1,0,Nick Woltemade,0.9959312839059674,1.1346052601460388,0.5943170410288775,0.3241729314702968,0.10805764382343226,0.0,19.53141912108538,15.182098957192235,1.1075908491901807,0.9455043834550323,0.13507205477929032,0.2431296986027226,11.643211121974826,4.511406629628297,1.4857926025721937,0.6483458629405936,1.242662903969471,0.9995332053667486,0.7773167358229599,0.3874709976798144,0.43636363636363634,0.5238095238095238,30.437238698442783,4.235859637878544,3.363294164004329,4.47304635682185,2.336746547681723,7.478382274519059,3.5810888634774907,0.15546334716459198,0.32405678533750304,0.5533787809772958,0.5662235718857846,0.7009236411106424,0.35879592877252836,0.5016173017285901,0.37724397836920315,0.32099877757609835,Germany,RW,0.5405405405405406,37,RW:20 | ST:17,grid_centered_v2,True,W,0.5579227022406068,0.08101972166313899
308689,29,22,2068.0,37.0,17.0,7.0,5.0,0.0,588.0,488.0,41.0,28.0,5.0,14.0,242.0,108.0,72.0,25.0,46.0,34.0,6,0,Sidny Lopes Cabral,0.9289893617021278,1.4959064673443352,0.6873083768879379,0.2830093316597391,0.20214952261409935,0.0,23.772783859418084,19.729793407136096,1.6576260854356148,1.1320373266389565,0.20214952261409935,0.5660186633194783,9.784036894522409,4.366429688464547,2.910953125643031,1.0107476130704969,1.859775608049714,1.3746167537758758,0.8299319727891157,0.4462809917355372,0.3472222222222222,0.4594594594594595,34.76130422733726,6.440483790485206,5.255887587966583,4.145225299839945,3.3920689894645877,7.451844539056976,3.59830496115405,0.16598639455782316,0.40267294456805364,0.6848158608530851,0.7057025901783698,0.6754540192612,0.4386059651123293,0.4991035695149908,0.3832954701709654,0.45260992778993164,Cape Verde Islands,RB,0.5454545454545454,22,RB:12 | RCB:6 | LB:4,grid_centered_v2,True,FB,0.5576238493500312,0.10262511823923527
130,44,37,3145.0,16.0,3.0,1.0,3.0,0.0,1526.0,1310.0,30.0,68.0,8.0,37.0,332.0,170.0,94.0,44.0,44.0,37.0,12,0,Nélson Semedo,0.9262829888712244,0.424116853410036,0.07952191001438175,0.02650730333812725,0.07952191001438175,0.0,40.450144893982184,34.724567372946694,0.7952191001438175,1.802496626992653,0.212058426705018,0.9807702235107082,8.800424708258246,4.5062415674816325,2.491686513783961,1.1663213468775988,1.1663213468775988,0.9807702235107082,0.8584534731323722,0.5120481927710844,0.46808510638297873,0.1875,41.25434023088892,4.930358420891668,2.425418255438643,0.6983891007251525,5.439298644983712,7.844882772787539,3.9734980066802414,0.17169069462647446,0.5293367775570879,0.5965873913369054,0.4912743709593192,0.3738950673760888,0.5988477830919516,0.5362695840964555,0.520997259665195,0.5281999317126006,Portugal,RB,0.9428571428571428,35,RB:33 | LB:1 | RCB:1,grid_centered_v2,False,FB,0.5575787303610199,0.08321825652701376
301771,33,21,1750.0,25.0,11.0,4.0,2.0,0.0,576.0,441.0,22.0,25.0,0.0,11.0,259.0,85.0,102.0,32.0,12.0,27.0,2,0,Simon Adingra,1.0,1.2857142857142858,0.5657142857142857,0.20571428571428574,0.10285714285714287,0.0,29.622857142857146,22.680000000000003,1.1314285714285715,1.2857142857142858,0.0,0.5657142857142857,13.32,4.371428571428572,5.245714285714286,1.645714285714286,0.6171428571428572,1.3885714285714288,0.765625,0.3281853281853282,0.3137254901960784,0.44,34.73376785714286,6.459428571428572,3.3942857142857146,3.3177142857142856,3.4457142857142857,7.104555984555985,3.264581799341358,0.153125,0.4021509683742659,0.6858566900251042,0.5686678796326637,0.6066422616368864,0.4427879397464911,0.4662586495201964,0.274212990133619,0.2945443655204303,Ivory Coast,LW,0.7142857142857143,21,LW:15 | ST:5 | RW:1,grid_centered_v2,False,W,0.557494206544038,0.11156036162416419
7332,28,12,1278.0,24.0,11.0,4.0,2.0,0.0,560.0,449.0,12.0,27.0,2.0,6.0,153.0,70.0,29.0,16.0,7.0,13.0,1,0,Luka Sučić,1.0,1.6901408450704227,0.7746478873239437,0.28169014084507044,0.14084507042253522,0.0,39.43661971830986,31.619718309859156,0.8450704225352114,1.9014084507042255,0.14084507042253522,0.4225352112676057,10.774647887323944,4.929577464788733,2.0422535211267605,1.1267605633802817,0.49295774647887325,0.9154929577464789,0.8017857142857143,0.45751633986928103,0.5517241379310345,0.4583333333333333,39.481262575452725,4.584507042253522,2.887323943661972,4.254694835680752,4.422535211267606,8.27395747031207,3.909120547603857,0.16035714285714286,0.4944294439233048,0.5752136082652923,0.5283488588092999,0.6840851159804207,0.5197620435953731,0.5763742756431928,0.497003966894974,0.3800833477508714,Croatia,AM,0.5833333333333334,12,AM:7 | CM:5,grid_centered_v2,True,AM,0.5572994988243604,0.13054598240132387
753,52,46,4068.0,26.0,12.0,4.0,6.0,0.0,2351.0,2115.0,42.0,116.0,12.0,32.0,333.0,175.0,42.0,20.0,22.0,45.0,10,1,Marcos Llorente,0.9966814159292036,0.5733123188973295,0.26460568564492126,0.08820189521497376,0.13230284282246063,0.0,51.840663912600824,46.63675209491738,0.9261198997572244,2.557854961234239,0.26460568564492126,0.7056151617197901,7.342807776646565,3.858832915655102,0.9261198997572244,0.4410094760748688,0.4851104236823557,0.9922713211684547,0.899617184176946,0.5255255255255256,0.47619047619047616,0.46153846153846156,47.67096816460847,3.012094721591354,3.0429653849165943,1.999140044699603,6.306435507870624,6.978942658493719,4.136631506278902,0.17992343683538922,0.6509644478724977,0.4756591064911581,0.5407914210120428,0.4889044601839406,0.6626040508992666,0.4544355582142682,0.5811172764007951,0.6342046936414165,Spain,RB,0.782608695652174,46,RB:36 | RCB:10,grid_centered_v2,False,FB,0.5570944755645778,0.07317091157615133
152849,48,48,4216.0,22.0,11.0,7.0,1.0,0.0,2316.0,2102.0,10.0,57.0,33.0,33.0,303.0,168.0,21.0,15.0,35.0,48.0,13,1,Micky van de Ven,0.9965488614800758,0.4680186778298269,0.23400933891491346,0.14891503385494492,0.02127357626499213,0.0,49.26960262972178,44.71705730901346,0.21273576264992133,1.2125938471045514,0.7020280167447404,0.7020280167447404,6.445893608292616,3.573960812518678,0.44674510156483477,0.319103643974882,0.7445751692747247,1.0211316607196224,0.9075993091537133,0.5544554455445545,0.7142857142857143,0.5,45.28677543751748,1.5529710673444257,0.64884407608226,2.518933345320438,4.358955776696888,6.666911474159813,4.6024035131125345,0.18151986183074267,0.6071490641129403,0.38481170890510197,0.3530249228186403,0.5359101199009307,0.5147409200150834,0.425315202771856,0.73537906850003,0.6536473761295639,Netherlands,LCB,0.75,48,LCB:36 | LB:8 | RCB:3 | RB:1,grid_centered_v2,False,CB,0.5568419121027944,0.0718751289083903
13736,52,50,4369.0,36.0,21.0,7.0,4.0,0.0,1628.0,1307.0,64.0,140.0,3.0,52.0,478.0,256.0,23.0,6.0,26.0,72.0,7,0,Daniel Muñoz,0.9518310826276036,0.705866950724064,0.41175572125570403,0.13725190708523466,0.07842966119156267,0.0,31.92087210496601,25.626891794343102,1.2548745790650027,2.7450381417046934,0.05882224589367201,1.0195855954903146,9.37234451239174,5.019498316260011,0.4509705518514853,0.11764449178734401,0.5097927977451573,1.411733901448128,0.8028255528255528,0.5355648535564853,0.2608695652173913,0.5833333333333334,36.94478042600353,2.8077818706579434,3.5685495842161017,2.84113993310653,7.044944316532116,8.63399220343347,3.380741881587483,0.16056511056511058,0.44467133012271504,0.4626963553717549,0.5823466390377011,0.5647829768401039,0.7126915843538516,0.6092882602528109,0.31000585866558156,0.38269005420259783,Colombia,RB,0.9803921568627451,51,RB:50 | LCB:1,grid_centered_v2,False,FB,0.5565107189462072,0.07060539960690486
163032,41,34,2847.0,36.0,15.0,6.0,3.0,0.0,955.0,729.0,50.0,46.0,4.0,19.0,324.0,127.0,52.0,22.0,45.0,52.0,4,0,Fabian Rieder,1.0,1.1380400421496313,0.47418335089567965,0.18967334035827188,0.09483667017913594,0.0,30.189673340358272,23.045310853530033,1.5806111696522656,1.4541622760800843,0.12644889357218125,0.6006322444678609,10.242360379346682,4.014752370916755,1.6438356164383563,0.6954689146469969,1.422550052687039,1.6438356164383563,0.7633507853403141,0.39197530864197533,0.4230769230769231,0.4166666666666667,35.8303449759736,5.2950474183350895,4.473129610115912,3.01457674745346,3.957850368809273,6.796579245209383,3.4585494843712823,0.15267015706806283,0.4230972716098847,0.6187334548332654,0.6509189415895746,0.5801571148822986,0.4830367760621139,0.43736549983995304,0.33536080945071234,0.2895483617144266,Switzerland,AM,0.6176470588235294,34,AM:21 | CM:8 | DM:5,grid_centered_v2,False,AM,0.5564925940094314,0.08746518199327642
37436,30,26,2298.0,19.0,10.0,0.0,5.0,0.0,804.0,674.0,43.0,33.0,0.0,23.0,234.0,107.0,38.0,20.0,30.0,35.0,6,0,Laros Duarte,0.8608355091383814,0.6405695041891349,0.337141844310071,0.0,0.1685709221550355,0.0,27.10620428252971,22.723360306498787,1.4497099305333052,1.1125680862232343,0.0,0.7754262419131633,7.889119156855662,3.60741773411776,1.2811390083782699,0.674283688620142,1.011425532930213,1.1799964550852484,0.8383084577114428,0.45726495726495725,0.5263157894736842,0.5263157894736842,36.05492323099105,4.8008998629754105,4.551414898185958,1.5246301609814676,3.5534750390281484,6.4221796995597344,3.9699542895418447,0.16766169154228858,0.42742402442249283,0.5886250594729372,0.6566128895052283,0.4461435649234455,0.4512125084969671,0.4028225275406797,0.5196780314298693,0.47473951992407354,Cape Verde Islands,AM,0.9,20,AM:18 | CM:2,grid_centered_v2,False,AM,0.5564731325973433,0.09735402810624606
6938,35,21,1779.0,35.0,22.0,7.0,1.0,0.0,240.0,162.0,10.0,20.0,1.0,5.0,246.0,100.0,34.0,12.0,37.0,33.0,3,0,Ben Waine,0.8871838111298482,1.5708988224052962,0.9874221169404719,0.3141797644810592,0.04488282349729418,0.0,10.771877639350603,7.271017406561658,0.4488282349729418,0.8976564699458836,0.04488282349729418,0.2244141174864709,11.041174580334369,4.488282349729418,1.526015998908002,0.5385938819675301,1.6606644693998847,1.4811331754107078,0.675,0.4065040650406504,0.35294117647058826,0.6285714285714286,22.620001407653653,2.984707762570063,1.3689261166674724,5.152971936707991,2.113980986722556,7.503107484743136,3.0419050896304625,0.135,0.20564249965098974,0.473919233238241,0.40748149534191275,0.7498814716807156,0.3427531361710752,0.5039592752644066,0.21324305048296302,0.1374852744668487,New Zealand,ST,0.5454545454545454,22,ST:12 | RW:10,grid_centered_v2,True,ST,0.5562826315843413,0.11064733639937548
125171,47,39,3511.0,17.0,11.0,3.0,6.0,0.0,2036.0,1802.0,49.0,58.0,11.0,34.0,242.0,138.0,33.0,21.0,21.0,13.0,4,0,Josip Stanišić,0.9961549416120763,0.43409771024394095,0.2808867536872559,0.07660547827834252,0.15321095655668504,0.0,51.98958459156845,46.014357285857734,1.2512228118795945,1.481039246714622,0.2808867536872559,0.8681954204878819,6.179508581119629,3.523852000803756,0.8426602610617677,0.5362383479483976,0.5362383479483976,0.33195707253948425,0.8850687622789783,0.5702479338842975,0.6363636363636364,0.6470588235294118,48.02447774693945,3.8609161052284637,3.970717290760754,2.300202928447722,4.711236914118065,6.6441366027781505,4.444737821181531,0.17701375245579568,0.6572689134987808,0.5296674560079416,0.6134035874317202,0.5161594881988102,0.5424968681833353,0.4232073982292456,0.6871696479641679,0.597657942989821,Croatia,RB,0.6842105263157895,38,RB:26 | LB:12,grid_centered_v2,False,FB,0.555626284602142,0.07876141736821517
71230,21,13,1260.0,16.0,9.0,3.0,0.0,0.0,592.0,490.0,12.0,35.0,10.0,18.0,175.0,83.0,21.0,8.0,9.0,31.0,4,0,Carlos Harvey,0.9150714285714285,1.0457959183673469,0.5882602040816327,0.19608673469387752,0.0,0.0,38.69444897959183,32.027499999999996,0.7843469387755101,2.2876785714285712,0.6536224489795919,1.1765204081632654,11.438392857142857,5.4250663265306125,1.372607142857143,0.5228979591836734,0.5882602040816327,2.0262295918367346,0.8277027027027027,0.4742857142857143,0.38095238095238093,0.5625,39.67376348593491,3.0131994897959182,1.9608673469387752,3.517258163265306,7.18984693877551,9.01795,3.610289663541092,0.16554054054054057,0.49822275571678215,0.4757293042830512,0.45408490064081314,0.6237504754973452,0.7219834604118173,0.6433193149394714,0.3875296931120316,0.4467482913283197,Panama,DM,0.5882352941176471,17,DM:10 | CM:5 | AM:2,grid_centered_v2,True,DM,0.5554424858576271,0.1314751470267833
35970,34,34,2918.0,26.0,8.0,2.0,3.0,0.0,2056.0,1738.0,22.0,58.0,13.0,49.0,294.0,168.0,33.0,17.0,18.0,24.0,6,1,Luis Romo,0.9229335161069226,0.7401180355346809,0.22772862631836335,0.05693215657959084,0.08539823486938626,0.0,58.526256963819385,49.47404406766444,0.6262537223754993,1.6510325408081343,0.37005901776734046,1.3948378361999756,8.369027017199853,4.78230115268563,0.9393805835632489,0.4839233309265221,0.5123894092163176,0.6831858789550901,0.8453307392996109,0.5714285714285714,0.5151515151515151,0.3076923076923077,48.72259156095999,2.5932597322003628,2.0353245977203724,1.3896619448670509,6.168599165398668,8.409507328045596,4.059846873076387,0.1690661478599222,0.6695558338768265,0.44914023635914185,0.46002200064906157,0.4340975538244051,0.6527901163393807,0.5888626814022746,0.5530082643808181,0.493371910877216,Mexico,RB,0.8235294117647058,34,RB:28 | LB:4 | RCB:2,grid_centered_v2,False,FB,0.5551378773862018,0.08639453946646761
7197,39,39,3516.0,25.0,7.0,1.0,4.0,0.0,2192.0,1797.0,39.0,74.0,36.0,40.0,349.0,186.0,31.0,16.0,18.0,25.0,2,0,Andrés Andrade,0.8615187713310581,0.5513132069098068,0.1543676979347459,0.022052528276392272,0.08821011310556909,0.0,48.33914198185186,39.62839331267691,0.8600486027792985,1.631887092453028,0.7938910179501217,0.8821011310556909,7.696332368460903,4.101770259408962,0.6836283765681604,0.35284045242227635,0.39694550897506087,0.5513132069098068,0.8197992700729927,0.5329512893982808,0.5161290322580645,0.28,43.96769284921675,2.6286613705459585,2.6352771290288763,0.9525350033197825,5.574879148271966,7.341332231367389,3.967405162526518,0.16395985401459856,0.5820916263090766,0.45137269004479397,0.5081311519620846,0.39568264980989537,0.6091039460711716,0.48863744743023524,0.5187288909055371,0.42609675545646125,Panama,RCB,0.47619047619047616,42,RCB:20 | RB:10 | LCB:9 | LB:3,grid_centered_v2,True,CB,0.5549696000301497,0.07870539529884057
327599,35,33,2904.0,41.0,20.0,5.0,1.0,0.0,1597.0,1357.0,31.0,58.0,10.0,43.0,262.0,142.0,45.0,26.0,38.0,22.0,7,0,Yassine Titraoui,0.9200000000000002,1.1690082644628101,0.5702479338842976,0.1425619834710744,0.028512396694214882,0.0,45.53429752066117,38.69132231404959,0.8838842975206613,1.6537190082644633,0.2851239669421488,1.2260330578512397,7.470247933884299,4.048760330578514,1.2830578512396698,0.7413223140495869,1.0834710743801654,0.6272727272727274,0.849718221665623,0.5419847328244275,0.5777777777777777,0.4878048780487805,43.501158020979425,3.9860330578512406,2.366528925619835,2.9144527313041726,5.742396694214877,7.294218661283201,4.180625850777633,0.16994364433312462,0.573119574483978,0.5376000825329422,0.4865460356018437,0.5712987122171587,0.6216432671880235,0.48417802766839463,0.5970002855200712,0.5050259729154247,Algeria,CM,0.7714285714285715,35,CM:27 | AM:8,grid_centered_v2,False,CM,0.5547581559909308,0.08660254037844387
2973,46,36,3262.0,21.0,9.0,3.0,5.0,0.0,1420.0,1189.0,48.0,55.0,7.0,21.0,355.0,182.0,68.0,30.0,61.0,51.0,9,0,Amir Murillo,0.9503648068669528,0.5506405533349297,0.2359888085721127,0.07866293619070425,0.13110489365117373,0.0,37.233789796933344,31.176743710249117,1.258606979051268,1.442153830162911,0.18354685111164323,0.5506405533349297,9.308447449233336,4.772218128902724,1.7830265536559629,0.7866293619070425,1.5994797025443195,1.337269915241972,0.8373239436619718,0.5126760563380282,0.4411764705882353,0.42857142857142855,40.205517958271834,5.031805818332049,3.8675943627096254,1.816830678669449,3.8990595371859067,8.219133549477897,3.822840279191578,0.16746478873239437,0.5087009324263257,0.6027917559508575,0.605516745661677,0.47242179462012857,0.47839520282618847,0.571294468883581,0.46488880101912833,0.4721317093783525,Panama,RB,0.9230769230769231,39,RB:36 | LB:2 | RCB:1,grid_centered_v2,False,FB,0.5545690439875435,0.08171221050989408
25368,46,44,3981.0,20.0,10.0,3.0,0.0,0.0,3241.0,2903.0,11.0,92.0,21.0,50.0,390.0,237.0,26.0,15.0,23.0,46.0,6,0,Waldemar Anton,1.0,0.45214770158251694,0.22607385079125847,0.06782215523737754,0.0,0.0,73.27053504144688,65.62923888470233,0.24868123587038432,2.079879427279578,0.4747550866616428,1.1303692539562924,8.81688018085908,5.357950263752826,0.587792012057272,0.33911077618688773,0.5199698568198945,1.039939713639789,0.8957112002468374,0.6076923076923076,0.5769230769230769,0.5,55.8618832465628,1.5553880934438582,0.6217030896759608,1.8590806330067822,6.526752072343632,9.324207292330879,4.3333324853112085,0.1791422400493675,0.780561406111515,0.3849574923597824,0.35103558715151,0.47623759806573884,0.6780011738861276,0.6694810632618845,0.6503896965172318,0.6245240604387197,Germany,RB,0.9387755102040817,49,RB:46 | RCB:3,grid_centered_v2,False,FB,0.5543631637596955,0.07396612190150607
330174,23,22,1950.0,34.0,11.0,2.0,0.0,0.0,771.0,557.0,23.0,38.0,7.0,39.0,231.0,148.0,29.0,19.0,41.0,20.0,4,1,Tholo Thabang Matuludi,0.85,1.3338461538461537,0.4315384615384615,0.07846153846153846,0.0,0.0,30.246923076923075,21.85153846153846,0.9023076923076923,1.4907692307692306,0.2746153846153846,1.5299999999999998,9.06230769230769,5.806153846153846,1.1376923076923076,0.7453846153846153,1.6084615384615384,0.7846153846153845,0.7224383916990921,0.6406926406926406,0.6551724137931034,0.3235294117647059,33.47669056170807,4.291846153846153,2.2557692307692307,1.8789049773755653,6.045461538461538,10.050693306693304,3.901352541282234,0.14448767833981843,0.37857489084982887,0.5569012499527556,0.47766012227856763,0.4780290171839921,0.6439112316379734,0.7273262672474962,0.49410759508306135,0.20878140120551222,South Africa,RB,1.0,3,RB:3,grid_centered_v2,False,FB,0.5535408007248865,0.10568458151135751
22147,42,37,3144.0,18.0,7.0,2.0,3.0,0.0,1835.0,1664.0,31.0,61.0,4.0,26.0,396.0,192.0,69.0,37.0,62.0,63.0,4,0,Manu Koné,0.99323155216285,0.5117796165724608,0.19902540644484593,0.05686440184138455,0.08529660276207682,0.0,52.17308868947032,47.31118233203194,0.8813982285414605,1.7343642561622288,0.1137288036827691,0.7392372239379991,11.25915156459414,5.458982576772916,1.9618218635277669,1.051991434065614,1.762796457082921,1.7912286580036132,0.9068119891008174,0.48484848484848486,0.5362318840579711,0.3888888888888889,47.910986094865,5.097893625080125,2.672626886545074,1.5113285615316383,4.725431793019056,9.097121062027536,4.189700454456314,0.1813623978201635,0.6552508243654297,0.6068160104892171,0.5111304106552116,0.44495333650240004,0.5436109180891086,0.6501725147518146,0.6002524369519181,0.6517510541949049,France,AM,0.6216216216216216,37,AM:23 | DM:12 | CM:2,grid_centered_v2,False,AM,0.553507605599127,0.08323148993037752
2583,34,22,2132.0,15.0,5.0,1.0,2.0,0.0,831.0,634.0,31.0,34.0,5.0,24.0,289.0,148.0,73.0,25.0,64.0,32.0,11,1,Ángelo Preciado,0.8706519699812383,0.5513040147629792,0.18376800492099304,0.03675360098419861,0.07350720196839722,0.0,30.542242417869044,23.30178302398192,1.139361630510157,1.2496224334627528,0.18376800492099304,0.8820864236207667,10.621790684433398,5.439532945661395,2.6830128718464987,0.9188400246049653,2.352230462988711,1.1761152314943555,0.762936221419976,0.5121107266435986,0.3424657534246575,0.3333333333333333,35.09613788456079,5.524066227925052,3.2526936871015772,1.2179706814296458,4.215638032887581,9.151678303856748,3.397470203272191,0.1525872442839952,0.40903733485826826,0.6323988637544011,0.557475003387141,0.41888754107003,0.5034131757195835,0.6548594583576385,0.31536813274823744,0.28864307377831117,Ecuador,RB,0.96,25,RB:24 | LB:1,grid_centered_v2,False,FB,0.5534751255637838,0.10107304215222866
271444,45,36,3294.0,11.0,7.0,1.0,2.0,0.0,1395.0,1139.0,33.0,91.0,6.0,38.0,407.0,236.0,53.0,25.0,89.0,65.0,11,2,Merchas Doski,0.8758925318761385,0.263246389361681,0.16752042959379695,0.023931489941970994,0.04786297988394199,0.0,33.38442846904954,27.257967043904966,0.7897391680850429,2.1777655847193604,0.14358893965182598,0.9093966177948979,9.740116406382196,5.647831626305155,1.2683689669244629,0.5982872485492748,2.1299026048354186,1.5555468462281148,0.8164874551971326,0.5798525798525799,0.4716981132075472,0.6363636363636364,37.01465752717069,3.9821999263439736,2.237594309574288,1.6987077936943564,5.896719121701653,9.646522016384957,3.8142599812063316,0.16329749103942653,0.44603191819185767,0.537357317309723,0.4762032032840409,0.46177201481433433,0.6330531295626696,0.6959237554875128,0.46170654788572607,0.41751486397719006,Iraq,LB,0.6176470588235294,34,LB:21 | RCB:11 | RB:2,grid_centered_v2,False,FB,0.5531633849844233,0.08131433980500301
8492,59,31,3164.0,90.0,54.0,20.0,1.0,0.0,760.0,529.0,23.0,15.0,4.0,2.0,494.0,216.0,60.0,21.0,24.0,55.0,5,1,Alexander Sørloth,0.9964917825537295,2.5510693548309757,1.5306416128985856,0.5669043010735503,0.02834521505367751,0.0,21.54236344079491,14.994618763395405,0.6519399462345827,0.4251782258051627,0.11338086021471004,0.05669043010735502,14.00253623651669,6.122566451594342,1.7007129032206507,0.5952495161272278,0.6802851612882602,1.5589868279522632,0.6960526315789474,0.43724696356275305,0.35,0.6,28.39925923030056,3.001758274184449,1.785748548381683,7.8781326666464215,1.003420612900184,9.883333922920338,3.116364049715236,0.13921052631578948,0.2899067999029678,0.4750023679198741,0.44017549336356276,0.889444375756533,0.2684910256080377,0.7145707744433415,0.23246812603161848,0.16622183843423,Norway,RW,0.625,32,RW:20 | LW:6 | ST:6,grid_centered_v2,False,W,0.5529628434144478,0.0829680151004544
1150,30,25,2142.0,8.0,6.0,2.0,2.0,0.0,1260.0,1105.0,9.0,61.0,10.0,40.0,225.0,115.0,15.0,8.0,19.0,40.0,9,0,Tyler Adams,1.0,0.3361344537815126,0.25210084033613445,0.08403361344537814,0.08403361344537814,0.0,52.94117647058823,46.42857142857143,0.37815126050420167,2.5630252100840334,0.42016806722689076,1.680672268907563,9.453781512605042,4.831932773109243,0.6302521008403361,0.3361344537815126,0.7983193277310924,1.680672268907563,0.876984126984127,0.5111111111111111,0.5333333333333333,0.75,46.50443510737628,1.9201680672268906,1.407563025210084,2.5252100840336134,8.436974789915967,8.298039215686273,4.099435107376284,0.1753968253968254,0.6297927307138957,0.40718245472733783,0.4104824146407729,0.5364755261354555,0.7939263901399247,0.5786005854727252,0.5675546301342973,0.5768398599168428,USA,CM,0.9310344827586207,29,CM:27 | DM:1 | AM:1,grid_centered_v2,False,CM,0.552822150888383,0.10083683467310324
3034,30,12,1176.0,17.0,11.0,3.0,1.0,0.0,339.0,276.0,18.0,14.0,0.0,8.0,133.0,48.0,44.0,15.0,13.0,18.0,1,0,Meschack Elia,0.9193027210884357,1.196031601416077,0.7739028009162852,0.21106440024989595,0.07035480008329865,0.0,23.850277228238244,19.41792482299043,1.2663864014993758,0.9849672011661811,0.0,0.5628384006663892,9.35718841107872,3.377030403998335,3.0956112036651406,1.05532200124948,0.9146124010828824,1.2663864014993758,0.8141592920353983,0.3609022556390977,0.3409090909090909,0.6470588235294118,33.61937985659092,5.3751067263640175,3.552917404206582,4.06609677034079,2.898617763431904,5.810549332514962,3.5062438758959464,0.16283185840707967,0.38122456354094597,0.6235332025160852,0.5811244329141899,0.6691396080540152,0.400618660402759,0.348540553045972,0.351398327246951,0.4115113497202245,Congo DR,RW,0.7692307692307693,13,RW:10 | LW:2 | ST:1,grid_centered_v2,False,W,0.5527145942519015,0.1360897063089832
475575,34,33,2886.0,18.0,8.0,3.0,6.0,0.0,1954.0,1792.0,32.0,59.0,11.0,35.0,352.0,178.0,50.0,26.0,42.0,55.0,11,0,Caleb Yirenkyi,0.8641372141372141,0.4850666274782698,0.21558516776811992,0.08084443791304498,0.16168887582608996,0.0,52.65667722736329,48.29107758005886,0.8623406710724797,1.5899406122898845,0.2964296056811649,0.9431851089855245,9.485747381797276,4.796769982840669,1.3474072985507495,0.7006517952463898,1.1318221307826297,1.4821480284058244,0.917093142272262,0.5056818181818182,0.52,0.4444444444444444,48.347514651264994,3.8697537614377526,3.045140494724694,1.8374636270686167,5.074335886342122,8.23252343052239,4.229526882953178,0.18341862845445242,0.6629818698104617,0.5302283179839781,0.5409649840191987,0.4742848840046311,0.570829871285423,0.5725365618987598,0.6144177361054725,0.6761174385730221,Ghana,AM,0.6363636363636364,33,AM:21 | DM:10 | CM:2,grid_centered_v2,False,AM,0.552712506276162,0.0868721908712883
153430,53,25,2361.0,27.0,15.0,5.0,1.0,0.0,751.0,595.0,30.0,22.0,1.0,7.0,257.0,112.0,71.0,26.0,48.0,14.0,1,0,Anthony Elanga,1.0,1.0292249047013977,0.5717916137229987,0.1905972045743329,0.03811944091486658,0.0,28.627700127064802,22.681067344345614,1.1435832274459974,0.8386277001270648,0.03811944091486658,0.2668360864040661,9.79669631512071,4.269377382465057,2.706480304955527,0.9911054637865311,1.8297331639135959,0.5336721728081322,0.7922769640479361,0.4357976653696498,0.36619718309859156,0.5555555555555556,34.97655561326956,5.451080050825921,3.0686149936467597,3.436397006917973,2.085133418043202,7.284521331560029,3.5637495960684507,0.15845539280958723,0.4067607405990175,0.6280656884502164,0.5428374919190807,0.6168521965432489,0.34070075148220313,0.4832604398824057,0.3711876345632065,0.35658250840872957,Sweden,RW,1.0,25,RW:25,grid_centered_v2,False,W,0.5526566776562036,0.09604636745550407
51603,60,54,4649.0,78.0,38.0,13.0,5.0,0.0,1589.0,1307.0,60.0,113.0,6.0,21.0,648.0,314.0,156.0,68.0,108.0,96.0,13,2,Agustín Canobbio,0.9021746612174664,1.3622856790162645,0.6636776384951032,0.22704761316937744,0.08732600506514515,0.0,27.75220440970313,22.827017724028945,1.0479120607817418,1.9735677144722805,0.10479120607817419,0.36676922127360967,11.317450256442813,5.484073118091116,2.724571358032529,1.1876336688859743,1.8862417094071353,1.676659297250787,0.8225298930144745,0.4845679012345679,0.4358974358974359,0.48717948717948717,35.14756343129176,5.798446736325639,3.100073179812653,3.7198885736071383,4.4012306552833165,9.131406069031266,3.72316442687981,0.16450597860289493,0.4100175756303331,0.6484936368932251,0.5453449345143273,0.6408128572083147,0.5180799314394138,0.6531213504173764,0.42816332633291454,0.4332064843825654,Uruguay,AM,0.9642857142857143,56,AM:54 | CM:2,grid_centered_v2,False,AM,0.5525136456499494,0.06844617205138537
417,27,23,2035.0,24.0,9.0,5.0,5.0,0.0,1131.0,957.0,28.0,40.0,4.0,26.0,236.0,104.0,46.0,19.0,34.0,23.0,3,0,Alessandro Schöpf,0.8499999999999999,0.9022113022113022,0.3383292383292383,0.18796068796068793,0.18796068796068793,0.0,42.516707616707606,35.97567567567567,1.0525798525798524,1.5036855036855035,0.15036855036855035,0.9773955773955773,8.87174447174447,3.909582309582309,1.729238329238329,0.7142506142506142,1.2781326781326778,0.8646191646191645,0.8461538461538461,0.4406779661016949,0.41304347826086957,0.375,42.39152428652429,4.319336609336609,3.6652334152334145,2.727346437346437,4.826830466830466,6.795449131720317,3.8121183756791717,0.16923076923076924,0.5515961991222467,0.5586287799911619,0.5898828930552324,0.5546258095012644,0.551555604750727,0.43726013454971946,0.46091274736283605,0.4955580863693382,Austria,AM,1.0,23,AM:23,grid_centered_v2,False,AM,0.5524482765898632,0.1034538675096427
341642,37,25,2298.0,12.0,5.0,2.0,1.0,0.0,1445.0,1327.0,17.0,51.0,12.0,29.0,220.0,113.0,28.0,14.0,6.0,26.0,7,0,Jorrel Hato,1.0,0.46997389033942555,0.19582245430809397,0.07832898172323759,0.03916449086161879,0.0,56.59268929503916,51.97127937336814,0.6657963446475196,1.9973890339425586,0.46997389033942555,1.1357702349869452,8.616187989556135,4.425587467362924,1.0966057441253263,0.5483028720626631,0.23498694516971277,1.0182767624020888,0.9183391003460207,0.5136363636363637,0.5,0.4166666666666667,49.756780380713174,2.6866840731070494,1.8798955613577024,1.7341166231505656,6.383812010443864,7.736731545217184,4.23817925567345,0.18366782006920415,0.68733686605555,0.4550358408474889,0.44764318589591945,0.46496120643106814,0.6680531151838552,0.5260653227050943,0.6174706140322798,0.6790097037216889,Netherlands,LB,0.48,25,LB:12 | LCB:7 | RCB:5 | RB:1,grid_centered_v2,True,FB,0.5523272753077227,0.09735402810624606
50826,28,11,1212.0,20.0,7.0,3.0,4.0,0.0,305.0,226.0,25.0,17.0,0.0,5.0,134.0,55.0,29.0,7.0,22.0,16.0,3,0,Jacob Shaffelburg,0.9163861386138614,1.3609695127928634,0.47633932947750224,0.20414542691892953,0.2721939025585727,0.0,20.75478507009117,15.378955494559358,1.7012118909910794,1.156824085873934,0.0,0.34024237819821584,9.118495735712184,3.742666160180374,1.9734057935496523,0.47633932947750224,1.4970664640721498,1.0887756102342907,0.740983606557377,0.41044776119402987,0.2413793103448276,0.35,31.26666722745761,5.001562959513774,5.750096191549848,3.000038476619939,2.762768110969513,6.471075907834614,3.1050024372303784,0.1481967213114754,0.33853949726520105,0.6009455076419276,0.737575707113175,0.5788739110202485,0.3903469884883391,0.4072870886700509,0.22945813503362267,0.24319586144969177,Canada,LW,0.4666666666666667,15,LW:7 | RW:7 | ST:1,grid_centered_v2,True,W,0.5522674598217572,0.13405333651089393
1725,37,34,2706.0,37.0,20.0,6.0,6.0,0.0,904.0,740.0,43.0,43.0,5.0,12.0,200.0,85.0,33.0,19.0,7.0,31.0,6,0,Dejan Ljubičić,0.8630635624538064,1.062084871755793,0.5740999306788069,0.17222997920364208,0.17222997920364208,0.0,25.949316866682075,21.241697435115857,1.234314850959435,1.234314850959435,0.14352498266970173,0.34445995840728416,5.74099930678807,2.4399247053849296,0.9472648856200315,0.5453949341448666,0.20093497573758243,0.8898548925521508,0.8185840707964602,0.425,0.5757575757575758,0.5405405405405406,34.610424061837314,3.685721554957941,4.033052013018619,3.2626608176605476,3.068564129478223,4.690894587538901,4.000219492747075,0.16371681415929207,0.39981561373244173,0.5185354879726146,0.6181425458832882,0.6018737450691685,0.41359142397800175,0.2592847080396523,0.5309342202156819,0.4229423546686756,Austria,AM,0.8529411764705882,34,AM:29 | CM:5,grid_centered_v2,False,AM,0.5521906751380837,0.08971499589146108
39143,35,28,2541.0,33.0,14.0,4.0,4.0,0.0,1085.0,892.0,32.0,46.0,13.0,33.0,302.0,156.0,44.0,20.0,59.0,37.0,9,0,Kristian Thorstvedt,1.0,1.1688311688311688,0.4958677685950413,0.14167650531286893,0.14167650531286893,0.0,38.429752066115704,31.593860684769776,1.1334120425029515,1.629279811097993,0.4604486422668241,1.1688311688311688,10.696576151121604,5.525383707201889,1.5584415584415583,0.7083825265643447,2.089728453364817,1.3105076741440378,0.8221198156682028,0.5165562913907285,0.45454545454545453,0.42424242424242425,40.11320790646304,4.855962219598583,3.6127508854781576,2.6761117670208576,5.776859504132232,9.28520606425483,3.7973830756452958,0.16442396313364058,0.5068822606571111,0.5920175952509462,0.5857970137645825,0.5500371565934601,0.6242034965781779,0.6662030528606732,0.4554565933014149,0.4321369339981733,Norway,AM,0.6785714285714286,28,AM:19 | CM:9,grid_centered_v2,False,AM,0.5521899441598472,0.09258200997725514
327738,33,23,2096.0,6.0,1.0,0.0,1.0,0.0,1149.0,946.0,11.0,44.0,19.0,25.0,273.0,167.0,10.0,7.0,53.0,37.0,9,2,Luc De Fougerolles,0.9344656488549618,0.2407497377775188,0.04012495629625313,0.0,0.04012495629625313,0.0,46.103574784394844,37.958208656255465,0.44137451925878446,1.7654980770351378,0.7623741696288094,1.0031239074063283,10.954113068877104,6.700867701474273,0.4012495629625313,0.2808746940737719,2.1266226837014157,1.484623382961366,0.8233246301131418,0.6117216117216118,0.7,0.16666666666666666,42.2124734443238,2.55997221170095,1.3241235577763535,0.3895082721480877,6.0227559400675945,11.216379617228817,4.267554979447731,0.1646649260226284,0.5481028068163011,0.4470429663388302,0.4040103270729909,0.348094754147229,0.6422629567399007,0.8057721848540808,0.627765255268682,0.4352810561345124,Canada,RB,0.9230769230769231,26,RB:24 | RCB:2,grid_centered_v2,False,FB,0.5506583510372944,0.10193734043051056
182219,52,34,2730.0,38.0,15.0,3.0,4.0,0.0,1312.0,1056.0,71.0,36.0,7.0,22.0,299.0,106.0,56.0,18.0,46.0,53.0,10,0,Alejandro Baena,0.9967032967032967,1.248617316749185,0.4928752566115204,0.09857505132230408,0.1314334017630721,0.0,43.11015577828765,34.69841806545104,2.33294288129453,1.182900615867649,0.23000845308537618,0.7228837096968965,9.824646781789639,3.4829851467214104,1.8400676246830094,0.5914503079338245,1.5114841202753293,1.7414925733607052,0.8048780487804879,0.35451505016722407,0.32142857142857145,0.39473684210526316,44.187407082330694,6.4336650163023785,6.555240912933221,2.268099454045087,3.827997826349475,5.939724355911646,3.39813121350117,0.1609756097560976,0.5862986409744813,0.6844407811294828,0.7845060856426185,0.5132549102877242,0.472789885816193,0.3597344060424274,0.31558104584979946,0.38785505882273225,Spain,CM,0.8529411764705882,34,CM:29 | AM:5,grid_centered_v2,False,CM,0.5494849093645677,0.08931977372352652
294824,39,30,2540.0,37.0,16.0,4.0,3.0,0.0,1182.0,923.0,30.0,87.0,7.0,34.0,343.0,169.0,41.0,24.0,21.0,55.0,15,1,Nathan-Dylan Saliba,0.9246574803149606,1.2122477989955982,0.5242152644305289,0.13105381610763223,0.09829036208072417,0.0,38.726402659805316,30.240668066836136,0.9829036208072417,2.850420500341001,0.2293441781883564,1.113957436914874,11.237864731229463,5.537023730547461,1.3433016151032302,0.7863228966457934,0.6880325345650692,1.801989971479943,0.7808798646362098,0.49271137026239065,0.5853658536585366,0.43243243243243246,38.91468505443213,4.079050026350053,2.997856043462087,2.647196763928663,7.610950370450741,9.229967333553617,3.839663413198661,0.15617597292724197,0.4832701550529685,0.5434854274726472,0.5371897493616711,0.5474436716059672,0.7479118363427926,0.6615327354871103,0.4711362149206904,0.3293058716238337,Canada,CM,0.5757575757575758,33,CM:19 | AM:13 | DM:1,grid_centered_v2,True,CM,0.5493141905936927,0.09260023298894177
207,46,40,3330.0,57.0,29.0,11.0,15.0,0.0,1360.0,1051.0,68.0,46.0,7.0,42.0,295.0,140.0,38.0,15.0,12.0,40.0,9,0,Ivan Perišić,0.937075075075075,1.4436021426832237,0.7344642480318155,0.2785898871844818,0.37989530070611155,0.0,34.44384059735411,26.617997402808214,1.7221920298677056,1.1650122554987419,0.17728447366285205,1.063706841977112,7.471274247220193,3.5456894732570405,0.9624014284554824,0.37989530070611155,0.3039162405648892,1.0130541352162974,0.7727941176470589,0.4745762711864407,0.39473684210526316,0.5087719298245614,38.26396526972123,4.201642025809593,6.394904228552877,4.274512904369519,4.419448664881097,6.387694076119178,3.5240919052114523,0.15455882352941178,0.4704748348189769,0.5512232676899761,0.7756686081865751,0.6856344116561388,0.5195183705879364,0.3996833616905274,0.35748954330115085,0.3106162286408332,Croatia,LB,0.75,40,LB:30 | RB:8 | RCB:2,grid_centered_v2,False,FB,0.5488980468602125,0.08087360843031886
886,38,31,2861.0,24.0,7.0,1.0,3.0,0.0,1266.0,1078.0,33.0,56.0,9.0,29.0,244.0,146.0,31.0,20.0,16.0,26.0,5,0,Diogo Dalot,1.0,0.7549807759524642,0.22020272631946872,0.03145753233135268,0.09437259699405802,0.0,39.825235931492486,33.91121985319818,1.0380985669346383,1.7616218105557497,0.2831177909821741,0.9122684376092276,7.675637888850052,4.59279972037749,0.975183502271933,0.6291506466270534,0.5033205173016428,0.8178958406151695,0.8515007898894155,0.5983606557377049,0.6451612903225806,0.2916666666666667,41.28507305027629,3.6931142957008043,3.114295700803915,1.1432774088314108,5.306885704299196,8.2250015757416,4.315455682239468,0.17030015797788312,0.5299402882047962,0.5190056772484285,0.5464778245258177,0.4123165814807142,0.5887469051189984,0.5718389194103605,0.6443026419351976,0.5097599992983854,Portugal,RB,0.7096774193548387,31,RB:22 | LB:9,grid_centered_v2,False,FB,0.5486586177647006,0.08725091875841393
162037,47,28,2716.0,37.0,20.0,10.0,1.0,0.0,1216.0,1013.0,37.0,62.0,6.0,28.0,353.0,170.0,57.0,21.0,53.0,29.0,5,0,Malik Tillman,1.0,1.2260677466863035,0.6627393225331369,0.33136966126656847,0.03313696612665685,0.0,40.29455081001473,33.56774668630339,1.2260677466863035,2.054491899852725,0.1988217967599411,0.9278350515463918,11.697349042709869,5.633284241531665,1.8888070692194403,0.6958762886597938,1.756259204712813,0.9609720176730486,0.8330592105263158,0.48158640226628896,0.3684210526315789,0.5405405405405406,41.41116362103713,4.824742268041238,3.247422680412371,4.65987342276002,5.772459499263624,9.331357144943198,3.6946219310716186,0.16661184210526317,0.532415435567135,0.5900951068936193,0.5570571272790951,0.7149141007861014,0.62387700474822,0.6700802309690777,0.4177731691323484,0.4608545164734368,USA,CM,0.5757575757575758,33,CM:19 | AM:11 | DM:3,grid_centered_v2,True,CM,0.5483308071072932,0.08954968343132742
357286,45,33,3074.0,25.0,15.0,3.0,3.0,0.0,880.0,710.0,36.0,50.0,1.0,21.0,336.0,168.0,85.0,43.0,42.0,23.0,2,0,Jun-Ho Bae,0.923409238776838,0.6758850966974252,0.4055310580184552,0.08110621160369104,0.08110621160369104,0.0,23.79115540374937,19.195136746206877,0.9732745392442923,1.3517701933948505,0.02703540386789701,0.5677434812258372,9.083895699613395,4.541947849806697,2.2980093287712458,1.1625223663195714,1.1354869624516744,0.6218142889616313,0.8068181818181818,0.5,0.5058823529411764,0.6,32.82302355563035,5.225943567664491,2.8792705119310313,2.4165931740553654,3.5984122548170925,7.858726989729376,3.8847067285408237,0.16136363636363638,0.3665310712616879,0.6145717445664205,0.5277039432482405,0.5266793689703162,0.4547341946473919,0.5375738009645277,0.4879026332157726,0.39276060880037944,South Korea,RW,0.9393939393939394,33,RW:31 | ST:2,grid_centered_v2,False,W,0.5482823988107783,0.08417381403631981
711,39,28,2539.0,27.0,8.0,3.0,0.0,0.0,1254.0,974.0,12.0,73.0,13.0,43.0,303.0,181.0,14.0,6.0,30.0,31.0,9,0,Stefan Posch,0.9787317841669949,0.9367145472728623,0.27754505104381105,0.10407939414142915,0.0,0.0,43.505186751117385,33.791109964584,0.4163175765657166,2.5325985907747763,0.45101070794619297,1.4918046493604844,10.512018808284344,6.2794567798662255,0.4857038393266694,0.2081587882828583,1.0407939414142915,1.0754870727947679,0.7767145135566188,0.5973597359735974,0.42857142857142855,0.2962962962962963,39.827832030049734,1.7901655792325815,1.0407939414142915,1.8137908171853612,8.03839854085638,10.583318699733509,3.6428342974425947,0.15534290271132378,0.5012589098329473,0.39921299403975763,0.38229353400616584,0.47214736848864847,0.7725379120077355,0.7654701043342299,0.3991121712987462,0.31960570154536594,Austria,RB,1.0,28,RB:28,grid_centered_v2,False,FB,0.5479432334706665,0.09261846676542822
6904,32,7,1027.0,15.0,8.0,1.0,2.0,0.0,310.0,228.0,16.0,22.0,3.0,9.0,113.0,46.0,19.0,10.0,2.0,11.0,2,0,Connor Metcalfe,1.0,1.314508276533593,0.7010710808179162,0.08763388510223953,0.17526777020447906,0.0,27.166504381694253,19.980525803310613,1.4021421616358325,1.9279454722492697,0.2629016553067186,0.7887049659201558,9.902629016553067,4.031158714703018,1.665043816942551,0.8763388510223953,0.17526777020447906,0.9639727361246349,0.7354838709677419,0.40707964601769914,0.5263157894736842,0.5333333333333333,33.416308069227625,4.802336903602726,4.469328140214216,2.7492372606296653,5.336903602726388,6.864861138637323,3.607276008956837,0.14709677419354839,0.3774557849951048,0.5887137079537047,0.6506413327070912,0.5565835945233593,0.5910436581878098,0.4437418591122767,0.3864633339120927,0.23260250623597128,Australia,AM,0.5714285714285714,7,AM:4 | CM:3,grid_centered_v2,True,AM,0.5473799217303559,0.14562760794142698
347316,37,18,1660.0,14.0,5.0,1.0,5.0,0.0,530.0,442.0,15.0,30.0,4.0,10.0,189.0,85.0,37.0,25.0,19.0,42.0,4,0,Lucas Bergvall,0.9993674698795181,0.7585560313543331,0.2709128683408333,0.05418257366816665,0.2709128683408333,0.0,28.716764044128325,23.948697561329656,0.8127386050224997,1.6254772100449995,0.2167302946726666,0.5418257366816666,10.240506423283495,4.6055187617941655,2.0047552257221657,1.3545643417041662,1.0294688996951664,2.275668094062999,0.8339622641509434,0.4497354497354497,0.6756756756756757,0.35714285714285715,35.39707763367633,5.3640747931484976,3.5218672884308324,1.527024319308214,4.247913775584266,7.79693261571818,4.132924873113658,0.1667924528301887,0.41478367799228266,0.6228732264591094,0.5786938298828666,0.44635786044347975,0.5059649504972955,0.5317486374639263,0.5797708897142682,0.463239502798424,Sweden,AM,0.8888888888888888,18,AM:16 | CM:2,grid_centered_v2,False,AM,0.5472921110043092,0.11454467219260284
6503,54,30,2996.0,17.0,6.0,2.0,4.0,0.0,1611.0,1323.0,32.0,76.0,6.0,29.0,234.0,117.0,45.0,27.0,5.0,24.0,5,0,Nahuel Molina,0.9943424566088118,0.507791708481803,0.17922060299357756,0.059740200997859184,0.11948040199571837,0.0,48.12073190377557,39.51814296008385,0.955843215965747,2.270127637918649,0.17922060299357756,0.8662329144689581,6.989603516749525,3.4948017583747624,1.3441545224518316,0.806492713471099,0.14935050249464796,0.7168824119743102,0.8212290502793296,0.5,0.6,0.35294117647058826,44.096742045613745,3.811424823663416,3.046750250890818,1.4347128051150584,6.01583824048442,6.392722461724667,4.096951083019709,0.16424581005586592,0.5845641060802806,0.526525258236865,0.5410934282042702,0.43811044862010146,0.6417601064116469,0.40014058060412677,0.5666450452150302,0.4298158601671013,Argentina,RB,1.0,31,RB:31,grid_centered_v2,False,FB,0.5472523331726814,0.08526249423925229
2218,54,47,4252.0,100.0,54.0,25.0,3.0,0.0,952.0,694.0,39.0,30.0,8.0,13.0,460.0,200.0,91.0,35.0,84.0,27.0,5,0,Ismaïla Sarr,0.9463899341486359,2.0031771889317316,1.081715682023135,0.5007942972329329,0.06009531566795195,0.0,19.070246838630087,13.902049691186217,0.7812391036833753,0.6009531566795195,0.16025417511453852,0.26041303456112513,9.214615069085966,4.006354377863463,1.8228912419278758,0.7011120161261061,1.6826688387026545,0.5408578410115675,0.7289915966386554,0.43478260869565216,0.38461538461538464,0.54,28.368879200716677,4.000344846296668,2.283621995382174,6.600756332695852,1.7788213437713778,6.913243955095805,3.374422696740322,0.1457983193277311,0.2894140635891846,0.5385063381942347,0.47989355570295084,0.835124684569586,0.31928666640920866,0.44827135801395596,0.30799335636184044,0.2205169296514516,Senegal,RW,0.9361702127659575,47,RW:44 | ST:3,grid_centered_v2,False,W,0.547181419345648,0.07157021301075271
33224,50,45,3904.0,67.0,36.0,15.0,9.0,0.0,812.0,655.0,42.0,51.0,3.0,25.0,397.0,149.0,64.0,28.0,33.0,73.0,8,0,Daizen Maeda,0.8784554303278689,1.3568356160033426,0.7290460026286617,0.30376916776194235,0.18226150065716543,0.0,16.44403761484648,13.264586992271482,0.8505536697334386,1.0328151703906039,0.060753833552388475,0.506281946269904,8.039757306766074,3.017440399768627,1.296081782450954,0.5670357798222924,0.6682921690762731,1.4783432831081194,0.8066502463054187,0.37531486146095716,0.4375,0.5373134328358209,29.26718042378326,3.282732139614057,3.1288224279480064,4.525444611447307,2.938460416150522,5.350361144058949,3.6426343440046987,0.16133004926108374,0.3041905140116503,0.49287756785630105,0.5476344491743996,0.7048870762296157,0.40364826766041373,0.31006348402016776,0.39904064850911225,0.39233511826465095,Japan,ST,0.37777777777777777,45,ST:17 | LW:16 | RW:12,grid_centered_v2,True,ST,0.5466888734996208,0.07469199048507778
70670,43,30,2776.0,67.0,28.0,13.0,6.0,0.0,546.0,399.0,32.0,10.0,2.0,2.0,242.0,95.0,24.0,11.0,27.0,49.0,7,1,Isidro Pitta,0.9016786743515851,1.958617581534603,0.8185267504920729,0.38003027701417674,0.1753985893911585,0.0,15.961271634595423,11.664006194512039,0.935459143419512,0.29233098231859744,0.0584661964637195,0.0584661964637195,7.074409772110059,2.7771443320266758,0.701594357564634,0.3215640805504572,0.7892936522602132,1.4324218133611277,0.7307692307692307,0.3925619834710744,0.4583333333333333,0.417910447761194,27.32272129163773,2.8823834856613715,3.3033401002001517,5.0220005623247035,0.7074409772110059,5.0656880152505686,3.4251233560118473,0.14615384615384616,0.27275365105194443,0.46742458759160405,0.5614859315711012,0.7408786296075616,0.25050832862583394,0.28747417947051973,0.3243407216096482,0.22378069847776763,Paraguay,ST,0.8064516129032258,31,ST:25 | RW:6,grid_centered_v2,False,ST,0.546608912656896,0.08857664097067813
129047,41,38,3123.0,24.0,8.0,3.0,2.0,0.0,1992.0,1677.0,50.0,80.0,11.0,49.0,321.0,167.0,21.0,12.0,23.0,54.0,5,1,Ramiz Zerrouki,0.9188312520012809,0.6355028832285515,0.2118342944095172,0.07943786040356894,0.0529585736023793,0.0,52.74673930796978,44.40576396559504,1.3239643400594825,2.118342944095172,0.2912721548130861,1.2974850532582929,8.499851063181877,4.422040895798672,0.5560650228249826,0.31775144161427576,0.6090235964273619,1.429881487264241,0.8418674698795181,0.5202492211838006,0.5714285714285714,0.3333333333333333,47.430648115693316,3.482026214356439,3.6011830049617926,1.5987375620685422,6.72838677618229,7.751604917669542,4.068816742642123,0.16837349397590362,0.6466480748711019,0.5055701444248087,0.5848948179868543,0.45278563931292914,0.6917627323812641,0.5274701371344663,0.5563130488174303,0.4841772065230873,Algeria,AM,0.8947368421052632,38,AM:34 | CM:2 | DM:2,grid_centered_v2,False,AM,0.5465214614080922,0.08351085798012357
44339,39,22,2246.0,17.0,5.0,0.0,2.0,0.0,1171.0,1029.0,23.0,65.0,11.0,36.0,199.0,109.0,32.0,15.0,10.0,29.0,5,1,Nasser Al-Dawsari,0.9148085485307212,0.6231776844398946,0.18328755424702786,0.0,0.07331502169881114,0.0,42.92594520465392,37.72057866403833,0.8431227495363282,2.382738205211362,0.4032326193434613,1.3196703905786005,7.294844659031709,3.995668682585207,1.1730403471809783,0.5498626627410835,0.3665751084940557,1.0630678146327615,0.8787361229718189,0.5477386934673367,0.46875,0.29411764705882354,42.97132391546239,3.0755651602651275,2.5110394931842817,0.8448378700634861,7.371825431815459,7.237152236021299,4.05337648261768,0.1757472245943638,0.5628718451822031,0.47969353770065953,0.498151619038978,0.3863937180753615,0.7333873047820042,0.478779983880701,0.550621438567866,0.5813772125338835,Saudi Arabia,CM,0.6296296296296297,27,CM:17 | DM:6 | AM:4,grid_centered_v2,False,CM,0.5463244538149519,0.09847456289293488
7090,30,28,2552.0,9.0,5.0,3.0,2.0,0.0,1972.0,1774.0,15.0,50.0,14.0,43.0,305.0,180.0,16.0,12.0,23.0,44.0,7,0,Michael Svoboda,0.8511755485893416,0.27016151816511236,0.1500897323139513,0.09005383938837079,0.06003589292558053,0.0,59.195390424622396,53.251837024989925,0.4502691969418539,1.500897323139513,0.4202512504790637,1.2907716978999815,9.155473671151029,5.403230363302248,0.48028714340464423,0.36021535755348316,0.690412768644176,1.3207896443627716,0.8995943204868154,0.5901639344262295,0.75,0.5555555555555556,50.02832209713417,2.056229332701133,1.4558704034453276,2.0416674514576094,5.745434952978057,9.335014311901835,4.628982523925324,0.1799188640973631,0.6919182812351427,0.41557590078214807,0.41424380612692635,0.49275417683826744,0.6218692533740914,0.670386493455529,0.74302137406068,0.6341483336687207,Austria,RB,1.0,28,RB:28,grid_centered_v2,False,FB,0.546135772770248,0.09238226430771596
289592,27,19,1596.0,3.0,2.0,0.0,0.0,0.0,978.0,844.0,19.0,49.0,4.0,16.0,183.0,87.0,24.0,10.0,21.0,30.0,5,0,Kevin Castaño,0.9121115288220552,0.15430458194358074,0.1028697212957205,0.0,0.0,0.0,50.303293713607324,43.41102238679405,0.9772623523093448,2.5203081717451523,0.205739442591441,0.822957770365764,9.412579498558426,4.474832876363842,1.234436655548646,0.5143486064786026,1.0801320736050652,1.5430458194358077,0.8629856850715747,0.47540983606557374,0.4166666666666667,0.6666666666666666,46.16564900253135,3.5850097871558595,2.4431558807733618,1.477350943147342,6.408783636723387,7.6909955351061,3.8371701666218763,0.17259713701431495,0.6235450115889474,0.5121271485420594,0.4926989029889486,0.4419159124616881,0.6698022099808348,0.5217429913697534,0.47020970794251116,0.5401821184786113,Colombia,CM,0.5238095238095238,21,CM:11 | AM:10,grid_centered_v2,True,CM,0.5460476828615819,0.11681873369179013
3287,42,37,3348.0,49.0,23.0,7.0,2.0,0.0,2406.0,2117.0,43.0,59.0,5.0,43.0,304.0,160.0,25.0,12.0,56.0,53.0,13,1,Teboho Mokoena,0.8699372759856632,1.1458851215940187,0.5378644448298455,0.16369787451343124,0.046770821289551776,0.0,56.26529801133079,49.50691433499056,1.0055726577253632,1.3797392280417775,0.11692705322387945,1.0055726577253632,7.109164836011871,3.7416657031641423,0.5846352661193973,0.2806249277373107,1.3095829961074499,1.239426764173122,0.8798836242726517,0.5263157894736842,0.48,0.46938775510204084,49.327620027365874,3.1663846013026555,2.7711711614059427,3.0013687290733153,4.623295684472193,6.817279352850852,4.054964859609904,0.17597672485453034,0.6800211543600146,0.48547085730923073,0.5190392986028939,0.5789913688056592,0.535585967122533,0.4392964494435075,0.5512075862198637,0.5843416391239146,South Africa,AM,0.7837837837837838,37,AM:29 | DM:5 | CM:3,grid_centered_v2,False,AM,0.5453177904602847,0.0806559132617443
127817,47,38,3442.0,14.0,7.0,1.0,2.0,0.0,1683.0,1459.0,18.0,95.0,18.0,49.0,334.0,204.0,28.0,12.0,33.0,31.0,4,1,Piero Hincapié,0.9920249854735619,0.36314685697172805,0.18157342848586402,0.025939061212266287,0.051878122424532574,0.0,43.65544002024416,37.84509030869651,0.4669031018207932,2.464210815165297,0.4669031018207932,1.271013999401048,8.66364644489694,5.291568487302323,0.7262937139434561,0.31126873454719545,0.8559890200047875,0.8041108975802549,0.8669043374925728,0.6107784431137725,0.42857142857142855,0.5,42.25136265006578,2.04659192964781,1.452587427886912,1.4617152895783398,7.491200878102504,9.24053121156457,3.9855762580916645,0.17338086749851456,0.5488619743797809,0.4149797061947679,0.4139878592541183,0.44051961018507607,0.7407043076172846,0.6624283608630348,0.5254913497128576,0.550505379018495,Ecuador,LB,0.6857142857142857,35,LB:24 | RB:5 | LCB:4 | RCB:2,grid_centered_v2,False,FB,0.5452022059852644,0.07954694490631271
415,53,49,4364.0,51.0,24.0,9.0,6.0,0.0,1783.0,1460.0,79.0,77.0,12.0,43.0,389.0,186.0,55.0,29.0,18.0,65.0,7,0,Weston McKennie,1.0,1.051787351054079,0.49495875343721357,0.1856095325389551,0.12373968835930339,0.0,36.77131072410633,30.10999083409716,1.6292392300641614,1.587992667277727,0.24747937671860679,0.886801099908341,8.022456461961504,3.835930339138405,1.1342804766269479,0.5980751604032998,0.3712190650779102,1.3405132905591202,0.8188446438586652,0.4781491002570694,0.5272727272727272,0.47058823529411764,40.2766843824428,4.613428047662695,4.753666361136572,3.118994985711975,4.904216315307058,6.804749775564975,3.8990657394543353,0.16376892877173305,0.5101028825344972,0.57701293621956,0.6711134375986771,0.5893406658419099,0.5576014268625984,0.438127440732645,0.49325500685757684,0.42361822750718786,USA,CM,0.5961538461538461,52,CM:31 | DM:13 | AM:8,grid_centered_v2,True,CM,0.5450990425035999,0.07064583566749402
50816,26,25,2278.0,9.0,5.0,3.0,2.0,0.0,882.0,742.0,13.0,48.0,3.0,16.0,280.0,175.0,39.0,22.0,98.0,41.0,6,0,Richie Laryea,0.9353819139596138,0.3325984856485018,0.1847769364713899,0.11086616188283395,0.07391077458855597,0.0,32.59465159355318,27.42089737235426,0.4804200348256138,1.7738585901253432,0.11086616188283395,0.5912861967084477,10.347508442397835,6.4671927764986465,1.4412601044768412,0.8130185204741156,3.6216279548392425,1.5151708790653973,0.8412698412698413,0.625,0.5641025641025641,0.5555555555555556,36.66017931849619,4.708116341291015,1.6075593473010925,2.2567281172337283,4.497470633713631,10.929069887098105,4.088615389503828,0.16825396825396827,0.43913859137766514,0.5828894747242195,0.42611811175082204,0.5122258580029293,0.5256747968021019,0.7881666560907284,0.5635894820114346,0.4825914596364321,Canada,RB,0.4666666666666667,30,RB:14 | RCB:9 | LB:7,grid_centered_v2,True,FB,0.5449470466350735,0.09778046040608337
719,32,20,1894.0,12.0,6.0,3.0,2.0,0.0,1588.0,1403.0,12.0,41.0,9.0,24.0,204.0,113.0,15.0,4.0,37.0,24.0,5,0,Florian Grillitsch,0.9238014783526927,0.5267716983214932,0.2633858491607466,0.1316929245803733,0.0877952830535822,0.0,69.70945474454427,61.588391062087915,0.5267716983214932,1.799803302598435,0.3950787737411199,1.0535433966429864,8.955118871465384,4.960433492527394,0.6584646229018665,0.1755905661071644,1.6242127364912706,1.0535433966429864,0.8835012594458438,0.553921568627451,0.26666666666666666,0.5,54.510329517834,2.199271840492234,1.799803302598435,2.4222835854680316,5.781319389078388,8.606371595420704,3.709539563779995,0.17670025188916877,0.7617690710797399,0.4244530466532762,0.4412886754982061,0.5271931635305291,0.624534316506526,0.6067941145618125,0.4231950539716005,0.5936465419773629,Austria,CM,0.5,20,CM:10 | AM:7 | DM:3,grid_centered_v2,True,CM,0.5448982828443748,0.10723559118546165
7578,35,31,2783.0,1.0,0.0,0.0,2.0,0.0,1322.0,1090.0,19.0,64.0,4.0,40.0,265.0,141.0,39.0,24.0,37.0,39.0,8,0,Gideon Mensah,1.0,0.03233920229967661,0.0,0.0,0.06467840459935321,0.0,42.75242544017248,35.2497305066475,0.6144448436938555,2.069708947179303,0.12935680919870643,1.2935680919870645,8.569888609414301,4.559827524254402,1.2612288896873878,0.7761408551922386,1.1965504850880346,1.2612288896873878,0.8245083207261724,0.5320754716981132,0.6153846153846154,0.0,41.08018915361964,3.6446280991735542,1.8918433345310814,0.0,6.454904779015451,7.979984949050502,4.1054033077381655,0.1649016641452345,0.5259153457455734,0.5159213078154063,0.4485926401094822,0.3168013406328847,0.6730203428061313,0.5489731943874147,0.569738157404508,0.43837513199791744,Ghana,LB,0.6129032258064516,31,LB:19 | RCB:9 | LCB:3,grid_centered_v2,False,FB,0.5447901262738107,0.08846517369293827
46855,37,31,2770.0,31.0,16.0,3.0,1.0,0.0,1104.0,922.0,42.0,42.0,5.0,15.0,287.0,134.0,69.0,32.0,33.0,30.0,4,0,Yoel Bárcenas,0.9210541516245492,0.9277043621055927,0.4788151546351447,0.08977784149408963,0.029925947164696542,0.0,33.03824566982498,27.59172328585021,1.256889780917255,1.256889780917255,0.1496297358234827,0.44888920747044814,8.588746836267907,4.010076920069337,2.0648903543640613,0.9576303092702894,0.9875562564349859,0.8977784149408963,0.8351449275362319,0.46689895470383275,0.463768115942029,0.5161290322580645,38.259613301661545,5.1502555070442755,3.3068171616989686,2.4208220129580487,3.324772729997786,7.01480455220857,3.872727163758725,0.1670289855072464,0.4703893723223821,0.6099942238067474,0.56176100807479,0.5270612017233818,0.4333721909729597,0.457806336145819,0.4834392766047559,0.46636547378000537,Panama,AM,0.8064516129032258,31,AM:25 | CM:5 | DM:1,grid_centered_v2,False,AM,0.5447251567599263,0.08867252045857574
162733,36,18,1658.0,17.0,9.0,2.0,3.0,0.0,424.0,324.0,26.0,23.0,2.0,8.0,210.0,87.0,83.0,28.0,21.0,17.0,0,1,Ruben Providence,0.8701749095295536,0.802996146912073,0.4251156071887445,0.09447013493083212,0.14170520239624818,0.0,20.027668605336412,15.304161858794803,1.2281117541008175,1.0864065517045693,0.09447013493083212,0.37788053972332847,9.919364167737372,4.109450869491198,3.920510599629533,1.3225818890316496,0.9919364167737372,0.802996146912073,0.7641509433962265,0.4142857142857143,0.3373493975903614,0.5294117647058824,30.572447965508683,6.013024088347464,3.8496579984314088,2.4097464589226636,2.8152100209387974,6.99608836014482,3.3832318115107634,0.1528301886792453,0.32639573086308904,0.6608515194729956,0.6041392167327662,0.5260610954561965,0.3943011817095913,0.4560466376388899,0.31080082501015727,0.29130042286999625,Haiti,LW,0.42105263157894735,19,LW:8 | ST:8 | RW:3,grid_centered_v2,True,W,0.544570113514157,0.114613737421786
191240,30,25,2154.0,8.0,5.0,1.0,0.0,0.0,723.0,553.0,6.0,81.0,15.0,40.0,269.0,166.0,23.0,3.0,37.0,34.0,6,0,Marvin Senaya,1.0,0.3342618384401114,0.20891364902506965,0.04178272980501393,0.0,0.0,30.20891364902507,23.105849582172702,0.25069637883008355,3.384401114206128,0.6267409470752089,1.6713091922005572,11.239554317548746,6.935933147632312,0.9610027855153204,0.12534818941504178,1.5459610027855153,1.4206128133704736,0.7648686030428768,0.6171003717472119,0.13043478260869565,0.625,33.217118975793376,1.5376044568245124,0.6267409470752089,1.8767409470752088,10.123955431754876,11.561607521926872,3.045013842974968,0.1529737206085754,0.3737733983469346,0.38388535308328514,0.3514044552835402,0.4778334371194326,0.8678759532322925,0.8254292751026588,0.21402201750029184,0.29287714117949426,Ghana,RB,0.84,25,RB:21 | RCB:4,grid_centered_v2,False,FB,0.5445127207422819,0.10055555983044086
1115,33,16,1654.0,9.0,4.0,0.0,0.0,0.0,1301.0,1122.0,10.0,40.0,10.0,14.0,185.0,115.0,8.0,7.0,30.0,26.0,4,0,Anthony Ralston,0.8735429262394195,0.4277930896335731,0.1901302620593658,0.0,0.0,0.0,61.839867734808735,53.33153850765211,0.4753256551484145,1.901302620593658,0.4753256551484145,0.6654559172077803,8.793524620245668,5.466245034206767,0.3802605241187316,0.33272795860389015,1.4259769654452437,1.2358467033858778,0.862413528055342,0.6216216216216216,0.875,0.4444444444444444,50.33892999234431,2.4003945584994932,1.1883141378710362,1.1550712557720009,5.276114772147402,9.517607912754338,4.743228260571476,0.1724827056110684,0.6971128196535752,0.4370162484009154,0.3935480641222928,0.4133521048406157,0.5863885156600996,0.6854897793924591,0.7741922204456194,0.5386717296532497,Scotland,RB,1.0,16,RB:16,grid_centered_v2,False,FB,0.5436575511920788,0.11475224349941895
19586,58,38,3421.0,55.0,28.0,10.0,5.0,0.0,1264.0,1082.0,46.0,37.0,3.0,12.0,334.0,168.0,91.0,48.0,63.0,25.0,2,0,Eberechi Eze,0.996053785442853,1.4412353808658644,0.7337198302589855,0.2620427965210662,0.1310213982605331,0.0,33.122209480262775,28.35303058357937,1.2053968639969048,0.9695583471279451,0.07861283895631987,0.3144513558252795,8.752229403803613,4.402318981553913,2.384589448341703,1.257805423301118,1.6508696180827174,0.6551069913026656,0.8560126582278481,0.5029940119760479,0.5274725274725275,0.509090909090909,38.71610444980826,6.139662722488583,3.734109850425194,4.141731952712927,2.460581859332812,7.6722286101036214,4.094283898734224,0.17120253164556964,0.47936229462872815,0.6680445897873608,0.5952262252221615,0.6751765733891135,0.36785546940604,0.5199684232005046,0.5656678918457899,0.5217325681394677,England,CM,0.8421052631578947,38,CM:32 | AM:6,grid_centered_v2,False,CM,0.5431718345435537,0.07979072305431595
453073,13,12,1112.0,7.0,2.0,0.0,0.0,0.0,621.0,534.0,0.0,15.0,9.0,16.0,82.0,49.0,11.0,7.0,12.0,3.0,0,0,Akam Hashem,0.8864208633093525,0.5021988704000828,0.1434853915428808,0.0,0.0,0.0,44.55221407406449,38.31059954194917,0.0,1.076140436571606,0.6456842619429637,1.1478831323430465,5.882901053258113,3.51539209280058,0.7891696534858444,0.5021988704000828,0.8609123492572848,0.2152280873143212,0.8599033816425121,0.5975609756097561,0.6363636363636364,0.2857142857142857,41.54608087439182,1.6859533506288493,0.0,0.7723081195886046,4.943071738652245,6.7142318567500805,4.376922524462095,0.17198067632850245,0.5350620811455346,0.3928626442104759,0.3069832687185164,0.3801838124988557,0.5606307227299763,0.42970329176237965,0.6650252133741158,0.5320373790580298,Iraq,LCB,0.5454545454545454,11,LCB:6 | RB:4 | RCB:1,grid_centered_v2,True,CB,0.5431526619683278,0.1399511733971952
2990,36,36,3125.0,25.0,9.0,2.0,4.0,0.0,1821.0,1605.0,27.0,69.0,11.0,38.0,250.0,148.0,28.0,11.0,38.0,35.0,1,1,Idrissa Gueye,0.983104,0.7078348799999999,0.2548205568,0.056626790399999995,0.11325358079999999,0.0,51.5586926592,45.442999296,0.7644616704,1.9536242688,0.3114473472,1.0759090176,7.0783488,4.1903824896,0.7927750656,0.3114473472,1.0759090176,0.990968832,0.8813838550247117,0.592,0.39285714285714285,0.36,46.76493141305779,2.69260388352,2.5340488704,1.5297631027199998,6.01093380096,7.64253548544,3.949508843169348,0.17627677100494235,0.6345674109027348,0.45540985710527104,0.5,0.4466030269953796,0.6414034116786699,0.5171596805051196,0.5120619656630536,0.588208080708087,Senegal,CM,0.8888888888888888,36,CM:32 | DM:4,grid_centered_v2,False,CM,0.5429576497081952,0.08348413022844521
67971,60,56,5114.0,34.0,11.0,5.0,4.0,0.0,3918.0,3548.0,32.0,61.0,32.0,76.0,444.0,279.0,18.0,12.0,63.0,40.0,9,0,Marc Guéhi,0.9794681267109895,0.5860720507891333,0.18961154584354314,0.08618706629251961,0.06894965303401568,0.0,67.53618514681835,61.158342241171916,0.5515972242721254,1.0514822087687392,0.5515972242721254,1.310043407646298,7.653411486775741,4.809238299122594,0.31027343865307055,0.20684895910204706,1.0859570352857468,0.6894965303401569,0.9055640632976009,0.6283783783783784,0.6666666666666666,0.3235294117647059,54.13357934705253,2.052975919087817,1.7582161523673998,1.6020115180505292,5.119511737775665,8.618068753906766,4.5656658504657415,0.18111281265952017,0.756337775579295,0.4153746085093108,0.43799659115469,0.4530794823211888,0.5743265930767525,0.6078510581501425,0.7245792836685656,0.6487354703781539,England,LB,0.5535714285714286,56,LB:31 | LCB:23 | RCB:2,grid_centered_v2,True,FB,0.5427360750126299,0.06526022636408722
36899,49,28,2803.0,24.0,11.0,2.0,1.0,0.0,1674.0,1504.0,24.0,51.0,12.0,25.0,237.0,115.0,15.0,7.0,18.0,51.0,5,0,Teun Koopmeiners,1.0,0.7706029254370317,0.35319300749197285,0.06421691045308597,0.03210845522654299,0.0,53.74955404923296,48.291116660720654,0.7706029254370317,1.6375312165536924,0.38530146271851584,0.8027113806635747,7.609703888690688,3.6924723510524435,0.4816268283981448,0.2247591865858009,0.5779521940777738,1.6375312165536924,0.8984468339307049,0.48523206751054854,0.4666666666666667,0.4583333333333333,48.18967602129652,2.2379593292900464,2.1031038173385657,1.9248721607801165,4.9768105601141635,6.625157494005066,4.047654248437391,0.179689366786141,0.6601962910890751,0.4268626230634458,0.4654365329111078,0.4821849211964673,0.5632574604457861,0.42145301931427703,0.5485086482557527,0.6313150390800353,Netherlands,DM,0.5172413793103449,29,DM:15 | CM:12 | AM:2,grid_centered_v2,True,DM,0.5426502257790492,0.0881489997947986
29781,15,10,999.0,26.0,14.0,4.0,3.0,0.0,241.0,197.0,22.0,2.0,0.0,2.0,65.0,16.0,29.0,5.0,8.0,4.0,0,0,Mehdi Ghayedi,0.8567567567567568,2.0068176284392503,1.0805941076211347,0.30874117360603853,0.23155588020452886,0.0,18.60165570976382,15.205502800097396,1.6980764548332117,0.15437058680301927,0.0,0.15437058680301927,5.017044071098126,1.2349646944241541,2.238373508643779,0.3859264670075481,0.6174823472120771,0.30874117360603853,0.8174273858921162,0.24615384615384617,0.1724137931034483,0.5384615384615384,32.202582626363046,4.33009495982469,5.518748478207939,5.059684216440973,0.5866082298514732,2.467412110655354,3.245102922781669,0.16348547717842324,0.35525140733510285,0.5593044625656269,0.7229350847990795,0.7434904249293528,0.2434016731089542,0.130999410826185,0.2684687661108036,0.41994566624180013,Iran,ST,0.6,10,ST:6 | RW:4,grid_centered_v2,False,ST,0.5421700538569058,0.14765433214708534
66340,37,19,1994.0,50.0,21.0,11.0,8.0,0.0,384.0,301.0,28.0,7.0,4.0,3.0,164.0,66.0,16.0,7.0,27.0,24.0,8,0,Jan Kuchta,0.8500000000000001,1.9182547642928789,0.8056670010030091,0.4220160481444334,0.30692076228686066,0.0,14.73219658976931,11.54789368104313,1.0742226680040123,0.2685556670010031,0.15346038114343033,0.11509528585757274,6.291875626880643,2.5320962888666,0.6138415245737213,0.2685556670010031,1.0358575727181547,0.9207622868605819,0.7838541666666666,0.4024390243902439,0.4375,0.42,28.374287968070877,3.1229187562688074,4.373620862587764,5.34406218655968,0.8823971915747244,4.752251877583972,3.6183042101405842,0.15677083333333333,0.28950175252610677,0.48270527408900427,0.643618877342447,0.7626378532207856,0.2610402750225972,0.2637745203035493,0.3903708051487311,0.33632308260722527,Czech Republic,RW,0.8695652173913043,23,RW:20 | ST:3,grid_centered_v2,False,W,0.5421020541403951,0.1045120486112235
2601,50,41,3539.0,23.0,9.0,3.0,4.0,0.0,1685.0,1436.0,50.0,97.0,3.0,24.0,351.0,186.0,43.0,22.0,51.0,46.0,5,0,Daichi Kamada,0.9525289629838938,0.557144660462464,0.2180131280070511,0.07267104266901704,0.09689472355868939,0.0,40.816902299097904,34.78520575756949,1.2111840444836175,2.3496970462982176,0.07267104266901704,0.5813683413521363,8.502511992274993,4.505604645479057,1.041618278255911,0.5329209795727917,1.2354077253732896,1.114289320924928,0.8522255192878339,0.5299145299145299,0.5116279069767442,0.391304347826087,42.09561210575714,4.130137591689135,3.5608810907818356,1.669195416214182,5.472129512976983,7.897590093414269,4.026542216357376,0.17044510385756678,0.5458201889409504,0.5467127744803143,0.5817472012617051,0.45911628042348285,0.6013396440649771,0.5412321591970523,0.5406990053324358,0.5116842351513478,Japan,AM,0.7073170731707317,41,ST:29 | RW:8 | LW:4,public_anchor,False,AM,0.5420232114237925,0.07844922479095855
33,36,21,2084.0,8.0,3.0,0.0,3.0,0.0,1929.0,1770.0,16.0,31.0,8.0,24.0,148.0,85.0,10.0,3.0,21.0,26.0,4,1,Lucas Hernández,1.0,0.345489443378119,0.12955854126679464,0.0,0.12955854126679464,0.0,83.30614203454894,76.43953934740883,0.690978886756238,1.338771593090211,0.345489443378119,1.0364683301343571,6.391554702495202,3.6708253358925145,0.43186180422264875,0.12955854126679464,0.9069097888675623,1.1228406909788868,0.9175738724727839,0.5743243243243243,0.3,0.375,61.8090685008791,2.021113243761996,2.4400191938579656,0.9313819577735125,4.862763915547026,6.862128443222493,3.8914110281061625,0.18351477449455678,0.8503992323833788,0.41340473197847843,0.4924469822458943,0.39385200538244125,0.55436493613618,0.4434863014227978,0.49040141480772714,0.6772349767372108,France,LB,0.8636363636363636,22,LB:19 | RCB:3,grid_centered_v2,False,FB,0.5415140117363944,0.10223040478345032
380978,20,13,986.0,19.0,13.0,4.0,3.0,0.0,297.0,247.0,14.0,8.0,3.0,3.0,98.0,50.0,26.0,14.0,22.0,4.0,0,0,Assan Ouédraogo,1.0,1.7342799188640974,1.1866125760649087,0.36511156186612576,0.2738336713995943,0.0,27.10953346855984,22.545638945233264,1.2778904665314401,0.7302231237322515,0.2738336713995943,0.2738336713995943,8.94523326572008,4.563894523326572,2.3732251521298173,1.2778904665314401,2.0081135902636915,0.36511156186612576,0.8316498316498316,0.5102040816326531,0.5384615384615384,0.6842105263157895,35.5463167851606,6.498985801217039,4.700811359026369,5.950571154051457,2.163286004056795,7.920064577555159,4.054877887708951,0.16632996632996633,0.41764207608749215,0.68802394734603,0.667353936240587,0.8000942883139357,0.3462746039813116,0.5433457820359879,0.5511754952530954,0.45713593188945933,Germany,CM,0.8461538461538461,13,CM:11 | AM:2,grid_centered_v2,False,CM,0.5411282686794385,0.14862452520664485
20696,49,43,3582.0,69.0,31.0,10.0,3.0,0.0,1854.0,1518.0,39.0,64.0,10.0,48.0,394.0,220.0,51.0,21.0,90.0,63.0,15,0,Pape Gueye,0.9886543830262423,1.713998804743988,0.7700574340154149,0.2484056238759403,0.0745216871627821,0.0,46.05440266659933,37.70797370436774,0.9687819331161671,1.589795992806018,0.2484056238759403,1.1923469946045135,9.787181580712048,5.464923725270687,1.2668686817672956,0.5216518101394747,2.235650614883463,1.5649554304184239,0.8187702265372169,0.5583756345177665,0.4117647058823529,0.4492753623188406,43.13130072963245,4.165762312399519,2.8318241121857195,3.9638761232667847,5.5195729625233945,9.32602011893226,3.705026082842127,0.1637540453074434,0.5659720949705321,0.5489609844612182,0.5239026482770335,0.6608916451947737,0.6049313133516258,0.6696330328270123,0.4215525921076384,0.42342517503371124,Senegal,CM,0.5609756097560976,41,CM:23 | AM:15 | DM:3,grid_centered_v2,True,CM,0.5409594514379452,0.07797693255091695
16470,40,32,2645.0,40.0,15.0,2.0,3.0,0.0,1557.0,1396.0,36.0,45.0,8.0,37.0,182.0,95.0,24.0,13.0,22.0,17.0,3,1,Jordy Alcivar,0.8658903591682419,1.1785275209851307,0.441947820369424,0.05892637604925653,0.0883895640738848,0.0,45.87418375434621,41.13061048238106,1.0606747688866176,1.3258434611082721,0.23570550419702613,1.090137956911246,5.362300220482345,2.799002862339685,0.7071165125910784,0.3830214443201675,0.6481901365418219,0.5008741964186805,0.8965960179833012,0.521978021978022,0.5416666666666666,0.375,45.17963267681156,3.1908632630672416,3.1378295246229104,1.8401379569112457,4.826070198434111,5.484538073209626,4.281807336019269,0.17931920359666026,0.6051327980605417,0.48702875353600056,0.5483513408336628,0.4745264209846262,0.5514961296138994,0.321042752998664,0.6327191507656035,0.626726056239967,Ecuador,AM,0.9714285714285714,35,AM:34 | DM:1,grid_centered_v2,False,AM,0.5405526298649042,0.0907436198135274
50057,40,22,2176.0,12.0,7.0,4.0,0.0,0.0,993.0,875.0,36.0,43.0,13.0,17.0,206.0,105.0,31.0,13.0,18.0,23.0,4,0,Eren Elmalı,0.9266544117647059,0.4599203881920415,0.26828689311202425,0.15330679606401384,0.0,0.0,38.05841212289143,33.53586163900302,1.3797611645761245,1.6480480576881489,0.498247087208045,0.6515538832720588,7.895299997296712,4.024303396680363,1.1881276694961074,0.498247087208045,0.6898805822880623,0.8815140773680796,0.8811681772406847,0.5097087378640777,0.41935483870967744,0.5833333333333334,41.91501221547051,4.074128105401168,3.4494029114403113,2.7687226855356117,4.817666066311634,7.163150968944741,3.972289698976001,0.17623363544813697,0.5422888270853854,0.5431742984140266,0.5730066536270433,0.5583247796906776,0.5508385838915107,0.47178759206030524,0.5205474719809473,0.5876528869971712,Türkiye,LB,0.9545454545454546,22,LB:21 | RCB:1,grid_centered_v2,False,FB,0.5400767414287397,0.10004594532748735
409670,26,17,1557.0,5.0,2.0,1.0,0.0,0.0,666.0,491.0,10.0,65.0,9.0,18.0,192.0,104.0,19.0,14.0,11.0,33.0,6,0,Arjan Malić,0.880218368657675,0.2543983724444147,0.1017593489777659,0.05087967448888295,0.0,0.0,33.88586320959604,24.981920174041527,0.5087967448888294,3.3071788417773917,0.4579170703999465,0.915834140799893,9.768897501865526,5.291486146843826,0.966713815288776,0.7123154428443612,0.5596764193777124,1.6790292581331372,0.7372372372372372,0.5416666666666666,0.7368421052631579,0.4,34.697162865026804,2.9764609575996523,1.2719918622220736,1.3495004844799359,8.288298974239032,9.033080605581356,3.98899044582003,0.14744744744744745,0.40145743184347144,0.4733954419234572,0.3999834002514432,0.43052743452523734,0.7861268076432498,0.6446336948210476,0.5267609881179661,0.23594450594712132,Bosnia & Herzegovina,RB,0.9411764705882353,17,RB:16 | RCB:1,grid_centered_v2,False,FB,0.5400066884721143,0.11827273272550348
62490,29,29,2571.0,12.0,7.0,3.0,1.0,0.0,1333.0,1158.0,13.0,52.0,28.0,61.0,292.0,162.0,14.0,9.0,24.0,46.0,11,1,Samet Akaydın,0.9200000000000003,0.38646441073512267,0.22543757292882152,0.09661610268378067,0.03220536756126022,0.0,42.92975495915987,37.29381563593933,0.41866977829638286,1.6746791131855314,0.9017502917152861,1.9645274212368735,9.403967327887985,5.2172695449241555,0.45087514585764304,0.289848308051342,0.7729288214702453,1.4814469078179702,0.8687171792948237,0.5547945205479452,0.6428571428571429,0.5833333333333334,41.8736587705853,1.864690781796967,1.2238039673278882,2.255208090237262,7.935402567094519,8.968560924537654,4.301055040268481,0.17374343585896476,0.5414796107746471,0.4037753263549217,0.39627308289134855,0.5120882946936418,0.7667629595611338,0.6390139796594976,0.6393649485575994,0.5552669797520041,Türkiye,RB,1.0,29,RB:29,grid_centered_v2,False,FB,0.5400023844950365,0.092040273261131
37435,37,31,2803.0,14.0,4.0,2.0,1.0,0.0,1469.0,1304.0,36.0,35.0,5.0,38.0,332.0,166.0,30.0,23.0,18.0,33.0,3,0,Deroy Duarte,0.8898929718159115,0.40002324098753067,0.1142923545678659,0.05714617728393295,0.028573088641966476,0.0,41.973867215048756,37.25930758912428,1.028631191110793,1.0000581024688266,0.14286544320983238,1.0857773683947263,9.486265429132871,4.7431327145664355,0.8571926592589942,0.657181038765229,0.5143155955553965,0.9429119251848936,0.8876786929884275,0.5,0.7666666666666667,0.2857142857142857,43.13746995370422,3.7516465386901983,2.728729965307798,1.1886072860950474,4.128811308764156,8.140385800393009,4.611442471444705,0.1775357385976855,0.5660915489304365,0.5227271588844307,0.5156340244109083,0.4163007971641144,0.4965479972988832,0.563971856087558,0.7379943083923385,0.6043078794794668,Cape Verde Islands,AM,0.9354838709677419,31,AM:29 | CM:2,grid_centered_v2,False,AM,0.5398586735921566,0.0881489997947986
406752,29,23,2083.0,10.0,3.0,2.0,0.0,0.0,1525.0,1383.0,5.0,20.0,11.0,16.0,189.0,99.0,23.0,16.0,8.0,19.0,4,0,Ime Okon,0.8764282285165627,0.37867758313245625,0.11360327493973686,0.07573551662649125,0.0,0.0,57.748331427699576,52.371109747218696,0.18933879156622813,0.7573551662649125,0.4165453414457019,0.60588413301193,7.157006321203424,3.7489080730113167,0.8709584412046493,0.60588413301193,0.302942066505965,0.7194874079516669,0.9068852459016393,0.5238095238095238,0.6956521739130435,0.3,49.037557873138255,2.006991190602018,0.4733469789155703,1.3649287179275615,3.0332074408909744,6.819899873644415,4.578237090586892,0.18137704918032788,0.6750256616955161,0.4125325324361155,0.3402542839885803,0.43189808108374317,0.4108819518396445,0.43954102949517787,0.7283054586193838,0.6519277030774827,South Africa,RCB,0.7391304347826086,23,RCB:17 | RB:6,grid_centered_v2,False,CB,0.5396430387777675,0.1022549410624028
70767,30,25,2310.0,20.0,8.0,4.0,1.0,0.0,1182.0,1049.0,24.0,34.0,10.0,32.0,226.0,123.0,34.0,20.0,52.0,32.0,2,0,Braian Ojeda,0.9173636363636364,0.7148288075560802,0.28593152302243213,0.14296576151121607,0.03574144037780402,0.0,42.24638252656435,37.492770956316406,0.8577945690672963,1.2152089728453366,0.3574144037780401,1.1437260920897285,8.077565525383708,4.396197166469894,1.2152089728453366,0.7148288075560802,1.8585548996458086,1.1437260920897285,0.8874788494077834,0.5442477876106194,0.5882352941176471,0.4,42.91343251028313,4.260379693034238,2.341064344746163,2.3440302243211333,4.867984179456907,7.787419395889709,4.291200530016076,0.1774957698815567,0.5617487216174215,0.5549221751690512,0.48450213230584593,0.520122984292154,0.5547727797972539,0.5308510464790263,0.6359688930497152,0.6038000187750349,Paraguay,AM,0.6923076923076923,26,AM:18 | CM:7 | DM:1,grid_centered_v2,False,AM,0.539448092259657,0.09710083124552245
25348,33,33,2830.0,46.0,25.0,10.0,3.0,0.0,1435.0,1143.0,34.0,73.0,15.0,35.0,314.0,179.0,38.0,20.0,55.0,32.0,2,0,Vladimír Darida,0.8529151943462896,1.247727528124961,0.6781127870244352,0.2712451148097741,0.08137353444293222,0.0,38.92367397520258,31.00331662275718,0.9222333903532319,1.980089338111351,0.40686767221466114,0.9493579018342094,8.517096605026905,4.855287555094956,1.0307314362771416,0.5424902296195482,1.4918481314537575,0.8679843673912772,0.7965156794425087,0.5700636942675159,0.5263157894736842,0.5434782608695652,39.273012055610344,3.7621697424115665,2.7531379153192073,4.206275342051532,5.910431051704977,8.507593659935486,3.893760027417116,0.15930313588850176,0.49032651488138834,0.5233959689654962,0.5175925967563013,0.6802826806067285,0.6340599591282784,0.5978296157490729,0.491277037966514,0.3669809985435566,Czech Republic,AM,1.0,32,AM:32,grid_centered_v2,False,AM,0.539423456697623,0.08772749326297286
2755,31,19,1751.0,25.0,14.0,3.0,6.0,0.0,636.0,479.0,32.0,32.0,1.0,10.0,171.0,74.0,35.0,11.0,22.0,27.0,3,0,Awer Mabil,0.852569960022844,1.095535356968246,0.6134997999022178,0.13146424283618954,0.2629284856723791,0.0,27.870419481272183,20.990457439511594,1.4022852569193551,1.4022852569193551,0.04382141427872985,0.4382141427872984,7.493461841662803,3.2427846566260086,1.5337494997555448,0.48203555706602835,0.9640711141320567,1.183178185525706,0.7531446540880503,0.4327485380116959,0.3142857142857143,0.56,34.174875632612455,4.211237912185939,4.951819813496472,3.0306136625526214,3.448745303736039,5.8381441333115,3.2801657353850837,0.15062893081761008,0.3916060812492404,0.5518279512195469,0.6850110778383005,0.5815713381880083,0.44302447388150185,0.35091831607385693,0.2788632826763764,0.2677590483732812,Australia,AM,1.0,19,AM:19,grid_centered_v2,False,AM,0.5393316028442742,0.11152850088907944
158644,45,33,2762.0,47.0,24.0,10.0,7.0,0.0,783.0,547.0,32.0,34.0,3.0,17.0,319.0,120.0,63.0,22.0,28.0,41.0,4,0,Maximilian Beier,1.0,1.5314989138305575,0.782041998551774,0.32585083272990584,0.2280955829109341,0.0,25.514120202751627,17.82404055032585,1.0427226647356986,1.1078928312816798,0.09775524981897175,0.5539464156408399,10.394641564083997,3.9102099927588703,2.052860246198407,0.7168718320057929,0.9123823316437364,1.335988414192614,0.698595146871009,0.3761755485893417,0.3492063492063492,0.5106382978723404,31.031678092484853,4.125271542360608,3.8613323678493843,4.722942055556411,3.2096307023895725,6.602820635630444,3.1172455889202877,0.1397190293742018,0.33440404514690875,0.5464055370877933,0.6050360080513251,0.7195471333669895,0.4244523384743617,0.41939079940567425,0.23270281596535045,0.16999975223480673,Germany,RW,0.42424242424242425,33,RW:14 | ST:12 | LW:7,grid_centered_v2,True,W,0.5388215471118324,0.08880084544678457
30432,51,46,3928.0,18.0,6.0,2.0,4.0,0.0,2674.0,2285.0,34.0,101.0,5.0,44.0,353.0,181.0,7.0,3.0,12.0,53.0,11,1,Marten de Roon,1.0,0.4124236252545825,0.13747454175152748,0.045824847250509164,0.09164969450101833,0.0,61.26782077393075,52.35488798370672,0.7790224032586558,2.314154786150713,0.11456211812627291,1.0081466395112015,8.088085539714868,4.14714867617108,0.16038696537678207,0.06873727087576374,0.27494908350305497,1.214358452138493,0.8545250560957367,0.5127478753541076,0.42857142857142855,0.3333333333333333,50.49169055717957,1.7115580448065173,2.45162932790224,1.2257298031228783,6.307790224032586,7.344251772701835,3.8702167417342133,0.17090501121914736,0.6996493009397747,0.39441964607669644,0.4933794599462274,0.41957182611982863,0.6626998314274546,0.48891385631107076,0.4825042523589979,0.5177871919059001,Netherlands,CM,0.782608695652174,46,CM:36 | AM:6 | DM:4,grid_centered_v2,False,CM,0.5387710593339743,0.0744634575970765
328046,38,36,2987.0,20.0,10.0,6.0,0.0,0.0,1299.0,1185.0,25.0,35.0,4.0,18.0,239.0,127.0,46.0,27.0,58.0,28.0,5,1,Ismael Koné,1.0,0.6026113157013726,0.3013056578506863,0.18078339471041177,0.0,0.0,39.13960495480415,35.70472045530633,0.7532641446267158,1.054569802477402,0.12052226314027452,0.5423501841312354,7.201205222631403,3.826581854703716,1.386006026113157,0.813525276196853,1.7475728155339805,0.8436558419819217,0.9122401847575058,0.5313807531380753,0.5869565217391305,0.5,41.92535513785294,4.263475058587211,1.8831603615667893,2.868095078674255,3.115500502176096,6.951356855999427,4.394422219678382,0.18244803695150116,0.5424911857082849,0.5551169356852415,0.447902592310261,0.5671813636329077,0.41719634736528033,0.45184549994151285,0.6708145624612658,0.6647248132102933,Canada,AM,0.6216216216216216,37,AM:23 | CM:13 | DM:1,grid_centered_v2,False,AM,0.5386988525755199,0.08539084798727911
18938,22,22,1886.0,6.0,2.0,1.0,1.0,0.0,1182.0,1069.0,3.0,34.0,18.0,20.0,157.0,83.0,3.0,1.0,6.0,17.0,3,1,Alfie Jones,0.9199999999999998,0.2634146341463414,0.08780487804878047,0.043902439024390234,0.043902439024390234,0.0,51.89268292682925,46.93170731707316,0.1317073170731707,1.4926829268292678,0.7902439024390242,0.8780487804878048,6.892682926829266,3.6439024390243895,0.1317073170731707,0.043902439024390234,0.2634146341463414,0.7463414634146339,0.9043993231810491,0.5286624203821656,0.3333333333333333,0.3333333333333333,46.22510503074574,0.47853658536585353,0.570731707317073,1.1408130081300811,5.312195121951218,6.687450675780641,3.9171552822133675,0.18087986463620984,0.6246445131490252,0.3223697642770572,0.34731356426940524,0.41210029983250807,0.5891534281123176,0.42721843047735536,0.5,0.6459101462299134,Canada,RCB,0.5,22,RCB:11 | RB:11,grid_centered_v2,True,CB,0.5386470317891893,0.10746278548926295
375974,53,47,4020.0,13.0,9.0,5.0,8.0,0.0,2237.0,1965.0,46.0,84.0,15.0,51.0,289.0,169.0,30.0,18.0,24.0,27.0,4,0,Joaquin Seys,0.9407562189054728,0.2738021831142794,0.18955535754065497,0.10530853196703054,0.16849365114724887,0.0,47.115037202049464,41.38625306304301,0.968838494096681,1.7691833370461132,0.31592559590109165,1.0741470260637116,6.086833147694366,3.5594283804856324,0.6318511918021833,0.37911071508130995,0.5054809534417466,0.568666072621965,0.8784085829235584,0.5847750865051903,0.6,0.6923076923076923,45.099658302204574,2.944426553798174,3.348811316551571,2.4924611409085458,5.6803422143016284,6.737524992195455,4.342846789024772,0.17568171658471168,0.6036254610055708,0.47136136018065106,0.5650801946992258,0.5335245149309151,0.6170162067472317,0.4318674074996249,0.6536095935974978,0.5805299645077083,Belgium,LB,0.8723404255319149,47,LB:41 | RB:6,grid_centered_v2,False,FB,0.5385532014117842,0.07360645656300263
8601,33,15,1440.0,29.0,10.0,3.0,1.0,0.0,211.0,137.0,16.0,8.0,2.0,2.0,238.0,111.0,26.0,14.0,27.0,34.0,3,0,Frantzdy Pierrot,0.8719027777777778,1.5803237847222222,0.5449392361111112,0.16348177083333335,0.05449392361111111,0.0,11.498217881944445,7.465667534722223,0.8719027777777778,0.4359513888888889,0.10898784722222223,0.10898784722222223,12.969553819444444,6.048825520833334,1.4168420138888889,0.7629149305555556,1.4713359375000001,1.852793402777778,0.6492890995260664,0.46638655462184875,0.5384615384615384,0.3448275862068966,23.15023109058222,4.212380295138889,2.479473524305556,2.7604242696360157,1.122574826388889,9.867515393032214,3.280073767198519,0.12985781990521328,0.212554065368092,0.5518999281610855,0.49561596543457004,0.5575834198085378,0.2759568515775235,0.7133467681067707,0.27883569763414967,0.10817473500379564,Haiti,ST,0.6666666666666666,21,ST:14 | RW:5 | LW:2,grid_centered_v2,False,ST,0.538478027875235,0.12298373876248844
162964,34,31,2693.0,7.0,3.0,1.0,0.0,0.0,1501.0,1306.0,3.0,28.0,20.0,23.0,239.0,134.0,4.0,2.0,13.0,35.0,6,0,Robin Hranáč,1.0,0.23393984404010398,0.10025993316004457,0.03341997772001486,0.0,0.0,50.1633865577423,43.6464909023394,0.10025993316004457,0.9357593761604159,0.6683995544002971,0.7686594875603416,7.98737467508355,4.478277014481991,0.13367991088005943,0.06683995544002971,0.4344597103601931,1.1696992202005199,0.8700866089273818,0.5606694560669456,0.5,0.42857142857142855,44.526209040488666,0.564797623468251,0.25064983290011145,1.2648665853270384,3.9569253620497586,7.951596188475624,4.075994976056573,0.17401732178547635,0.5927610953268044,0.32718904950809713,0.3243789125098017,0.42302800497437504,0.48296372141925753,0.5463085402267288,0.5589541669290012,0.5588572479561749,Czech Republic,RCB,0.75,28,RCB:21 | RB:7,grid_centered_v2,False,CB,0.5381534374827344,0.08993127714117927
51572,23,14,1293.0,5.0,1.0,0.0,0.0,0.0,628.0,478.0,11.0,26.0,7.0,18.0,143.0,78.0,26.0,16.0,17.0,17.0,9,1,Matías Viña,0.9009126063418406,0.3135426704205942,0.06270853408411883,0.0,0.0,0.0,39.380959404826626,29.9746792922088,0.6897938749253072,1.6304218861870896,0.43895973858883186,1.128753613514139,8.967320374028994,4.891265658561269,1.6304218861870896,1.0033365453459013,1.0660450794300202,1.0660450794300202,0.7611464968152867,0.5454545454545454,0.6153846153846154,0.2,38.12968190240476,4.282992877945317,1.724484687313268,0.48779194771776635,5.675122334612754,8.484135558349413,3.9046032583732275,0.15222929936305735,0.46783864461544,0.5563446053016475,0.43533036208146497,0.3562163302788382,0.6166260074371961,0.5956908087988612,0.4953196175806445,0.2847542116314754,Uruguay,LB,0.6428571428571429,14,LB:9 | RCB:5,grid_centered_v2,False,FB,0.537401345557928,0.12978654615870286
19235,51,37,3384.0,14.0,11.0,0.0,0.0,0.0,1413.0,1152.0,18.0,73.0,9.0,30.0,405.0,195.0,127.0,54.0,32.0,40.0,5,0,Djed Spence,0.995700354609929,0.3707394937377395,0.29129531650822393,0.0,0.0,0.0,37.41820747510185,30.506564056133993,0.47666506337709363,1.9331416459182131,0.23833253168854682,0.7944417722951561,10.724963925984607,5.163871519918515,3.3631368360494944,1.429995190131281,0.8474045571148332,1.0592556963935416,0.8152866242038217,0.48148148148148145,0.4251968503937008,0.7857142857142857,38.173689095645564,4.856687367964388,1.1916626584427341,1.9792420145400849,5.3307042921004975,8.673864572330364,3.726709652303147,0.16305732484076435,0.46870238334315373,0.592062215840415,0.39380489393527707,0.48710365100760267,0.5905696536190508,0.6128786607220851,0.4294585046900057,0.4144151710610891,England,LB,0.8108108108108109,37,LB:30 | RB:6 | RCB:1,grid_centered_v2,False,FB,0.5367570666427168,0.08022574532384201
47380,57,50,4501.0,21.0,9.0,1.0,6.0,0.0,2344.0,2068.0,56.0,92.0,16.0,47.0,361.0,192.0,9.0,3.0,45.0,72.0,13,1,Marc Cucurella,1.0,0.41990668740279935,0.17996000888691402,0.019995556542990445,0.11997333925794268,0.0,46.86958453676961,41.350810930904245,1.1197511664074649,1.839591201955121,0.3199289046878471,0.939791157520551,7.218395912019551,3.8391468562541657,0.17996000888691402,0.05998666962897134,0.8998000444345701,1.4396800710953122,0.8822525597269625,0.5318559556786704,0.3333333333333333,0.42857142857142855,45.387129367535316,2.61541879582315,3.4592312819373467,1.2690513219284603,5.542768273716952,6.970373465791843,3.785451935628212,0.17645051194539252,0.6090342690387469,0.4505373693413597,0.5737791748194084,0.42339801262123183,0.6066832079507495,0.4536307175177242,0.4510465168154516,0.5904419983421909,Spain,LB,1.0,56,LB:56,grid_centered_v2,False,FB,0.5360354895116949,0.06956237979974296
44798,41,29,2379.0,34.0,12.0,3.0,5.0,0.0,646.0,482.0,40.0,48.0,2.0,16.0,303.0,124.0,91.0,31.0,30.0,15.0,4,0,Liam Millar,0.9306263135771334,1.1970224966565903,0.4224785282317377,0.10561963205793443,0.1760327200965574,0.0,22.743427436475216,16.969554217308133,1.4082617607724592,1.6899141129269508,0.07041308803862295,0.5633047043089836,10.667582837851379,4.365611458394623,3.2037955057573444,1.0914028645986558,1.0561963205793443,0.5280981602896722,0.7461300309597523,0.40924092409240925,0.34065934065934067,0.35294117647058826,31.704316641952577,5.791476491176739,4.488834362462214,2.1423093489290848,4.245909208728964,7.3395788140297,3.3460904383597363,0.14922600619195045,0.3463072145507732,0.6480887430710031,0.6520647218266081,0.501867197714936,0.505806473733061,0.4884714451888824,0.2990603160425579,0.25340102891362354,Canada,AM,0.9310344827586207,29,AM:27 | CM:2,grid_centered_v2,False,AM,0.5359353460855709,0.09568232432322113
2032,50,33,3074.0,52.0,26.0,10.0,3.0,0.0,685.0,455.0,19.0,18.0,7.0,5.0,458.0,164.0,45.0,19.0,27.0,67.0,7,0,Jørgen Strand Larsen,0.977309694209499,1.487901551366446,0.743950775683223,0.28613491372431654,0.08584047411729497,0.0,19.60024159011568,13.0191385744564,0.5436563360762015,0.5150428447037697,0.20029443960702156,0.14306745686215827,13.104979048573696,4.692612585078791,1.2876071117594243,0.5436563360762015,0.7725642670556546,1.9171039219529207,0.6642335766423357,0.35807860262008734,0.4222222222222222,0.5,26.513260803762854,2.7240043786554935,1.831263447835626,4.3306103957510445,1.4335359177588256,7.643893426970569,3.0746806455399764,0.13284671532846715,0.26028206016807925,0.45739458554853146,0.443782544907477,0.6899974519056293,0.2960337039011259,0.5172881564131487,0.22155971844794786,0.12447353234680404,Norway,ST,0.696969696969697,33,ST:23 | RW:9 | LW:1,grid_centered_v2,False,ST,0.5358703632302774,0.08417381403631981
2490,55,32,3137.0,27.0,9.0,0.0,4.0,0.0,1708.0,1390.0,30.0,51.0,12.0,36.0,368.0,205.0,14.0,5.0,45.0,44.0,8,0,Jefferson Lerma,0.9584475613643609,0.7424378623255968,0.2474792874418656,0.0,0.10999079441860693,0.0,46.96606921674516,38.221801060465914,0.824930958139552,1.4023826288372383,0.3299723832558208,0.9899171497674624,10.119153086511838,5.637028213953605,0.38496778046512425,0.13748849302325866,1.237396437209328,1.2098987386046762,0.8138173302107728,0.5570652173913043,0.35714285714285715,0.3333333333333333,43.130026319083754,2.4472951758140042,2.667276764651218,1.0131376690852785,4.867092653023357,9.56303515170896,3.6172519864629953,0.16276346604215458,0.5659474177533342,0.43995818670039566,0.510700829505975,0.40094342907928093,0.5547031327018603,0.6891886857535805,0.38999736877963537,0.4106317194703558,Colombia,DM,0.696969696969697,33,DM:23 | CM:10,grid_centered_v2,False,DM,0.5350110572094177,0.0833243008599712
2920,42,31,2870.0,15.0,7.0,0.0,2.0,0.0,1345.0,1165.0,31.0,63.0,14.0,47.0,220.0,123.0,11.0,4.0,14.0,29.0,7,0,Timothy Castagne,1.0,0.47038327526132406,0.21951219512195122,0.0,0.0627177700348432,0.0,42.177700348432055,36.53310104529616,0.9721254355400697,1.975609756097561,0.43902439024390244,1.4738675958188152,6.898954703832753,3.857142857142857,0.34494773519163763,0.1254355400696864,0.43902439024390244,0.9094076655052264,0.8661710037174721,0.5590909090909091,0.36363636363636365,0.4666666666666667,42.578491120811364,2.282926829268293,2.775261324041812,1.240650406504065,6.986759581881533,7.077272727272726,3.8370277179525525,0.17323420074349444,0.5552386057345827,0.4296676991930167,0.5193673848857445,0.42088855717183377,0.7089087690411059,0.4636869813424859,0.4701567792100009,0.5485765256702234,Belgium,RB,0.9354838709677419,31,RB:29 | LB:1 | RCB:1,grid_centered_v2,False,FB,0.5346121406626949,0.08711400676249502
275367,24,15,1298.0,2.0,1.0,1.0,0.0,0.0,491.0,387.0,3.0,32.0,3.0,27.0,151.0,92.0,29.0,14.0,26.0,12.0,1,0,Wilguens Paugain,0.9199999999999999,0.12758089368258857,0.06379044684129428,0.06379044684129428,0.0,0.0,31.321109399075496,24.68690292758089,0.19137134052388285,2.041294298921417,0.19137134052388285,1.7223420647149459,9.632357473035439,5.868721109399075,1.8499229583975343,0.89306625577812,1.6585516178736517,0.7654853620955314,0.7881873727087576,0.609271523178808,0.4827586206896552,0.5,34.18192622835068,3.4064098613251153,0.4784283513097071,1.5996302003081664,7.329522342064714,10.044024122695129,3.8100911020259116,0.15763747454175153,0.391738502454052,0.5007542742208779,0.3406209097622469,0.4528657518292263,0.7307630664500488,0.7268248366050484,0.46016150726437083,0.3466762532725059,Haiti,RB,1.0,15,RB:15,grid_centered_v2,False,FB,0.5345592427244972,0.12953633087651184
304958,41,35,2664.0,34.0,20.0,9.0,1.0,0.0,1161.0,920.0,25.0,55.0,1.0,30.0,347.0,157.0,82.0,34.0,34.0,30.0,2,0,Yang Hyun-Jun,0.8694219219219219,0.9986603157211266,0.5874472445418392,0.2643512600438276,0.029372362227091952,0.0,34.101312545653755,27.0225732489246,0.7343090556772989,1.6154799224900576,0.029372362227091952,0.8811708668127586,10.192209692800908,4.6114608696534365,2.4085337026215403,0.9986603157211266,0.9986603157211266,0.8811708668127586,0.7924203273040482,0.45244956772334294,0.4146341463414634,0.5882352941176471,36.62471693949999,4.317737247382517,1.997320631442253,4.11370681094449,4.7025151925574225,7.81339392068484,3.630298766723119,0.15848406546080965,0.4384502210475387,0.5585283128107648,0.4569901010295558,0.6729463421748789,0.5418121538951718,0.5333013053868327,0.39463668451878176,0.3569320736726965,South Korea,RW,0.8,35,RW:28 | LW:6 | ST:1,grid_centered_v2,False,W,0.5343744217094424,0.09041944301794652
313383,29,21,1958.0,18.0,11.0,4.0,1.0,0.0,987.0,829.0,17.0,45.0,10.0,25.0,173.0,102.0,28.0,17.0,33.0,21.0,3,0,Obed Vargas,0.9435648621041879,0.7806818573078572,0.4770833572436905,0.1734848571795238,0.04337121429488095,0.0,42.8073885090475,35.95473665045631,0.7373106430129762,1.9517046432696428,0.43371214294880955,1.0842803573720239,7.503220073014405,4.4238638580778575,1.2143940002566667,0.7373106430129762,1.4312500717310714,0.9107955001925,0.839918946301925,0.5895953757225434,0.6071428571428571,0.6111111111111112,41.73591977264545,3.8860608008213333,2.0818182861542858,3.2780177797995793,6.158712429873095,7.962195528476631,4.195547965187497,0.167983789260385,0.538782738850026,0.5312630061409789,0.463735203224078,0.6032058931571783,0.6520810432883237,0.5473037447815647,0.6023434113551923,0.47900833794334013,Mexico,AM,0.75,28,AM:21 | CM:5 | DM:2,grid_centered_v2,False,AM,0.5334488287075422,0.10546845739659785
1411,20,19,1650.0,9.0,8.0,1.0,0.0,0.0,933.0,831.0,5.0,29.0,11.0,29.0,129.0,71.0,8.0,3.0,8.0,15.0,2,0,Hannes Delcroix,0.8745454545454545,0.4293223140495868,0.38161983471074384,0.04770247933884298,0.0,0.0,44.50641322314049,39.64076033057851,0.2385123966942149,1.3833719008264465,0.5247272727272728,1.3833719008264465,6.153619834710744,3.3868760330578516,0.38161983471074384,0.14310743801652892,0.38161983471074384,0.7155371900826446,0.8906752411575563,0.5503875968992248,0.375,0.8888888888888888,42.77179177274056,0.977900826446281,0.5962809917355373,2.693665381083563,5.834013223140497,6.3927892369786665,3.955275407604525,0.17813504823151127,0.5589981703584113,0.3507641468668096,0.34917692078767454,0.5516102834499566,0.628434105656735,0.4001466534884477,0.5142107699884682,0.6118954567242849,Haiti,RCB,0.631578947368421,19,RCB:12 | LCB:5 | RB:2,grid_centered_v2,False,CB,0.5332416697153786,0.11489125293076058
18931,23,18,1413.0,31.0,14.0,5.0,2.0,0.0,255.0,176.0,13.0,2.0,5.0,1.0,149.0,61.0,3.0,1.0,8.0,10.0,0,0,Chris Wood,0.9865817409766455,1.9480276414188542,0.879754418705289,0.3141980066804604,0.12567920267218413,0.0,16.02409834070348,11.059769835152206,0.816914817369197,0.12567920267218413,0.3141980066804604,0.06283960133609207,9.363100599077718,3.8332156815016165,0.18851880400827623,0.06283960133609207,0.5027168106887365,0.6283960133609208,0.6901960784313725,0.40939597315436244,0.3333333333333333,0.45161290322580644,26.099575848839272,1.8789040799491532,2.7335226581200054,4.6484660460827,0.697519574830622,6.59468987356535,3.1291729827026753,0.1380392156862745,0.2540528710585787,0.4046473639915928,0.5160186452748555,0.7140712150141284,0.24991963809646206,0.4186408323827253,0.2358944250298012,0.1577757016399083,New Zealand,ST,0.9333333333333333,15,ST:14 | RW:1,grid_centered_v2,False,ST,0.533051825051253,0.12415318255628208
37461,37,35,3213.0,30.0,14.0,4.0,3.0,0.0,1687.0,1356.0,30.0,76.0,13.0,45.0,358.0,240.0,51.0,38.0,86.0,35.0,4,0,Kevin Felida,0.8499999999999999,0.7142857142857141,0.33333333333333326,0.09523809523809522,0.07142857142857141,0.0,40.16666666666666,32.28571428571428,0.7142857142857141,1.8095238095238093,0.3095238095238095,1.0714285714285712,8.523809523809522,5.714285714285713,1.214285714285714,0.9047619047619047,2.047619047619047,0.8333333333333331,0.8037937166567872,0.6703910614525139,0.7450980392156863,0.4666666666666667,39.598414344991106,4.571428571428571,2.178571428571428,2.1619047619047613,5.740476190476189,10.011173184357538,4.35594423680133,0.16075874333135745,0.4967379205585303,0.5743992698341018,0.4714747927903312,0.5036415870677378,0.6215003925437065,0.7243465171850487,0.6580191625196309,0.38512316895698606,Curaçao,AM,1.0,34,AM:34,grid_centered_v2,False,AM,0.5326582530995742,0.08233293074216318
6932,28,20,1774.0,9.0,2.0,0.0,1.0,0.0,616.0,469.0,17.0,54.0,11.0,24.0,218.0,128.0,23.0,13.0,18.0,22.0,2,0,Callan Elliot,0.8510146561443066,0.3885692623883249,0.0863487249751833,0.0,0.04317436248759165,0.0,26.59540729235646,20.248776006680483,0.733964162289058,2.331415574329949,0.47491798736350815,1.0361846997021995,9.41201102229498,5.526318398411731,0.993010337214608,0.5612667123386914,0.7771385247766498,0.9498359747270163,0.7613636363636364,0.5871559633027523,0.5652173913043478,0.2222222222222222,32.46995251522944,3.1128715353553575,2.072369399404399,0.565332659409701,6.791327219298166,9.498313647684679,3.841039538963493,0.15227272727272728,0.3600933626873873,0.4820661482876347,0.46298023192786386,0.36268299623296574,0.6959910573491126,0.6839115590301419,0.47164767799197393,0.28522434669457064,New Zealand,RB,0.7,20,RB:14 | RCB:4 | LB:2,grid_centered_v2,False,FB,0.5319974194323076,0.11080315584905732
2881,45,40,3742.0,47.0,16.0,8.0,6.0,0.0,1841.0,1470.0,53.0,75.0,5.0,51.0,394.0,204.0,64.0,32.0,22.0,72.0,14,0,Jesús Gallardo,0.9148743987172636,1.0341845821950897,0.3520628364919454,0.1760314182459727,0.13202356368447954,0.0,40.509230123854465,32.34577310269748,1.166208145879569,1.6502945460559941,0.11001963640373294,1.122200291318076,8.669547348614154,4.488801165272304,1.4082513459677817,0.7041256729838908,0.4840864001764249,1.5842827642137542,0.7984790874524715,0.5177664974619289,0.5,0.3404255319148936,40.523547033805436,4.101532045131163,3.64164996496356,2.5819903808862925,5.335952365581048,7.837621123767011,3.7750407839313214,0.15969581749049433,0.514964606021464,0.544906146770387,0.5880483688098519,0.5415858379080035,0.5909709367544507,0.535585289121569,0.44720451848630094,0.37184064474894424,Mexico,RCB,0.7954545454545454,44,RCB:35 | LB:7 | RB:2,grid_centered_v2,False,CB,0.5316498484313432,0.0762916567480611
44349,43,33,2856.0,32.0,24.0,5.0,4.0,0.0,1720.0,1547.0,28.0,74.0,4.0,34.0,292.0,169.0,26.0,11.0,12.0,47.0,6,1,Mohamed Kanno,0.9131652661064428,0.9208389238048162,0.6906291928536121,0.14388108184450255,0.11510486547560203,0.0,49.495092154508875,44.51680672268908,0.8057340583292142,2.1294400112986374,0.11510486547560203,0.9783913565426172,8.402655179718948,4.863180566344186,0.7481816255914132,0.3165383800579056,0.34531459642680606,1.3524821693383238,0.8994186046511627,0.5787671232876712,0.4230769230769231,0.75,46.36972470246649,2.4143245533507525,2.6474119059388466,3.6179295247510774,5.9163900854459435,8.544754162744873,4.0328118535855335,0.17988372093023255,0.627313540269037,0.43788958326328326,0.5091056729753894,0.6322688681586073,0.6344971504055804,0.6012101116512802,0.5430204974095576,0.6337150641198656,Saudi Arabia,RW,0.4857142857142857,35,RW:17 | ST:9 | LW:9,grid_centered_v2,True,W,0.531349517961077,0.08732726046411893
84087,39,15,1540.0,38.0,19.0,7.0,0.0,0.0,186.0,120.0,3.0,14.0,1.0,2.0,212.0,67.0,33.0,8.0,13.0,18.0,2,0,Wilson Isidor,1.0,2.220779220779221,1.1103896103896105,0.4090909090909091,0.0,0.0,10.87012987012987,7.012987012987013,0.17532467532467533,0.8181818181818182,0.05844155844155844,0.11688311688311688,12.38961038961039,3.9155844155844157,1.9285714285714286,0.4675324675324675,0.7597402597402597,1.051948051948052,0.6451612903225806,0.3160377358490566,0.24242424242424243,0.5,21.37124005027231,1.8642857142857143,0.4383116883116883,5.827272727272728,1.770779220779221,6.429931389365351,2.7366874026764467,0.12903225806451613,0.19002778326510095,0.4037504828659757,0.3377316770276761,0.7928552840008781,0.3187341042151715,0.40352925748656976,0.14669808795942132,0.10401563400731427,Haiti,ST,0.8666666666666667,15,ST:13 | LW:1 | RW:1,grid_centered_v2,False,ST,0.5310071828095262,0.1189237450758138
50817,27,24,2189.0,12.0,5.0,2.0,4.0,0.0,1223.0,1114.0,21.0,28.0,8.0,27.0,146.0,80.0,18.0,10.0,34.0,21.0,5,0,Jonathan Osorio,0.9205116491548652,0.4541583285003446,0.1892326368751436,0.07569305475005744,0.15138610950011488,0.0,46.28630297966012,42.16103149578199,0.7947770748756031,1.059702766500804,0.30277221900022977,1.0218562391257755,5.5255929967541935,3.0277221900022977,0.6812374927505169,0.3784652737502872,1.2867819307509765,0.7947770748756031,0.910874897792314,0.547945205479452,0.5555555555555556,0.4166666666666667,45.19026293540611,3.020152884527292,2.81956628943964,1.703803462958994,4.284226898853252,5.882646682441573,4.343658058474831,0.18217497955846282,0.6053330047467899,0.47617115004918,0.5229201119492309,0.46223078350041674,0.5088355493137721,0.3547685696795281,0.6538835042267487,0.6614840943456041,Canada,AM,0.6666666666666666,24,AM:16 | CM:5 | DM:3,grid_centered_v2,False,AM,0.530917231234255,0.09974842727441167
47348,51,31,2718.0,57.0,36.0,18.0,3.0,0.0,639.0,463.0,23.0,12.0,5.0,2.0,258.0,94.0,33.0,16.0,42.0,59.0,10,1,Borja Iglesias,0.9786902133922001,1.8471967603760069,1.166650585500636,0.583325292750318,0.09722088212505299,0.0,20.708047892636287,15.004422807966513,0.7453600962920729,0.38888352850021196,0.16203480354175498,0.064813921416702,8.360995862754557,3.0462543065849936,1.0694297033755829,0.518511371333616,1.361092349750742,1.9120106817927087,0.7245696400625978,0.3643410852713178,0.48484848484848486,0.631578947368421,28.92358274583542,3.318472776535142,2.3981150924179735,7.563071056440275,1.0078564780297161,5.357779285032945,3.401496592511476,0.14491392801251957,0.29848842562194644,0.4951536036844525,0.48908190302844545,0.8777139426637015,0.2687666603790039,0.3106650769761279,0.3166662426146849,0.21254687751949009,Spain,RW,0.6129032258064516,31,RW:19 | ST:12,grid_centered_v2,False,W,0.5307935333542393,0.08951673046482754
20665,40,27,2246.0,29.0,12.0,1.0,2.0,0.0,874.0,713.0,23.0,42.0,6.0,16.0,278.0,144.0,47.0,25.0,61.0,42.0,7,0,Jean-Ricner Bellegarde,0.9685440783615316,1.125512041194834,0.4657291204944141,0.038810760041201174,0.07762152008240235,0.0,33.920604276009826,27.672071909376438,0.892647480947627,1.6300519217304492,0.23286456024720706,0.6209721606592188,10.789391291453926,5.58874944593297,1.8241057219364554,0.9702690010300294,2.3674563625132716,1.6300519217304492,0.8157894736842105,0.5179856115107914,0.5319148936170213,0.41379310344827586,37.444303728204936,5.216166149537438,2.65853706282228,1.7900930559183408,4.432188796705174,9.378206058838531,3.889500057271256,0.1631578947368421,0.4544146555831908,0.6139815382806323,0.5099990526895618,0.47000862239576385,0.5205241022071491,0.6739925152567094,0.48968911623879025,0.4157123616306677,Haiti,CM,0.48148148148148145,27,CM:13 | AM:11 | DM:3,grid_centered_v2,True,CM,0.5299715687563101,0.09847456289293488
2864,26,17,1402.0,32.0,20.0,5.0,4.0,0.0,224.0,162.0,12.0,13.0,1.0,1.0,117.0,35.0,22.0,5.0,3.0,10.0,0,0,Alexander Isak,1.0,2.0542082738944365,1.2838801711840229,0.3209700427960057,0.25677603423680456,0.0,14.379457917261055,10.399429386590585,0.7703281027104137,0.8345221112696148,0.06419400855920114,0.06419400855920114,7.510699001426533,2.24679029957204,1.412268188302425,0.3209700427960057,0.19258202567760344,0.6419400855920114,0.7232142857142857,0.29914529914529914,0.22727272727272727,0.625,26.091769411045444,2.285306704707561,3.3380884450784594,5.615192582025678,1.7011412268188302,4.042942316836752,3.008643821901668,0.14464285714285716,0.25393627319386086,0.429816283579507,0.5642332092877552,0.7799549979683997,0.31397079496580504,0.2149749660235856,0.20503817799622812,0.21014653390645147,Sweden,ST,0.7058823529411765,17,ST:12 | LW:4 | RW:1,grid_centered_v2,False,ST,0.5298669770538847,0.12463927980908217
409303,42,38,3496.0,15.0,5.0,0.0,5.0,0.0,1383.0,1046.0,39.0,58.0,16.0,40.0,328.0,175.0,55.0,27.0,29.0,41.0,7,0,El Hadji Malick Diouf,0.9905720823798627,0.38251496316156025,0.1275049877205201,0.0,0.1275049877205201,0.0,35.26787960349586,26.6740434311328,0.9945389042200569,1.479057857558033,0.40801596070566426,1.0200399017641608,8.364327194466119,4.462674570218203,1.4025548649257211,0.6885269336908085,0.7395289287790165,1.0455408993082649,0.7563268257411424,0.5335365853658537,0.4909090909090909,0.3333333333333333,36.76779427354181,3.881251826212632,3.187624693013003,0.8451736494753948,5.151201503909012,7.848354154403045,3.660551615932042,0.1512653651482285,0.4412289593278767,0.5309579023267356,0.5523109316871205,0.3864225549405823,0.5767750511189197,0.5365966585380133,0.4054663688333763,0.274440126015131,Senegal,LB,0.7368421052631579,38,LB:28 | RCB:10,grid_centered_v2,False,FB,0.5295194364756697,0.07893020408376508
2522,29,13,1177.0,9.0,5.0,1.0,1.0,0.0,218.0,174.0,8.0,6.0,0.0,1.0,154.0,66.0,10.0,8.0,17.0,18.0,2,0,Antonio Sanabria,0.980373831775701,0.6746837754786048,0.37482431971033603,0.0749648639420672,0.0749648639420672,0.0,16.34234033937065,13.043886325919694,0.5997189115365376,0.4497891836524032,0.0,0.0749648639420672,11.54458904707835,4.947681020176435,0.7496486394206721,0.5997189115365376,1.2744026870151424,1.3493675509572096,0.7981651376146789,0.42857142857142855,0.8,0.5555555555555556,28.507619416156842,3.2159926631146822,1.9116040305227133,2.235584070242119,0.9595502584584602,8.212467713961294,4.297057149003371,0.1596330275229358,0.2916683385962177,0.4886283266453328,0.4501637836247801,0.510312152700161,0.2657746736039973,0.5706757862039025,0.6379888555824691,0.37106181302328883,Paraguay,ST,0.5714285714285714,14,ST:8 | RW:6,grid_centered_v2,True,ST,0.5292324817187324,0.13603188191448454
2649,33,23,2141.0,9.0,4.0,1.0,4.0,0.0,975.0,788.0,29.0,47.0,7.0,28.0,180.0,105.0,20.0,9.0,37.0,18.0,6,0,Ahmed Fatouh,0.8788790284913591,0.3325044432872494,0.14777975257211085,0.03694493814302771,0.14777975257211085,0.0,36.02131468945201,29.112611256705833,1.0714032061478036,1.7364120927223023,0.258614567001194,1.034458268004776,6.650088865744988,3.8792185050179095,0.7388987628605542,0.3325044432872494,1.3669627112920253,0.6650088865744987,0.8082051282051282,0.5833333333333334,0.45,0.4444444444444444,38.557526227677215,3.4432682349301826,3.491296654516119,1.3913400476340656,5.47893432661101,7.180905907025073,3.8188505711253224,0.16164102564102567,0.4762434292245569,0.5031017909060832,0.5762970284068678,0.43424687898005154,0.6018554774798976,0.4734643537871172,0.46340873022352347,0.39628082436238427,Egypt,LB,0.5,20,LB:10 | RCB:7 | RB:3,grid_centered_v2,True,FB,0.5290189984031337,0.10086038092787207
98936,32,21,1861.0,23.0,12.0,5.0,5.0,0.0,377.0,264.0,21.0,20.0,3.0,4.0,255.0,83.0,28.0,12.0,19.0,30.0,6,0,Lyle Foster,0.9852552391187533,1.0959045378698655,0.5717762806277559,0.2382401169282316,0.2382401169282316,0.0,17.963304816388664,12.579078173810629,1.0006084910985729,0.9529604677129264,0.14294407015693897,0.1905920935425853,12.150245963339813,3.9547859410086446,1.334144654798097,0.5717762806277559,0.9053124443272801,1.4294407015693897,0.7002652519893899,0.3254901960784314,0.42857142857142855,0.5217391304347826,27.591335449306793,3.683192207710461,3.811841870851706,3.7498859891742766,2.253751506141071,6.513170905647396,3.2381977756972575,0.140053050397878,0.2769738286281698,0.5183746101567704,0.6012295066195902,0.6433099560580867,0.3527796275848594,0.4111429842150265,0.2664508569964546,0.1725183120353672,South Africa,ST,0.7142857142857143,21,ST:15 | RW:5 | LW:1,grid_centered_v2,False,ST,0.5287177318169298,0.10818218557938705
19191,47,41,3300.0,34.0,21.0,11.0,7.0,0.0,1120.0,929.0,57.0,40.0,6.0,16.0,340.0,161.0,51.0,25.0,78.0,47.0,8,0,John McGinn,0.9826666666666667,0.9112000000000001,0.5628000000000001,0.29480000000000006,0.18760000000000002,0.0,30.016000000000002,24.897200000000005,1.5276,1.072,0.1608,0.42880000000000007,9.112,4.314800000000001,1.3668000000000002,0.67,2.0904000000000003,1.2596000000000003,0.8294642857142858,0.47352941176470587,0.49019607843137253,0.6176470588235294,37.29900714285715,5.469880000000001,4.8508,4.381614117647059,2.9640800000000005,7.461308235294119,3.874121705882353,0.16589285714285718,0.4515766693796663,0.6291838398696075,0.6779653525063858,0.69393520696214,0.40560026712830416,0.5,0.48395873409691204,0.4513790472255841,Scotland,CM,0.8157894736842105,38,CM:31 | DM:6 | AM:1,grid_centered_v2,False,CM,0.5286376372070454,0.08124038404635961
126642,28,21,1712.0,22.0,9.0,4.0,3.0,0.0,525.0,342.0,16.0,51.0,2.0,27.0,348.0,162.0,79.0,39.0,37.0,34.0,5,0,Patrick Wimmer,1.0,1.1565420560747663,0.47313084112149534,0.2102803738317757,0.15771028037383178,0.0,27.59929906542056,17.97897196261682,0.8411214953271028,2.6810747663551404,0.10514018691588785,1.419392523364486,18.294392523364486,8.516355140186915,4.15303738317757,2.050233644859813,1.9450934579439252,1.7873831775700935,0.6514285714285715,0.46551724137931033,0.4936708860759494,0.4090909090909091,30.387641855807747,7.612149532710279,2.9702102803738315,3.1628079864061176,7.780373831775702,13.319448920399612,3.211823837282826,0.1302857142857143,0.32320101455199685,0.7454503019868586,0.5349804808376213,0.593175925917409,0.7578798316211967,0.9019964574096158,0.25883297457959414,0.11038743086268824,Austria,AM,0.6666666666666666,21,AM:14 | CM:7,grid_centered_v2,False,AM,0.5285508016840231,0.11279167795906943
957,39,30,2543.0,18.0,10.0,5.0,4.0,0.0,1070.0,949.0,26.0,46.0,3.0,25.0,210.0,104.0,15.0,7.0,35.0,47.0,6,0,Djibril Sow,1.0,0.637042862760519,0.3539127015336217,0.17695635076681085,0.1415650806134487,0.0,37.86865906409752,33.5863153755407,0.9201730239874164,1.6279984270546597,0.1061738104600865,0.8847817538340542,7.432166732206055,3.6806920959496656,0.5308690523004326,0.2477388910735352,1.238694455367676,1.663389697208022,0.8869158878504673,0.49523809523809526,0.4666666666666667,0.5555555555555556,41.054139823080405,2.8950058985450253,3.079040503342509,3.022239699392668,4.816751867872592,6.638683220043817,4.009229669795232,0.17738317757009348,0.5254033544911261,0.4682251956128151,0.5436687265053216,0.580833041824893,0.5507670455480164,0.4227031015208374,0.5342797200114947,0.6023681689768171,Switzerland,AM,0.8275862068965517,29,AM:24 | CM:5,grid_centered_v2,False,AM,0.5282800170796697,0.09254559620594405
375598,51,34,2821.0,18.0,8.0,2.0,0.0,0.0,1189.0,1050.0,21.0,50.0,3.0,22.0,301.0,146.0,53.0,32.0,40.0,47.0,3,0,Ngal'ayel Mukau,0.9696526054590571,0.5568370155418902,0.24748311801861791,0.06187077950465448,0.0,0.0,36.78217841551708,32.4821592399436,0.649643184798872,1.5467694876163618,0.09280616925698172,0.6805785745511992,9.311552315450498,4.516566903839776,1.6395756568733435,0.9899324720744717,1.2374155900930894,1.4539633183593803,0.8830950378469302,0.4850498338870432,0.6037735849056604,0.4444444444444444,39.92864260275369,4.262896707870693,1.6241079619971799,1.7303314901521898,4.247429012994529,7.778343167036816,4.255327953380512,0.17661900756938606,0.503245498638998,0.5550805471208977,0.42741897720232114,0.46462014678765234,0.5059266263133985,0.5299945002645737,0.6234937952490596,0.5926049142608298,Congo DR,CM,0.5588235294117647,34,CM:19 | AM:12 | DM:3,grid_centered_v2,True,CM,0.5282590696947519,0.08786732288139801
179699,40,29,2556.0,66.0,34.0,10.0,2.0,0.0,333.0,240.0,32.0,8.0,0.0,0.0,250.0,78.0,35.0,16.0,21.0,26.0,3,0,Fiston Mayele,0.8571400625978092,1.9919452158963171,1.0261535960677997,0.3018098811964117,0.06036197623928234,0.0,10.050269043840508,7.243437148713881,0.9657916198285175,0.24144790495712937,0.0,0.0,7.545247029910293,2.3541170733320116,1.056334584187441,0.48289580991425873,0.6338007505124645,0.7847056911106703,0.7207207207207207,0.312,0.45714285714285713,0.5151515151515151,24.47222232740328,3.2625648157332106,2.7464699188873465,4.881397114369244,0.43460622892283285,4.231763902664817,3.407403210090812,0.14414414414414414,0.23051764314881346,0.4915933962411008,0.5170575864164921,0.7309821641867572,0.23465795299700037,0.22729459898803991,0.3185757132207629,0.20578253673991068,Congo DR,ST,0.7586206896551724,29,ST:22 | RW:7,grid_centered_v2,False,ST,0.5281838978298383,0.09230994941263582
194430,28,23,1931.0,29.0,12.0,0.0,1.0,0.0,1138.0,964.0,20.0,49.0,4.0,32.0,175.0,96.0,21.0,10.0,18.0,24.0,2,0,Thalente Mbatha,0.8727654065251164,1.1796570228019438,0.4881339404697699,0.0,0.04067782837248082,0.0,46.29136868788318,39.213426551071514,0.8135565674496165,1.9932135902515602,0.1627113134899233,1.3016905079193863,7.118619965184145,3.905071523758159,0.8542343958220974,0.40677828372480823,0.7322009107046549,0.9762678809395398,0.8471001757469244,0.5485714285714286,0.47619047619047616,0.41379310344827586,43.63573343811977,2.8474479860736577,2.257619474672686,1.5109737235542295,6.370147923130497,7.1128144189757085,3.9633206132105006,0.1694200351493849,0.5757128442126476,0.46520960342067746,0.477808461330189,0.44492159414956256,0.6670940672893603,0.467037433946532,0.5172077731114634,0.4980717467625803,South Africa,CM,0.6086956521739131,23,CM:14 | DM:8 | AM:1,grid_centered_v2,False,CM,0.5274314404180784,0.10620324846474334
1237,33,28,2430.0,9.0,2.0,1.0,3.0,0.0,1657.0,1411.0,11.0,27.0,14.0,30.0,190.0,118.0,23.0,12.0,28.0,12.0,3,0,Jaroslav Zelený,0.8577160493827161,0.28590534979423865,0.06353452217649748,0.03176726108824874,0.09530178326474623,0.0,52.63835162322817,44.823605395518975,0.34943987197073617,0.8577160493827161,0.44474165523548237,0.9530178326474623,6.035779606767261,3.7485368084133515,0.7306470050297211,0.3812071330589849,0.8894833104709647,0.3812071330589849,0.8515389257694629,0.6210526315789474,0.5217391304347826,0.2222222222222222,45.67461111863072,2.02675125743027,1.3977594878829447,0.7875308641975308,3.9391403749428444,7.111109426515534,4.1374411569625895,0.17030778515389258,0.6144166160353385,0.41375309643461566,0.40972033578899114,0.3814839926744251,0.4815592543906008,0.4668766369695749,0.5814112115947238,0.5098612619412387,Czech Republic,RCB,0.75,28,RCB:21 | RB:6 | LB:1,grid_centered_v2,False,CB,0.5270876110380113,0.09467292624062575
312459,24,19,1541.0,40.0,20.0,4.0,1.0,0.0,512.0,373.0,24.0,25.0,0.0,7.0,210.0,89.0,59.0,21.0,26.0,20.0,1,0,Nishan Velupillay,0.8572031148604801,2.0025510794923607,1.0012755397461803,0.20025510794923607,0.05006377698730902,0.0,25.632653817502216,18.673788816266264,1.2015306476954164,1.2515944246827255,0.0,0.35044643891116317,10.513393167334893,4.455676151870503,2.9537628422512325,1.0513393167334895,1.3016582016700347,1.0012755397461803,0.728515625,0.4238095238095238,0.3559322033898305,0.5,32.15064613826683,5.441932558520491,3.2791773926687404,4.003826619238541,2.9537628422512325,7.5093751840472756,3.27990441994581,0.14570312500000002,0.3543142507197232,0.6275211324203847,0.5595733419594143,0.6641271461889227,0.40481382278073336,0.5045529286149,0.2787849078055664,0.2196488530153646,Australia,AM,0.9473684210526315,19,AM:18 | CM:1,grid_centered_v2,False,AM,0.5269056023172235,0.11888515226445329
8486,30,29,2636.0,11.0,5.0,2.0,3.0,0.0,1778.0,1523.0,21.0,35.0,18.0,31.0,189.0,112.0,15.0,9.0,30.0,15.0,4,1,Eric Smith,1.0,0.37556904400606983,0.17071320182094082,0.06828528072837634,0.10242792109256449,0.0,60.70561456752656,51.99924127465857,0.7169954476479514,1.1949924127465859,0.6145675265553869,1.0584218512898331,6.452959028831563,3.8239757207890746,0.5121396054628224,0.30728376327769347,1.024279210925645,0.5121396054628224,0.8565804274465691,0.5925925925925926,0.6,0.45454545454545453,50.16602813684709,2.5709408194233685,2.3558421851289832,1.6943716374672368,4.943854324734446,7.131343786882482,4.274097364663004,0.17131608548931385,0.6942273504023526,0.4477338356717989,0.4856882103735613,0.46138167687044096,0.5606916900924833,0.4687853638620412,0.6300426902242698,0.5232377017639365,Sweden,RB,0.9655172413793104,29,RB:28 | RCB:1,grid_centered_v2,False,FB,0.5267323976888003,0.09089839915055456
20836,29,29,2444.0,12.0,4.0,2.0,8.0,0.0,1324.0,1129.0,29.0,32.0,9.0,25.0,212.0,116.0,25.0,16.0,31.0,27.0,5,1,Christopher Operi,0.9103436988543374,0.4022795395919331,0.13409317986397767,0.06704658993198884,0.26818635972795535,0.0,44.38484253497661,37.84780001660771,0.9721755540138382,1.0727454389118214,0.3017096546939498,0.8380823741498606,7.106938532790818,3.8887022160553526,0.8380823741498606,0.5363727194559107,1.0392221439458271,0.9051289640818494,0.8527190332326284,0.5471698113207547,0.64,0.3333333333333333,43.23550607958286,3.610458867837599,3.90546386353835,1.390769837932146,3.9389871585043448,7.0856925364397565,4.2829742237159545,0.1705438066465257,0.5679887714921361,0.5137469457608442,0.6084196336728864,0.4341961378078318,0.48154715623788014,0.4644804170073289,0.6331235200570142,0.5129943739805072,Ivory Coast,LB,0.7419354838709677,31,LB:23 | RCB:6 | RB:2,grid_centered_v2,False,FB,0.5265702904961002,0.0944013786689528
47300,43,41,3696.0,46.0,19.0,7.0,3.0,0.0,1971.0,1739.0,42.0,46.0,9.0,34.0,331.0,191.0,75.0,36.0,70.0,35.0,7,0,Theo Hernández,0.9105871212121214,1.0199758338252658,0.4212943661452184,0.15521371384297522,0.06652016307556081,0.0,43.70374714064345,38.55952119613341,0.9312822830578514,1.0199758338252658,0.19956048922668243,0.7538951815230225,7.339391326003542,4.235117049144038,1.6630040768890202,0.7982419569067297,1.5521371384297522,0.7760685692148761,0.8822932521562659,0.5770392749244713,0.48,0.41304347826086957,43.5865820833119,4.447981570985833,2.6940666045602133,2.6576087798688466,3.5632634020808744,7.660281693575067,4.120756606979529,0.1764586504312532,0.5747661724003151,0.5666934642026089,0.512851713897338,0.5483778650594439,0.4519792092399246,0.5188384779427508,0.5753426737327071,0.5905465502581255,France,LB,1.0,41,LB:41,grid_centered_v2,False,FB,0.5265182024550766,0.07676494735787384
265820,36,24,2377.0,39.0,15.0,6.0,3.0,0.0,1114.0,949.0,22.0,51.0,5.0,29.0,259.0,121.0,56.0,20.0,37.0,29.0,2,0,Yasin Ayari,1.0,1.4766512410601598,0.5679427850231384,0.22717711400925536,0.11358855700462768,0.0,42.179217501051745,35.931846865797226,0.8329827513672696,1.9310054690786707,0.18931426167437948,1.0980227177114008,9.806478754732856,4.581405132519983,2.12031973075305,0.7572570466975179,1.400925536390408,1.0980227177114008,0.8518850987432675,0.4671814671814672,0.35714285714285715,0.38461538461538464,41.94374084678951,4.092974337400085,2.7071939419436264,3.381767580337206,5.880100967606226,7.815511587072377,3.723485757914254,0.1703770197486535,0.542850866287669,0.5443654394579678,0.5139055038239057,0.6121647818589596,0.6318313462972698,0.5335010023362701,0.4282806780227758,0.5107804210015534,Sweden,CM,0.7916666666666666,24,CM:19 | AM:5,grid_centered_v2,False,CM,0.5254446551200742,0.09572256925636695
4399,39,29,2583.0,22.0,9.0,1.0,3.0,0.0,1121.0,960.0,27.0,47.0,11.0,26.0,270.0,146.0,46.0,23.0,54.0,35.0,9,0,Hicham Boudaoui,0.9851335656213704,0.7551546496052317,0.3089269021112312,0.03432521134569235,0.10297563403707705,0.0,38.47856191852112,32.95220289186466,0.9267807063336935,1.6132849332475405,0.37757732480261585,0.8924554949880011,9.267807063336935,5.011480856471083,1.578959721901848,0.789479860950924,1.853561412667387,1.2013823970992321,0.856378233719893,0.5407407407407407,0.5,0.4090909090909091,40.57837011899922,4.568685630111652,2.8833177530381575,1.5252811719030808,5.104158927104453,8.638295421281738,4.017509522547984,0.1712756467439786,0.5160439423618463,0.5742284276603093,0.5280280563751327,0.44620183341242176,0.5731390633696412,0.6096763314489122,0.5373513392301883,0.5227017411985643,Algeria,AM,0.5862068965517241,29,AM:17 | CM:7 | DM:5,grid_centered_v2,True,AM,0.5251660863265782,0.09182622582426504
35544,43,43,3864.0,21.0,7.0,1.0,0.0,0.0,2431.0,2089.0,10.0,72.0,31.0,48.0,385.0,231.0,21.0,10.0,54.0,28.0,3,0,Johan Vásquez,1.0,0.48913043478260876,0.16304347826086957,0.02329192546583851,0.0,0.0,56.62267080745342,48.65683229813665,0.23291925465838512,1.6770186335403727,0.7220496894409938,1.1180124223602486,8.967391304347826,5.380434782608696,0.48913043478260876,0.23291925465838512,1.2577639751552796,0.6521739130434783,0.8593171534348005,0.6,0.47619047619047616,0.3333333333333333,47.42896920854082,1.6304347826086958,0.5822981366459627,1.081262939958592,6.048913043478262,9.332608695652173,4.052578981121181,0.1718634306869601,0.6466178348677695,0.3894941107588671,0.3481565500613769,0.40688454567127075,0.6441614906631615,0.6701850559624588,0.5503270890462315,0.5304862497527401,Mexico,LB,0.46808510638297873,47,LB:22 | RCB:16 | LCB:6 | RB:3,grid_centered_v2,True,FB,0.5236591760803689,0.07507759960689286
269172,36,23,2074.0,14.0,6.0,1.0,1.0,0.0,893.0,783.0,20.0,44.0,7.0,22.0,181.0,94.0,13.0,8.0,26.0,37.0,7,2,Ziyad Aljohani,0.9018988549618321,0.5479231230722799,0.23482419560240564,0.03913736593373428,0.03913736593373428,0.0,34.94966777882471,30.644557526113942,0.7827473186746855,1.7220441010843082,0.27396156153613993,0.8610220505421541,7.0838632340059045,3.678912397771022,0.5087857571385456,0.3130989274698742,1.0175715142770911,1.4480825395481682,0.8768197088465846,0.5193370165745856,0.6153846153846154,0.42857142857142855,39.213337858985106,2.700478249427665,2.1721238093222524,1.4989956584560993,5.123081200725817,6.708488406603188,4.268449492121334,0.1753639417693169,0.4891510363140958,0.45590744094405034,0.4709585591069482,0.44385035073627005,0.5746025663759096,0.4291700893814106,0.6280769768360481,0.5764133681588741,Saudi Arabia,DM,0.5384615384615384,26,DM:14 | CM:12,grid_centered_v2,True,DM,0.523513305041651,0.10247656551734857
2654,42,40,3689.0,13.0,5.0,0.0,8.0,0.0,1980.0,1621.0,43.0,76.0,4.0,46.0,308.0,174.0,56.0,25.0,34.0,25.0,9,2,Mohamed Hany,0.87951748441312,0.2789469928878695,0.10728730495687287,0.0,0.1716596879309966,0.0,42.48577276292166,34.78254426701819,0.9226708226291068,1.6307670353444679,0.0858298439654983,0.9870432056032306,6.608897985343369,3.733598212499176,1.201617815516976,0.5364365247843643,0.7295536737067356,0.5364365247843643,0.8186868686868687,0.564935064935065,0.44642857142857145,0.38461538461538464,41.43111110574468,3.366675629546671,3.2508053401932484,0.9194329961703913,5.003879903188552,6.921842692304041,3.852034572966746,0.16373737373737374,0.5328068600591012,0.4982235593604334,0.5573253078983037,0.39281922049871615,0.5653623901822467,0.44907727497083516,0.47573623823758737,0.42320895691402804,Egypt,RB,1.0,34,RB:34,grid_centered_v2,False,FB,0.5229769311892654,0.07683774485868795
51466,43,38,3341.0,31.0,11.0,1.0,4.0,0.0,1583.0,1313.0,43.0,77.0,6.0,29.0,278.0,160.0,52.0,21.0,36.0,20.0,2,2,Joaquín Piquerez,0.9017300209518111,0.7530160905284505,0.26719925792945015,0.024290841629950016,0.09716336651980007,0.0,38.45240230021088,31.893875060124373,1.0445061900878507,1.8703948055061512,0.1457450497797001,0.7044344072685504,6.752853973126104,3.886534660792003,1.263123764757401,0.5101076742289503,0.8744702986782006,0.4858168325990004,0.8294377763739734,0.5755395683453237,0.40384615384615385,0.3548387096774194,40.12853782461994,3.5926154770696077,3.145663991078527,1.278083113495669,4.935899019205843,7.167767230144775,3.8213057749621933,0.1658875552747947,0.5071843011474779,0.5126112679478793,0.5489747376264513,0.4241968813957933,0.5600718470596812,0.4722234882673896,0.46431946798209645,0.45130929638173606,Uruguay,LB,0.9069767441860465,43,LB:39 | RCB:3 | LCB:1,grid_centered_v2,False,FB,0.5229668767152779,0.08074036342216481
241,39,32,2792.0,29.0,9.0,2.0,4.0,0.0,1200.0,990.0,83.0,49.0,7.0,28.0,241.0,113.0,9.0,2.0,39.0,40.0,6,0,Michal Sadílek,0.8920128939828078,0.8338659216673096,0.2587859756898547,0.057507994597745485,0.11501598919549097,0.0,34.504796758647295,28.466457325884015,2.386581775806438,1.4089458676447646,0.2012779810921092,0.8051119243684368,6.929713349028331,3.24920169477262,0.2587859756898547,0.057507994597745485,1.121405894656037,1.1501598919549099,0.825,0.46887966804979253,0.2222222222222222,0.3103448275862069,40.92532209300416,5.000320130273971,6.599042380091294,1.443053977920174,4.36773218969877,5.9555213768310455,3.383039075863524,0.165,0.5228707187413552,0.6008695743192869,0.7868759629070976,0.4388543420097121,0.5154342286293112,0.3611141454892722,0.310739249843594,0.4396617680145932,Czech Republic,CM,0.4666666666666667,30,CM:14 | DM:14 | AM:2,grid_centered_v2,True,CM,0.5228345647377753,0.08832247504941122
48002,54,40,3496.0,82.0,51.0,20.0,6.0,0.0,1600.0,1323.0,73.0,49.0,2.0,14.0,374.0,167.0,71.0,31.0,53.0,49.0,4,0,Benjamin Nygren,0.8767076659038903,1.8507158393508898,1.1510549732548219,0.45139410715875355,0.13541823214762608,0.0,36.11152857270029,29.859720188551552,1.6475884911294505,1.1059155625389463,0.04513941071587536,0.3159758750111275,8.441069803868691,3.769140794775592,1.6024490804135754,0.6996608660960681,1.196194383970697,1.1059155625389463,0.826875,0.446524064171123,0.43661971830985913,0.6219512195121951,40.217239839974035,5.31290864125853,4.86377150463557,6.466532258851169,2.672253114379821,6.616369305199198,3.77011437362308,0.16537500000000002,0.5089318588138699,0.6198063268713891,0.6788746926996555,0.828320863918765,0.3835560687817344,0.4206413306365327,0.4453887055478319,0.44457560713284106,Sweden,CM,0.55,40,CM:22 | AM:18,grid_centered_v2,True,CM,0.5225977328540752,0.07893020408376508
50852,37,32,2879.0,14.0,10.0,2.0,3.0,0.0,1073.0,871.0,20.0,52.0,5.0,18.0,329.0,176.0,60.0,29.0,57.0,33.0,8,0,Joseph Scally,1.0,0.4376519624869747,0.3126085446335533,0.06252170892671066,0.093782563390066,0.0,33.54289683918027,27.228204237582496,0.6252170892671066,1.6255644320944773,0.15630427231677665,0.562695380340396,10.284821118443904,5.501910385550539,1.87565126780132,0.9065647794373046,1.781868704411254,1.031608197290726,0.8117427772600186,0.5349544072948328,0.48333333333333334,0.7142857142857143,36.6383071876658,4.282737061479681,2.0788468218131295,2.3663970624720885,4.223341437999305,9.30753776165525,3.8425528275447403,0.16234855545200375,0.43871399737238526,0.5563285188779339,0.4634977634893345,0.5221447719787965,0.5040222410925413,0.6680819979562628,0.4722101888969198,0.4053077660198084,USA,RB,0.9375,32,RB:30 | LB:1 | RCB:1,grid_centered_v2,False,FB,0.522586474995167,0.08697773726725702
951,40,36,3145.0,18.0,6.0,1.0,2.0,0.0,1673.0,1438.0,38.0,71.0,6.0,38.0,279.0,143.0,31.0,16.0,42.0,48.0,8,0,Michel Aebischer,1.0,0.5151033386327504,0.17170111287758347,0.028616852146263912,0.057233704292527825,0.0,47.87599364069953,41.151033386327505,1.0874403815580287,2.0317965023847377,0.17170111287758347,1.0874403815580287,7.984101748807632,4.09220985691574,0.8871224165341813,0.4578696343402226,1.2019077901430844,1.3736089030206677,0.8595337716676629,0.5125448028673835,0.5161290322580645,0.3333333333333333,45.20742219312242,3.7030206677265505,3.0333863275039747,1.1359830418653947,6.0209856915739275,7.266728208284185,4.032529667806637,0.17190675433353259,0.6056561018015896,0.5196356842812446,0.540026942392206,0.4116765090523547,0.6421343064317445,0.48157710403396337,0.5429160503579189,0.5310594805325448,Switzerland,AM,0.9444444444444444,36,AM:34 | DM:1 | CM:1,grid_centered_v2,False,AM,0.5216223321017835,0.08321825652701376
667,37,24,2166.0,36.0,19.0,7.0,2.0,0.0,733.0,585.0,40.0,4.0,0.0,3.0,211.0,60.0,50.0,15.0,31.0,33.0,3,0,Memphis Depay,0.8974192059095106,1.3423999201970518,0.7084888467706663,0.26102220670498233,0.07457777334428066,0.0,27.332753930678862,21.813998703202092,1.4915554668856132,0.14915554668856132,0.0,0.111866660016421,7.86795508782161,2.23733320032842,1.8644443336070167,0.559333300082105,1.1559554868363502,1.230533260180631,0.7980900409276944,0.2843601895734597,0.3,0.5277777777777778,35.23510122576908,4.661110834017541,4.139066420607577,4.135617594674347,0.4922133040722524,3.985347049180167,3.3486165582618637,0.1596180081855389,0.41168780624217355,0.5799750557490201,0.6261504197383259,0.6746906676251876,0.23794589765979865,0.21131510637129367,0.299850743607485,0.370875615880369,Netherlands,ST,0.64,25,ST:16 | RW:9,grid_centered_v2,False,ST,0.5216147740654449,0.10027662570135605
2656,29,20,1806.0,8.0,3.0,2.0,3.0,0.0,957.0,820.0,24.0,28.0,5.0,23.0,163.0,85.0,16.0,10.0,28.0,26.0,6,0,Karim Hafez,0.8642857142857143,0.34456573327005224,0.1292121499762696,0.08614143331751306,0.1292121499762696,0.0,41.218675842429995,35.31798766018036,1.0336971998101567,1.2059800664451827,0.21535358329378262,0.9906264831514002,7.020526815377314,3.6610109159943045,0.6891314665401045,0.43070716658756525,1.2059800664451827,1.1198386331276697,0.8568443051201672,0.5214723926380368,0.625,0.375,42.03690615671799,3.540412909349787,3.2949098243948747,1.620028476506882,4.38890602752729,6.689832460306135,4.242956934325586,0.17136886102403345,0.5446727696919598,0.5092880279240722,0.5608188409091683,0.4546971141351647,0.517106644538287,0.42743927481209965,0.6191524090198383,0.5239370890158067,Egypt,RCB,0.55,20,RCB:11 | RB:5 | LB:4,grid_centered_v2,True,CB,0.5211635025368584,0.1098171237305541
135059,13,12,1103.0,0.0,0.0,0.0,2.0,0.0,491.0,391.0,11.0,26.0,7.0,15.0,88.0,52.0,10.0,5.0,9.0,12.0,0,0,Amine Ben Hmida,0.8776065276518585,0.0,0.0,0.0,0.14321774703294154,0.0,35.15995689658715,27.99906954494007,0.7876976086811784,1.86183071142824,0.5012621146152954,1.0741331027470615,6.3015808694494275,3.72366142285648,0.7160887351647077,0.35804436758235386,0.644479861648237,0.8593064821976493,0.7963340122199593,0.5909090909090909,0.5,0.0,37.30572612632555,2.6352065454061244,2.7569416303841248,0.0,6.050949812141781,6.9858532647263445,3.854788160557682,0.15926680244399186,0.4517078390404018,0.4517856508531109,0.5178977719272062,0.3168013406328847,0.6443091341497763,0.45508479386641104,0.47676070506658225,0.36653269932657573,Tunisia,RCB,0.8,10,RCB:8 | RB:2,grid_centered_v2,False,CB,0.5211210783382338,0.14052098374323607
190575,38,35,3119.0,21.0,10.0,1.0,2.0,0.0,2322.0,1987.0,32.0,81.0,6.0,36.0,224.0,117.0,19.0,8.0,17.0,44.0,7,0,Marwan Attia,0.8811061237576147,0.533918106412918,0.25424671733948484,0.02542467173394848,0.05084934346789696,0.0,59.03608776622838,50.518822735355634,0.8135894954863514,2.0593984104498273,0.1525480304036909,0.9152881824221454,5.695126468404459,2.974686592871972,0.48306876294502116,0.20339737387158785,0.43221941947712417,1.1186855562937332,0.8557278208440999,0.5223214285714286,0.42105263157894735,0.47619047619047616,49.58661400687797,2.1890642362929644,2.3136451277893118,1.511723730527819,5.705296337098041,5.731525515735046,3.8723758367215275,0.17114556416881999,0.6844470014056,0.4238178788959683,0.48230192247686815,0.4449886872316993,0.6188795005948853,0.3417732185112434,0.48330841526328727,0.5209773251738192,Egypt,CM,0.6451612903225806,31,CM:20 | AM:8 | DM:3,grid_centered_v2,False,CM,0.5210415064888362,0.08356439058689044
303362,38,33,2874.0,16.0,7.0,3.0,0.0,0.0,918.0,752.0,38.0,40.0,7.0,27.0,267.0,117.0,91.0,48.0,14.0,33.0,8,0,Rafik Belghali,0.9828810020876827,0.4924664728623045,0.2154540818772582,0.09233746366168209,0.0,0.0,28.25526388047472,23.14592422452831,1.169607873047973,1.2311661821557611,0.2154540818772582,0.8310371729551388,8.218034265889706,3.6011610828056018,2.8009030644043564,1.4773994185869135,0.4309081637545164,1.015712100278503,0.8191721132897604,0.43820224719101125,0.5274725274725275,0.4375,35.53338732455358,6.014246799830893,2.9240196826199325,1.9153354239216183,4.115172963855632,6.356232257500876,3.9105768768188347,0.1638344226579521,0.4173942143845717,0.6609213323864708,0.531286208923581,0.4813224808028114,0.49546969864117596,0.39682661073286774,0.4975470007337353,0.42446802090318964,Algeria,RB,0.9393939393939394,33,RB:31 | RCB:2,grid_centered_v2,False,FB,0.5203795084673395,0.08705336352036472
289,39,23,2248.0,8.0,5.0,3.0,2.0,0.0,1493.0,1271.0,41.0,22.0,5.0,19.0,108.0,53.0,12.0,6.0,4.0,17.0,2,0,Andrew Robertson,0.9991992882562277,0.3200282417902509,0.2000176511189068,0.12001059067134408,0.08000706044756273,0.0,59.72527062410557,50.844486914426106,1.640144739175036,0.8800776649231898,0.2000176511189068,0.7600670742518458,4.320381264168386,2.120187101860412,0.4800423626853763,0.24002118134268816,0.16001412089512546,0.680060013804283,0.8513060951105157,0.49074074074074076,0.5,0.625,51.43931363696047,3.632320544319348,4.540400680399185,2.490109436937222,3.3242933615962307,4.440484164826799,4.021462828078758,0.17026121902210314,0.7151085393194274,0.515138180623784,0.6558144611000747,0.5333125098046999,0.4333349613045636,0.2414826025046278,0.5388169322458546,0.509243011697291,Scotland,LB,0.9,20,LB:18 | RB:1 | RCB:1,grid_centered_v2,False,FB,0.5201460864878218,0.09843074773486245
16590,31,18,1772.0,34.0,20.0,8.0,0.0,0.0,225.0,143.0,8.0,9.0,2.0,1.0,230.0,83.0,21.0,4.0,19.0,51.0,9,0,Jordy Caicedo,0.9190688487584652,1.5871053483075075,0.9335913813573574,0.3734365525429429,0.0,0.0,10.50290304027027,6.675178376705105,0.3734365525429429,0.4201161216108108,0.09335913813573572,0.04667956906786786,10.73630088560961,3.8744042326330326,0.9802709504252253,0.18671827627147145,0.8869118122894895,2.3806580224612612,0.6355555555555555,0.36086956521739133,0.19047619047619047,0.5882352941176471,21.362068362096398,1.5824373914007206,0.9335913813573572,5.470990942479138,0.9522632089845045,6.506774621338419,2.521196771591643,0.12711111111111112,0.18991653059369148,0.3865903803362277,0.3741926441775455,0.7708597063791255,0.2653251781232726,0.4105563693646788,0.11084353246193994,0.09488074530244578,Ecuador,ST,0.7777777777777778,18,ST:14 | RW:4,grid_centered_v2,False,ST,0.5198904747787818,0.11086566821276031
22222,47,45,3801.0,20.0,7.0,1.0,4.0,0.0,1870.0,1577.0,34.0,90.0,13.0,38.0,348.0,179.0,46.0,14.0,22.0,49.0,5,1,Zeki Çelik,0.9828255722178374,0.46542647460986775,0.1628992661134537,0.023271323730493388,0.09308529492197355,0.0,43.517375376022635,36.69887752298807,0.7912250068367752,2.094419135744405,0.302527208496414,0.8843103017587487,8.0984206582117,4.165566947758316,1.0704808916026958,0.3257985322269074,0.5119691220708544,1.1402948627941758,0.8433155080213903,0.514367816091954,0.30434782608695654,0.35,42.248156633418496,2.494685903908891,2.4900316391627926,1.1142295624027823,5.871354977203482,7.374897175137504,3.613953902444635,0.16866310160427808,0.5487993973438425,0.44293515812296497,0.4964640665542099,0.4097694473153911,0.6311876510161831,0.49181560028591736,0.38882770905067465,0.48802068765355394,Türkiye,RB,0.9333333333333333,45,RB:42 | LB:2 | RCB:1,grid_centered_v2,False,FB,0.5198847350396684,0.07569723267027954
168,50,49,4228.0,26.0,10.0,2.0,0.0,0.0,3084.0,2756.0,23.0,75.0,36.0,46.0,396.0,225.0,22.0,12.0,41.0,61.0,11,1,Davinson Sánchez,0.943349101229896,0.5220995498765272,0.2008075191832797,0.04016150383665593,0.0,0.0,61.92903891612346,55.342552286911875,0.46185729412154325,1.5060563938745977,0.7229070690598068,0.9237145882430865,7.951977759657875,4.518169181623793,0.44177654220321527,0.2409690230199356,0.8233108286514467,1.224925867018006,0.893644617380026,0.5681818181818182,0.5454545454545454,0.38461538461538464,51.132897534999294,1.8454211012943402,1.154643235303858,1.3716533267806081,5.353528461426237,8.029982308818765,4.23885300055956,0.17872892347600522,0.7101622973275483,0.40259403228906837,0.39096881449507587,0.43249582411236126,0.5923139714963475,0.553659182136907,0.6177079510811231,0.6193611041237308,Colombia,RB,0.64,50,RB:32 | RCB:17 | LCB:1,grid_centered_v2,False,FB,0.5187512883973749,0.07177305766790869
47311,41,21,2081.0,30.0,17.0,8.0,3.0,0.0,815.0,637.0,31.0,40.0,5.0,21.0,346.0,159.0,23.0,8.0,41.0,50.0,4,0,Mikel Merino,1.0,1.2974531475252282,0.7352234502642959,0.3459875060067275,0.12974531475252282,0.0,35.24747717443537,27.549255165785677,1.3407015857760691,1.7299375300336375,0.21624219125420469,0.9082172032676598,14.963959634790966,6.87650168188371,0.9947140797693416,0.3459875060067275,1.7731859682844786,2.162421912542047,0.7815950920245399,0.4595375722543353,0.34782608695652173,0.5666666666666667,38.08264520066155,4.164824603555982,4.065353195579048,4.930546211757168,5.168188370975492,11.0057150714002,3.372491054505999,0.156319018404908,0.4669156582579611,0.5489018325956166,0.6205894717352678,0.7344685698083158,0.578085970850036,0.792974651230349,0.3073796253349053,0.33098650298629395,Spain,CM,0.6190476190476191,21,CM:13 | AM:8,grid_centered_v2,False,CM,0.518679243575814,0.10230406666747666
197985,47,46,4126.0,16.0,7.0,2.0,6.0,0.0,2457.0,2177.0,63.0,73.0,4.0,37.0,267.0,161.0,31.0,14.0,55.0,41.0,3,0,Young-woo Seol,0.8847188560349006,0.3087724558144103,0.1350879494188045,0.03859655697680129,0.11578967093040386,0.0,47.41587024600039,42.012352269248204,1.2157915447692407,1.4087743296532471,0.07719311395360258,0.7140363040708239,5.152640356402973,3.107022836632504,0.59824663314042,0.270175898837609,1.0614053168620354,0.7912294180244265,0.886039886039886,0.602996254681648,0.45161290322580644,0.4375,45.919721851235806,3.394567186109674,3.676322052040323,1.3728955850007365,4.048778826866456,6.158820735330449,4.0919429753767576,0.1772079772079772,0.6189837354519281,0.5,0.5907446026195421,0.4326062686325047,0.49022111596676643,0.3790686852072928,0.5648098468393838,0.6001366440784554,South Korea,RB,0.9302325581395349,43,RB:40 | RCB:3,grid_centered_v2,False,FB,0.5186693622945743,0.07265480238929718
2532,21,21,1869.0,11.0,4.0,1.0,0.0,0.0,1093.0,984.0,10.0,21.0,15.0,17.0,121.0,82.0,2.0,1.0,10.0,11.0,2,0,Boualem Khoukhi,0.8716693418940609,0.46171891304179796,0.1678977865606538,0.04197444664016345,0.0,0.0,45.878070177698646,41.30285549392083,0.4197444664016345,0.8814633794434323,0.6296166996024517,0.7135655928827785,5.078908043459776,3.441904624493403,0.0839488932803269,0.04197444664016345,0.4197444664016345,0.46171891304179796,0.9002744739249772,0.6776859504132231,0.5,0.36363636363636365,43.99148236089209,1.0703483893241679,1.0493611660040862,1.2981252015789502,3.706343638326432,6.851724325530433,4.285097525859365,0.18005489478499545,0.5825477285971612,0.35614637315354997,0.3829438258671307,0.42597102891541433,0.4632105313898486,0.4425135983150034,0.6338588410268566,0.6358233644070245,Qatar,RCB,0.7142857142857143,21,RCB:15 | LCB:4 | RB:2,grid_centered_v2,False,CB,0.5184201434341478,0.10795040773287994
1145,52,49,4294.0,18.0,7.0,2.0,0.0,0.0,2787.0,2493.0,8.0,69.0,34.0,47.0,419.0,281.0,11.0,8.0,52.0,56.0,10,0,Ibrahima Konaté,0.9968560782487191,0.3760845008763216,0.14625508367412507,0.04178716676403574,0.0,0.0,58.2304168856838,52.087703371370544,0.16714866705614295,1.441657253359233,0.7103818349886075,0.9819984189548399,8.754411437065487,5.871096930347021,0.22982941720219655,0.16714866705614295,1.0864663358649291,1.1700406693930006,0.8945102260495156,0.6706443914081146,0.7272727272727273,0.3888888888888889,48.90074058390788,1.2619724362738793,0.4178716676403574,1.3168322290338388,5.340399912443767,10.231468876710174,4.6145312032760195,0.17890204520990313,0.6726553909929784,0.367417810982918,0.336264199258382,0.4276287178175175,0.5913109144371056,0.7406968805982004,0.7388841393599828,0.6215270212327413,France,RB,1.0,49,RB:49,grid_centered_v2,False,FB,0.5182684777803732,0.07121933556789979
2252,30,27,2344.0,9.0,2.0,2.0,3.0,0.0,1289.0,1039.0,11.0,42.0,16.0,46.0,234.0,155.0,14.0,9.0,30.0,23.0,5,0,Tomáš Holeš,0.8718856655290101,0.3012915482416801,0.06695367738704003,0.06695367738704003,0.10043051608056004,0.0,43.1516450759473,34.782435402567295,0.36824522562872014,1.4060272251278405,0.5356294190963202,1.5399345799019206,7.833580254283683,5.188909997495602,0.4686757417092802,0.3012915482416801,1.0043051608056004,0.7699672899509603,0.8060512024825446,0.6623931623931624,0.6428571428571429,0.2222222222222222,40.306010797497336,1.9182228571386966,1.4729809025148806,1.0738090118826207,6.199910526039907,9.25165348367333,4.181681947592952,0.16121024049650892,0.5106805562123039,0.40706283676503263,0.41557851916700544,0.40623313581172077,0.6550312752288694,0.6633700701519476,0.5973792136328827,0.39081868380266566,Czech Republic,RB,0.88,25,RB:22 | RCB:3,grid_centered_v2,False,FB,0.5176829182341088,0.09639402924310268
2810,37,36,3170.0,23.0,10.0,2.0,3.0,0.0,1609.0,1487.0,11.0,65.0,28.0,63.0,236.0,124.0,33.0,18.0,12.0,38.0,11,1,Denis Zakaria,1.0,0.6529968454258676,0.28391167192429023,0.056782334384858045,0.08517350157728706,0.0,45.6813880126183,42.217665615141954,0.31230283911671924,1.8454258675078865,0.7949526813880127,1.7886435331230284,6.700315457413249,3.5205047318611986,0.9369085173501578,0.5110410094637224,0.34069400630914826,1.0788643533123028,0.9241765071472965,0.5254237288135594,0.5454545454545454,0.43478260869565216,44.28564296259408,2.0100946372239745,1.249211356466877,1.721300233164175,7.7735015772870675,6.504977811046356,4.340296300094159,0.1848353014294593,0.588175600723503,0.41272415916391797,0.3982279140949987,0.4638065190551917,0.7574807707913211,0.41039162630778736,0.6527478038712907,0.692375581913888,Switzerland,RB,0.6666666666666666,36,RB:24 | LB:7 | RCB:4 | LCB:1,grid_centered_v2,False,FB,0.5172159944904082,0.08288945928504918
16482,43,32,2656.0,54.0,26.0,9.0,4.0,0.0,420.0,276.0,22.0,19.0,3.0,1.0,370.0,134.0,29.0,10.0,24.0,62.0,7,1,Rodrigo Aguirre,0.9017168674698797,1.6499789065902164,0.7944342883582524,0.2749964844317027,0.12222065974742344,0.0,12.833169273479461,8.433225522572217,0.6722136286108289,0.5805481338002614,0.09166549481056757,0.03055516493685586,11.30541102663667,4.094392101538685,0.8860997831688199,0.3055516493685586,0.7333239584845406,1.894420226085063,0.6571428571428571,0.3621621621621622,0.3448275862068966,0.48148148148148145,23.547924858858842,2.340525634163159,2.3527477001379014,4.275142842118138,1.2069290150058065,6.818635428640645,2.914000901950473,0.13142857142857142,0.21784832860328587,0.4332673018659363,0.4854398314171463,0.6856835901215776,0.2813192031536475,0.43942301186631577,0.18298349536572048,0.11649243028143745,Uruguay,ST,0.8235294117647058,34,ST:28 | RW:5 | LW:1,grid_centered_v2,False,ST,0.5166594671346019,0.09055551449149454
313937,41,37,3308.0,24.0,11.0,2.0,0.0,0.0,1916.0,1628.0,6.0,78.0,32.0,28.0,350.0,212.0,21.0,8.0,40.0,43.0,9,0,Antoine Mendy,0.9881499395405079,0.6452248698329799,0.29572806534011575,0.05376873915274832,0.0,0.0,51.510452108332885,43.767753670337136,0.16130621745824497,2.0969808269571844,0.8602998264439731,0.7527623481384764,9.409529351730956,5.6994863501913215,0.5645717611038573,0.21507495661099327,1.0753747830549663,1.156027891784089,0.8496868475991649,0.6057142857142858,0.38095238095238093,0.4583333333333333,44.744487073645416,1.3657259744798071,0.4032655436456124,1.7608358713648151,6.226419993888255,9.796423747410707,3.8094217352543502,0.169937369519833,0.5969078367930031,0.3735826130596457,0.33521749247211247,0.46736965991464186,0.6569233631590004,0.7078072886873467,0.4599135018081206,0.5049426411905934,Senegal,RB,0.972972972972973,37,RB:36 | RCB:1,grid_centered_v2,False,FB,0.5160018512356302,0.08114208953480906
952,41,31,2767.0,65.0,34.0,19.0,7.0,0.0,717.0,545.0,27.0,58.0,2.0,15.0,263.0,117.0,35.0,16.0,12.0,34.0,3,0,Christian Fassnacht,0.8606179978315865,1.8195212458672863,0.9517495747613498,0.5318600564842837,0.19594844186263086,0.0,20.07071897364376,15.255985830733401,0.755801132898719,1.6235728040046555,0.05598526910360881,0.4198895182770661,7.362062887124559,3.2751382425611157,0.9797422093131543,0.4478821528288705,0.33591161462165287,0.9517495747613498,0.7601115760111576,0.4448669201520912,0.45714285714285713,0.5230769230769231,29.54621520421607,2.6481032286006965,2.967219262491267,6.633483702694005,3.8237938797764817,5.919794300041835,3.5850544609761235,0.15202231520223153,0.308865954569613,0.45259954709534045,0.5347413743890602,0.8367504550235715,0.47245848120222345,0.35799698483205467,0.3786345819057813,0.2825198976682015,Switzerland,AM,0.967741935483871,31,AM:30 | CM:1,grid_centered_v2,False,AM,0.5158478102956089,0.08872057710764157
137303,41,22,2106.0,31.0,17.0,5.0,2.0,0.0,485.0,389.0,10.0,45.0,3.0,14.0,306.0,134.0,65.0,24.0,38.0,43.0,2,0,Evann Guessand,0.9477540360873694,1.2555715862695922,0.6885392569865505,0.20251154617251485,0.08100461846900593,0.0,19.64361997873394,15.755398292221654,0.4050230923450297,1.8226039155526335,0.12150692770350892,0.5670323292830415,12.39370662575791,5.427309437423397,2.632650100242693,0.9720554216280713,1.5390877509111127,1.7415992970836276,0.8020618556701031,0.43790849673202614,0.36923076923076925,0.5483870967741935,29.70122156687291,3.9287239957467888,1.4580831324421069,3.6808215227096763,4.548409327034683,8.911958702588834,3.507667334386866,0.16041237113402063,0.3114803010531666,0.5339687091559412,0.4144163407245742,0.6375493112301369,0.529690091192683,0.6340522795286984,0.35188238781198977,0.380774922095845,Ivory Coast,RW,0.5454545454545454,22,RW:12 | LW:8 | ST:2,grid_centered_v2,True,W,0.5157773403296275,0.10169503597462536
194645,34,26,2305.0,6.0,3.0,0.0,1.0,0.0,966.0,792.0,13.0,75.0,10.0,29.0,267.0,147.0,21.0,11.0,17.0,34.0,6,0,Shurandy Sambo,0.8994446854663776,0.21071589160600604,0.10535794580300302,0.0,0.03511931526766767,0.0,33.925258548566966,27.814497691992795,0.4565510984796797,2.6339486450750753,0.3511931526766767,1.0184601427623625,9.376857176467269,5.162539344347148,0.7375056206210211,0.38631246794434443,0.5970283595503504,1.1940567191007008,0.8198757763975155,0.550561797752809,0.5238095238095238,0.5,36.67636295375238,2.0860873268994595,1.3345339801713714,1.1475011241242041,7.164340314604206,8.879240475344433,3.937122541821515,0.16397515527950313,0.43945281453094936,0.41742455532737827,0.40481605276812566,0.4126873434507961,0.7203613061553461,0.6311711226698407,0.5074450331238012,0.4262955539202037,Curaçao,RB,1.0,23,RB:23,grid_centered_v2,False,FB,0.5156907161334533,0.09720608963008114
126949,54,50,4581.0,23.0,6.0,2.0,0.0,0.0,2652.0,2279.0,15.0,97.0,32.0,68.0,485.0,294.0,11.0,8.0,12.0,38.0,7,0,Chris Richards,0.9606745252128357,0.4340965438093364,0.11324257664591383,0.037747525548637945,0.0,0.0,50.05321887749392,43.013305362672945,0.2831064416147846,1.8307549891089403,0.6039604087782071,1.2834158686536903,9.153774945544702,5.548886255649778,0.20761139051750868,0.15099010219455178,0.22648515329182767,0.717202985424121,0.8593514328808446,0.6061855670103092,0.7272727272727273,0.2608695652173913,44.573947200122944,1.0003094270389055,0.7077661040369615,0.9822589421281656,6.526547167359501,9.586997458940616,4.501918912144059,0.17187028657616893,0.593669153809636,0.3520653382525948,0.3573611935810834,0.39825998202739366,0.6779870254807673,0.6911301596668246,0.7052051579416652,0.5305769678903104,USA,RB,0.7636363636363637,55,RB:42 | RCB:10 | LB:3,grid_centered_v2,False,FB,0.5156791252001803,0.0689523054887945
264094,35,19,1774.0,16.0,5.0,1.0,1.0,0.0,1065.0,915.0,21.0,35.0,10.0,21.0,150.0,77.0,14.0,9.0,24.0,28.0,6,0,Benjamin Tahirović,0.8700394588500563,0.706232706169155,0.22069772067786092,0.04413954413557219,0.04413954413557219,0.0,47.00861450438438,40.38768288404855,0.9269304268470159,1.5448840447450265,0.44139544135572184,0.9269304268470159,6.620931620335829,3.3987448984390585,0.6179536178980106,0.3972558972201497,1.0593490592537325,1.2359072357960212,0.8591549295774648,0.5133333333333333,0.6428571428571429,0.3125,44.48661062010362,3.1912890410018693,2.5600935598631867,1.2870931620335828,5.120187119726374,6.298242857814682,4.270645865133635,0.17183098591549295,0.5920073866691258,0.48705585365218546,0.5020922098853104,0.4249942218724673,0.5743788138413675,0.3915796594051793,0.6288419209799025,0.5300569085227342,Bosnia & Herzegovina,AM,0.631578947368421,19,AM:12 | DM:4 | CM:3,grid_centered_v2,False,AM,0.5151791043054237,0.11080315584905732
2906,41,34,2906.0,27.0,14.0,6.0,4.0,0.0,936.0,737.0,34.0,57.0,3.0,33.0,321.0,147.0,21.0,6.0,31.0,29.0,4,0,Jae-sung Lee,0.9735203028217481,0.8140586152294728,0.42210446715602284,0.18090191449543838,0.12060127633029225,0.0,28.220698661288385,22.22078516385635,1.025110848807484,1.7185681877066645,0.09045095724771919,0.994960529724911,9.678252425505953,4.43209690513824,0.6331567007340343,0.18090191449543838,0.9346598915597649,0.8743592533946187,0.7873931623931624,0.45794392523364486,0.2857142857142857,0.5185185185185185,34.4343651550238,2.7647842598719494,3.226084141835318,3.075198607018976,5.18283985029431,7.5787674428944705,3.383390612483671,0.15747863247863247,0.39649006473459764,0.45997416694433385,0.555364626199689,0.5854959763389254,0.5792157803076482,0.5111242741595029,0.3108515637634732,0.3447674259397071,South Korea,ST,0.8125,32,ST:26 | LW:3 | RW:3,grid_centered_v2,False,ST,0.5149804730420067,0.08657273396201175
50270,37,29,2475.0,39.0,16.0,5.0,3.0,0.0,895.0,696.0,34.0,33.0,4.0,15.0,274.0,108.0,68.0,29.0,17.0,28.0,3,1,Ryan Mendes,0.8777818181818181,1.2448542148760329,0.5107094214876032,0.15959669421487602,0.09575801652892561,0.0,28.56780826446281,22.21585983471074,1.085257520661157,1.0533381818181817,0.1276773553719008,0.478790082644628,8.745898842975205,3.447288595041322,2.170515041322314,0.9256608264462808,0.5426287603305785,0.8937414876033056,0.7776536312849162,0.39416058394160586,0.4264705882352941,0.41025641025641024,34.467369542453476,4.538929983471073,3.2398128925619836,2.812279564314473,2.9940339834710743,6.008685784882668,3.575599682889114,0.15553072625698325,0.3971127612128404,0.5723739872763928,0.55645369439327,0.5622117065411901,0.407886297364804,0.36577437197775664,0.37532243878157917,0.32177948751652763,Cape Verde Islands,AM,0.8571428571428571,28,AM:24 | CM:4,grid_centered_v2,False,AM,0.5149628264269608,0.0938083151964686
392387,29,28,2496.0,10.0,3.0,1.0,0.0,0.0,1413.0,1181.0,10.0,60.0,12.0,27.0,261.0,159.0,23.0,19.0,7.0,26.0,12,2,Olwethu Makhanya,0.9116426282051284,0.3287172938239646,0.09861518814718936,0.03287172938239646,0.0,0.0,46.44775361732619,38.82151240061022,0.3287172938239646,1.9723037629437874,0.39446075258875746,0.8875366933247043,8.579521368805475,5.226604971801036,0.7560497757951185,0.6245628582655327,0.2301021056767752,0.8546649639423078,0.8358103326256192,0.6091954022988506,0.8260869565217391,0.3,42.454182031085196,2.2681493273853555,0.8217932345599115,1.0010350984652368,5.7591269877958595,9.144833167418001,4.587597649732953,0.16716206652512386,0.5528175066708946,0.4287453699634415,0.365819004910321,0.39989096459583257,0.6228870112770368,0.6542730276641767,0.7310593535088165,0.4681254249532384,South Africa,RB,1.0,34,RB:34,grid_centered_v2,False,FB,0.5140366420283152,0.09341285531692914
18942,44,41,3626.0,22.0,9.0,0.0,4.0,0.0,1459.0,1131.0,40.0,62.0,14.0,26.0,409.0,200.0,96.0,47.0,33.0,49.0,6,0,Yan Valery,0.9073552123552125,0.4954669940604856,0.2026910430247441,0.0,0.09008490801099737,0.0,32.85847019701129,25.47150774010951,0.9008490801099738,1.3963160741704594,0.31529717803849083,0.585551902071483,9.211181844124482,4.504245400549869,2.1620377922639373,1.0584976691292192,0.7432004910907284,1.103540123134718,0.7751884852638794,0.4889975550122249,0.4895833333333333,0.4090909090909091,35.96772188047202,4.639372762566365,2.74758969433542,1.10194927841646,4.031299633492133,7.772936225806491,3.7017255105776905,0.1550376970527759,0.42574263532572837,0.5786253581906673,0.5171474349774863,0.40869406519392304,0.48883966368506276,0.5294841495004549,0.42035260499340865,0.31609007666555095,Tunisia,RB,1.0,34,RB:34,grid_centered_v2,False,FB,0.513407819888743,0.07750237972966845
19614,23,21,1790.0,24.0,9.0,5.0,2.0,0.0,905.0,763.0,17.0,27.0,9.0,17.0,186.0,98.0,13.0,8.0,25.0,39.0,5,1,Saeid Ezatolahi,0.8722067039106145,1.0524952404731438,0.3946857151774289,0.21926984176523828,0.08770793670609531,0.0,39.68784135950813,33.46057785337536,0.7455174620018101,1.1840571455322868,0.3946857151774289,0.7455174620018101,8.156838113666863,4.297688898598671,0.5701015885896196,0.35083174682438123,1.0963492088261915,1.7103047657688586,0.8430939226519337,0.5268817204301075,0.6153846153846154,0.375,40.42791160208062,2.767185403077307,2.3461873068880497,3.056718735370307,4.0564920726569085,7.597409619328461,4.132449343884611,0.16861878453038676,0.5130814432915436,0.4601261224452134,0.4849132851381868,0.5838705520917141,0.4908307741397637,0.5128891003798847,0.5795980734664996,0.4874324375822365,Iran,AM,0.8571428571428571,21,AM:18 | CM:3,grid_centered_v2,False,AM,0.5133699987016226,0.11030683462670447
25916,53,51,4637.0,8.0,2.0,1.0,3.0,0.0,3754.0,3405.0,19.0,51.0,29.0,51.0,382.0,248.0,11.0,8.0,49.0,59.0,3,1,Moussa Niakhaté,0.9774164330386027,0.1517661918886767,0.03794154797216918,0.01897077398608459,0.05691232195825376,0.0,71.21628554376156,64.59548542261803,0.36044470573560716,0.967509473290314,0.550152445596453,0.967509473290314,7.246835662684313,4.704751948548978,0.20867851384693048,0.1517661918886767,0.9295679253181448,1.1192756651789906,0.9070324986680873,0.6492146596858639,0.7272727272727273,0.25,55.444030372866095,1.492999912704857,1.2141295351094135,0.7048843590497136,4.281703688659292,8.534296707026161,4.653848465089241,0.18140649973361747,0.7748675415026942,0.38120121650253613,0.3955296036879865,0.3744459893385489,0.5086361029747667,0.6002597555708586,0.7500391127601406,0.6522826568182575,Senegal,RB,0.803921568627451,51,RB:41 | LCB:10,grid_centered_v2,False,FB,0.5133441351894016,0.06853468006946133
195107,61,50,4366.0,39.0,23.0,7.0,7.0,0.0,2164.0,1882.0,45.0,118.0,6.0,49.0,352.0,173.0,44.0,20.0,16.0,58.0,11,0,Damián Bobadilla,0.904674759505268,0.7273038034501811,0.428922755880876,0.13054170831157094,0.13054170831157094,0.0,40.356036683748506,35.0970707203395,0.8391966962886704,2.200560225823625,0.1118928928384894,0.9137919581809968,6.5643830465247115,3.226245076843111,0.8205478808155889,0.3729763094616313,0.29838104756930506,1.0816312974387308,0.8696857670979667,0.4914772727272727,0.45454545454545453,0.5897435897435898,41.580754077713344,2.5921853507583377,2.815971136435316,2.824312704212973,5.911674504966857,5.991174925762174,3.972142408320512,0.17393715341959337,0.5357419458538808,0.44907251662710695,0.5226319053801588,0.5632841951558629,0.6341512047537179,0.36423659761904725,0.5204926413341714,0.5578069705882328,Paraguay,AM,0.9411764705882353,51,AM:48 | CM:3,grid_centered_v2,False,AM,0.5131408565912446,0.07062965290799468
6808,26,26,2229.0,15.0,7.0,4.0,0.0,0.0,627.0,440.0,10.0,60.0,6.0,26.0,258.0,145.0,94.0,47.0,26.0,13.0,2,0,Jacob Italiano,0.861036339165545,0.5214890344878806,0.2433615494276776,0.1390637425301015,0.0,0.0,21.79824164159341,15.297011678311163,0.3476593563252537,2.0859561379515226,0.20859561379515223,0.9039143264456597,8.969611393191546,5.041060666716178,3.267997949457385,1.6339989747286925,0.9039143264456597,0.45195716322282986,0.7017543859649122,0.562015503875969,0.5,0.4666666666666667,28.04838710049035,5.162741441430018,0.8691483908131342,2.3865494427728944,5.792004876378728,8.743531445030555,3.5447899793697535,0.14035087719298245,0.2842463609758068,0.610750717448875,0.3693563268888104,0.5239657706565558,0.6253264583602501,0.6191224319110886,0.36461141346542575,0.17478878929302288,Australia,RB,0.5769230769230769,26,RB:15 | RCB:11,grid_centered_v2,True,FB,0.5129076460081236,0.09884936947987057
57739,34,30,2717.0,8.0,2.0,1.0,1.0,0.0,1898.0,1604.0,7.0,42.0,24.0,34.0,256.0,140.0,35.0,25.0,28.0,39.0,6,0,José Córdoba,0.9329407434670594,0.24722758016057517,0.06180689504014379,0.030903447520071896,0.030903447520071896,0.0,58.65474339309645,49.56912982219532,0.21632413264050326,1.2979447958430195,0.7416827404817256,1.0507172156824445,7.911282565138405,4.326482652810066,1.0816206632025165,0.7725861880017973,0.865296530562013,1.2052344532828039,0.845100105374078,0.546875,0.7142857142857143,0.25,47.954785426526364,2.7534971740384058,0.7107792929616535,0.8337572332167764,5.253586078412222,7.697700713934092,4.365895898260935,0.16902002107481562,0.6560303249004784,0.45925996785944345,0.35758358050154,0.385442556839542,0.5846593171452084,0.5223768908431258,0.661351513542501,0.4927593879978371,Panama,RB,0.7419354838709677,31,RB:23 | RCB:7 | LCB:1,grid_centered_v2,False,FB,0.5128011084629909,0.08953320239991311
137721,46,43,3951.0,18.0,6.0,2.0,0.0,0.0,3038.0,2688.0,14.0,59.0,17.0,40.0,425.0,258.0,17.0,14.0,42.0,63.0,10,1,Gustaf Lagerbielke,0.9272892938496586,0.3802097332413179,0.12673657774710598,0.04224552591570199,0.0,0.0,64.17095386595132,56.777986830703476,0.2957186814099139,1.2462430145132086,0.3590869702834669,0.8449105183140397,8.977174257086672,5.4496728431255566,0.3590869702834669,0.2957186814099139,0.8871560442297418,1.3307340663446128,0.8847926267281107,0.6070588235294118,0.8235294117647058,0.3333333333333333,51.588182270700685,1.7151683521775007,0.7392967035247848,1.1820620828382309,4.328054130063669,9.450718450964015,4.715491938829055,0.17695852534562215,0.7174931968546904,0.3946393594072055,0.3596913201928247,0.4157248253429901,0.5122993547925712,0.6800002789392907,0.7668779885386563,0.5969522150575983,Sweden,RB,0.9574468085106383,47,RB:45 | RCB:2,grid_centered_v2,False,FB,0.5122981308084367,0.07424640377691097
404172,46,41,3592.0,9.0,4.0,1.0,0.0,0.0,2054.0,1881.0,6.0,66.0,29.0,47.0,313.0,195.0,24.0,17.0,44.0,42.0,8,0,Kojo Peprah Oppong,0.9889114699331849,0.22300063770765027,0.09911139453673345,0.024777848634183364,0.0,0.0,50.89370109461263,46.60713328089891,0.14866709180510018,1.635338009856102,0.7185576103913175,1.164558885806618,7.755466622499393,4.831680483665756,0.5946683672204007,0.4212234267811172,1.090225339904068,1.0406696426357012,0.9157740993184031,0.6230031948881789,0.7083333333333334,0.4444444444444444,46.09385215914597,1.8657720021540074,0.37166772951275046,1.2258676303137825,6.063139560784669,8.633362261796595,4.646157054158826,0.18315481986368065,0.6222155980488036,0.40384164187970784,0.332958669677153,0.41958398404819547,0.6451921833178698,0.6092314394724313,0.7478821381655526,0.6730407925342913,Ghana,RB,0.38636363636363635,44,RB:17 | LB:13 | RCB:8 | LCB:6,grid_centered_v2,True,FB,0.512241709773062,0.07786831440019644
161504,28,24,2133.0,18.0,10.0,3.0,7.0,0.0,843.0,673.0,39.0,31.0,7.0,17.0,237.0,107.0,29.0,7.0,17.0,50.0,2,0,Herman Johansson,0.8829817158931083,0.670619024728943,0.37256612484941276,0.11176983745482384,0.26079628739458893,0.0,31.407324324805497,25.07370020236548,1.4530078869127099,1.1549549870331797,0.26079628739458893,0.6333624122440017,8.829817158931082,3.986457535888717,1.080441762063297,0.26079628739458893,0.6333624122440017,1.8628306242470638,0.7983392645314353,0.45147679324894513,0.2413793103448276,0.5555555555555556,36.997793333273776,3.584086121051351,5.0668992979520135,2.52686238553888,3.6325197172817747,6.935470929991039,3.2602344518405264,0.15966785290628707,0.4457034779796855,0.5120683535330129,0.6929347987029836,0.5366243492940816,0.45741020886970646,0.450355128253509,0.27292436992452374,0.37149369625192274,Sweden,RB,0.9230769230769231,26,RB:24 | RCB:2,grid_centered_v2,False,FB,0.5120139926989508,0.10104934667841757
36970,42,42,3711.0,11.0,5.0,1.0,4.0,0.0,1541.0,1259.0,19.0,75.0,15.0,68.0,290.0,145.0,41.0,22.0,18.0,32.0,6,0,Sherel Floranus,0.913748315817839,0.24376470834267328,0.11080214015576058,0.022160428031152115,0.08864171212460846,0.0,34.149219596005416,27.899978891220517,0.4210481325918903,1.6620321023364089,0.3324064204672818,1.506909106118344,6.426524129034114,3.213262064517057,0.9085775492772368,0.48752941668534655,0.39888770456073813,0.7091336969968677,0.8170019467878001,0.5,0.5365853658536586,0.45454545454545453,36.634293753081224,2.176154032659138,1.5401497481650723,1.2414973295581908,6.3711230589562335,5.998566890323879,3.9686297765341365,0.16340038935756004,0.4386360960653751,0.4230149026227345,0.4208298683079243,0.4209633313908068,0.6671625556182555,0.3648854115208107,0.5191848802920228,0.4188449280821903,Curaçao,RCB,0.7857142857142857,42,RCB:33 | LB:7 | RB:1 | LCB:1,grid_centered_v2,False,CB,0.5117219134270141,0.0766096468804651
365331,44,40,3637.0,12.0,6.0,0.0,1.0,0.0,1418.0,1219.0,23.0,65.0,13.0,39.0,307.0,161.0,55.0,33.0,50.0,43.0,13,0,Noah Sadiki,0.9911383007973604,0.29431656993707705,0.14715828496853853,0.0,0.024526380828089753,0.0,34.778408014231275,29.89765822944141,0.5641067590460643,1.594214753825834,0.3188429507651668,0.9565288522955004,7.529598914223555,3.9487473133224507,1.3489509455449364,0.8093705673269619,1.2263190414044878,1.0546343756078596,0.8596614950634697,0.5244299674267101,0.6,0.5,38.27003450108295,3.6519781053025646,1.5451619921696544,1.206021598955954,5.133371507319186,7.101536140931561,4.2142164696441995,0.17193229901269394,0.47059402324893057,0.516388950155513,0.4212224669530721,0.41783434992218904,0.575397901481522,0.46597391398267574,0.6089936660176611,0.5313974330778479,Congo DR,CM,0.575,40,CM:23 | DM:17,grid_centered_v2,True,CM,0.511694143730604,0.07738508913800088
42060,21,19,1693.0,5.0,1.0,0.0,0.0,0.0,783.0,631.0,18.0,42.0,3.0,20.0,157.0,92.0,19.0,7.0,19.0,13.0,3,0,Sultan Al Brake,0.8624040165386888,0.22922729323237448,0.04584545864647489,0.0,0.0,0.0,35.896994120189845,28.928484405925655,0.825218255636548,1.9255092631519457,0.1375363759394247,0.9169091729294979,7.197737007496558,4.21778219547569,0.871063714283023,0.32091821052532427,0.871063714283023,0.5959909624041737,0.8058748403575989,0.5859872611464968,0.3684210526315789,0.2,37.9509548742985,2.7232202436006085,2.0630456390913703,0.46418364210506485,5.451025033065865,7.6628568571054565,3.670435463454703,0.1611749680715198,0.46433276481811847,0.4573450060555941,0.46223542462969974,0.35425770916729105,0.5997384092600253,0.5190820548683924,0.40902510146355014,0.39037263646292064,Qatar,RCB,0.8421052631578947,19,RCB:16 | LB:3,grid_centered_v2,False,CB,0.5116424173256027,0.11342282465616377
338045,36,29,2374.0,24.0,12.0,4.0,4.0,0.0,771.0,641.0,18.0,41.0,6.0,33.0,317.0,175.0,53.0,31.0,59.0,46.0,6,0,Denil Castillo,0.8691364785172704,0.790789719291198,0.395394859645599,0.13179828654853298,0.13179828654853298,0.0,25.404119732229738,21.120675419402414,0.5930922894683985,1.3509324371224634,0.1976974298227995,1.0873358640253974,10.44501420897124,5.766175036498319,1.7463272967680623,1.0214367207511308,1.9440247265908617,1.5156802953081296,0.8313878080415046,0.5520504731861199,0.5849056603773585,0.5,33.402733659477796,4.593170286216375,2.207621299687928,2.6079390958921023,4.823817287676309,9.728796470656004,4.062253282474309,0.16627756160830093,0.3772043813709033,0.5757528056711692,0.4738014343752659,0.5439184170951853,0.5513198777176295,0.7024798631415894,0.5538953341980326,0.4564451077817398,Ecuador,AM,0.625,32,AM:20 | CM:9 | DM:3,grid_centered_v2,False,AM,0.5106120891615604,0.09578303198642343
153622,35,33,2949.0,15.0,7.0,0.0,0.0,0.0,2113.0,1817.0,27.0,54.0,20.0,48.0,249.0,130.0,13.0,7.0,17.0,28.0,3,0,Kai Trewin,0.8840793489318414,0.40471587692708916,0.18886740923264161,0.0,0.0,0.0,57.010976529795954,49.024583225101395,0.7284885784687605,1.456977156937521,0.5396211692361188,1.2950908061666853,6.71828355698968,3.5075376000347727,0.35075376000347724,0.18886740923264161,0.458677993850701,0.7554696369305665,0.8599148130619971,0.5220883534136547,0.5384615384615384,0.4666666666666667,48.609786921895626,2.0127869612507236,1.8212214461719012,1.1977477062590316,5.806323780980639,6.476817700289645,4.127330385358777,0.17198296261239943,0.6675855194729039,0.4128904219686758,0.44298619385189175,0.41710552791922234,0.6263869022404621,0.4078123751671481,0.5777365204318116,0.532067619942708,Australia,RB,0.8181818181818182,33,RB:27 | RCB:5 | LB:1,grid_centered_v2,False,FB,0.5104110775659948,0.08593924845627224
3033,32,18,1621.0,38.0,18.0,5.0,3.0,0.0,213.0,152.0,15.0,10.0,1.0,2.0,182.0,59.0,11.0,4.0,15.0,39.0,5,0,Cédric Bakambu,0.9563726095003086,2.0177633093714094,0.9557826202285625,0.2654951722857118,0.15929710337142705,0.0,11.310094339371322,8.071053237485637,0.7964855168571354,0.5309903445714236,0.05309903445714236,0.10619806891428472,9.66402427119991,3.132843032971399,0.584089379028566,0.21239613782856945,0.7964855168571354,2.070862343828552,0.7136150234741784,0.3241758241758242,0.36363636363636365,0.47368421052631576,24.522889073285825,2.362907033342835,2.8673478606856873,4.409425467658314,1.2265876959599884,5.358507718687431,3.116199378869125,0.14272300469483568,0.2312268357914983,0.43466793789084407,0.5267490129846562,0.6960705674357687,0.2825779677369427,0.3107241857149809,0.23242430442727913,0.19371679637573683,Congo DR,ST,0.6111111111111112,18,ST:11 | RW:6 | LW:1,grid_centered_v2,False,ST,0.510110839825314,0.11591441033955904
18967,36,31,2799.0,21.0,13.0,6.0,1.0,0.0,1821.0,1617.0,10.0,39.0,28.0,31.0,258.0,165.0,1.0,1.0,17.0,40.0,7,0,Leo Østigård,1.0,0.67524115755627,0.4180064308681672,0.19292604501607716,0.03215434083601286,0.0,58.55305466237942,51.99356913183279,0.3215434083601286,1.2540192926045015,0.9003215434083601,0.9967845659163986,8.295819935691318,5.305466237942122,0.03215434083601286,0.03215434083601286,0.5466237942122186,1.2861736334405145,0.8879736408566722,0.6395348837209303,1.0,0.6190476190476191,49.19130243620779,0.932475884244373,0.9807073954983923,3.366712601439289,5.241157556270096,9.346257384281762,5.060827805811484,0.17759472817133445,0.6776785249192463,0.34813328772053176,0.37774464221432574,0.6108693084409884,0.5837044651592787,0.6713271168514334,0.8462978012762078,0.6050570166247319,Norway,RB,0.967741935483871,31,RB:30 | LCB:1,grid_centered_v2,False,FB,0.5098542693400339,0.0882119633741088
309182,24,14,1260.0,33.0,12.0,8.0,0.0,0.0,139.0,85.0,9.0,9.0,1.0,4.0,208.0,64.0,64.0,21.0,26.0,25.0,3,0,Benchimol,0.8592857142857143,2.0254591836734694,0.7365306122448979,0.4910204081632653,0.0,0.0,8.531479591836735,5.217091836734694,0.5523979591836735,0.5523979591836735,0.061377551020408164,0.24551020408163265,12.7665306122449,3.9281632653061225,3.9281632653061225,1.2889285714285714,1.5958163265306125,1.5344387755102042,0.6115107913669064,0.3076923076923077,0.328125,0.36363636363636365,20.23173151886654,5.014545918367347,1.3809948979591837,5.686578849721707,1.5528520408163264,6.4225054945054945,2.7312345908202795,0.1223021582733813,0.17658573467679994,0.6017384385877571,0.40841814487900957,0.7843606212420398,0.303958008460864,0.4028522225181466,0.14568291646202497,0.07509551481380769,Cape Verde Islands,RW,0.6428571428571429,14,RW:9 | ST:5,grid_centered_v2,False,W,0.5097375321927315,0.1314751470267833
265448,22,17,1505.0,22.0,11.0,3.0,1.0,0.0,384.0,284.0,18.0,8.0,2.0,5.0,168.0,72.0,75.0,32.0,22.0,14.0,3,0,Marko Farji,0.8551827242524916,1.1250908930365007,0.5625454465182503,0.15342148541406828,0.05114049513802276,0.0,19.63795013300074,14.523900619198463,0.9205289124844096,0.4091239611041821,0.10228099027604552,0.2557024756901138,8.591603183187823,3.6821156499376384,3.8355371353517067,1.6364958444167284,1.1250908930365007,0.7159669319323186,0.7395833333333334,0.42857142857142855,0.4266666666666667,0.5,29.167718718152486,6.310737100032008,2.582595004470149,3.0149355084380964,1.3603371706714054,6.440676195626979,3.4706928835406528,0.14791666666666667,0.30253361988546673,0.6776379888393976,0.5038997291549064,0.5801887668877839,0.2912319856052829,0.404509535011672,0.33940995975130717,0.24046794546922812,Iraq,AM,1.0,17,AM:17,grid_centered_v2,False,AM,0.5097286493709008,0.12029863173512072
430835,29,23,2171.0,13.0,4.0,1.0,0.0,0.0,1353.0,1168.0,5.0,35.0,19.0,37.0,236.0,146.0,7.0,4.0,15.0,22.0,1,0,Tyler Bindon,0.9252326116996775,0.4986283536106046,0.15342410880326296,0.03835602720081574,0.0,0.0,51.8957048027037,44.79983977055278,0.1917801360040787,1.3424609520285509,0.728764516815499,1.4191730064301824,9.052022419392515,5.599979971319097,0.2684921904057102,0.15342410880326296,0.5753404080122361,0.8438325984179463,0.8632668144863267,0.6186440677966102,0.5714285714285714,0.3076923076923077,45.31829779538299,1.0164347208216171,0.47945034001019676,1.1370265853157093,6.056416695008805,9.695904163236566,4.22995629851878,0.17265336289726535,0.6077415762594147,0.3530030412247602,0.3406946702685497,0.4117680605462451,0.644705287688158,0.6998685886178705,0.614569464546453,0.5409239796005403,New Zealand,RB,1.0,22,RB:22,grid_centered_v2,False,FB,0.5093761416158632,0.10016108628552259
386837,38,22,2192.0,26.0,10.0,3.0,3.0,0.0,934.0,776.0,25.0,59.0,4.0,15.0,221.0,123.0,27.0,15.0,22.0,15.0,1,0,Alexandr Sojka,0.8618567518248176,0.9200478098859823,0.35386454226383934,0.1061593626791518,0.1061593626791518,0.0,33.0509482474426,27.459888479673936,0.8846613556595984,2.0878007993566525,0.14154581690553575,0.530796813395759,7.82040638403085,4.3525338698452245,0.9554342641123663,0.530796813395759,0.7785019929804465,0.530796813395759,0.8308351177730193,0.5565610859728507,0.5555555555555556,0.38461538461538464,37.413127366993855,3.308633470166898,2.7955298838843308,2.1139160298333586,4.975335464229582,7.763230675701866,4.088083601523047,0.1661670235546039,0.45380545142641787,0.4945269927753985,0.5209929451819137,0.4992960752905464,0.5631426898235598,0.5285679073630174,0.563394381346497,0.4549884947941801,Czech Republic,AM,0.631578947368421,19,AM:12 | DM:5 | CM:2,grid_centered_v2,False,AM,0.5092503648968456,0.09968014539947918
94541,25,24,2093.0,14.0,7.0,1.0,2.0,0.0,1187.0,1028.0,20.0,49.0,5.0,29.0,197.0,103.0,17.0,11.0,27.0,24.0,2,0,Joe Bell,0.8674868609651218,0.522232892888702,0.261116446444351,0.03730234949205015,0.0746046989841003,0.0,44.27788884706352,38.34681527782755,0.746046989841003,1.8278151251104573,0.18651174746025076,1.0817681352694544,7.34856284993388,3.8421419976811655,0.6341399413648525,0.41032584441255165,1.007163436285354,0.8952563878092036,0.8660488626790227,0.5228426395939086,0.6470588235294118,0.5,43.06836552783616,2.8722809108878615,2.2754433190150594,1.6639818209584925,5.658766417944008,6.947526715535357,4.333393446542347,0.17320977253580455,0.5647530524696117,0.46678392722808665,0.4792376437115435,0.4586473608230935,0.6154023898120532,0.45148608717149086,0.6504103715366769,0.5482551203983264,New Zealand,AM,1.0,26,AM:26,grid_centered_v2,False,AM,0.5086861618892156,0.10201037017630575
20,34,30,2564.0,16.0,5.0,1.0,2.0,0.0,1476.0,1345.0,17.0,36.0,11.0,30.0,247.0,131.0,14.0,10.0,38.0,36.0,4,1,Axel Witsel,1.0,0.561622464898596,0.17550702028081125,0.03510140405616225,0.0702028081123245,0.0,51.80967238689548,47.21138845553823,0.5967238689547583,1.263650546021841,0.38611544461778474,1.0530421216848675,8.670046801872076,4.598283931357255,0.4914196567862715,0.3510140405616225,1.3338533541341655,1.263650546021841,0.9112466124661247,0.5303643724696356,0.7142857142857143,0.3125,47.2889656236656,2.6185647425897036,1.8779251170046805,1.1515210608424338,4.805382215288612,8.028690621309064,4.586131134651829,0.18224932249322495,0.6440920194376234,0.4507357856246251,0.44748663698541047,0.4130403095504676,0.5498771668752912,0.5535382353736616,0.7306290694477057,0.6623679339012508,Belgium,AM,0.5333333333333333,30,AM:16 | CM:13 | DM:1,grid_centered_v2,True,AM,0.5084745677584915,0.09216582762386102
2484,29,28,2343.0,10.0,4.0,3.0,0.0,0.0,1362.0,1249.0,8.0,32.0,23.0,26.0,217.0,138.0,5.0,2.0,41.0,29.0,5,1,Yerry Mina,0.9942381562099872,0.38190966307681967,0.15276386523072785,0.1145728989230459,0.0,0.0,52.016096111062836,47.700516918294774,0.3055277304614557,1.2221109218458228,0.8783922250766852,0.9929651239997311,8.287439688766986,5.270353350460112,0.19095483153840984,0.07638193261536393,1.5658296186149605,1.1075380229227771,0.9170337738619677,0.6359447004608295,0.4,0.4,46.94414305745038,1.5238195556765104,0.7638193261536392,1.9304526027073863,5.151961354906297,9.286328792026644,4.095393046867397,0.18340675477239354,0.6378369800840603,0.3830550646459716,0.36150814490411703,0.48268962959470796,0.5768337139986012,0.6662976436861358,0.5660743033564608,0.675979286924906,Colombia,RB,0.9642857142857143,28,RB:27 | RCB:1,grid_centered_v2,False,FB,0.5073226277944953,0.09641459769084412
162194,47,46,3966.0,41.0,17.0,2.0,4.0,0.0,1668.0,1329.0,46.0,70.0,13.0,60.0,439.0,263.0,27.0,13.0,119.0,47.0,7,0,Lukáš Červ,0.8818961169944529,0.8205236186862155,0.3402171101869675,0.04002554237493735,0.0800510847498747,0.0,33.381302340697744,26.59697290814587,0.920587474623559,1.400893983122807,0.2601660254370928,1.2007662712481204,8.785606551298747,5.263358822304261,0.5403448220616542,0.2601660254370928,2.381519771308772,0.9406002458110276,0.7967625899280576,0.5990888382687927,0.48148148148148145,0.4146341463414634,36.78182575076254,3.4982324035695243,2.7417496526832084,1.62577658594418,5.209324340098096,9.165968866032344,3.819723247057503,0.15935251798561154,0.44150166913629824,0.5066021835786263,0.5166788295631264,0.4552134044283843,0.5812559488837574,0.6560822279011062,0.4637324145699093,0.3675906672510041,Czech Republic,CM,0.5227272727272727,44,CM:23 | DM:13 | AM:8,grid_centered_v2,True,CM,0.5070790306383064,0.0741058653132634
226765,26,23,2051.0,31.0,18.0,7.0,1.0,0.0,1000.0,738.0,48.0,60.0,4.0,14.0,257.0,125.0,65.0,26.0,29.0,19.0,1,0,Elliot Stroud,0.862213554363725,1.1728794815576757,0.6810267957431665,0.2648437539001203,0.03783482198573148,0.0,37.83482198573147,27.92209862546983,1.8160714553151107,2.2700893191438887,0.15133928794292592,0.5296875078002407,9.723549250332988,4.729352748216434,2.459263429072546,0.9837053716290184,1.097209837586213,0.718861617728898,0.738,0.48638132295719844,0.4,0.5806451612903226,39.10781280420939,6.276796967432851,4.7482701592093,4.233477867822041,5.312009006796699,8.080237816374602,3.440043599764568,0.1476,0.4870726768513472,0.6757462561052826,0.6707306061422649,0.6824219163664204,0.5891391800003069,0.5583597728207935,0.3292365758256502,0.2374086877289481,Sweden,RCB,0.48,25,RCB:12 | LB:10 | RB:3,grid_centered_v2,True,CB,0.507009176677726,0.1030495518738167
1442,32,27,2151.0,3.0,0.0,0.0,1.0,0.0,1312.0,1163.0,5.0,52.0,9.0,26.0,187.0,99.0,13.0,8.0,17.0,35.0,4,0,Sead Kolašinac,1.0,0.12552301255230125,0.0,0.0,0.041841004184100423,0.0,54.895397489539754,48.66108786610879,0.2092050209205021,2.175732217573222,0.3765690376569038,1.087866108786611,7.824267782426778,4.142259414225942,0.5439330543933055,0.3347280334728034,0.7112970711297072,1.4644351464435148,0.8864329268292683,0.5294117647058824,0.6153846153846154,0.0,47.282162082865604,1.5690376569037658,0.7531380753138076,0.0,6.506276150627616,7.387398474033965,4.3048174457616195,0.17728658536585368,0.6439690703059004,0.38578115577299626,0.3607163050719888,0.3168013406328847,0.676585729466523,0.49299948952900174,0.6406578992215342,0.6011383952881673,Bosnia & Herzegovina,LB,0.5925925925925926,27,LB:16 | RCB:11,grid_centered_v2,True,FB,0.5067308802011543,0.10062565782419661
18961,47,39,3516.0,16.0,11.0,2.0,5.0,0.0,1688.0,1379.0,15.0,65.0,27.0,34.0,431.0,235.0,6.0,4.0,17.0,55.0,13,1,Dan Burn,1.0,0.40955631399317405,0.28156996587030714,0.051194539249146756,0.12798634812286688,0.0,43.20819112627986,35.298634812286686,0.3839590443686007,1.6638225255972694,0.6911262798634812,0.8703071672354948,11.032423208191126,6.0153583617747435,0.15358361774744025,0.10238907849829351,0.4351535836177474,1.4078498293515358,0.8169431279620853,0.5452436194895591,0.6666666666666666,0.6875,40.63518229461528,1.1646757679180888,1.6638225255972696,2.178754266211604,5.495733788395904,10.057232564953319,4.1647704093149995,0.16338862559241707,0.5171622811382596,0.3616757499500087,0.4305449535220913,0.5051672592533032,0.6031279768260226,0.7278173702411931,0.5912976580593866,0.41869280948459775,England,LB,0.5128205128205128,39,LB:20 | RCB:12 | RB:7,grid_centered_v2,True,FB,0.5064390989603575,0.07870539529884057
278370,43,37,2959.0,45.0,22.0,10.0,1.0,0.0,1053.0,808.0,32.0,102.0,8.0,36.0,458.0,211.0,58.0,25.0,15.0,71.0,12,0,Diego Gómez,0.9915343021290977,1.3571185953439828,0.6634802021681694,0.30158191007644064,0.030158191007644063,0.0,31.7565751310492,24.367818334176402,0.96506211224461,3.0761354827796943,0.2412655280611525,1.0856948762751863,13.81245148150098,6.363378302612897,1.7491750784433557,0.7539547751911015,0.4523728651146609,2.1412315615427286,0.7673314339981007,0.4606986899563319,0.43103448275862066,0.4888888888888889,35.40386888341388,3.8481851725753824,2.5785253311535676,4.31930534142474,7.973825702421091,10.29082569352705,3.474503039017984,0.15346628679962016,0.41491362876566107,0.5288593846418864,0.5035728224088342,0.6891208731413608,0.7689291954054601,0.7449929603492039,0.3406853260294786,0.29832584324827,Paraguay,AM,0.7368421052631579,38,AM:28 | CM:10,grid_centered_v2,False,AM,0.5061125382752121,0.08579390884869993
6231,30,27,2291.0,6.0,1.0,0.0,2.0,0.0,1696.0,1558.0,12.0,38.0,16.0,28.0,150.0,81.0,7.0,4.0,21.0,33.0,10,0,Facundo Medina,0.9936490615451767,0.23420798482513985,0.039034664137523316,0.0,0.07806932827504663,0.0,66.20279037723954,60.81600672626132,0.4684159696502797,1.4833172372258858,0.624554626200373,1.0929705958506528,5.855199620628497,3.161807795139388,0.2732426489626632,0.15613865655009326,0.8197279468879894,1.2881439165382693,0.9186320754716981,0.54,0.5714285714285714,0.16666666666666666,53.693889495850804,1.6433593601897312,1.6004212296384557,0.38798186312586597,5.54292230752831,6.046530913195143,4.3567321793993115,0.18372641509433962,0.749893804819714,0.3902773682170382,0.425557307848549,0.3479693001443644,0.6066948326973554,0.3691071973450685,0.6582835826142232,0.6796878120069213,Argentina,LB,0.35714285714285715,28,LB:10 | RCB:8 | LCB:5 | RB:5,grid_centered_v2,True,FB,0.5060067342027859,0.09750264408999122
30,34,28,2709.0,7.0,2.0,0.0,3.0,0.0,1431.0,1219.0,24.0,55.0,11.0,39.0,203.0,122.0,19.0,4.0,42.0,18.0,3,0,Santiago Arias,0.9129309708379476,0.21230952810184828,0.060659865171956644,0.0,0.09098979775793498,0.0,43.40213353053498,36.97218782230758,0.7279183820634798,1.668146292228808,0.3336292584457616,1.1828673708531547,6.156976314953599,3.700251775489355,0.5762687191335881,0.12131973034391329,1.2738571686110898,0.5459387865476097,0.8518518518518519,0.6009852216748769,0.21052631578947367,0.2857142857142857,42.283093149163996,2.250480997879592,2.320239842827342,0.6563523826693107,5.735390252008502,6.983308150709727,3.5571478356486756,0.1703703703703704,0.5494812264371198,0.42764326126988245,0.48283104505897645,0.3703375066816593,0.6211219255910709,0.45484566834368156,0.3688922229360145,0.5106921468653756,Colombia,RB,1.0,29,RB:29,grid_centered_v2,False,FB,0.5058815392230155,0.08966530605331448
2878,36,30,2686.0,10.0,3.0,1.0,2.0,0.0,894.0,747.0,32.0,71.0,7.0,25.0,290.0,127.0,47.0,20.0,18.0,45.0,4,0,Jorge Sánchez,0.9096500372300821,0.30479710852832237,0.0914391325584967,0.030479710852832232,0.060959421705664464,0.0,27.248861502432018,22.76834400706568,0.9753507472906314,2.1640594705510887,0.21335797596982567,0.7619927713208059,8.839116147321349,3.870923278309694,1.4325464100831151,0.6095942170566447,0.5486347953509803,1.3715869883774507,0.8355704697986577,0.4379310344827586,0.425531914893617,0.3,35.101950915642114,3.553934285440239,2.773653687607733,0.9718524724045532,5.65398636320038,6.733085693081847,3.75589954582672,0.16711409395973154,0.40914810303591664,0.5101488957082261,0.5192384327084885,0.39735699796489454,0.6150445080624949,0.43145475835010744,0.4401576304858446,0.4674909103756832,Mexico,RB,0.9696969696969697,33,RB:32 | LB:1,grid_centered_v2,False,FB,0.5056647251750601,0.09004838609973
18997,44,42,3695.0,43.0,22.0,10.0,5.0,0.0,1352.0,1107.0,47.0,52.0,5.0,20.0,256.0,114.0,40.0,18.0,16.0,45.0,6,0,Leandro Bacuna,0.8609607577807848,0.9017369777027436,0.46135380254558966,0.20970627388435895,0.10485313694217947,0.0,28.35228822916533,23.21448451899854,0.9856194872564871,1.0904726241986664,0.10485313694217947,0.4194125477687179,5.3684806114395895,2.3906515222816918,0.8388250955374358,0.3774712929918461,0.33553003821497435,0.9436782324796154,0.8187869822485208,0.4453125,0.45,0.5116279069767442,35.19944323385039,2.8855583286487794,3.0407409713232045,3.3468013285921856,2.9170142697314327,4.682849631194369,3.7783851792714533,0.16375739644970416,0.4110071999865375,0.46762594430041265,0.5406139135710225,0.609153548730917,0.40201658885864616,0.2586997168723368,0.44843802665253685,0.4234686404507445,Curaçao,AM,0.6829268292682927,41,AM:28 | CM:9 | DM:4,grid_centered_v2,False,AM,0.5053693502553471,0.07677533433408781
14701,35,28,2653.0,5.0,0.0,0.0,0.0,0.0,2181.0,1993.0,3.0,19.0,18.0,54.0,181.0,114.0,28.0,23.0,12.0,12.0,1,0,Josip Šutalo,0.9406671692423674,0.1595553057516266,0.0,0.0,0.0,0.0,69.59802436885951,63.59874487259835,0.09573318345097594,0.606310161856181,0.5743991007058558,1.723197302117567,5.775902068208882,3.6378609711370857,0.8935097122091088,0.7339544064574822,0.38293273380390375,0.38293273380390375,0.9138010087116002,0.6298342541436464,0.8214285714285714,0.0,54.35560255067874,2.1986721132574143,0.23933295862743983,0.0,5.169591906352701,6.982508122022859,4.898174042015175,0.18276020174232005,0.7595486151876317,0.4244157217286848,0.32358247235473503,0.3168013406328847,0.5781942363105032,0.4547705061538838,0.8120287569914743,0.6684107272516259,Croatia,RB,0.8,25,RB:20 | RCB:5,grid_centered_v2,False,FB,0.5046706006915123,0.09060669990179455
1138,43,37,3215.0,33.0,14.0,3.0,4.0,0.0,1447.0,1244.0,39.0,62.0,7.0,22.0,265.0,126.0,59.0,23.0,22.0,41.0,7,0,Timothy Weah,0.996407465007776,0.9204759474566391,0.3905049474058469,0.08367963158696719,0.11157284211595625,0.0,40.36147563544718,34.6991538980624,1.0878352106305735,1.729379052797322,0.19525247370292345,0.6136506316377595,7.391700790182101,3.5145445266526223,1.6456994212103548,0.6415438421667484,0.6136506316377595,1.1436216316885517,0.8597097442985487,0.47547169811320755,0.3898305084745763,0.42424242424242425,41.83107806467609,3.8687883003707833,3.333238658214193,2.0646288275487716,4.554961279383915,6.346777431653294,3.8093779690093568,0.17194194885970976,0.5406461504032235,0.5301670508575963,0.5638500076063301,0.4948331003173402,0.5302062876995994,0.3959694706106654,0.45989728677310404,0.5315250917311878,USA,RW,0.7837837837837838,37,RW:29 | ST:5 | LW:3,grid_centered_v2,False,W,0.504199185189488,0.08230731775951129
44362,38,37,3102.0,6.0,3.0,1.0,0.0,0.0,1838.0,1646.0,6.0,96.0,21.0,52.0,273.0,153.0,12.0,7.0,20.0,51.0,7,0,Hassan Al Tambakti,0.913646034816248,0.15904863275331202,0.07952431637665601,0.026508105458885337,0.0,0.0,48.72189783343125,43.632341585325264,0.15904863275331202,2.5447781240529923,0.556670214636592,1.3784214838620374,7.236712790275697,4.055740135209457,0.31809726550662404,0.18555673821219734,0.5301621091777067,1.351913378403152,0.8955386289445049,0.5604395604395604,0.5833333333333334,0.5,44.631417014163304,1.0152604390753084,0.39762158188328006,1.323398886598401,7.949780827119713,7.359354870611921,4.30040795520934,0.179107725788901,0.5947614749930424,0.3529347171653824,0.3348134667401875,0.428210997662255,0.7675752342804486,0.4903438533544299,0.6391423733542493,0.6240939879846555,Saudi Arabia,RB,0.5,40,RB:20 | RCB:14 | LCB:6,grid_centered_v2,True,FB,0.5036599013296074,0.08379305815963922
271350,36,36,3185.0,14.0,6.0,2.0,2.0,0.0,1860.0,1596.0,5.0,49.0,32.0,56.0,239.0,155.0,12.0,8.0,23.0,31.0,7,1,Tarik Muharemović,1.0,0.39560439560439564,0.16954474097331243,0.0565149136577708,0.0565149136577708,0.0,52.55886970172685,45.0989010989011,0.141287284144427,1.3846153846153848,0.9042386185243328,1.5824175824175826,6.753532182103611,4.379905808477237,0.33908948194662486,0.2260596546310832,0.6499215070643642,0.8759811616954475,0.8580645161290322,0.6485355648535565,0.6666666666666666,0.42857142857142855,45.385678837291735,1.1444270015698588,0.6640502354788069,1.5466248037676609,6.651805337519624,8.077474826428801,4.392561539457399,0.17161290322580647,0.6090070430349346,0.3604856366225753,0.3541417145304183,0.44811299680208916,0.6865743548364847,0.558101603383887,0.6702014209052966,0.5271698998817729,Bosnia & Herzegovina,RB,0.9166666666666666,36,RB:33 | LCB:3,grid_centered_v2,False,FB,0.5034833371538554,0.08269404182037704
25314,31,29,2572.0,8.0,2.0,1.0,0.0,0.0,1827.0,1628.0,5.0,44.0,25.0,35.0,191.0,118.0,8.0,4.0,16.0,17.0,9,1,Marco Friedl,1.0,0.2799377916018662,0.06998444790046655,0.03499222395023328,0.0,0.0,63.9307931570762,56.96734059097978,0.1749611197511664,1.5396578538102643,0.874805598755832,1.2247278382581648,6.683514774494556,4.129082426127527,0.2799377916018662,0.1399688958009331,0.5598755832037324,0.5948678071539657,0.8910782703886152,0.6178010471204188,0.5,0.25,51.39573591990201,0.9447900466562984,0.43740279937791604,0.8779160186625194,6.183125972006221,7.634118537939795,4.218304940636004,0.17821565407772305,0.7144082012341412,0.34884557568722413,0.3376663572642634,0.38923828086693363,0.6538307443356023,0.5163632965781237,0.6104448010960856,0.6129119312442105,Austria,RB,0.3448275862068966,29,RB:10 | LB:8 | LCB:6 | RCB:5,grid_centered_v2,True,FB,0.5031838069969053,0.09202237877797147
1929,49,46,4155.0,15.0,6.0,1.0,1.0,0.0,2781.0,2478.0,13.0,72.0,18.0,64.0,311.0,196.0,12.0,10.0,31.0,38.0,9,0,Jhon Lucumí,0.9721299638989169,0.3158545009057853,0.12634180036231413,0.021056966727052356,0.021056966727052356,0.0,58.559424467932594,52.17916354963573,0.27374056745168057,1.5161016043477695,0.3790254010869424,1.3476458705313508,6.548716652113282,4.127165478502261,0.25268360072462825,0.2105696672705235,0.6527659685386229,0.8001647356279894,0.8910463861920173,0.6302250803858521,0.8333333333333334,0.4,49.17538180027346,1.3455401738586454,0.8001647356279894,1.1453342543236587,5.841202570084324,7.66870691106072,4.806739204976163,0.17820927723840346,0.6774043413371598,0.37237992500507466,0.36420818160059487,0.41249712104398006,0.6289648963049388,0.5196353598814727,0.7903218228020897,0.6128315522331034,Colombia,RB,0.5106382978723404,47,RB:24 | RCB:16 | LCB:7,grid_centered_v2,True,FB,0.5028778607007095,0.07240080977667095
70514,40,33,2612.0,41.0,15.0,3.0,5.0,0.0,1151.0,951.0,36.0,56.0,5.0,26.0,268.0,138.0,33.0,11.0,45.0,44.0,5,2,Armin Gigović,0.8633537519142419,1.2196689680564903,0.4462203541670086,0.08924407083340173,0.14874011805566956,0.0,34.239975176415136,28.29037045418835,1.0709288500008207,1.665889322223499,0.14874011805566956,0.7734486138894817,7.9724703277838875,4.1052272583364795,0.981684779167419,0.327228259722473,1.3386610625010258,1.308913038889892,0.8262380538662033,0.5149253731343284,0.3333333333333333,0.36585365853658536,38.20579787604354,3.4150731105581724,3.4953927743082343,2.0703683795741963,4.709112137642498,7.292094281074056,3.593090294674252,0.16524761077324068,0.4693327079884239,0.5013060449991951,0.5766183837004476,0.4953527902016958,0.5423300735125145,0.4839770036782271,0.38145858759774587,0.4429050879554246,Bosnia & Herzegovina,AM,0.5142857142857142,35,AM:18 | CM:17,grid_centered_v2,True,AM,0.502580021016511,0.09131504793056011
264,38,30,2744.0,17.0,6.0,2.0,4.0,0.0,1554.0,1290.0,29.0,44.0,6.0,27.0,208.0,95.0,25.0,15.0,5.0,47.0,3,0,Thomas Meunier,0.9859766763848397,0.5497610476927132,0.19403331095036933,0.06467777031678978,0.12935554063357957,0.0,50.254627536145655,41.717161854329404,0.9378276695934518,1.422910946969375,0.19403331095036933,0.873149899276662,6.726488112946137,3.0721940900475144,0.8084721289598722,0.4850832773759233,0.16169442579197443,1.5199276024445598,0.8301158301158301,0.4567307692307692,0.6,0.35294117647058826,45.2431334833482,2.981645211604009,3.056024647468317,1.4949511508060118,4.520976145143605,5.671264033758828,4.046503504902148,0.16602316602316602,0.6063282245649303,0.47372471022387214,0.5418333354628407,0.4434887525657097,0.5275280868909236,0.3366554020830524,0.5480835515161748,0.453093971648549,Belgium,RB,1.0,30,RB:30,grid_centered_v2,False,FB,0.5024999350753134,0.08909162578074642
2909,49,42,3739.0,24.0,10.0,4.0,1.0,0.0,1961.0,1674.0,39.0,61.0,11.0,40.0,317.0,165.0,41.0,22.0,32.0,46.0,7,0,Seung-Ho Paik,0.9278095747526076,0.5359905540159489,0.22332939750664532,0.08933175900265813,0.022332939750664534,0.0,43.79489485105315,37.38534114261243,0.8709846502759166,1.3623093247905365,0.24566233725730988,0.8933175900265813,7.079541900960657,3.6849350588596477,0.9156505297772458,0.49132467451461975,0.7146540720212651,1.0273152285305684,0.8536460989291178,0.5205047318611987,0.5365853658536586,0.4166666666666667,42.7908244567537,3.1534110927938315,2.3002927943184464,1.860648561863902,4.509020535659169,6.720423277987103,4.079631679250531,0.17072921978582356,0.5593679845480573,0.4846452964396422,0.4812307296263917,0.4763792616840492,0.5265855394396454,0.43027826496615396,0.5602909720954043,0.5154549722011732,South Korea,AM,0.9487179487179487,39,AM:37 | DM:1 | CM:1,grid_centered_v2,False,AM,0.5024609830723253,0.07632225705282045
1741,30,29,2586.0,21.0,4.0,1.0,1.0,0.0,1278.0,994.0,7.0,53.0,26.0,33.0,403.0,247.0,5.0,3.0,30.0,34.0,8,1,Nikola Katić,0.8684454756380511,0.634710730454724,0.12089728199137602,0.030224320497844005,0.030224320497844005,0.0,38.62668159624464,30.042974574856938,0.21157024348490805,1.6018889863857322,0.7858323329439441,0.9974025764288522,12.180401160631133,7.465407162967469,0.15112160248922002,0.09067296149353202,0.90672961493532,1.0276268969266962,0.7777777777777778,0.6129032258064516,0.6,0.19047619047619047,37.24959164972435,1.0608736494743245,0.6951593714504122,0.7920031397230594,5.7426208945903605,12.290279705573809,3.965173360790667,0.15555555555555556,0.45061217573548984,0.3555930590437471,0.35643142683909373,0.38186629526048665,0.6216599450554812,0.8617214831383582,0.5178977918736619,0.32206743181910075,Bosnia & Herzegovina,RB,0.8620689655172413,29,RB:25 | RCB:4,grid_centered_v2,False,FB,0.5022401005472502,0.09177294689559963
174915,38,22,2035.0,21.0,12.0,1.0,1.0,0.0,625.0,491.0,15.0,38.0,1.0,12.0,243.0,121.0,33.0,17.0,40.0,50.0,7,1,Josué Casimir,0.9762653562653563,0.9067034512734758,0.5181162578705577,0.04317635482254647,0.04317635482254647,0.0,26.985221764091545,21.199590217870316,0.647645322338197,1.640701483256766,0.04317635482254647,0.5181162578705577,10.491854221878793,5.224338933528123,1.4248197091440333,0.73399803198329,1.7270541929018588,2.1588177411273235,0.7856,0.49794238683127573,0.5151515151515151,0.5714285714285714,33.07864043851759,3.864283756617909,1.856583257369498,2.2136307424562953,4.036989175908095,8.807901667433198,3.703344262715052,0.15712,0.37122192312840074,0.5298811853426642,0.44579173091213153,0.5083248818915905,0.4892893138486774,0.624856750580047,0.42094101704798087,0.34047613114969405,Haiti,RW,0.9545454545454546,22,RW:21 | ST:1,grid_centered_v2,False,W,0.5019436683316357,0.1034538675096427
324034,38,35,3193.0,33.0,15.0,3.0,2.0,0.0,2195.0,1978.0,26.0,59.0,7.0,38.0,379.0,184.0,46.0,20.0,71.0,82.0,15,1,Gustavo Puerta,0.8741935483870968,0.8131396300374814,0.3696089227443097,0.07392178454886193,0.04928118969924129,0.0,54.086105694917315,48.739096612549645,0.6406554660901368,1.453795096127618,0.1724841639473445,0.9363426042855846,9.338785448006226,4.533869452330199,1.1334673630825498,0.4928118969924129,1.7494822343230658,2.020528777668893,0.9011389521640091,0.48548812664907653,0.43478260869565216,0.45454545454545453,48.148532298993295,3.2599506986048112,1.8726852085711692,2.017917677323838,4.67924896194296,7.803881613209509,3.9691479766723248,0.18022779043280182,0.6594683413963434,0.4914269478562902,0.44707038468502014,0.4906041362502294,0.539984831207339,0.5324041595361667,0.5193778243800845,0.6379475908254678,Colombia,AM,0.7142857142857143,35,AM:25 | CM:5 | DM:5,grid_centered_v2,False,AM,0.501450568371829,0.08259038268615503
326183,35,34,3029.0,11.0,4.0,1.0,2.0,0.0,1893.0,1731.0,7.0,51.0,22.0,44.0,300.0,175.0,9.0,4.0,53.0,56.0,11,0,Redouane Halhal,0.9247540442390229,0.3022471125112686,0.10990804091318858,0.027477010228297145,0.05495402045659429,0.0,52.0139803621665,47.562704705182355,0.19233907159808,1.4013275216431542,0.6044942250225372,1.2089884500450745,8.243103068489143,4.8084767899520005,0.2472930920546743,0.10990804091318858,1.4562815420997486,1.53871257278464,0.9144215530903328,0.5833333333333334,0.4444444444444444,0.36363636363636365,46.65150813342941,1.34912120220939,0.7830947915064685,1.1009600663775685,5.605310086572618,8.4818675059328,4.110711763326727,0.18288431061806656,0.6324916446429297,0.3725931711312528,0.3629390084290981,0.40860747795751806,0.6113930953705462,0.5954838234669172,0.5716780361252529,0.669870468529051,Morocco,RB,0.8529411764705882,34,RB:29 | RCB:4 | LCB:1,grid_centered_v2,False,FB,0.5013778217366044,0.08479676828465785
32858,41,38,3410.0,26.0,16.0,5.0,0.0,0.0,2324.0,2066.0,15.0,49.0,24.0,40.0,338.0,204.0,12.0,10.0,20.0,33.0,1,0,Tsuyoshi Watanabe,0.9244868035190615,0.6343985689837549,0.39039911937461835,0.12199972480456826,0.0,0.0,56.70547208916332,50.4102862892476,0.3659991744137048,1.1955973030847689,0.5855986790619276,0.9759977984365461,8.247181396788815,4.977588772026385,0.2927993395309638,0.24399944960913653,0.48799889921827305,0.8051981837101505,0.8889845094664371,0.6035502958579881,0.8333333333333334,0.6153846153846154,48.474073525611836,1.5127965875766465,0.9149979360342619,2.7533257963302424,4.748229289393797,8.779275168410903,4.788450046778913,0.17779690189328745,0.6652072777835849,0.38239162252642483,0.372794613285931,0.5569490560055558,0.5453992057422127,0.622310820941968,0.7857654709785664,0.607620757774355,Japan,RB,1.0,38,RB:38,grid_centered_v2,False,FB,0.501021334895074,0.07991931414991965
213980,17,17,1460.0,19.0,11.0,1.0,1.0,0.0,569.0,420.0,14.0,47.0,2.0,20.0,219.0,115.0,47.0,27.0,15.0,26.0,4,0,Nizar Mahmoud Al-Rashdan,0.8763013698630138,1.026352974291612,0.5942043535372491,0.054018577594295375,0.054018577594295375,0.0,30.736570651154068,22.687802589604054,0.7562600863201352,2.5388731469318824,0.10803715518859075,1.0803715518859074,11.830068493150685,6.212136423343968,2.5388731469318824,1.458501595045975,0.8102786639144306,1.4044830174516798,0.7381370826010545,0.5251141552511416,0.574468085106383,0.5789473684210527,33.79740403068596,5.412661474948397,2.1877523925689624,2.421929452548617,6.849555638956653,10.272333458434979,3.715209362999502,0.1476274165202109,0.3845403116713238,0.6257764365319239,0.47220997890059463,0.5271611900834599,0.6998735737034116,0.743659578986922,0.4252607056349171,0.2376724906319618,Jordan,AM,0.8235294117647058,17,AM:14 | DM:2 | CM:1,grid_centered_v2,False,AM,0.5008448835758366,0.12213847968260487
18861,35,19,1834.0,8.0,3.0,0.0,0.0,0.0,1375.0,1254.0,13.0,19.0,2.0,19.0,115.0,75.0,1.0,0.0,14.0,7.0,1,0,Nathan Aké,1.0,0.39258451472191935,0.14721919302071976,0.0,0.0,0.0,67.47546346782988,61.53762268266085,0.6379498364231189,0.9323882224645584,0.09814612868047984,0.9323882224645584,5.643402399127591,3.6804798255179936,0.04907306434023992,0.0,0.6870229007633588,0.3435114503816794,0.912,0.6521739130434783,0.0,0.375,54.439858233369684,1.4918211559432935,1.5948745910577973,0.9561068702290076,3.6510359869138496,7.109193494855625,3.425388649186857,0.1824,0.7607595025518803,0.3811303808015578,0.4251216701155503,0.3959920595817775,0.4588640042606236,0.46669595463596475,0.3244274429025711,0.6641558111605463,Netherlands,LCB,0.45,20,LCB:9 | LB:8 | RCB:2 | RB:1,grid_centered_v2,True,CB,0.5003516892069249,0.10897560080283135
2468,36,30,2823.0,21.0,10.0,6.0,2.0,0.0,1415.0,1139.0,38.0,55.0,7.0,28.0,192.0,116.0,15.0,7.0,18.0,22.0,10,0,Gonzalo Montiel,0.9186787105915697,0.6150558848806471,0.29288375470507,0.17573025282304203,0.058576750941014014,0.0,41.44305129076741,33.35945966090748,1.1129582678792662,1.610860650877885,0.20501862829354903,0.8200745131741961,5.623368090337345,3.3974515545788124,0.43932563205760505,0.20501862829354903,0.5271907584691261,0.6443442603511541,0.8049469964664311,0.6041666666666666,0.4666666666666667,0.47619047619047616,40.998964528264636,2.779466832151115,3.1045677998737427,2.7682602315523868,4.765218689051489,6.568932176410337,3.8474336134710834,0.16098939929328623,0.5243187266555782,0.46090346368214824,0.5457030032307867,0.5582834720079215,0.5467311344397998,0.41626748516017387,0.4740249201895472,0.3880290077651914,Argentina,RB,1.0,32,RB:32,grid_centered_v2,False,FB,0.5002151787097275,0.08783619185371358
66214,29,23,1961.0,25.0,7.0,1.0,5.0,0.0,744.0,540.0,46.0,26.0,7.0,28.0,143.0,75.0,19.0,9.0,27.0,24.0,6,0,David Douděra,0.8904640489546151,1.0216951097133524,0.28607463071973865,0.040867804388534094,0.20433902194267048,0.0,30.405646465069367,22.06861436980841,1.8799190018725682,1.0625629141018864,0.28607463071973865,1.1442985228789546,5.844096027560376,3.065085329140057,0.7764882833821478,0.36781023949680686,1.1034307184904204,0.9808273053248183,0.7258064516129032,0.5244755244755245,0.47368421052631576,0.28,35.58754020334893,4.85509516135785,5.823662125366108,1.287446918115907,4.515892384933017,5.864546034222653,3.5242781849567546,0.14516129032258066,0.4184326188579559,0.5919642405228659,0.7421254169333078,0.4250255353609083,0.5271273207721927,0.35320024127848565,0.3575533647461751,0.21475469463133587,Czech Republic,CM,0.5454545454545454,22,CM:12 | DM:10,grid_centered_v2,True,CM,0.49992639030819414,0.10538775202265963
44315,44,22,2388.0,15.0,2.0,1.0,1.0,0.0,1338.0,1259.0,16.0,43.0,5.0,13.0,166.0,83.0,17.0,8.0,23.0,37.0,5,0,Abdullah Al-Khaibari,0.9107872696817421,0.5148923006994772,0.0686523067599303,0.03432615337996515,0.03432615337996515,0.0,45.928393222393375,43.21662710537612,0.5492184540794424,1.4760245953385014,0.17163076689982576,0.44623999393954694,5.698141461074215,2.8490707305371075,0.5835446074594075,0.2746092270397212,0.7895015277391985,1.2700676750587105,0.9409566517189836,0.5,0.47058823529411764,0.13333333333333333,45.2901301512105,2.0698670488118984,1.561839978788414,0.6373891231702902,3.7381181030782047,5.48869902275195,4.238801690541158,0.18819133034379673,0.607212136250826,0.4164199870875204,0.4225295336609684,0.3687372180790081,0.4657102022146238,0.3213864980761119,0.6176898783078565,0.7289977712361919,Saudi Arabia,DM,0.6363636363636364,22,DM:14 | CM:7 | AM:1,grid_centered_v2,False,DM,0.49958852838213635,0.09550184822858339
2483,22,18,1399.0,8.0,2.0,0.0,1.0,0.0,437.0,365.0,8.0,27.0,1.0,13.0,165.0,79.0,25.0,9.0,33.0,28.0,4,0,Deiver Machado,1.0,0.5146533238027162,0.12866333095067906,0.0,0.06433166547533953,0.0,28.112937812723374,23.48105789849893,0.5146533238027162,1.7369549678341674,0.06433166547533953,0.8363116511794139,10.614724803431022,5.082201572551822,1.6082916368834883,0.5789849892780558,2.1229449606862043,1.8012866333095068,0.8352402745995423,0.47878787878787876,0.36,0.25,34.561135528319504,3.4353109363831305,1.640457469621158,0.6801286633309507,4.869907076483202,8.551445837936187,3.6187531819487893,0.16704805491990848,0.39888366492087907,0.50259499710259,0.42870517764142785,0.372347988360018,0.5549229914512013,0.6018178405460283,0.390530185319715,0.4666176099232396,Colombia,RCB,0.8421052631578947,19,RCB:16 | LB:3,grid_centered_v2,False,CB,0.49943949066193993,0.12477284578397724
106485,60,43,3703.0,56.0,28.0,7.0,9.0,0.0,1376.0,1144.0,58.0,47.0,4.0,37.0,262.0,141.0,37.0,18.0,53.0,36.0,6,0,Mauricio,0.906816095058061,1.2342298458257162,0.6171149229128581,0.15427873072821452,0.19835836807913299,0.0,30.326790497431887,25.213552564725347,1.2783094831766346,1.0358714777465832,0.08815927470183688,0.8154732909919912,5.774432492970315,3.10761443323975,0.8154732909919912,0.39671673615826597,1.1681103897993386,0.7934334723165319,0.8313953488372093,0.5381679389312977,0.4864864864864865,0.5,36.988558411127855,3.876804105013276,4.2867447323768175,3.0981907379037175,3.5924904440998526,5.965164023329543,3.937351894393105,0.1662790697674419,0.4455236424463797,0.5306756975089929,0.6371903885081415,0.5875156834391648,0.4542698411926,0.3619574807224773,0.5075305371318553,0.4564649867283199,Paraguay,CM,0.5,44,CM:22 | AM:21 | DM:1,grid_centered_v2,True,CM,0.4991507010602746,0.0766923563748696
19170,61,53,4821.0,84.0,49.0,14.0,12.0,0.0,1562.0,1178.0,82.0,54.0,4.0,22.0,638.0,249.0,167.0,70.0,80.0,76.0,9,0,Morgan Rogers,0.9819622484961626,1.539853681524785,0.898247980889458,0.2566422802541309,0.2199790973606836,0.0,28.633945839782314,21.594614724240436,1.5031904986313378,0.9899059381230763,0.07332636578689453,0.40329501182791994,11.695555343009678,4.5645662702341845,3.0613757716028465,1.2832114012706544,1.4665273157378906,1.393200949950996,0.7541613316261203,0.390282131661442,0.41916167664670656,0.5833333333333334,34.74568991581772,6.647035058581989,4.967861282062104,4.4773520819449555,2.6690797146429612,7.561239173312184,3.4387124553239903,0.15083226632522406,0.4023769343681408,0.6960619957037247,0.6861222226491555,0.7012504779975249,0.38331878849451995,0.5094646459928549,0.3287982515451708,0.26988234563044805,England,CM,0.8679245283018868,53,CM:46 | AM:7,grid_centered_v2,False,CM,0.49914837273701573,0.06721409755229744
36980,26,16,1453.0,18.0,8.0,3.0,2.0,0.0,468.0,336.0,11.0,24.0,7.0,6.0,262.0,137.0,3.0,3.0,12.0,27.0,4,0,Morten Thorsby,1.0,1.1149346180316586,0.49552649690295936,0.18582243633860976,0.12388162422573984,0.0,28.988300068823122,20.81211286992429,0.6813489332415691,1.486579490708878,0.4335856847900894,0.3716448726772195,16.22849277357192,8.485891259463179,0.18582243633860976,0.18582243633860976,0.743289745354439,1.672401927047488,0.717948717948718,0.5229007633587787,1.0,0.4444444444444444,32.356150846171495,2.0626290433585686,2.3847212663454918,3.06920547526191,3.8960770818995183,13.448950053324786,4.388188664000225,0.1435897435897436,0.3580289143711395,0.41597194006385513,0.488006515366602,0.5849690437486545,0.47815982872239743,0.9062491897434536,0.6687581683347803,0.20101047633858124,Norway,AM,0.9375,16,AM:15 | CM:1,grid_centered_v2,False,AM,0.49871728294466294,0.12243233450079485
14301,34,31,2804.0,25.0,4.0,2.0,4.0,0.0,1866.0,1597.0,19.0,46.0,20.0,45.0,222.0,134.0,13.0,8.0,24.0,35.0,11,0,Stjepan Radeljić,0.8596291012838804,0.6897879735694475,0.1103660757711116,0.0551830378855558,0.1103660757711116,0.0,51.48577434722356,44.06365575161631,0.5242388599127801,1.2692098713677835,0.5518303788555581,1.2416183524250055,6.125317205296694,3.697263538332239,0.3586897462561127,0.2207321515422232,0.6621964546266697,0.9657031629972265,0.8558413719185424,0.6036036036036037,0.6153846153846154,0.16,45.61311047403972,1.8265585540118967,1.9176105665230638,0.9159768091640026,5.374827890053136,6.9869797644759455,4.26732229780887,0.1711682743837085,0.6132674776930048,0.4014387904139287,0.45064155289428626,0.39252067001359253,0.593939667557964,0.4551906404761743,0.6276841524755018,0.521278416196947,Bosnia & Herzegovina,RB,0.7741935483870968,31,RB:24 | RCB:6 | LCB:1,grid_centered_v2,False,FB,0.4982999033510289,0.08813327995520955
3608,31,25,2058.0,6.0,2.0,0.0,0.0,0.0,855.0,755.0,4.0,37.0,9.0,17.0,156.0,63.0,5.0,4.0,5.0,37.0,3,1,Kwasi Sibo,1.0,0.26239067055393583,0.08746355685131195,0.0,0.0,0.0,37.39067055393586,33.01749271137026,0.1749271137026239,1.6180758017492711,0.3935860058309038,0.7434402332361516,6.822157434402333,2.7551020408163263,0.21865889212827988,0.1749271137026239,0.21865889212827988,1.6180758017492711,0.8830409356725146,0.40384615384615385,0.8,0.3333333333333333,39.25167936848925,0.8615160349854227,0.43731778425655976,0.7891156462585034,4.832361516034986,5.0686813186813175,4.562735672252321,0.17660818713450294,0.4899062848429097,0.3440420538386994,0.33766024773916403,0.3816194474975981,0.5519882494381916,0.2877065446889273,0.7237062266603108,0.592466123175018,Ghana,DM,0.5909090909090909,22,DM:13 | CM:8 | AM:1,grid_centered_v2,True,DM,0.4982871034069883,0.1028741482541107
163189,56,51,4688.0,30.0,18.0,5.0,1.0,0.0,2675.0,2402.0,12.0,69.0,54.0,54.0,413.0,260.0,13.0,11.0,14.0,42.0,9,0,Malick Thiaw,1.0,0.575938566552901,0.3455631399317406,0.09598976109215017,0.019197952218430035,0.0,51.35452218430034,46.113481228668945,0.23037542662116042,1.3246587030716723,1.036689419795222,1.036689419795222,7.928754266211604,4.991467576791809,0.24957337883959044,0.21117747440273038,0.2687713310580205,0.8063139931740614,0.8979439252336449,0.6295399515738499,0.8461538461538461,0.6,46.0188839670186,1.077005119453925,0.6815273037542663,2.451706484641638,5.598122866894198,8.876674462230081,4.853191522570295,0.17958878504672898,0.620825499020402,0.3565353486554066,0.3554272564393164,0.5298488521698703,0.610852879939911,0.6309447611787795,0.8015726721642396,0.6300704177823451,Germany,RB,1.0,51,RB:51,grid_centered_v2,False,FB,0.49827529375807267,0.06816087174369227
179862,41,34,2913.0,17.0,9.0,3.0,3.0,0.0,1674.0,1439.0,14.0,57.0,14.0,55.0,273.0,122.0,20.0,10.0,18.0,61.0,14,0,Marko Stamenić,0.9313422588396841,0.48917049640395355,0.2589726157432695,0.08632420524775651,0.08632420524775651,0.0,48.16890652824813,41.406843783840536,0.402846291156197,1.6401598997073736,0.402846291156197,1.5826104295422025,7.855502677545843,3.5105176800754316,0.5754947016517101,0.28774735082585506,0.517945231486539,1.7552588400377158,0.8596176821983273,0.4468864468864469,0.5,0.5294117647058824,43.972142574982236,1.7034643168890617,1.4818988567531535,2.111978833434394,6.5606395988294945,6.255384092764945,3.946995759245707,0.1719235364396655,0.5821769489793224,0.3939272393333688,0.4162746612237565,0.49912065464796745,0.6803365559170895,0.387717712487294,0.5111253669177834,0.5312815086874055,New Zealand,CM,0.5806451612903226,31,CM:18 | AM:13,grid_centered_v2,True,CM,0.49805014614518284,0.08646865335113293
18846,34,31,2889.0,0.0,0.0,0.0,2.0,0.0,973.0,756.0,25.0,49.0,8.0,54.0,231.0,119.0,46.0,20.0,15.0,27.0,4,0,Aaron Wan-Bissaka,0.9854620976116303,0.0,0.0,0.0,0.06139950763935391,0.0,29.87086046654568,23.209013887675777,0.7674938454919239,1.5042879371641709,0.24559803055741564,1.6577867062625555,7.091643132345376,3.6532707045415576,1.4121886757051398,0.6139950763935391,0.46049630729515434,0.8288933531312778,0.7769784172661871,0.5151515151515151,0.43478260869565216,0.0,34.401335332584075,3.1467247665168885,2.2564319057462563,0.0,6.293449533033776,6.660033531812726,3.6417822938939324,0.15539568345323743,0.39586722404516345,0.48421984880427893,0.4777132502699429,0.3168013406328847,0.6616852460898591,0.4246783622868526,0.3987359208644109,0.3202157760034555,Congo DR,RB,0.967741935483871,31,RB:30 | RCB:1,grid_centered_v2,False,FB,0.4978517679018456,0.08682707417602442
441269,31,28,2529.0,10.0,4.0,0.0,3.0,0.0,1704.0,1447.0,17.0,86.0,9.0,37.0,329.0,195.0,42.0,26.0,44.0,44.0,9,0,Paul Okon-Engstler,0.8620996441281139,0.3067970263801117,0.12271881055204467,0.0,0.09203910791403351,0.0,52.278213295171035,44.393529717202156,0.5215549448461898,2.6384544268689605,0.2761173237421005,1.1351489976064133,10.093622167905675,5.982542014412178,1.288547510796469,0.7976722685882903,1.3499069160724915,1.3499069160724915,0.8491784037558685,0.5927051671732523,0.6190476190476191,0.4,45.79776596641606,3.607933030230113,1.8101024556426588,0.9718063347728626,7.323245019693266,10.153674321696805,4.215499641014755,0.16983568075117372,0.6167139203273077,0.5135861921954519,0.44210477733571696,0.3973529960885463,0.7303722707654159,0.734995575822702,0.6094493153841953,0.5035921436058173,Australia,AM,0.9285714285714286,28,AM:26 | CM:2,grid_centered_v2,False,AM,0.497707291956297,0.09280139893411152
49469,29,26,2307.0,14.0,4.0,2.0,6.0,0.0,747.0,584.0,31.0,21.0,5.0,26.0,254.0,118.0,42.0,14.0,59.0,40.0,8,1,Mortadha Ben Ouanes,0.9207628955353274,0.5028874071844441,0.1436821163384126,0.0718410581692063,0.2155231745076189,0.0,26.832635226198555,20.977588985408243,1.1135364016226978,0.7543311107766661,0.17960264542301577,0.933933756199682,9.123814387489201,4.238622431983172,1.5086622215533323,0.5028874071844441,2.119311215991586,1.4368211633841261,0.7817938420348058,0.4645669291338583,0.3333333333333333,0.2857142857142857,33.846604705904895,4.32123964887776,3.9692184638486485,1.3473119996559995,3.4232264217626804,7.327772192178016,3.4071595257046337,0.15635876840696117,0.3854585973198056,0.5587483170437594,0.6132893711762365,0.43033309489731303,0.44103385242205834,0.4873537384291299,0.3184968145668311,0.33145429188280073,Tunisia,AM,0.9230769230769231,26,AM:24 | DM:2,grid_centered_v2,False,AM,0.49753837486284247,0.09716394521464689
48372,21,18,1670.0,8.0,3.0,2.0,1.0,0.0,1005.0,866.0,7.0,30.0,6.0,29.0,113.0,69.0,1.0,0.0,14.0,14.0,4,1,Eray Cömert,1.0,0.43113772455089816,0.16167664670658682,0.10778443113772454,0.05389221556886227,0.0,54.16167664670658,46.67065868263472,0.3772455089820359,1.6167664670658681,0.32335329341317365,1.5628742514970058,6.089820359281436,3.718562874251497,0.05389221556886227,0.0,0.7544910179640718,0.7544910179640718,0.8616915422885573,0.6106194690265486,0.0,0.375,46.669534066195965,1.0562874251497005,1.2395209580838322,1.8386227544910179,6.391616766467066,7.037846431031741,3.199808904183444,0.17233830845771148,0.6328218690795467,0.35532536714707774,0.39748195329584063,0.4743895712421559,0.6686002871118489,0.4599741783019665,0.25540992819998515,0.5367648102943055,Switzerland,RB,1.0,18,RB:18,grid_centered_v2,False,FB,0.49643423895563354,0.11420120913398714
1361,44,41,3676.0,27.0,14.0,1.0,0.0,0.0,1677.0,1443.0,35.0,67.0,7.0,30.0,296.0,160.0,29.0,14.0,46.0,27.0,7,0,Ferdi Kadıoğlu,1.0,0.661044613710555,0.34276387377584333,0.024483133841131665,0.0,0.0,41.0582154515778,35.329162132753,0.8569096844396084,1.6403699673558216,0.17138193688792167,0.73449401523395,7.247007616974973,3.9173014145810665,0.7100108813928183,0.34276387377584333,1.1262241566920566,0.661044613710555,0.8604651162790697,0.5405405405405406,0.4827586206896552,0.5185185185185185,41.70164422906597,2.9624591947769314,2.142274211099021,1.712771531052271,4.610174102285092,7.105843602035114,4.043926071337495,0.17209302325581396,0.5381112789230612,0.47250626231348447,0.4685694544011817,0.46303834337863115,0.5345535636049823,0.4663800633161885,0.5471311668148162,0.5335231193376768,Türkiye,LB,0.7073170731707317,41,LB:29 | RB:10 | RCB:2,grid_centered_v2,False,FB,0.4963992783035019,0.07697349147306404
2514,17,13,1195.0,11.0,4.0,1.0,3.0,0.0,581.0,468.0,35.0,15.0,0.0,7.0,61.0,28.0,5.0,0.0,11.0,9.0,2,1,Alejandro Romero,0.8512552301255231,0.7052239981793036,0.2564450902470195,0.06411127256175488,0.1923338176852646,0.0,37.24864935837958,30.00407555890128,2.2438945396614205,0.961669088426323,0.0,0.4487789079322841,3.910787626267047,1.7951156317291364,0.32055636280877436,0.0,0.7052239981793036,0.5770014530557939,0.8055077452667814,0.45901639344262296,0.0,0.36363636363636365,41.38737492226319,4.3916221704802085,6.6675723464225065,1.5991860341125936,2.62856217503195,3.8902110647486596,2.9567235495663207,0.16110154905335627,0.5319485837650719,0.563164411114386,0.7905455356209111,0.4528258884862923,0.38029414428476377,0.20537009487865285,0.19270322927552752,0.3894447840714573,Paraguay,RW,0.9333333333333333,15,RW:14 | ST:1,grid_centered_v2,False,W,0.49638771136697796,0.13500348670532233
50735,34,32,2855.0,6.0,3.0,0.0,2.0,0.0,1499.0,1311.0,21.0,51.0,15.0,30.0,208.0,119.0,7.0,6.0,15.0,38.0,7,1,Mark McKenzie,1.0,0.18914185639229422,0.09457092819614711,0.0,0.06304728546409807,0.0,47.25394045534151,41.32749562171629,0.6619964973730298,1.6077057793345009,0.47285464098073554,0.9457092819614711,6.5569176882662,3.7513134851138354,0.22066549912434327,0.18914185639229422,0.47285464098073554,1.1978984238178634,0.8745830553702468,0.5721153846153846,0.8571428571428571,0.5,44.452842583905905,1.9008756567425569,2.001751313485114,1.132399299474606,5.305429071803853,6.968185033005524,4.7369121165937305,0.17491661107404938,0.5913643101903864,0.40599658382980286,0.4573434145340932,0.4113621490107343,0.5886353548074851,0.45342521293937027,0.7725410190077063,0.5706005516401451,USA,RB,0.78125,32,RB:25 | RCB:6 | LCB:1,grid_centered_v2,False,FB,0.4954257417919097,0.08734255286603357
237220,35,32,2814.0,23.0,10.0,3.0,4.0,0.0,1140.0,786.0,47.0,73.0,9.0,34.0,267.0,138.0,34.0,17.0,22.0,45.0,6,0,Lee Tae-seok,0.8560767590618337,0.6297366351307732,0.27379853701337964,0.0821395611040139,0.10951941480535186,0.0,31.21303321952528,21.52056500925164,1.2868531239628844,1.9987293201976715,0.24641868331204167,0.9309150258454909,7.310420938257236,3.778419810784639,0.9309150258454909,0.46545751292274545,0.6023567814294352,1.2320934165602084,0.6894736842105263,0.5168539325842697,0.5,0.43478260869565216,33.8564133019753,3.7811577961547735,3.8194895913366462,1.909999658042147,5.730603379690036,6.840349532851304,3.421331994445733,0.13789473684210526,0.3856417635689788,0.5246025550357827,0.6018185342384915,0.4808399970941011,0.6207655787050658,0.44145064935064393,0.3231026882855915,0.15675841480819044,South Korea,AM,0.96875,32,AM:31 | DM:1,grid_centered_v2,False,AM,0.4949717585420185,0.0879765427158301
2700,23,9,960.0,17.0,7.0,1.0,1.0,0.0,381.0,266.0,11.0,9.0,3.0,4.0,128.0,52.0,22.0,9.0,14.0,16.0,5,0,Alireza Jahanbakhsh,0.9244166666666666,1.4732890625,0.6066484375,0.08666406249999999,0.08666406249999999,0.0,33.01900781249999,23.052640625,0.9533046874999999,0.7799765624999999,0.25999218749999997,0.34665624999999994,11.092999999999998,4.506531249999999,1.9066093749999997,0.7799765624999999,1.213296875,1.3866249999999998,0.6981627296587927,0.40625,0.4090909090909091,0.4117647058823529,34.21923113209482,4.272538281249999,2.8599140624999997,2.3661497242647056,2.3832617187499996,7.527893749999999,3.2315031901694105,0.13963254593175853,0.39243941164441043,0.5556870964225231,0.526153512442302,0.52212241837882,0.36218748400019696,0.5063068574821076,0.2645037264824823,0.16935244054948154,Iran,RW,0.5555555555555556,9,RW:5 | ST:4,grid_centered_v2,True,W,0.494818842473002,0.1506237033139207
128793,29,24,2144.0,12.0,4.0,1.0,5.0,0.0,824.0,648.0,37.0,34.0,5.0,17.0,129.0,75.0,33.0,17.0,13.0,12.0,0,0,David Jurásek,0.8707975746268655,0.43864803199487623,0.14621601066495873,0.036554002666239684,0.18277001333119844,0.0,30.120498196981504,23.686993727723316,1.3524980986508686,1.2428360906521494,0.18277001333119844,0.6214180453260747,4.71546634394492,2.7415501999679766,1.2062820879859097,0.6214180453260747,0.475202034661116,0.43864803199487623,0.7864077669902912,0.5813953488372093,0.5151515151515151,0.3333333333333333,35.919414560700694,4.2256427082173085,4.386480319948763,1.1638011029275264,3.6809880684903367,5.582356326466795,3.87716620871404,0.15728155339805827,0.42481192479801017,0.5527353793941344,0.6445661094873272,0.4141190972842791,0.4612171491801151,0.3291744567921852,0.48509290969084723,0.3424060469343997,Czech Republic,LB,0.56,25,LB:14 | RCB:10 | RB:1,grid_centered_v2,True,FB,0.49480614917224963,0.10078979159395181
348568,37,36,3196.0,7.0,1.0,1.0,0.0,0.0,1765.0,1531.0,10.0,55.0,37.0,26.0,279.0,177.0,9.0,7.0,23.0,38.0,7,0,Alessandro Circati,1.0,0.19712140175219023,0.02816020025031289,0.02816020025031289,0.0,0.0,49.70275344180225,43.113266583229034,0.2816020025031289,1.5488110137672089,1.041927409261577,0.7321652065081351,7.856695869837297,4.984355444305382,0.253441802252816,0.19712140175219023,0.6476846057571964,1.0700876095118899,0.8674220963172804,0.6344086021505376,0.7777777777777778,0.14285714285714285,44.61499546174928,1.3235294117647058,0.7040050062578223,0.5504201680672268,5.398310387984981,8.881323428479147,4.604133769209745,0.1734844192634561,0.5944494479337888,0.3710703025619943,0.35708369380234073,0.36143538874850223,0.5957296036639432,0.6313548284573505,0.7358809742014717,0.5518663051087755,Australia,RB,0.8611111111111112,36,RB:31 | RCB:5,grid_centered_v2,False,FB,0.4946258390199584,0.0825516108902529
20850,36,32,2688.0,8.0,1.0,0.0,4.0,0.0,1399.0,1206.0,22.0,47.0,4.0,39.0,199.0,102.0,10.0,4.0,22.0,47.0,9,0,Carlens Arcus,0.9784598214285714,0.2620874521683673,0.032760931521045915,0.0,0.13104372608418366,0.0,45.83254319794323,39.50968341438137,0.7207404934630101,1.539763781489158,0.13104372608418366,1.2776763293207907,6.519425372688137,3.341615015146683,0.32760931521045916,0.13104372608418366,0.7207404934630101,1.539763781489158,0.8620443173695497,0.5125628140703518,0.4,0.125,43.61723336023922,1.9853124501753823,2.5225917271205356,0.29586530412946427,5.471075564014668,6.215949463416411,3.8189991339024325,0.17240886347390993,0.5753565912263521,0.4111946899493487,0.499079625760472,0.3404378733798977,0.6012597301583971,0.3841767173801472,0.46346383149280657,0.5376967028383444,Haiti,RB,1.0,35,RB:35,grid_centered_v2,False,FB,0.49459491331151395,0.09001487972234685
388570,43,16,1718.0,33.0,20.0,6.0,1.0,0.0,241.0,165.0,18.0,11.0,3.0,2.0,229.0,76.0,30.0,11.0,23.0,46.0,3,0,Deniz Gül,0.9176775320139697,1.5864390396283412,0.9614782058353583,0.2884434617506075,0.04807391029176791,0.0,11.585812380316067,7.932195198141705,0.8653303852518225,0.5288130132094471,0.14422173087530374,0.09614782058353583,11.008925456814852,3.6536171821743615,1.4422173087530374,0.5288130132094471,1.1056999367106621,2.2113998734213243,0.6846473029045643,0.3318777292576419,0.36666666666666664,0.6060606060606061,24.060458914259982,3.4324771948322295,2.4277324697342797,4.865738394295573,1.3028029689069105,6.110697242817031,3.012104661995325,0.13692946058091288,0.2248107216002096,0.502414517091045,0.4914602210117233,0.7298653512947375,0.2874902262110037,0.37478649145843174,0.20588085976417464,0.1500983920503715,Türkiye,RW,0.9411764705882353,17,RW:16 | ST:1,grid_centered_v2,False,W,0.4931041374159379,0.11259454699926516
33889,51,49,4433.0,25.0,9.0,3.0,4.0,0.0,1912.0,1558.0,35.0,76.0,18.0,95.0,415.0,252.0,60.0,37.0,46.0,22.0,2,0,Kaishu Sano,0.9687344913151364,0.49168793265487415,0.1770076557557547,0.0590025519185849,0.07867006922477987,0.0,37.604293089444774,30.64199196305176,0.6883631057168238,1.4947313152708175,0.3540153115115094,1.8684141440885218,8.16201968207091,4.956214361161131,1.180051038371698,0.7276981403292138,0.9047057960849685,0.43268538073628926,0.8148535564853556,0.6072289156626506,0.6166666666666667,0.36,38.66999701381769,3.5106518391558015,2.1535931450283488,1.4398311334067357,6.816761498327176,8.760386852613536,4.1702641835049015,0.16297071129707114,0.4784552917108269,0.5073930378638389,0.4694752365867064,0.43856688530622906,0.6976904282245991,0.6206272559884028,0.5932764363622468,0.4132989448407083,Japan,AM,0.6122448979591837,49,AM:30 | CM:12 | DM:7,grid_centered_v2,False,AM,0.4929688757567625,0.07009387537270477
76867,27,24,2210.0,1.0,1.0,0.0,1.0,0.0,1009.0,873.0,6.0,26.0,9.0,21.0,144.0,80.0,12.0,9.0,27.0,13.0,4,0,Nihad Mujakić,0.92,0.03746606334841628,0.03746606334841628,0.0,0.03746606334841628,0.0,37.803257918552035,32.70787330316742,0.22479638009049774,0.9741176470588235,0.3371945701357466,0.7867873303167421,5.395113122171946,2.997285067873303,0.4495927601809955,0.3371945701357466,1.0115837104072398,0.48705882352941177,0.865213082259663,0.5555555555555556,0.75,1.0,39.09138588002099,1.7534117647058824,0.7680542986425339,2.052452488687783,3.697900452488688,5.862865761689291,4.56150330424869,0.1730426164519326,0.48674918019147806,0.39696934691443037,0.361822307460627,0.4937306275186421,0.4625466185528255,0.3530548138752458,0.7233385275490953,0.5460547584314568,Bosnia & Herzegovina,RCB,0.7916666666666666,24,RCB:19 | RB:5,grid_centered_v2,False,CB,0.49265661274318817,0.09927337820337083
6934,23,23,2044.0,15.0,4.0,2.0,1.0,0.0,1286.0,1039.0,21.0,59.0,8.0,30.0,224.0,137.0,27.0,15.0,33.0,24.0,8,0,Alex Rufer,0.8500000000000001,0.5613992172211351,0.14970645792563603,0.07485322896281801,0.03742661448140901,0.0,48.13062622309198,38.88625244618396,0.785958904109589,2.2081702544031314,0.29941291585127205,1.1227984344422701,8.383561643835618,5.127446183953034,1.0105185909980432,0.5613992172211351,1.2350782778864973,0.898238747553816,0.8079315707620529,0.6116071428571429,0.5555555555555556,0.26666666666666666,43.42898887766189,3.435763209393347,2.170743639921722,1.341748206131768,6.549657534246576,9.013246086105676,4.000544255005737,0.1615863141524106,0.5717272071491014,0.5026238021515921,0.4708480627975395,0.4298391212815992,0.6795807023251706,0.6429102496202961,0.5310548553371817,0.3955856430965015,New Zealand,AM,0.9565217391304348,23,AM:22 | CM:1,grid_centered_v2,False,AM,0.492639236387936,0.10322585576982597
99211,28,26,2332.0,17.0,10.0,1.0,1.0,0.0,1583.0,1374.0,12.0,42.0,20.0,35.0,227.0,130.0,3.0,3.0,14.0,37.0,5,0,Jin-seob Park,0.8524442538593482,0.5592794632953699,0.32898791958551177,0.03289879195855117,0.03289879195855117,0.0,52.078787670386504,45.20294015104931,0.39478550350261404,1.3817492622591492,0.6579758391710235,1.1514577185492911,7.4680257745911165,4.276842954611652,0.09869637587565351,0.09869637587565351,0.46058308741971643,1.2172553024663935,0.8679722046746684,0.5726872246696035,1.0,0.5882352941176471,45.924330575545866,1.1876463897036973,1.1679071145285664,1.90024401132342,5.513837532253177,7.7056418104651225,4.96959718203187,0.1735944409349337,0.6190694108205804,0.3630278963327357,0.39198413230468016,0.47995794110925233,0.6044977101704511,0.5231275390955363,0.827752036551577,0.5533114106068813,South Korea,AM,0.59375,32,AM:19 | DM:7 | CM:6,grid_centered_v2,True,AM,0.49260560222713334,0.09664172308847475
158698,46,42,3829.0,23.0,12.0,5.0,0.0,0.0,2568.0,2294.0,16.0,38.0,22.0,43.0,271.0,163.0,46.0,24.0,30.0,23.0,10,1,Jarell Quansah,1.0,0.5406111256202664,0.28205797858448683,0.11752415774353617,0.0,0.0,60.360407417080175,53.9200835727344,0.3760773047793157,0.893183598850875,0.5171062940715592,1.0107077565944111,6.36980934969966,3.8312875424392794,1.0812222512405327,0.5641159571689737,0.7051449464612171,0.5406111256202664,0.8933021806853583,0.6014760147601476,0.5217391304347826,0.5217391304347826,50.24689246437867,2.439801514755811,0.9401932619482893,2.378552692836136,4.197962914599112,7.168230603695433,4.2630295830358,0.17866043613707167,0.6955787687066811,0.43948784253809847,0.37468954295178647,0.5232432461397365,0.5020156671400132,0.4722672452415742,0.6261866115722956,0.6185029441106781,England,RB,0.9761904761904762,42,RB:41 | RCB:1,grid_centered_v2,False,FB,0.49226575311381504,0.075419952497911
210165,33,33,2923.0,7.0,3.0,1.0,1.0,0.0,1661.0,1520.0,10.0,49.0,65.0,49.0,200.0,124.0,2.0,1.0,15.0,19.0,2,0,Finn Surman,0.9273896681491619,0.1998821385336887,0.08566377365729516,0.028554591219098386,0.028554591219098386,0.0,47.42917601492242,43.40297865302954,0.28554591219098385,1.399174969735821,1.856048429241395,1.399174969735821,5.710918243819677,3.5407693111681997,0.05710918243819677,0.028554591219098386,0.4283188682864758,0.5425372331628694,0.9151113786875377,0.62,0.5,0.42857142857142855,44.7920054982855,0.7995285541347549,0.8709150321825008,1.2055088700158574,7.3585181571616545,6.81707703563548,4.307486846753353,0.18302227573750754,0.5978087580283822,0.34048693633624283,0.3694885656499581,0.4177891747258527,0.7325635561155412,0.4392775678736811,0.6415740029246683,0.6714893493717722,New Zealand,RB,1.0,35,RB:35,grid_centered_v2,False,FB,0.4921127022839837,0.08632061582884763
46731,25,18,1492.0,11.0,1.0,1.0,1.0,0.0,766.0,667.0,19.0,24.0,0.0,12.0,119.0,52.0,10.0,5.0,9.0,24.0,6,1,Pervis Estupiñán,0.9824061662198391,0.6518646813389012,0.059260425576263744,0.059260425576263744,0.059260425576263744,0.0,45.39348599141803,39.52670385936792,1.1259480859490114,1.42225021383033,0.0,0.711125106915165,7.051990643575387,3.081542129965715,0.5926042557626375,0.29630212788131877,0.5333438301863737,1.42225021383033,0.8707571801566579,0.4369747899159664,0.5,0.09090909090909091,44.447894371952586,3.034133789504704,3.1408025555419794,0.7388661822350611,3.982300598724924,5.6250833516998995,4.008660029408262,0.1741514360313316,0.5912700504048062,0.47705966337648587,0.5485879260265387,0.37733357578051263,0.48496804533075805,0.33275911577293144,0.534068299316455,0.5606130831045837,Ecuador,LB,1.0,18,LB:18,grid_centered_v2,False,FB,0.4920303876840353,0.12082158427980506
1290,46,37,3574.0,10.0,3.0,1.0,6.0,0.0,1631.0,1402.0,26.0,55.0,13.0,46.0,291.0,177.0,36.0,19.0,42.0,23.0,7,0,Guillermo Varela,0.9121180749860103,0.22968837926340496,0.06890651377902149,0.022968837926340496,0.13781302755804298,0.0,37.462174657861354,32.202310772729376,0.5971897860848528,1.2632860859487274,0.2985948930424264,1.0565665446116628,6.683931836565084,4.065484312962268,0.8268781653482578,0.4364079206004694,0.9646911929063008,0.5282832723058314,0.8595953402820355,0.6082474226804123,0.5277777777777778,0.3,39.54224167525821,2.6483070129070594,2.2509461167813685,0.880219822701354,4.715502426277704,7.516420306188412,4.159619998274823,0.1719190680564071,0.4956310142008464,0.4526124097567707,0.4772734587910228,0.3894366806241788,0.5428316815246015,0.5052202011807764,0.5894398621471357,0.5312223929458723,Uruguay,RB,0.9473684210526315,38,RB:36 | RCB:2,grid_centered_v2,False,FB,0.4920080779711533,0.07806415509781671
13571,51,50,4500.0,29.0,7.0,0.0,2.0,0.0,2746.0,2431.0,24.0,76.0,32.0,58.0,357.0,219.0,19.0,15.0,39.0,67.0,16,0,Willer Ditta,0.9081,0.526698,0.12713400000000002,0.0,0.036324,0.0,49.872852,44.151821999999996,0.435888,1.380312,0.581184,1.053396,6.483834,3.977478,0.345078,0.27243,0.708318,1.216854,0.8852876911871813,0.6134453781512605,0.7894736842105263,0.2413793103448276,45.44675167967953,1.8198324000000001,1.2895020000000001,0.6607462206896553,5.230656,7.408805334453781,4.667589381994586,0.17705753823743628,0.6101527722126912,0.4010271092199433,0.40133449780543895,0.3707087060540821,0.5828971668974188,0.495026922031318,0.753861871552141,0.598217178970639,Colombia,RB,0.9411764705882353,51,RB:48 | RCB:3,grid_centered_v2,False,FB,0.4918964449866642,0.06957010852370434
328148,14,13,1084.0,5.0,1.0,0.0,0.0,0.0,369.0,277.0,2.0,29.0,9.0,18.0,152.0,91.0,9.0,6.0,8.0,22.0,4,0,Edgardo Fariña,0.85,0.35285977859778594,0.0705719557195572,0.0,0.0,0.0,26.041051660516604,19.548431734317344,0.1411439114391144,2.046586715867159,0.6351476014760147,1.2702952029520294,10.726937269372694,6.422047970479705,0.6351476014760147,0.4234317343173432,0.5645756457564576,1.5525830258302584,0.7506775067750677,0.5986842105263158,0.6666666666666666,0.2,30.767698739487397,1.5949261992619927,0.352859778597786,0.4988007380073801,6.923108856088561,10.786919790250533,3.9426383158568434,0.15013550135501355,0.32978859681285944,0.3873451574924851,0.3316177782348311,0.3571313069180231,0.7047371596208225,0.779034726700832,0.5095012143328028,0.2626507616865398,Panama,RB,1.0,13,RB:13,grid_centered_v2,False,FB,0.49161682846117755,0.14174713726389407
158121,44,30,2648.0,6.0,0.0,0.0,2.0,0.0,1151.0,946.0,23.0,57.0,6.0,27.0,224.0,121.0,21.0,11.0,19.0,31.0,4,0,Ismail Jakobs,0.9529305135951662,0.1943287301138179,0.0,0.0,0.06477624337127263,0.0,37.2787280601674,30.639163114611957,0.7449267987696352,1.8461229360812699,0.1943287301138179,0.8744792855121805,7.254939257582535,3.9189627239619944,0.6801505553983627,0.3562693385419995,0.61537431202709,1.0040317722547256,0.8218940052128584,0.5401785714285714,0.5238095238095238,0.0,38.812631354936066,2.539228740153887,2.2185863354660875,0.0,5.2857414590958465,7.107083527832506,3.9552350478931984,0.1643788010425717,0.481261558264023,0.4457369779271618,0.47467993953673865,0.3168013406328847,0.5871267692559629,0.46649698386718386,0.5141957324159726,0.43154825187165075,Senegal,LB,1.0,30,LB:30,grid_centered_v2,False,FB,0.49135329040146,0.0906922021383366
44324,50,25,2637.0,23.0,15.0,9.0,1.0,0.0,505.0,353.0,24.0,47.0,6.0,12.0,316.0,166.0,26.0,8.0,36.0,37.0,2,0,Firas Al-Buraikan,0.908601801801802,0.7132369092642131,0.4651545060418781,0.2790927036251269,0.031010300402791877,0.0,15.660201703409896,10.946636042185531,0.744247209667005,1.457484118931218,0.18606180241675124,0.3721236048335025,9.799254927282233,5.147709866863451,0.8062678104725888,0.24808240322233502,1.1163708145005076,1.1473811149032993,0.699009900990099,0.5253164556962026,0.3076923076923077,0.6521739130434783,26.01083271062094,2.5180363927067004,2.031174676382868,4.188305763546602,3.572386606401624,8.78274318069744,3.1187169003977173,0.1398019801980198,0.2527294748218397,0.4444035021508432,0.45969077808964603,0.6788653538746174,0.4526940149306252,0.6226196150100299,0.23309488702134815,0.1706224700206811,Saudi Arabia,RW,0.4074074074074074,27,RW:11 | ST:9 | LW:7,grid_centered_v2,True,W,0.4913039104209712,0.09088116232492303
5,51,46,4307.0,24.0,9.0,2.0,0.0,0.0,3290.0,3032.0,15.0,72.0,19.0,53.0,293.0,169.0,4.0,3.0,26.0,34.0,5,0,Manuel Akanji,1.0,0.5015091711167866,0.188065939168795,0.04179243092639889,0.0,0.0,68.74854887392617,63.35732528442071,0.3134432319479917,1.50452751335036,0.3970280938007894,1.1074994195495704,6.122591130717437,3.5314604132807057,0.08358486185279777,0.06268864638959833,0.5433016020431856,0.710471325748781,0.921580547112462,0.5767918088737202,0.75,0.375,54.60324713497431,0.9925702345019736,0.7836080798699792,1.347631762247504,5.359879266310657,6.674420005214149,4.749410932383202,0.1843161094224924,0.7630957230655754,0.3516157001521638,0.36297714437205625,0.43036148879574365,0.5927989149899504,0.4260107135602483,0.7758002881811248,0.6864696803082754,Switzerland,RB,0.8333333333333334,48,RB:40 | LCB:7 | RCB:1,grid_centered_v2,False,FB,0.49120277337760343,0.07111177217658315
622,37,35,3063.0,14.0,6.0,0.0,2.0,0.0,2048.0,1853.0,10.0,38.0,17.0,40.0,222.0,144.0,4.0,3.0,17.0,15.0,6,0,Aymeric Laporte,1.0,0.4113614103819785,0.1762977473065622,0.0,0.058765915768854066,0.0,60.17629774730656,54.446620959843294,0.29382957884427036,1.1165523996082274,0.4995102840352596,1.1753183153770814,6.523016650342802,4.2311459353574925,0.11753183153770813,0.0881488736532811,0.4995102840352596,0.4407443682664055,0.90478515625,0.6486486486486487,0.75,0.42857142857142855,50.28662205022649,0.9990205680705193,1.0577864838393733,1.103959703372044,4.909892262487758,7.869550255446436,4.740947956873146,0.18095703125,0.6962415042925466,0.35199043881641134,0.38358375524160426,0.4088700582053192,0.5580442151710787,0.5385930671282702,0.7735970718111375,0.6468472063024117,Spain,RB,0.8,35,RB:28 | LCB:7,grid_centered_v2,False,FB,0.4910986263203375,0.08432482320189792
2977,38,29,2314.0,9.0,2.0,0.0,1.0,0.0,2339.0,2174.0,13.0,55.0,5.0,18.0,248.0,137.0,23.0,11.0,46.0,43.0,10,0,Aníbal Godoy,0.9006309420916164,0.3152597506889409,0.07005772237532021,0.0,0.035028861187660104,0.0,81.93250631793698,76.15274422197307,0.4553751954395813,1.9265873653213057,0.1751443059383005,0.6305195013778818,8.687157574539704,4.798953982709434,0.8056638073161823,0.3853174730642611,1.6113276146323645,1.5062410310693843,0.9294570329200513,0.5524193548387096,0.4782608695652174,0.2222222222222222,61.01680405695209,2.5886328417680815,1.331096725131084,0.5425252557698927,4.921554996866244,8.375793640309336,4.214437639887503,0.18589140658401027,0.842279102248135,0.44884861058120257,0.404549965811671,0.360775639950147,0.5589537505130743,0.5857666110709784,0.6090722163280714,0.7041953025162052,Panama,AM,0.7878787878787878,33,AM:26 | CM:6 | DM:1,grid_centered_v2,False,AM,0.49094583910973527,0.09701687028624603
22002,37,37,3290.0,18.0,6.0,0.0,1.0,0.0,1560.0,1269.0,29.0,48.0,11.0,27.0,322.0,169.0,122.0,59.0,29.0,26.0,5,0,Ghislain Konan,0.9265410334346508,0.45622993135687967,0.15207664378562658,0.0,0.02534610729760443,0.0,39.5399273842629,32.16421016066002,0.7350371116305284,1.2166131502850126,0.2788071802736487,0.6843448970353195,8.161446549828625,4.283492133295148,3.0922250903077404,1.4954203305586613,0.7350371116305284,0.6589987897377151,0.8134615384615385,0.5248447204968945,0.48360655737704916,0.3333333333333333,39.599580007717826,5.429136183146869,1.9769963692131456,0.8795739679665439,3.865281362884675,7.571423148103891,3.8748251729138135,0.1626923076923077,0.49676089081470926,0.6267588130889596,0.4553699540789533,0.38938105699688574,0.47573002963305894,0.5104289224498251,0.48422078402407337,0.4097171206906013,Ivory Coast,RCB,0.8108108108108109,37,RCB:30 | LB:7,grid_centered_v2,False,CB,0.4907296931754164,0.08136375599905375
30497,31,30,2569.0,23.0,9.0,4.0,3.0,0.0,1531.0,1370.0,9.0,33.0,14.0,39.0,229.0,125.0,8.0,2.0,11.0,32.0,5,0,Bremer,1.0,0.8057609964966913,0.31529778123783575,0.1401323472168159,0.10509926041261192,0.0,53.635655897236276,47.99532892175944,0.31529778123783575,1.156091864538731,0.4904632152588556,1.3662903853639548,8.02257687816271,4.379135850525496,0.2802646944336318,0.07006617360840794,0.3853639548462437,1.1210587777345271,0.8948399738732854,0.5458515283842795,0.25,0.391304347826087,47.13764006306413,0.9353834176722462,1.3662903853639548,2.345084367119671,5.353055663682366,7.768344775888533,3.7105958176914484,0.17896799477465708,0.6413528988100244,0.34830140706084356,0.40727702727954457,0.5202182859000598,0.5922778617512431,0.5290507229388868,0.42357967286528714,0.6223508448114325,Brazil,RB,0.9333333333333333,30,RB:28 | RCB:2,grid_centered_v2,False,FB,0.4906460114698763,0.09207609356731726
190747,28,19,1847.0,7.0,3.0,1.0,1.0,0.0,682.0,556.0,14.0,45.0,3.0,19.0,183.0,92.0,24.0,11.0,22.0,22.0,4,0,Martin Expérience,0.8865457498646454,0.3023951393690994,0.12959791687247119,0.04319930562415706,0.04319930562415706,0.0,29.461926435675114,24.018813927031324,0.6047902787381988,1.9439687530870675,0.12959791687247119,0.8207868068589842,7.905472929220743,3.9743361174224496,1.0367833349797695,0.4751923618657276,0.9503847237314552,0.9503847237314552,0.8152492668621701,0.5027322404371585,0.4583333333333333,0.42857142857142855,34.84867912508446,2.7517957682588046,1.7495718777783607,1.3841743857575732,5.283275077834409,7.072267285702904,3.8034345522939423,0.16304985337243405,0.4043306680752087,0.4591523245334863,0.43731297588009693,0.43360932971585875,0.5869376640248144,0.46321538342185115,0.4576961023178397,0.414318848199031,Haiti,RCB,0.6818181818181818,22,RCB:15 | LB:7,grid_centered_v2,False,CB,0.4899852424237654,0.10859141443806183
202381,39,26,2386.0,6.0,4.0,2.0,2.0,0.0,1310.0,1178.0,7.0,48.0,4.0,40.0,167.0,102.0,31.0,16.0,21.0,15.0,0,0,Moteb Al-Harbi,0.9159136630343673,0.20728976447550643,0.13819317631700426,0.06909658815850213,0.06909658815850213,0.0,45.2582652438189,40.69789042535776,0.24183805855475748,1.6583181158040514,0.13819317631700426,1.3819317631700427,5.769565111234929,3.523925996083609,1.0709971164567833,0.552772705268017,0.7255141756642725,0.518224411188766,0.899236641221374,0.6107784431137725,0.5161290322580645,0.6666666666666666,43.33081150736238,2.179997356400742,0.9846263812586554,2.0795764854451564,5.9008486287360835,6.76583172385837,4.279213926689733,0.17984732824427482,0.5698312392079263,0.42325390361427223,0.3780406860650359,0.4961865620969756,0.6333564706655025,0.43450082337162493,0.6318197710888284,0.6332661615723447,Saudi Arabia,LB,0.5,28,LB:14 | RB:13 | LCB:1,grid_centered_v2,True,FB,0.48929657837956747,0.09554186576573813
1159,38,31,2709.0,22.0,9.0,2.0,4.0,0.0,1211.0,1023.0,27.0,46.0,6.0,30.0,173.0,92.0,12.0,5.0,26.0,24.0,4,0,Marcel Sabitzer,1.0,0.7308970099667774,0.2990033222591362,0.06644518272425248,0.13289036544850497,0.0,40.23255813953488,33.986710963455145,0.8970099667774086,1.5282392026578073,0.19933554817275748,0.9966777408637874,5.74750830564784,3.0564784053156147,0.39867109634551495,0.16611295681063123,0.8637873754152824,0.7973421926910299,0.8447563996696945,0.5317919075144508,0.4166666666666667,0.4090909090909091,41.01758108808787,2.4617940199335546,2.973421926910299,1.7683479311386288,4.9634551495016614,5.874445489985213,3.8555767864344284,0.1689512799339389,0.524684714409627,0.4408685208598909,0.5352372067688047,0.46804707033771764,0.5622180900730472,0.3540575892607994,0.4770541481726062,0.4918466073805197,Austria,CM,0.6363636363636364,33,CM:21 | AM:11 | DM:1,grid_centered_v2,False,CM,0.48923132504596,0.08966530605331448
863,39,36,3006.0,21.0,4.0,1.0,1.0,0.0,1625.0,1402.0,17.0,86.0,10.0,52.0,329.0,188.0,43.0,30.0,19.0,33.0,9,0,Rodrigo Bentancur,0.9861776447105788,0.6200518125425796,0.11810510715096752,0.02952627678774188,0.02952627678774188,0.0,47.98019978008056,41.395840056414116,0.501946705391612,2.539259803745802,0.29526276787741884,1.5353663929625778,9.714145063167079,5.550940036095474,1.269629901872901,0.8857883036322565,0.5609992589670958,0.974367133995482,0.8627692307692307,0.5714285714285714,0.6976744186046512,0.19047619047619047,44.16421408105025,3.398474458269091,1.4172612858116103,0.7825097452656705,7.96618947733276,9.485601764819377,4.42612831903247,0.17255384615384617,0.5858551319432499,0.5002488590291013,0.4112367328325957,0.38105494833242404,0.7684998000594058,0.6828694365834695,0.6811719856544374,0.539610804383573,Uruguay,AM,0.5833333333333334,36,AM:21 | CM:14 | DM:1,grid_centered_v2,True,AM,0.4889132355712826,0.08512055557875506
2724,49,36,3205.0,11.0,7.0,0.0,7.0,0.0,1320.0,1093.0,37.0,56.0,5.0,22.0,247.0,134.0,19.0,7.0,19.0,38.0,6,0,Lucas Digne,0.9796068642745711,0.3025930719600079,0.19255922761091412,0.0,0.19255922761091412,0.0,36.31116863520094,30.066747968389876,1.0178130602291173,1.540473820887313,0.13754230543636722,0.6051861439200158,6.7945898885565414,3.6861337856946417,0.5226607606581954,0.19255922761091412,0.5226607606581954,1.045321521316391,0.828030303030303,0.5425101214574899,0.3684210526315789,0.6363636363636364,39.07640958205623,2.5747919577687943,3.6036084024328208,1.5423101913825525,4.134521701417198,6.788117664344968,3.6946422822205873,0.16560606060606062,0.4864542604903889,0.4479764516924108,0.5850840256344231,0.44772652988968253,0.49699949245635544,0.43657672854142726,0.4177805526452437,0.44760879508893475,France,LB,0.9722222222222222,36,LB:35 | RCB:1,grid_centered_v2,False,FB,0.4887709283125392,0.08243562230779247
237218,41,32,3126.0,11.0,2.0,0.0,1.0,0.0,2032.0,1728.0,13.0,50.0,26.0,40.0,341.0,200.0,7.0,5.0,16.0,47.0,4,0,Han-Beom Lee,0.8743538067818298,0.27690667585221096,0.050346668336765626,0.0,0.025173334168382813,0.0,51.15221503015388,43.4995214429655,0.3272533441889766,1.2586667084191407,0.6545066883779532,1.0069333667353126,8.58410695141854,5.034666833676563,0.1762133391786797,0.12586667084191408,0.402773346694125,1.1831467059139924,0.8503937007874016,0.5865102639296188,0.7142857142857143,0.18181818181818182,44.93284597163224,1.1051093699920056,0.956586698398547,0.4341216993078355,4.999424165840828,8.808064358936043,4.402044607568919,0.17007874015748034,0.6004751122797841,0.3581796580743081,0.37592455621839077,0.3517707379479881,0.5650160690745657,0.6248712001663095,0.6733202512990377,0.50682001751547,South Korea,RB,1.0,32,RB:32,grid_centered_v2,False,FB,0.4878277478101656,0.08347077597254463
180937,26,26,2227.0,21.0,10.0,5.0,1.0,0.0,1460.0,1261.0,7.0,39.0,14.0,25.0,262.0,169.0,1.0,0.0,14.0,35.0,5,0,Henrik Sælebakke Falchener,0.8544454422990571,0.7251467830917009,0.345307991948429,0.1726539959742145,0.0345307991948429,0.0,50.41496682447063,43.543337784696895,0.2417155943639003,1.346701168598873,0.4834311887278006,0.8632699798710726,9.04706938904884,5.83570506392845,0.0345307991948429,0.0,0.4834311887278006,1.2085779718195016,0.8636986301369863,0.6450381679389313,0.0,0.47619047619047616,44.76263201316424,0.6768036642189209,0.7942083814813867,2.8170441089024685,4.682376370820697,10.105101593316622,3.1842742349094646,0.1727397260273973,0.5972519316415739,0.3335013883044893,0.36376510302962467,0.562636430558246,0.5402305205926999,0.7313954586184512,0.2510284201758763,0.5420631262365504,Norway,RB,0.967741935483871,31,RB:30 | RCB:1,grid_centered_v2,False,FB,0.48760953370304994,0.09889374630342133
6865,22,16,1340.0,30.0,12.0,4.0,1.0,0.0,369.0,278.0,13.0,11.0,1.0,3.0,118.0,44.0,23.0,10.0,9.0,9.0,1,0,Kosta Barbarouses,0.8499999999999999,1.7126865671641787,0.6850746268656716,0.22835820895522385,0.05708955223880596,0.0,21.066044776119398,15.870895522388059,0.7421641791044775,0.6279850746268656,0.05708955223880596,0.1712686567164179,6.736567164179103,2.5119402985074624,1.313059701492537,0.5708955223880595,0.5138059701492537,0.5138059701492537,0.7533875338753387,0.3728813559322034,0.43478260869565216,0.4,29.798736854346153,3.020037313432835,2.1694029850746266,3.585970149253731,1.5357089552238805,4.635360485707057,3.5275131289768002,0.15067750677506775,0.3131311927846419,0.47616380590522955,0.4707407327572098,0.6295732446070462,0.3028121240483018,0.25526407760614145,0.35866249542311057,0.2682653302494838,New Zealand,ST,0.5,16,ST:8 | RW:8,grid_centered_v2,True,ST,0.4868010555949339,0.1274901225322322
306940,39,24,2164.0,31.0,14.0,1.0,3.0,0.0,1197.0,983.0,22.0,29.0,3.0,27.0,178.0,93.0,7.0,2.0,40.0,30.0,6,0,Yaimar Medina,0.9216635859519409,1.1882816103539349,0.5366433079017771,0.03833166485012693,0.11499499455038079,0.0,45.88300282560194,37.68002654767477,0.8432966267027925,1.111618280653681,0.11499499455038079,1.0349549509534273,6.823036343322594,3.5648448310618046,0.26832165395088853,0.07666332970025386,1.5332665940050771,1.149949945503808,0.8212197159565581,0.5224719101123596,0.2857142857142857,0.45161290322580644,42.86443742384041,2.4762255493181997,2.740714036784076,1.9611797563151163,4.1973173010888996,6.558198493823605,3.5055474885383067,0.16424394319131164,0.5607976961828278,0.4417750235509873,0.5165957285739173,0.4854692712391649,0.5019646200528431,0.4152796080115261,0.3511616253030587,0.4297915537989659,Ecuador,LB,0.7083333333333334,24,LB:17 | RCB:7,grid_centered_v2,False,FB,0.4861991845837298,0.10032295355122947
309763,33,23,2137.0,15.0,5.0,2.0,0.0,0.0,735.0,572.0,11.0,55.0,13.0,47.0,252.0,114.0,41.0,16.0,13.0,35.0,7,1,Livano Comenencia,0.8664950865699579,0.547388098675453,0.18246269955848435,0.07298507982339375,0.0,0.0,26.8220168350972,20.87373282949061,0.40141793902866557,2.007089695143328,0.4744030188520593,1.715149375849753,9.196120057747612,4.160149549933443,1.4961941363795717,0.58388063858715,0.4744030188520593,1.2772388969093904,0.7782312925170068,0.4523809523809524,0.3902439024390244,0.3333333333333333,32.32852576677624,2.4194553961455028,1.003544847571664,1.5059950846356949,7.5649035236947615,7.181352227049677,3.5050218173993977,0.15564625850340139,0.3575285642995334,0.4382113565020767,0.3794710804654525,0.44447627299783504,0.745156141519779,0.4735065117548842,0.3509829982345583,0.32312045786462096,Curaçao,RB,0.5416666666666666,24,RB:13 | RCB:11,grid_centered_v2,True,FB,0.4855843786583141,0.10095473116452561
41608,15,15,1380.0,10.0,2.0,0.0,0.0,0.0,693.0,557.0,7.0,25.0,14.0,13.0,142.0,94.0,7.0,4.0,7.0,9.0,3,0,Diney Borges,0.8923913043478261,0.5819943289224953,0.11639886578449905,0.0,0.0,0.0,40.33220699432892,32.417084120982985,0.40739603024574667,1.4549858223062382,0.8147920604914933,0.7565926275992438,8.264319470699432,5.470746691871455,0.40739603024574667,0.2327977315689981,0.40739603024574667,0.5237948960302456,0.8037518037518038,0.6619718309859155,0.5714285714285714,0.2,39.0580803017346,1.5190051984877126,1.0184900756143667,0.5629584120982987,5.028431001890359,9.644960861577783,4.0645878824146875,0.16075036075036075,0.4860933252753468,0.38276524798817785,0.38060254895567147,0.3624842378411167,0.567269465452139,0.695798569209328,0.5547556051648858,0.38501771666483836,Cape Verde Islands,RB,0.7333333333333333,15,RB:11 | LCB:4,grid_centered_v2,False,FB,0.48539060888704955,0.12562885295843537
336659,36,19,1909.0,24.0,12.0,4.0,2.0,0.0,501.0,410.0,16.0,14.0,2.0,4.0,111.0,40.0,45.0,20.0,4.0,5.0,0,0,Chemsdine Talbi,0.9993294918805657,1.1307237833745531,0.5653618916872766,0.18845396389575886,0.09422698194787943,0.0,23.603858977943794,19.316531299315283,0.7538158555830354,0.6595888736351561,0.09422698194787943,0.18845396389575886,5.229597498107308,1.8845396389575886,2.1201070938272872,0.9422698194787943,0.18845396389575886,0.23556745486969857,0.8183632734530938,0.36036036036036034,0.4444444444444444,0.5,32.58845008756813,3.806770070694329,2.4027880396709254,3.299138359528258,1.667817580477466,3.719436575621705,3.789570204840396,0.16367265469061876,0.3622485112804101,0.5262296162990281,0.48945711733446495,0.6050355088452878,0.31170513398165617,0.19501172932329477,0.4525679087856065,0.4223698774244449,Morocco,RW,0.42105263157894735,19,RW:8 | LW:7 | ST:4,grid_centered_v2,True,W,0.4850504524083887,0.10681345757791272
20457,53,52,4666.0,17.0,6.0,2.0,0.0,0.0,3536.0,2883.0,12.0,44.0,55.0,62.0,402.0,268.0,2.0,1.0,27.0,17.0,8,0,Cameron Burgess,0.9290184312044578,0.30462884692302195,0.1075160636198901,0.03583868787329671,0.0,0.0,63.362800159988566,51.6614685693572,0.2150321272397802,0.7884511332125275,0.9855639165156593,1.1109993240721978,7.203576262532637,4.802384175021758,0.03583868787329671,0.017919343936648353,0.48382228628950547,0.30462884692302195,0.8153280542986425,0.6666666666666666,0.5,0.35294117647058826,49.32652568394048,0.673767332017978,0.5375803180994505,1.1431143449953964,4.72533099609417,8.72333784503046,3.995944548958074,0.1630656108597285,0.6800023838815061,0.33332946688262405,0.3449027333331981,0.4123022695649292,0.5436030088167397,0.6173165645218146,0.5293459319131121,0.41452200283896595,Australia,RB,0.9423076923076923,52,RB:49 | LCB:2 | RCB:1,grid_centered_v2,False,FB,0.4838321527985183,0.06832137064709809
26161,28,14,1346.0,19.0,11.0,2.0,1.0,0.0,370.0,259.0,9.0,37.0,2.0,13.0,184.0,93.0,30.0,13.0,13.0,13.0,1,1,Logan Rogerson,0.85,1.0798662704309063,0.6251857355126299,0.11367013372956909,0.056835066864784546,0.0,21.028974739970284,14.720282317979196,0.5115156017830609,2.1028974739970283,0.11367013372956909,0.7388558692421991,10.457652303120357,5.285661218424963,1.7050520059435363,0.7388558692421991,0.7388558692421991,0.7388558692421991,0.7,0.5054347826086957,0.43333333333333335,0.5789473684210527,27.98606983655275,3.137295690936107,1.5913818722139672,2.94251583639634,5.387964338781575,8.916230053621035,3.373065443504102,0.13999999999999999,0.2832480238466533,0.48361992039909557,0.42484740860716225,0.5737864437385244,0.5949412945194559,0.6344277115891662,0.30756205201801695,0.17211634169594262,New Zealand,RW,0.9285714285714286,14,RW:13 | ST:1,grid_centered_v2,False,W,0.48338771119108276,0.12720565184113045
46601,41,37,3322.0,7.0,3.0,1.0,1.0,0.0,1765.0,1608.0,22.0,49.0,6.0,39.0,278.0,165.0,43.0,20.0,73.0,37.0,11,0,Khuliso Mudau,0.8741571342564719,0.1657793481582111,0.07104829206780476,0.023682764022601586,0.023682764022601586,0.0,41.800078499891804,38.08188454834335,0.521020808497235,1.1604554371074778,0.14209658413560952,0.9236277968814619,6.583808398283241,3.9076560637292617,1.0183588529718681,0.4736552804520317,1.728841773649916,0.8762622688362588,0.9110481586402266,0.5935251798561151,0.46511627906976744,0.42857142857142855,42.62828090795144,2.98639654325006,1.432807223367396,1.1460725782185963,4.092381623105554,7.251294028789311,4.19318694800192,0.18220963172804533,0.5562076053016525,0.4740265023399847,0.41244674524298036,0.4125619331501013,0.4936678288944503,0.4801172756308748,0.6014995951534481,0.6618962036489422,South Africa,RB,1.0,37,RB:37,grid_centered_v2,False,FB,0.48290854469833117,0.08097092929396622
1084,51,45,4083.0,11.0,2.0,1.0,0.0,0.0,2727.0,2492.0,12.0,51.0,36.0,46.0,346.0,174.0,34.0,24.0,28.0,89.0,17,0,Marin Pongračić,0.9674871418074945,0.23458542012966435,0.04265189456902989,0.021325947284514944,0.0,0.0,58.15585824487225,53.144260633011235,0.25591136741417925,1.087623311510262,0.7677341022425379,0.9809935750876871,7.37877776044217,3.7107148275056,0.725082207673508,0.5118227348283585,0.5971265239664184,1.8980093083218297,0.9138247158049139,0.5028901734104047,0.7058823529411765,0.18181818181818182,49.527576840143716,2.038760560399628,0.6397784185354481,0.5939565943091251,4.764216623360638,6.703671278739054,4.518290065309731,0.1827649431609828,0.68344104056324,0.4144954207105281,0.35235987233875526,0.3650829065867267,0.5466525932376546,0.42872301028664583,0.7102559872199609,0.6684665545327769,Croatia,RB,0.9111111111111111,45,RB:41 | LCB:3 | RCB:1,grid_centered_v2,False,FB,0.4827876740737214,0.07303638138040025
78494,23,19,1799.0,3.0,1.0,1.0,0.0,0.0,1324.0,1163.0,8.0,23.0,17.0,23.0,136.0,78.0,5.0,3.0,27.0,19.0,7,0,Joel Waterman,0.9135408560311282,0.13710729912640615,0.04570243304213538,0.04570243304213538,0.0,0.0,60.510021347787244,53.151929628003444,0.36561946433708303,1.0511559599691138,0.7769413617163015,1.0511559599691138,6.215530893730412,3.5647897772865598,0.22851216521067688,0.13710729912640615,1.2339656921376552,0.8683462278005721,0.8783987915407855,0.5735294117647058,0.6,0.3333333333333333,49.92071832369806,1.6178661296915924,0.9140486608427076,1.0962695372627391,4.849028145770564,6.711293923495301,4.314339836874586,0.1756797583081571,0.690107256227888,0.38873296954895514,0.3727232946091118,0.4081969860782326,0.5532914529705201,0.4294305235706214,0.6439211204125498,0.5805046297963045,Canada,RB,0.8695652173913043,23,RB:20 | RCB:2 | LCB:1,grid_centered_v2,False,FB,0.48199912357776886,0.1100305682929341
349344,28,18,1714.0,7.0,1.0,1.0,1.0,0.0,1240.0,1119.0,6.0,24.0,12.0,17.0,113.0,72.0,3.0,3.0,9.0,16.0,2,0,Luca Jaquez,0.9705134189031506,0.3567231353027916,0.05096044790039881,0.05096044790039881,0.05096044790039881,0.0,63.19095539649452,57.024741200546266,0.3057626874023928,1.2230507496095713,0.6115253748047856,0.8663276143067796,5.758530612745065,3.669152248828714,0.1528813437011964,0.1528813437011964,0.45864403110358926,0.815367166406381,0.9024193548387097,0.6371681415929203,1.0,0.14285714285714285,51.60793917419507,1.1618982121290926,1.0446891819581756,0.7647424959780345,4.606824490196052,7.048317573138961,5.1481056252601425,0.18048387096774196,0.717808762478974,0.36151239933782764,0.3825891486239536,0.37953826745666325,0.5342899689866615,0.46095983735649554,0.8624790176800371,0.6410839424614295,Switzerland,RB,1.0,17,RB:17,grid_centered_v2,False,FB,0.4813732662200936,0.11272585263805059
66407,37,35,3126.0,22.0,11.0,3.0,1.0,0.0,1786.0,1480.0,13.0,47.0,21.0,39.0,281.0,149.0,8.0,6.0,10.0,41.0,8,1,Ladislav Krejčí,1.0,0.6333973128598848,0.3166986564299424,0.08637236084452975,0.02879078694817658,0.0,51.42034548944338,42.61036468330134,0.3742802303262956,1.3531669865642995,0.6046065259117083,1.1228406909788868,8.09021113243762,4.289827255278311,0.23032629558541265,0.1727447216890595,0.28790786948176583,1.1804222648752398,0.8286674132138858,0.5302491103202847,0.75,0.5,44.60440126124926,1.2495201535508638,1.0940499040307101,2.134357005758157,5.346449136276392,7.596505488350489,4.368001809186696,0.16573348264277718,0.5942481062851258,0.3666807848066581,0.38634265709708177,0.5011470870720657,0.5917731866843107,0.5128035147478726,0.6620546527886871,0.4492831789161897,Czech Republic,LB,0.5,32,LB:16 | RCB:10 | RB:6,grid_centered_v2,True,FB,0.48115955028991214,0.08347077597254463
22149,51,39,3440.0,23.0,6.0,2.0,4.0,0.0,1976.0,1732.0,22.0,110.0,27.0,45.0,381.0,196.0,36.0,19.0,28.0,70.0,7,0,Ibrahim Sangaré,0.9749302325581396,0.5866585992428339,0.15304137371552193,0.05101379123850731,0.10202758247701461,0.0,50.40162574364521,44.177943212547326,0.5611517036235804,2.805758518117902,0.6886861817198486,1.1478103028664144,9.718127230935641,4.999351541373716,0.9182482422931315,0.4846310167658194,0.7141930773391022,1.785482693347756,0.8765182186234818,0.5144356955380578,0.5277777777777778,0.2608695652173913,45.71599045747455,2.578747147106544,1.9640309626825312,1.1441073835445716,8.103540738236886,8.542399244537377,4.0807494279295895,0.17530364372469637,0.615189071859664,0.44822564855199404,0.45433690886943423,0.41238942965510317,0.7761379692731799,0.6009961668608279,0.5607016673464439,0.5756310233878096,Ivory Coast,AM,0.4358974358974359,39,AM:17 | CM:13 | DM:9,grid_centered_v2,True,AM,0.4809961082571913,0.07957006565811799
237129,40,23,2367.0,23.0,10.0,2.0,4.0,0.0,1089.0,926.0,13.0,52.0,14.0,39.0,279.0,133.0,35.0,17.0,22.0,40.0,3,0,Pape Matar Sarr,0.9915589353612168,0.867142795182813,0.37701860660122305,0.07540372132024462,0.15080744264048923,0.0,41.057326258873196,34.911922971273256,0.49012418858159,1.96049675432636,0.5278260492417124,1.4703725657447702,10.518819124174124,5.014347467796267,1.3195651231042809,0.6409316312220792,0.8294409345226907,1.5080744264048922,0.8503213957759412,0.4767025089605735,0.4857142857142857,0.43478260869565216,40.714080088054644,2.899273084763405,2.054751405976666,2.0006210371949735,7.050247943442873,8.450193981796494,3.920445648973347,0.17006427915518826,0.5187150843248671,0.46849588975527956,0.46157300029340603,0.4890385048853292,0.7130349312721231,0.5925897386713402,0.5012269410775864,0.5066279859755546,Senegal,AM,0.8260869565217391,23,AM:19 | CM:4,grid_centered_v2,False,AM,0.480708770746285,0.09592455844332841
50879,27,25,2123.0,7.0,3.0,0.0,0.0,0.0,1345.0,1178.0,5.0,33.0,25.0,32.0,154.0,101.0,5.0,5.0,13.0,23.0,3,1,Miles Robinson,0.9144889307583608,0.2713744825142569,0.11630334964896721,0.0,0.0,0.0,52.14266842595364,45.6684486288278,0.19383891608161205,1.2793368461386396,0.9691945804080602,1.240569062922317,5.970238615313651,3.9155461048485636,0.19383891608161205,0.19383891608161205,0.5039811818121913,0.8916590139754154,0.8758364312267658,0.6558441558441559,1.0,0.42857142857142855,45.74778940451151,1.0854979300570275,0.48459729020403014,1.019967546651411,5.850058487343052,7.4492970143204555,5.05643245051331,0.17516728624535316,0.6157822899970244,0.35703188741513103,0.3410662609573743,0.40153777351571635,0.6296183022096996,0.4988622608623342,0.845443082818612,0.5738604431669165,USA,RB,0.8148148148148148,27,RB:22 | RCB:5,grid_centered_v2,False,FB,0.4805584106548892,0.1012870542444243
1807,46,42,3840.0,26.0,9.0,5.0,0.0,0.0,2365.0,2136.0,7.0,37.0,13.0,70.0,331.0,199.0,9.0,4.0,47.0,50.0,7,0,Evan Ndicka,0.9768333333333334,0.5952578125000001,0.20605078125000004,0.11447265625000001,0.0,0.0,54.145566406250005,48.902718750000005,0.16026171875,0.8470976562500001,0.29762890625000005,1.6026171875000002,7.578089843750001,4.556011718750001,0.20605078125000004,0.09157812500000001,1.0760429687500002,1.1447265625,0.9031712473572938,0.6012084592145015,0.4444444444444444,0.34615384615384615,47.26530950424485,1.0554378906250002,0.400654296875,1.8965600360576924,5.057401953125001,8.182041783893505,4.110004624436328,0.18063424947145879,0.6436644398085933,0.3552757908603745,0.3350305350564605,0.4796248869924841,0.5695172997238432,0.5678490573568022,0.5714197508608302,0.6429201202162613,Ivory Coast,RB,0.6666666666666666,42,RB:28 | RCB:5 | LB:5 | LCB:4,grid_centered_v2,False,FB,0.48043499088581243,0.07531185165696035
278898,16,12,1125.0,7.0,2.0,0.0,2.0,0.0,743.0,650.0,3.0,13.0,6.0,15.0,98.0,50.0,6.0,4.0,5.0,12.0,4,0,Chadi Riad,0.9698666666666665,0.5431253333333333,0.15517866666666666,0.0,0.15517866666666666,0.0,57.64887466666666,50.43306666666666,0.23276799999999997,1.0086613333333332,0.46553599999999995,1.1638399999999998,7.603754666666665,3.879466666666666,0.46553599999999995,0.3103573333333333,0.38794666666666666,0.9310719999999999,0.8748317631224765,0.5102040816326531,0.6666666666666666,0.2857142857142857,48.27832367806191,1.3888490666666666,1.4354026666666666,0.7886787047619047,4.65536,6.961865578231292,4.391507043581728,0.1749663526244953,0.6617621480344007,0.37496222971084914,0.4126488641506502,0.381582099303728,0.5381074806546935,0.4528318744586122,0.6698536802588384,0.5712479095089955,Morocco,LB,0.6666666666666666,12,LB:8 | LCB:4,grid_centered_v2,False,FB,0.4801635146805852,0.13914021704740867
198654,48,39,3559.0,11.0,6.0,4.0,2.0,0.0,1240.0,1026.0,41.0,58.0,11.0,30.0,281.0,133.0,33.0,16.0,30.0,39.0,2,1,Daniel Svensson,1.0,0.2781680247260466,0.15172801348693454,0.10115200899128969,0.050576004495644845,0.0,31.357122787299804,25.945490306265807,1.0368080921607192,1.4667041303737005,0.2781680247260466,0.7586400674346727,7.1059286316381005,3.363304298960382,0.8345040741781399,0.40460803596515876,0.7586400674346727,0.9862320876650744,0.8274193548387097,0.47330960854092524,0.48484848484848486,0.5454545454545454,36.86980530957409,3.257094689519528,2.8701882551278444,2.1125443817211167,4.4633323967406575,6.1285548441673106,3.8791202910659206,0.16548387096774195,0.4432124003120731,0.4912450996861385,0.5269765289473617,0.4991718672169665,0.5229819238635688,0.3763732765938229,0.4858209500990455,0.44600428202191517,Sweden,LB,0.9772727272727273,44,LB:43 | RB:1,grid_centered_v2,False,FB,0.4799309171519375,0.07822848933715278
7050,33,31,2722.0,8.0,1.0,0.0,1.0,0.0,1672.0,1487.0,21.0,82.0,13.0,29.0,261.0,150.0,24.0,14.0,33.0,47.0,7,0,Aiden O'Neill,0.9244085231447466,0.24451658216907335,0.03056457277113417,0.0,0.03056457277113417,0.0,51.103965673336326,45.449519710676505,0.6418560281938175,2.5062949672330013,0.39733944602474414,0.8863726103628908,7.977353493266017,4.584685915670125,0.7335497465072199,0.42790401879587836,1.0086309014474275,1.4365349202433058,0.8893540669856459,0.5747126436781609,0.5833333333333334,0.125,46.51434828403013,2.729416348462281,1.7727452207257817,0.2927904018795878,6.721149552372402,8.142698212972658,4.27770149830156,0.17787081339712918,0.6299749031393416,0.4577367979296423,0.43914612293788197,0.34018782974586714,0.6912744511641562,0.5641872975012794,0.6312948455085833,0.6085565497820263,Australia,AM,0.8529411764705882,34,AM:29 | DM:3 | CM:2,grid_centered_v2,False,AM,0.47850673710304226,0.08945093352064537
64268,40,35,3217.0,17.0,4.0,0.0,4.0,0.0,1447.0,1154.0,38.0,58.0,6.0,27.0,254.0,139.0,43.0,15.0,37.0,31.0,7,1,Johan Mojica,0.9958035436742306,0.47360255574186283,0.11143589546867361,0.0,0.11143589546867361,0.0,40.31193518579268,32.149255842712336,1.0586410069523993,1.6158204842957673,0.1671538432030104,0.7521922944135468,7.076179362260774,3.8723973675364083,1.1979358762882415,0.417884608007526,1.0307820330852309,0.8636281898822205,0.7975120939875605,0.547244094488189,0.3488372093023256,0.23529411764705882,40.195455197200516,3.4656563490757493,3.259499942458703,0.6265984889502607,4.596730688082786,7.063088598015538,3.5690066883053455,0.15950241879751212,0.5085026885022217,0.5045276339239778,0.5580144708758905,0.3678278934563814,0.533495531365888,0.4623507661287085,0.37301968356200166,0.3694439229428417,Colombia,RCB,0.8571428571428571,35,RCB:30 | LB:5,grid_centered_v2,False,CB,0.47811574506580934,0.082281728665854
46458,25,24,2135.0,5.0,2.0,0.0,0.0,0.0,1418.0,1281.0,6.0,30.0,4.0,20.0,136.0,87.0,4.0,1.0,16.0,16.0,5,0,Nkosinathi Sibisi,0.8590444964871194,0.1810632428192992,0.07242529712771967,0.0,0.0,0.0,51.34953566355325,46.38840281030445,0.21727589138315903,1.0863794569157952,0.14485059425543934,0.7242529712771968,4.924920204684938,3.1505004250558057,0.14485059425543934,0.036212648563859834,0.5794023770217573,0.5794023770217573,0.9033850493653033,0.6397058823529411,0.25,0.4,46.126469065497865,0.7713294144102145,0.5431897284578976,0.9013954159788076,3.5633246186838083,6.329818242136951,3.8213778355579975,0.18067700987306068,0.622819772388459,0.3388755480038644,0.34531010379669996,0.39126199470229855,0.4519840049216259,0.3944336154600433,0.4643462018951184,0.6434414778291374,South Africa,LCB,0.5416666666666666,24,LCB:13 | RB:10 | RCB:1,grid_centered_v2,True,CB,0.477652715793632,0.10100200568416859
14395,28,20,1841.0,14.0,7.0,2.0,1.0,0.0,822.0,658.0,13.0,42.0,7.0,18.0,162.0,87.0,14.0,6.0,18.0,19.0,6,0,Kristijan Jakić,1.0,0.6844106463878327,0.34220532319391633,0.0977729494839761,0.04888647474198805,0.0,40.184682237914174,32.167300380228134,0.6355241716458446,2.053231939163498,0.34220532319391633,0.8799565453557849,7.919608908202064,4.25312330255296,0.6844106463878327,0.2933188484519283,0.8799565453557849,0.928843020097773,0.8004866180048662,0.5370370370370371,0.42857142857142855,0.5,39.366320800474725,2.3172189027702332,1.8576860401955457,2.261271048343292,5.832156436719174,7.565483734685255,3.713639107652596,0.16009732360097326,0.49216474546275735,0.4318098910243268,0.44587928006213967,0.5126369847359952,0.6282969683821088,0.5098665540942601,0.42468835723532755,0.37683643185242777,Croatia,CM,0.4,20,CM:8 | DM:8 | AM:4,grid_centered_v2,True,CM,0.47712185199264384,0.10876822554202634
32954,41,34,3193.0,11.0,2.0,1.0,1.0,0.0,2228.0,1982.0,10.0,44.0,34.0,41.0,258.0,149.0,1.0,1.0,26.0,27.0,5,0,Shogo Taniguchi,0.9257876605073598,0.28704346504925976,0.052189720918047224,0.026094860459023612,0.026094860459023612,0.0,58.13934910270461,51.7200134297848,0.2609486045902361,1.148173860197039,0.8872252556068028,1.069889278819968,6.732473998428092,3.8881342083945185,0.026094860459023612,0.026094860459023612,0.6784663719346139,0.7045612323936375,0.8895870736086176,0.5775193798449613,1.0,0.18181818181818182,48.92428114561299,0.8741778253772909,0.7958932440002201,0.6454608565938187,5.182439287162089,7.175946031287209,5.088197610976655,0.1779174147217235,0.6730638483055817,0.3447704046046663,0.3638904124161628,0.3694180321027011,0.5791849029313898,0.47299588532502307,0.8515333125683388,0.6091461586681467,Japan,RB,0.9705882352941176,34,RB:33 | RCB:1,grid_centered_v2,False,FB,0.47682758280962956,0.08259038268615503
26240,34,27,2454.0,14.0,3.0,2.0,0.0,0.0,1706.0,1516.0,7.0,35.0,21.0,27.0,174.0,107.0,9.0,3.0,14.0,17.0,8,1,Philipp Lienhart,0.9723227383863082,0.4992366138413808,0.1069792743945816,0.0713195162630544,0.0,0.0,60.8355473723854,54.060193327395226,0.2496183069206904,1.2480915346034518,0.7488549207620712,0.9628134695512344,6.204797914885733,3.81559412007341,0.3209378231837448,0.1069792743945816,0.4992366138413808,0.6062158882359624,0.8886283704572099,0.6149425287356322,0.3333333333333333,0.21428571428571427,50.09094219284506,0.9663794453643871,0.624045767301726,1.148898542828278,4.99593211422696,7.18665935430967,3.907679037035611,0.177725674091442,0.6929695012737968,0.3500960006875044,0.35120709414451995,0.4128100320972957,0.5647446058289246,0.4740078348756115,0.49646646556710017,0.60671819531488,Austria,RB,0.9259259259259259,27,RB:25 | RCB:2,grid_centered_v2,False,FB,0.4765835775327472,0.09420884047408652
327631,29,22,1930.0,34.0,14.0,5.0,2.0,0.0,638.0,532.0,12.0,20.0,1.0,6.0,173.0,79.0,31.0,9.0,37.0,28.0,8,0,Habib Diarra,0.9906735751295337,1.5707052538323178,0.6467609868721309,0.23098606674004674,0.0923944266960187,0.0,29.473822116029964,24.576917501140972,0.5543665601761121,0.9239442669601869,0.04619721334800935,0.27718328008805604,7.992117909205617,3.6495798544927385,1.4321136137882897,0.4157749201320841,1.7092968938763458,1.2935219737442618,0.8338557993730408,0.45664739884393063,0.2903225806451613,0.4117647058823529,35.21834805689173,2.8919455555853846,1.8940857472683832,3.5768833273060627,2.2682831753872588,6.4793539928216255,3.5202531446049647,0.16677115987460817,0.41136799524962303,0.46803107054485826,0.448770880003325,0.628805328774264,0.35382972502066684,0.4080444744483677,0.35617547052593423,0.46295823715222295,Senegal,RW,0.8636363636363636,22,RW:19 | ST:3,grid_centered_v2,False,W,0.4761133879965466,0.10623075869664234
63964,21,15,1420.0,6.0,2.0,1.0,0.0,0.0,748.0,635.0,5.0,21.0,8.0,29.0,121.0,70.0,7.0,5.0,7.0,18.0,3,0,Félix Torres,0.9101830985915494,0.34612596707002585,0.11537532235667528,0.05768766117833764,0.0,0.0,43.15037056139656,36.6316648482444,0.2884383058916882,1.2114408847450904,0.4615012894267011,1.6729421741717916,6.9802070025788545,4.038136282483634,0.4038136282483635,0.2884383058916882,0.4038136282483635,1.0383779012100776,0.8489304812834224,0.5785123966942148,0.7142857142857143,0.3333333333333333,41.21780539649739,1.442191529458441,0.7210957647292204,1.289693407392713,6.034129359254117,7.388927985559732,4.405305696787145,0.1697860962566845,0.5286192193329186,0.37815258108018035,0.3583454466392534,0.42522440227362895,0.6430890144801739,0.49314434191451834,0.6743892569439002,0.5029336067953564,Ecuador,RB,0.9333333333333333,15,RB:14 | RCB:1,grid_centered_v2,False,FB,0.47605615363111226,0.12384679313173226
22090,56,54,4734.0,8.0,1.0,1.0,1.0,0.0,3607.0,3359.0,13.0,60.0,14.0,35.0,382.0,210.0,22.0,16.0,23.0,46.0,3,0,William Saliba,1.0,0.1520912547528517,0.019011406844106463,0.019011406844106463,0.019011406844106463,0.0,68.57414448669202,63.85931558935361,0.24714828897338403,1.1406844106463878,0.2661596958174905,0.6653992395437263,7.262357414448669,3.992395437262357,0.4182509505703422,0.3041825095057034,0.43726235741444863,0.8745247148288973,0.9312448017743277,0.5497382198952879,0.7272727272727273,0.125,54.633781641316375,1.4239543726235742,0.7224334600760456,0.42870722433460073,3.6768060836501903,7.238568271853164,4.71838102607286,0.18624896035486554,0.7635305725508897,0.3770606349134781,0.3584442872493016,0.3513236567076374,0.4608884909195511,0.4789138752336654,0.7676474920933675,0.7081367701733127,France,RB,0.8703703703703703,54,RB:47 | LCB:6 | RCB:1,grid_centered_v2,False,FB,0.4759758630748227,0.06782890575760281
38114,28,24,2044.0,6.0,3.0,1.0,1.0,0.0,1410.0,1308.0,7.0,26.0,19.0,22.0,149.0,87.0,9.0,6.0,11.0,26.0,3,0,Ko Itakura,0.9400831702544031,0.24835856748403995,0.12417928374201997,0.04139309458067333,0.04139309458067333,0.0,58.36426335874939,54.14216771152071,0.2897516620647133,1.0762204590975064,0.7864687970327933,0.9106480807748132,6.167571092520326,3.6011992285185794,0.37253785122606,0.24835856748403995,0.4553240403874066,1.0762204590975064,0.9276595744680851,0.5838926174496645,0.6666666666666666,0.5,50.03491119726878,1.370111430620287,0.9520411753554866,1.5049957538842147,4.6236086646612105,6.793356772275004,4.5942679208903625,0.18553191489361703,0.6920289881681225,0.37384410981055965,0.3755819529744641,0.4443868972182891,0.5356105886543975,0.43706506992405325,0.7330109590101038,0.7002015283704921,Japan,RB,0.9,20,RB:18 | RCB:2,grid_centered_v2,False,FB,0.47586975944595716,0.10322585576982597
179856,35,22,2176.0,15.0,10.0,1.0,2.0,0.0,1233.0,1047.0,16.0,34.0,6.0,27.0,220.0,107.0,46.0,17.0,42.0,13.0,2,0,Benjamin Old,0.8686810661764707,0.5389335658723508,0.3592890439149006,0.03592890439149005,0.0718578087829801,0.0,44.30033911470724,37.61756289789009,0.5748624702638409,1.221582749310662,0.21557342634894033,0.9700804185702315,7.904358966127813,3.8443927698894362,1.6527296020085425,0.610791374655331,1.5090139844425823,0.46707575708937077,0.8491484184914841,0.4863636363636364,0.3695652173913043,0.6666666666666666,42.31358800443305,3.316237875334532,1.8323741239659928,2.1237692299461144,4.376140554883489,6.84124078693612,3.7944162500028473,0.16982968369829685,0.5500762192816522,0.49501127380218224,0.44387064159310025,0.5001883225239787,0.5160984069575473,0.4415339158121115,0.45435929305511036,0.5035124967421366,New Zealand,ST,0.7727272727272727,22,ST:17 | LW:5,grid_centered_v2,False,ST,0.47583509763188003,0.10004594532748735
44865,34,32,2880.0,15.0,6.0,0.0,0.0,0.0,2117.0,1915.0,13.0,33.0,26.0,18.0,260.0,170.0,4.0,4.0,30.0,24.0,10,0,John Souttar,0.8834027777777779,0.41409505208333336,0.16563802083333334,0.0,0.0,0.0,58.44261501736112,52.8661349826389,0.35888237847222226,0.9110091145833334,0.7177647569444445,0.49691406250000003,7.177647569444445,4.693077256944445,0.11042534722222223,0.11042534722222223,0.8281901041666667,0.6625520833333334,0.9045819555975437,0.6538461538461539,1.0,0.4,49.63149040469554,1.336146701388889,0.8972059461805557,1.0318932291666667,3.423185763888889,8.531846621260684,5.174571139463198,0.18091639111950875,0.6852105165890148,0.3718207906277529,0.3714588311897264,0.4025762546299146,0.44103068236561865,0.6000369864137636,0.8670944491758408,0.6463538397427436,Scotland,RB,1.0,32,RB:32,grid_centered_v2,False,FB,0.4753422321943072,0.08696263565463043
190485,37,32,2828.0,32.0,17.0,7.0,2.0,0.0,1358.0,1095.0,18.0,71.0,13.0,27.0,440.0,230.0,49.0,14.0,71.0,66.0,11,0,Samú Costa,1.0,1.0183875530410185,0.541018387553041,0.22277227722772278,0.06364922206506365,0.0,43.21782178217822,34.84794908062235,0.5728429985855729,2.2595473833097595,0.41371994342291374,0.8592644978783593,14.002828854314004,7.31966053748232,1.5594059405940595,0.44554455445544555,2.2595473833097595,2.1004243281471005,0.8063328424153167,0.5227272727272727,0.2857142857142857,0.53125,40.752026859534254,3.2747524752475248,1.7821782178217824,3.6021039603960396,6.240806223479492,11.815706570657065,3.3775076255784637,0.16126656848306334,0.5194617954143267,0.49236944371611113,0.4398928069529903,0.6309350772590834,0.6579480881808206,0.8388707641701506,0.30897492375027436,0.3915313734171085,Portugal,AM,1.0,32,AM:32,grid_centered_v2,False,AM,0.47487498186312815,0.08775850881750841
1119,36,29,2635.0,12.0,5.0,0.0,2.0,0.0,1159.0,961.0,8.0,50.0,22.0,23.0,262.0,146.0,17.0,6.0,6.0,27.0,5,0,Kristoffer Ajer,1.0,0.4098671726755218,0.17077798861480076,0.0,0.0683111954459203,0.0,39.586337760910816,32.8235294117647,0.2732447817836812,1.7077798861480076,0.7514231499051233,0.7855787476280834,8.94876660341556,4.986717267552182,0.5806451612903226,0.2049335863377609,0.2049335863377609,0.922201138519924,0.8291630716134599,0.5572519083969466,0.35294117647058826,0.4166666666666667,39.08941834631373,1.106641366223909,1.0588235294117647,1.0724225173940545,5.471726755218216,8.653159899763894,3.6864895405713534,0.165832614322692,0.48671043414055554,0.35826938770769,0.38366255004204197,0.40611200430495925,0.6013091062727907,0.611015764008964,0.4148256748380852,0.450586611861863,Norway,RB,0.6206896551724138,29,RB:18 | RCB:11,grid_centered_v2,False,FB,0.4748127760522897,0.09091564578749005
162141,29,22,2054.0,6.0,1.0,1.0,1.0,0.0,1539.0,1420.0,5.0,32.0,13.0,13.0,154.0,88.0,6.0,3.0,8.0,35.0,2,0,Koni De Winter,0.9949610516066213,0.2615769074330942,0.04359615123884903,0.04359615123884903,0.04359615123884903,0.0,67.09447675658866,61.90653475916562,0.21798075619424517,1.395076839643169,0.5667499661050375,0.5667499661050375,6.713807290782751,3.836461309018715,0.2615769074330942,0.1307884537165471,0.34876920991079224,1.525865293359716,0.9226770630279402,0.5714285714285714,0.5,0.16666666666666666,53.69540262855189,0.8937211003964052,0.7847307222992826,0.7431371549785142,4.268063206283321,7.085331546911915,4.235871925700442,0.18453541260558803,0.7499161744890199,0.3458960341487093,0.3630605596883748,0.3776971207704497,0.5075578494397541,0.46444639565755885,0.6166573974089472,0.6889718177365484,Belgium,RB,0.8636363636363636,22,RB:19 | RCB:3,grid_centered_v2,False,FB,0.4738719239823738,0.10297426910335894
47903,21,19,1719.0,5.0,1.0,0.0,1.0,0.0,834.0,723.0,6.0,28.0,14.0,12.0,151.0,94.0,5.0,2.0,11.0,8.0,1,0,Hjalmar Ekdal,1.0,0.2617801047120419,0.05235602094240837,0.0,0.05235602094240837,0.0,43.66492146596858,37.853403141361255,0.31413612565445026,1.4659685863874345,0.7329842931937173,0.6282722513089005,7.9057591623036645,4.921465968586387,0.2617801047120419,0.10471204188481674,0.5759162303664921,0.41884816753926696,0.8669064748201439,0.6225165562913907,0.4,0.2,41.95014878149836,1.1151832460732984,1.0732984293193717,0.4732984293193717,4.701570680628272,8.757602024895112,3.9696714309839187,0.1733812949640288,0.542976214568418,0.35876987088265233,0.38476299014297694,0.35501332635705424,0.5417379937785147,0.6203787900702187,0.519572718913208,0.5505109985403747,Sweden,RB,0.9473684210526315,19,RB:18 | RCB:1,grid_centered_v2,False,FB,0.4734840099362976,0.1125617922212632
50745,27,22,1738.0,19.0,5.0,2.0,3.0,0.0,776.0,654.0,18.0,53.0,5.0,17.0,206.0,106.0,27.0,5.0,47.0,22.0,0,1,Jamiro Monteiro,0.9258170310701958,0.9109016818930005,0.23971096891921065,0.09588438756768426,0.1438265813515264,0.0,37.203142376261496,31.354194734632753,0.8629594881091583,2.5409362705436327,0.23971096891921065,0.8150172943253161,9.87609191947148,5.081872541087265,1.2944392321637375,0.23971096891921065,2.25328310784058,1.054728263244527,0.8427835051546392,0.5145631067961165,0.18518518518518517,0.2631578947368421,39.53692067440197,3.279246054814802,2.948444917706291,1.6289862465020533,6.467401941440303,8.658310877910521,3.4045225830334553,0.16855670103092785,0.4955261636657462,0.49265558122919734,0.5332401648455725,0.4555017353727022,0.673889559589117,0.6114795270992095,0.3176437076779914,0.4866084208050213,Cape Verde Islands,AM,0.8571428571428571,21,AM:18 | CM:3,grid_centered_v2,False,AM,0.47341918305053815,0.11194483270620513
44814,48,35,3219.0,21.0,10.0,1.0,0.0,0.0,1976.0,1746.0,28.0,60.0,11.0,27.0,366.0,194.0,11.0,4.0,60.0,70.0,9,1,Lewis Ferguson,0.9691891891891891,0.5690486385733357,0.27097554217777886,0.027097554217777885,0.0,0.0,53.544767134329106,47.31232966424019,0.7587315180977808,1.6258532530666734,0.2980730963955568,0.7316339638800029,9.917704843706707,5.256925518248909,0.2980730963955568,0.10839021687111154,1.6258532530666734,1.896828795244452,0.8836032388663968,0.5300546448087432,0.36363636363636365,0.47619047619047616,47.70268921830358,2.449618901287121,1.896828795244452,1.548527145172066,4.71768418931513,8.949859659974702,3.8074323448817844,0.17672064777327937,0.6515323607089426,0.4401040586766211,0.4489889311620998,0.4482834125820626,0.5430029199666273,0.6373778633259369,0.4591765352548651,0.5939079043378878,Scotland,AM,0.96875,32,AM:31 | CM:1,grid_centered_v2,False,AM,0.4725699757665145,0.08225616342407926
29704,12,12,1075.0,7.0,2.0,1.0,1.0,0.0,626.0,540.0,2.0,19.0,14.0,18.0,94.0,53.0,3.0,1.0,5.0,16.0,4,0,Shoja Khalilzadeh,0.8876744186046511,0.5202184964845863,0.1486338561384532,0.0743169280692266,0.0743169280692266,0.0,46.52239697133585,40.131141157382366,0.1486338561384532,1.4120216333153055,1.0404369929691726,1.3377047052460789,6.985791238507301,3.93879718766901,0.2229507842076798,0.0743169280692266,0.371584640346133,1.1890708491076256,0.8626198083067093,0.5638297872340425,0.3333333333333333,0.2857142857142857,42.79784155704577,0.6391255813953488,0.7803277447268793,1.3740513945762187,6.361529042725797,7.205805424438742,3.7495755760384895,0.17252396166134187,0.5595043135774537,0.33137114808098816,0.3627334540163212,0.4327090333436632,0.666488416500214,0.4758168438187144,0.43783459549543574,0.5392163547274516,Iran,RB,0.9166666666666666,12,RB:11 | RCB:1,grid_centered_v2,False,FB,0.47202852939422324,0.14233926062853872
44871,27,13,1123.0,6.0,2.0,1.0,0.0,0.0,458.0,390.0,5.0,20.0,8.0,10.0,102.0,54.0,11.0,3.0,20.0,13.0,2,0,Aaron Hickey,1.0,0.4808548530721282,0.16028495102404275,0.08014247551202137,0.0,0.0,36.705253784505786,31.255565449688334,0.40071237756010686,1.6028495102404274,0.641139804096171,0.8014247551202137,8.17453250222618,4.327693677649154,0.8815672306322351,0.2404274265360641,1.6028495102404274,1.0418521816562778,0.851528384279476,0.5294117647058824,0.2727272727272727,0.3333333333333333,38.606998565134724,2.123775601068566,1.0017809439002672,1.5322054021964975,5.193232413178985,7.647006442826463,3.5996749672371076,0.1703056768558952,0.4772162478438393,0.41976133259073845,0.37933762557677825,0.4468216752293475,0.5800166728746716,0.5175826726198317,0.38377861464054025,0.5098332710816733,Scotland,RB,0.4166666666666667,12,RB:5 | RCB:5 | LB:2,grid_centered_v2,True,FB,0.47177811254032215,0.13926406239195083
48129,24,20,1821.0,8.0,5.0,1.0,0.0,0.0,990.0,857.0,14.0,36.0,12.0,38.0,170.0,100.0,12.0,6.0,46.0,25.0,2,0,Aimar Sher,0.8518121911037891,0.33679559450561675,0.2104972465660105,0.04209944931320209,0.0,0.0,41.67845482007007,36.0792280614142,0.5893922903848293,1.5155801752752756,0.5051933917584251,1.5997790739016797,7.1569063832443565,4.2099449313202095,0.5051933917584251,0.2525966958792126,1.9365746684072964,1.0524862328300524,0.8656565656565657,0.5882352941176471,0.5,0.625,41.575503391215335,2.6606851965943727,1.4734807259620732,1.8814917396980313,6.483315194233123,7.658628786201234,4.080893198818634,0.17313131313131314,0.5356389999950053,0.4533938263687647,0.4156175268690642,0.4782628116271742,0.6749946473901736,0.5186821297104859,0.5607544871724827,0.5472225482846973,Iraq,AM,1.0,18,AM:18,grid_centered_v2,False,AM,0.4715066579784967,0.10936389388188515
162199,47,28,2952.0,21.0,9.0,3.0,2.0,0.0,754.0,564.0,31.0,66.0,0.0,22.0,378.0,155.0,79.0,37.0,28.0,53.0,8,0,ArJany Martha,0.8590955284552845,0.5500306737061272,0.23572743158834028,0.07857581052944676,0.052383873686297835,0.0,19.748720379734284,14.77225237953599,0.8119500421376165,1.7286678316478286,0.0,0.5762226105492763,9.900552126710291,4.059750210688082,2.0691630106087646,0.96910166319651,0.7333742316081697,1.3881726526868927,0.7480106100795756,0.41005291005291006,0.46835443037974683,0.42857142857142855,29.211089507145054,4.25095134964307,2.3179864106186794,1.8157677456021077,4.2640473180646445,6.913809025122045,3.514042461768272,0.14960212201591513,0.3032554888741692,0.5543288397367616,0.4826502380320441,0.4723258355122954,0.5072403874586795,0.4483243109301255,0.3540540351975618,0.25719995488634806,Curaçao,RB,0.7142857142857143,28,RB:20 | RCB:8,grid_centered_v2,False,FB,0.47103339474053874,0.08589556903873333
69260,33,32,2921.0,22.0,7.0,3.0,0.0,0.0,1970.0,1671.0,7.0,49.0,32.0,47.0,243.0,148.0,1.0,1.0,13.0,25.0,8,1,Roberto Lopes,0.8746490927764464,0.5928809324537364,0.18864393305346155,0.08084739988005496,0.0,0.0,53.08979258790276,45.03200173319061,0.18864393305346155,1.3205075313742312,0.8623722653872529,1.2666092647875276,6.5486393902844515,3.9884717274160444,0.026949133293351652,0.026949133293351652,0.3503387328135715,0.6737283323337914,0.8482233502538071,0.6090534979423868,1.0,0.3181818181818182,45.47327828700834,0.5821012791363956,0.47160983263365386,1.547244341678922,5.85874157797465,7.411020912209622,4.958504858478577,0.16964467005076145,0.610650034870614,0.32816022947702306,0.3401289910979565,0.44816849498678996,0.6302584961889233,0.4952367687145038,0.8253802882416241,0.50105526252967,Cape Verde Islands,RB,0.9090909090909091,44,RB:40 | RCB:4,grid_centered_v2,False,FB,0.4710151057095028,0.08635016250636153
128772,32,29,2433.0,11.0,3.0,0.0,2.0,0.0,1009.0,867.0,8.0,34.0,17.0,45.0,256.0,149.0,7.0,3.0,27.0,32.0,4,0,David Zima,0.8932799013563504,0.36348010782687495,0.09913093849823863,0.0,0.06608729233215908,0.0,33.341038981574265,28.648841225990964,0.26434916932863634,1.1234839696467045,0.5617419848233522,1.4869640774735795,8.459173418516363,4.923503278745852,0.2313055231625568,0.09913093849823863,0.8921784464841477,1.0573966773145453,0.8592666005946482,0.58203125,0.42857142857142855,0.2727272727272727,37.0138308952319,1.169745074279216,1.0243530311484659,0.6842378593520795,5.6141154836169145,8.638998340244193,3.927082439324676,0.17185332011892965,0.4460158179421804,0.36197396294868983,0.3810467748498208,0.37269590513438444,0.6120545654837305,0.6097397086528724,0.5037016659993759,0.5303524615501405,Czech Republic,RB,0.4482758620689655,29,RB:13 | RCB:8 | LB:5 | LCB:3,grid_centered_v2,True,FB,0.47023953994601625,0.09461454021827284
50272,19,15,1191.0,6.0,1.0,0.0,2.0,0.0,627.0,545.0,11.0,15.0,3.0,10.0,104.0,52.0,11.0,5.0,11.0,17.0,4,0,Otabek Shukurov,0.8799748110831234,0.3989810226573356,0.06649683710955592,0.0,0.13299367421911185,0.0,41.693516867691564,36.24077622470798,0.7314652082051152,0.9974525566433388,0.1994905113286678,0.6649683710955592,6.915671059393817,3.4578355296969083,0.7314652082051152,0.3324841855477796,0.7314652082051152,1.1304462308624508,0.8692185007974481,0.5,0.45454545454545453,0.16666666666666666,41.95547552680764,2.513580442741214,2.560128228717903,0.4264289052867116,3.3447909066106627,6.340969741575671,3.9700108725038903,0.17384370015948963,0.5430804091113788,0.44412322377722263,0.5020949948550553,0.3511356103969266,0.4349275492981887,0.39544328287031477,0.5196990979123325,0.5565819968722454,Uzbekistan,AM,0.8,15,AM:12 | DM:3,grid_centered_v2,False,AM,0.47007753960784393,0.135230002781901
53900,26,25,2144.0,14.0,3.0,0.0,1.0,0.0,1387.0,1230.0,6.0,32.0,7.0,38.0,176.0,110.0,11.0,5.0,7.0,16.0,4,0,Yazan Alarab,0.8688899253731344,0.5106349374860771,0.10942177231844508,0.0,0.03647392410614836,0.0,50.58933273522778,44.86292665056249,0.21884354463689015,1.1671655713967475,0.25531746874303857,1.3860091160336379,6.419410642682112,4.01213165167632,0.401213165167632,0.1823696205307418,0.25531746874303857,0.5835827856983737,0.8868060562364816,0.625,0.45454545454545453,0.21428571428571427,45.37303822603832,0.9775011660447761,0.7477154441760414,0.5817619098172516,5.153765476198764,7.4919843123468475,4.125316392153634,0.1773612112472963,0.608769753962082,0.35074096000474075,0.36031459514918807,0.3640596424050569,0.5769729891386692,0.5029057029973379,0.5770035056939494,0.6020886153893841,Jordan,RB,0.9166666666666666,36,RB:33 | RCB:3,grid_centered_v2,False,FB,0.4699835076714906,0.10078979159395181
6935,20,14,1170.0,22.0,10.0,2.0,1.0,0.0,353.0,277.0,12.0,12.0,4.0,7.0,119.0,45.0,21.0,8.0,22.0,19.0,5,0,Sarpreet Singh,0.8769230769230767,1.4840236686390529,0.6745562130177514,0.13491124260355028,0.06745562130177514,0.0,23.81183431952662,18.68520710059171,0.8094674556213016,0.8094674556213016,0.26982248520710056,0.4721893491124259,8.02721893491124,3.035502958579881,1.4165680473372777,0.5396449704142011,1.4840236686390529,1.2816568047337273,0.7847025495750708,0.37815126050420167,0.38095238095238093,0.45454545454545453,31.951824094406355,3.5481656804733723,2.394674556213017,2.9327595481441633,2.6982248520710055,5.3841579235244375,3.480901169050016,0.15694050991501418,0.3507370254350413,0.5097816320057726,0.48880565300886414,0.5729219873251858,0.385500093717431,0.31280949952007786,0.34283215270002004,0.33833813486560776,New Zealand,AM,1.0,11,AM:11,grid_centered_v2,False,AM,0.46967540444671146,0.13643820804812928
1642,45,44,3798.0,52.0,31.0,9.0,5.0,0.0,1613.0,1369.0,36.0,34.0,10.0,17.0,248.0,111.0,38.0,24.0,28.0,60.0,7,0,Franck Kessié,0.9100554715078167,1.1213953677347503,0.6685241615341782,0.19408765980024525,0.10782647766680292,0.0,34.78482169531062,29.522889585170642,0.776350639200981,0.7332200481342599,0.21565295533360584,0.36661002406712995,5.348193292273425,2.393747804203025,0.8194812302677023,0.517567092800654,0.6038282749340964,1.293917732001635,0.8487290762554247,0.4475806451612903,0.631578947368421,0.5961538461538461,38.42409794767736,2.993263020030449,2.5339222251698685,3.6809427968575035,2.290234385642894,4.693988861368106,4.18291271166153,0.16974581525108495,0.4736206294235909,0.47446267639632284,0.4999898263348757,0.6375594619407497,0.35541865291769564,0.25950993779869824,0.5978206657637977,0.5023986229870828,Ivory Coast,CM,0.5454545454545454,44,CM:24 | DM:20,grid_centered_v2,True,CM,0.46939391816503645,0.07572712299036656
268710,35,27,2237.0,16.0,5.0,2.0,0.0,0.0,1441.0,1267.0,16.0,41.0,5.0,18.0,197.0,99.0,16.0,9.0,22.0,37.0,7,2,Jayden Adams,0.8577782744747429,0.5521684019864237,0.1725526256207574,0.06902105024830296,0.0,0.0,49.72966670390228,43.724835332299925,0.5521684019864237,1.4149315300902108,0.1725526256207574,0.6211894522347267,6.798573449457842,3.4165419872909966,0.5521684019864237,0.31059472611736333,0.7592315527313326,1.2768894295936049,0.8792505204718946,0.5025380710659898,0.5625,0.3125,45.46394983252624,2.1500057152346375,1.3804210049660592,1.418742077855484,3.9790635468146656,6.290772995405364,4.188740895710538,0.17585010409437893,0.6104751916420021,0.42138980482065125,0.40837359032999254,0.43668690519719683,0.48471233076344633,0.3909055673684683,0.5999089629813305,0.5827068346419192,South Africa,AM,0.8518518518518519,27,AM:23 | CM:4,grid_centered_v2,False,AM,0.4692932433903172,0.09867245771484867
32893,27,15,1431.0,9.0,3.0,1.0,2.0,0.0,1088.0,981.0,8.0,8.0,5.0,15.0,87.0,47.0,5.0,4.0,5.0,17.0,0,0,Hiroki Itō,1.0,0.5660377358490566,0.18867924528301885,0.06289308176100629,0.12578616352201258,0.0,68.42767295597484,61.698113207547166,0.5031446540880503,0.5031446540880503,0.31446540880503143,0.9433962264150944,5.471698113207547,2.9559748427672954,0.31446540880503143,0.25157232704402516,0.31446540880503143,1.069182389937107,0.9016544117647058,0.5402298850574713,0.8,0.3333333333333333,54.340102432482425,1.6918238993710693,1.949685534591195,1.4339622641509433,3.1383647798742142,5.759054435046627,4.72634780400449,0.18033088235294117,0.7593253984086354,0.3932194366716296,0.45319436593250534,0.438043526485186,0.41895566279025315,0.34412356788083354,0.7697602416812785,0.6392116421377737,Japan,LB,0.6666666666666666,15,LB:10 | LCB:5,grid_centered_v2,False,FB,0.468702545166634,0.12336987390024973
30521,28,27,2229.0,24.0,10.0,2.0,0.0,0.0,1164.0,996.0,6.0,26.0,11.0,18.0,182.0,106.0,9.0,3.0,12.0,32.0,6,0,Merih Demiral,0.9116521378165214,0.8834314121505995,0.3680964217294165,0.0736192843458833,0.0,0.0,42.84642348930408,36.66240360424988,0.22085785303764988,0.9570506964964829,0.4049060639023581,0.6625735591129497,6.69935487547538,3.9018220703318147,0.33128677955647484,0.11042892651882494,0.44171570607529975,1.1779085495341328,0.8556701030927835,0.5824175824175825,0.3333333333333333,0.4166666666666667,41.11435885358172,0.8944743048024821,0.5521446325941247,1.9376225985215827,3.4932350422121625,7.209803645717288,3.7335797098290446,0.1711340206185567,0.5265868574808589,0.34593945095010714,0.3459609037478601,0.4833381527166957,0.44649927581928184,0.4761946958915165,0.4319710813207289,0.5208242754395195,Türkiye,RCB,0.7037037037037037,27,RCB:19 | RB:7 | LCB:1,grid_centered_v2,False,CB,0.4686367599031769,0.09884936947987057
6168,40,39,3402.0,21.0,11.0,1.0,1.0,0.0,1559.0,1248.0,12.0,37.0,36.0,39.0,310.0,174.0,23.0,18.0,14.0,37.0,6,0,Omar Alderete,0.9917107583774251,0.5509504213207918,0.28859307783470045,0.02623573434860913,0.02623573434860913,0.0,40.901509849481634,32.7421964670642,0.3148288121833096,0.9707221708985379,0.9444864365499287,1.0231936395957562,8.133077648068829,4.565017776657989,0.6034218900180099,0.47224321827496435,0.36730028088052785,0.9707221708985379,0.8005131494547787,0.5612903225806452,0.782608695652174,0.5238095238095238,39.04816579300283,1.9309500480576323,0.9313685693756242,1.6615352313765013,4.832622267013802,8.074895855063119,4.357350030626013,0.16010262989095575,0.4858980974799569,0.40784567668285715,0.3740254010851358,0.45842733560270005,0.5520086437263143,0.557860600010854,0.6584908541506335,0.3769026342487145,Paraguay,RB,0.625,40,RB:25 | LCB:14 | RCB:1,grid_centered_v2,False,FB,0.4685254048342254,0.08001322641986387
1902,31,28,2541.0,11.0,5.0,1.0,0.0,0.0,1579.0,1423.0,3.0,24.0,26.0,31.0,233.0,135.0,0.0,0.0,10.0,33.0,7,1,Duje Ćaleta-Car,1.0,0.3896103896103896,0.1770956316410862,0.03541912632821723,0.0,0.0,55.92680047225502,50.40141676505313,0.10625737898465171,0.8500590318772137,0.9208972845336482,1.0979929161747344,8.252656434474616,4.781582054309327,0.0,0.0,0.3541912632821724,1.1688311688311688,0.9012032932235592,0.5793991416309013,0.0,0.45454545454545453,47.90965730107304,0.36835891381345925,0.26564344746162927,1.4403778040141675,4.739079102715467,8.432412300925762,3.2924646894283245,0.18024065864471184,0.6552271626219766,0.3162688902102327,0.3254356753271324,0.4386156418594118,0.5446815822726964,0.5909621504380006,0.2825672788193352,0.6381054778318801,Croatia,RB,1.0,28,RB:28,grid_centered_v2,False,FB,0.4676392492510181,0.09258200997725514
37892,35,23,1987.0,26.0,10.0,5.0,0.0,0.0,467.0,317.0,17.0,18.0,1.0,4.0,254.0,111.0,23.0,10.0,33.0,30.0,2,0,Dennis Eckert Ayensa,0.9199999999999999,1.0834423754403621,0.4167086059386009,0.20835430296930044,0.0,0.0,19.46029189733266,13.209662808253647,0.7084046300956215,0.7500754906894815,0.04167086059386009,0.16668344237544036,10.584398590840463,4.62546552591847,0.9584297936587819,0.4167086059386009,1.375138399597383,1.2501258178158026,0.6788008565310493,0.43700787401574803,0.43478260869565216,0.38461538461538464,27.143962027267172,3.0044690488173122,1.7710115752390538,3.019457241299214,1.7293407146451938,7.786675358333101,3.2332047776918813,0.13576017130620985,0.26996755325924743,0.4751745919624709,0.4390089233106751,0.5805876441396475,0.31589502320169627,0.5307808365807487,0.26499777118164636,0.14234478126905772,Iran,RW,0.8260869565217391,23,RW:19 | ST:4,grid_centered_v2,False,W,0.46729535409641465,0.10469597944874848
226,32,24,2172.0,25.0,9.0,5.0,4.0,0.0,672.0,554.0,22.0,30.0,0.0,13.0,208.0,101.0,31.0,8.0,21.0,30.0,2,0,Denzel Dumfries,1.0,1.0359116022099448,0.3729281767955801,0.20718232044198895,0.16574585635359115,0.0,27.845303867403317,22.955801104972377,0.9116022099447514,1.2430939226519337,0.0,0.5386740331491713,8.61878453038674,4.185082872928177,1.2845303867403315,0.3314917127071823,0.8701657458563536,1.2430939226519337,0.8244047619047619,0.4855769230769231,0.25806451612903225,0.36,34.96371020784004,2.904696132596685,3.1906077348066297,2.8995580110497237,3.314917127071823,7.315846791330217,3.444716051117539,0.16488095238095238,0.40651642737815613,0.46883993412004166,0.5525479305434431,0.5699768549925084,0.4326069172312706,0.48622491553256775,0.3307774880335089,0.43810424225737293,Netherlands,RB,0.8846153846153846,26,CM:23 | DM:3,public_anchor,False,FB,0.4671517759449385,0.10013802629067672
706,29,22,1967.0,5.0,1.0,0.0,3.0,0.0,770.0,595.0,15.0,50.0,4.0,16.0,167.0,88.0,23.0,11.0,11.0,18.0,1,0,Joshua Brenet,0.8920132180986273,0.20407013123761175,0.04081402624752235,0.0,0.12244207874256705,0.0,31.426800210592212,24.2843456172758,0.6122103937128353,2.0407013123761177,0.1632561049900894,0.6530244199603576,6.815942383336233,3.5916343097819667,0.9387226036930141,0.44895428872274584,0.44895428872274584,0.7346524724554023,0.7727272727272727,0.5269461077844312,0.4782608695652174,0.2,34.684662700373984,2.448841574851341,2.203957417366207,0.4571396367465313,5.158892917686826,6.609126357048047,3.7174212650801857,0.15454545454545454,0.40122068764095864,0.44005526082022206,0.4735079245158665,0.3536742578206291,0.5773687521653963,0.4199726846130132,0.4260672699629214,0.3104641606233979,Curaçao,RB,0.9130434782608695,23,RB:21 | RCB:2,grid_centered_v2,False,FB,0.46648392454009974,0.10522689552795156
13151,30,22,1714.0,7.0,1.0,0.0,1.0,0.0,869.0,733.0,10.0,36.0,6.0,28.0,173.0,91.0,25.0,17.0,19.0,39.0,9,1,Camilo Portilla,0.9149358226371063,0.33629496397979985,0.04804213771139998,0.0,0.04804213771139998,0.0,41.74861767120658,35.21488694245619,0.4804213771139998,1.7295169576103993,0.2882528262683999,1.3451798559191994,8.311289824072196,4.371834531737399,1.2010534427849995,0.8167163410937996,0.9128006165165996,1.8736433707445994,0.8434982738780207,0.5260115606936416,0.68,0.14285714285714285,40.83517755322147,3.3629496397979985,1.4652852001976995,0.3529732785102457,6.120568344432357,7.6986030265132825,4.236757113190961,0.16869965477560414,0.5210977141884189,0.4979862498277914,0.41497805756823547,0.3450977963312202,0.6493390627930476,0.5224621889229478,0.6169694584920573,0.4885059073133367,Colombia,AM,1.0,23,AM:23,grid_centered_v2,False,AM,0.4660534482332316,0.11272585263805059
354027,48,45,3955.0,13.0,5.0,4.0,0.0,0.0,2772.0,2528.0,9.0,63.0,26.0,36.0,333.0,189.0,6.0,4.0,19.0,47.0,5,2,Joel Ordóñez,0.9389506953223767,0.2777679680220432,0.106833833854632,0.08546706708370559,0.0,0.0,59.22867748900798,54.01518639690194,0.1923009009383376,1.3461063065683632,0.5555359360440864,0.7692036037533504,7.115133334718491,4.038318919705089,0.12820060062555838,0.08546706708370559,0.4059685686476016,1.0042380382335407,0.911976911976912,0.5675675675675675,0.6666666666666666,0.38461538461538464,49.836929471353066,0.7627935737220725,0.480752252345844,1.6025346732968988,4.57248808897825,7.356349190289827,4.538607175887536,0.18239538239538242,0.6886929951548407,0.33838851633125205,0.3407886450226689,0.4531264394123325,0.5315868192772534,0.49005925508877374,0.716452397553961,0.6641010900678376,Ecuador,RB,0.9069767441860465,43,RB:39 | RCB:4,grid_centered_v2,False,FB,0.4656128757581264,0.07420884868913803
37143,30,19,1882.0,8.0,3.0,0.0,0.0,0.0,825.0,716.0,8.0,40.0,11.0,21.0,122.0,68.0,13.0,7.0,7.0,16.0,2,0,Lutsharel Geertruida,1.0,0.38257173219978746,0.1434643995749203,0.0,0.0,0.0,39.45270988310308,34.24017003188098,0.38257173219978746,1.9128586609989373,0.5260361317747078,1.004250797024442,5.834218916046758,3.2518597236981934,0.6216790648246546,0.33475026567481403,0.33475026567481403,0.7651434643995749,0.8678787878787879,0.5573770491803278,0.5384615384615384,0.375,40.215832608765666,1.6928799149840597,0.9564293304994687,0.9508501594048884,6.03028692879915,6.224734760718453,4.1685458693266915,0.1735757575757576,0.5089041359200158,0.3932836298999713,0.37591269307433517,0.3955367306863822,0.6428100314910931,0.38496453730300884,0.592657846402612,0.553066072443842,Netherlands,RB,0.7368421052631579,19,RB:14 | LB:3 | RCB:2,grid_centered_v2,False,FB,0.46469968774143683,0.10757692549540339
30827,26,24,2156.0,15.0,9.0,6.0,1.0,0.0,1143.0,995.0,5.0,34.0,16.0,37.0,219.0,127.0,1.0,0.0,17.0,34.0,7,1,Martin Erlić,0.8738311688311688,0.5471577355853794,0.3282946413512276,0.21886309423415173,0.03647718237235863,0.0,41.69341945160591,36.294796460496826,0.18238591186179312,1.2402242006601933,0.583634917957738,1.349655747777269,7.988502939546539,4.632602161289546,0.03647718237235863,0.0,0.6201121003300967,1.2402242006601933,0.8705161854768154,0.5799086757990868,0.0,0.6,40.88971521386664,0.638350691516276,0.6565892827024552,3.410517251764932,5.5737134664963985,8.225369053202623,3.179552183435673,0.1741032370953631,0.5221704525283354,0.3313274094584325,0.3535935572865697,0.6146342629305066,0.6090161620646657,0.5718730091388479,0.24970652650886627,0.5599822308053556,Croatia,RB,0.5925925925925926,27,RB:16 | RCB:11,grid_centered_v2,True,FB,0.4644549733487092,0.10050890913907348
510799,31,30,2686.0,17.0,5.0,0.0,0.0,0.0,1565.0,1338.0,5.0,51.0,22.0,25.0,204.0,133.0,13.0,9.0,27.0,12.0,3,0,Mbekezeli Mbokazi,0.907241250930752,0.5167829910365044,0.15199499736367775,0.0,0.0,0.0,47.57443417483113,40.673861294520165,0.15199499736367775,1.550348973109513,0.6687779884001821,0.7599749868183887,6.201395892438052,4.043066929873827,0.3951869931455621,0.27359099525461994,0.8207729857638597,0.36478799367282655,0.8549520766773163,0.6519607843137255,0.6923076923076923,0.29411764705882354,43.086287290334276,1.3679549762730998,0.37998749340919435,0.8010282904267959,5.046233912474102,7.6161760547645345,4.470087388756118,0.17099041533546327,0.5651002738959539,0.37371551514963924,0.33355268327990917,0.3826382355493077,0.568651113964848,0.5146653653795841,0.6952395755795523,0.5189199724210616,South Africa,RB,0.5333333333333333,30,RB:16 | LCB:8 | RCB:4 | LB:2,grid_centered_v2,True,FB,0.46355427275896266,0.09004838609973
50042,30,28,2509.0,14.0,3.0,0.0,1.0,0.0,1225.0,959.0,10.0,35.0,29.0,37.0,205.0,126.0,9.0,5.0,16.0,26.0,7,0,Marwane Saadane,0.9204145077720209,0.4622249022689305,0.09904819334334224,0.0,0.03301606444778074,0.0,40.44467894853141,31.66240580542173,0.33016064447780746,1.155562255672326,0.9574658689856416,1.2215943845678876,6.7682932117950525,4.160024120420374,0.2971445800300267,0.16508032223890373,0.5282570311644919,0.8584176756422994,0.7828571428571428,0.6146341463414634,0.5555555555555556,0.21428571428571427,38.43185538722332,1.2711184812395586,1.0069899656573127,0.5672388992521077,5.576413285230167,7.667936207612914,3.917180244485201,0.15657142857142858,0.47377307897100523,0.3679595426888879,0.37973178664243307,0.3628426097009204,0.6092194665714229,0.5195624685643054,0.5000093081715223,0.33396257620512115,Morocco,RB,0.8571428571428571,28,RB:24 | RCB:4,grid_centered_v2,False,FB,0.46342657600802334,0.09317053881196008
21101,40,37,3285.0,18.0,8.0,3.0,0.0,0.0,1759.0,1487.0,26.0,74.0,8.0,21.0,247.0,116.0,27.0,15.0,17.0,42.0,8,0,Samuel Moutoussamy,0.8713850837138508,0.4297241508725839,0.1909885114989262,0.07162069181209732,0.0,0.0,41.9935989658264,35.49998957486291,0.6207126623715101,1.7666437313650676,0.1909885114989262,0.5013448426846813,5.896770292529347,2.7693334167344297,0.644586226308876,0.35810345906048663,0.40585058693521814,1.0026896853693625,0.8453666856168277,0.46963562753036436,0.5555555555555556,0.4444444444444444,41.27271199978559,2.2154667333875437,1.5517816559287754,1.729238339484164,4.392735764475304,5.285973666019294,4.0664224758414935,0.16907333712336556,0.5296975605498947,0.4254612845917176,0.42174112405579145,0.46452165452245625,0.5174090965438318,0.30486892988296593,0.5554314000737117,0.4934673797714509,Congo DR,AM,0.7837837837837838,37,AM:29 | CM:4 | DM:4,grid_centered_v2,False,AM,0.46291496654572717,0.08142565312173658
127227,42,39,3565.0,25.0,6.0,0.0,1.0,0.0,2337.0,2028.0,24.0,45.0,21.0,47.0,243.0,131.0,12.0,5.0,13.0,34.0,3,0,Israel Reyes,0.9138849929873774,0.5767857599499576,0.13842858238798983,0.0,0.023071430397998305,0.0,53.91793284012204,46.78886084714056,0.5537143295519593,1.0382143679099236,0.48450003835796435,1.0843572287059202,5.606357586713588,3.022357382137778,0.27685716477597966,0.11535715198999152,0.29992859517397796,0.7844286335319424,0.8677792041078306,0.5390946502057613,0.4166666666666667,0.24,47.0649785398546,1.4350429707554946,1.511178691068889,0.6738000153431858,4.570450361843464,5.848584285610173,3.940110783777156,0.17355584082156614,0.6400343666460628,0.3777244145882847,0.41856260191291744,0.37181241403355925,0.5314263383615432,0.35181985426436474,0.5085590316039196,0.5528045096510257,Mexico,RB,0.825,40,RB:33 | RCB:5 | LCB:2,grid_centered_v2,False,FB,0.46247886446188674,0.07816263118937337
51016,48,32,2725.0,32.0,15.0,7.0,1.0,0.0,678.0,554.0,24.0,43.0,2.0,24.0,327.0,142.0,106.0,35.0,58.0,29.0,9,0,Tajon Buchanan,1.0,1.0568807339449542,0.4954128440366972,0.2311926605504587,0.03302752293577982,0.0,22.392660550458714,18.297247706422016,0.7926605504587155,1.420183486238532,0.06605504587155964,0.7926605504587155,10.799999999999999,4.6899082568807335,3.5009174311926605,1.1559633027522935,1.9155963302752292,0.9577981651376146,0.8171091445427728,0.43425076452599387,0.330188679245283,0.46875,32.089746962193175,5.274495412844036,2.163302752293578,3.4806192660550455,4.214311926605505,7.868623853211008,3.5512980811406027,0.16342182890855458,0.3532167923364762,0.6174975206174209,0.4702523951132203,0.6206308330322633,0.503308326803281,0.5385058369762251,0.36686322477103483,0.4191222050483719,Canada,CM,0.7714285714285715,35,CM:27 | AM:8,grid_centered_v2,False,CM,0.4622149190774499,0.08940168091517472
44791,24,14,1258.0,13.0,4.0,0.0,0.0,0.0,828.0,716.0,11.0,27.0,3.0,15.0,156.0,88.0,4.0,2.0,27.0,33.0,3,1,Aaron Tshibola,0.85,0.7905405405405405,0.24324324324324323,0.0,0.0,0.0,50.351351351351354,43.54054054054054,0.6689189189189189,1.6418918918918919,0.18243243243243243,0.9121621621621621,9.486486486486486,5.351351351351351,0.24324324324324323,0.12162162162162161,1.6418918918918919,2.006756756756757,0.8647342995169082,0.5641025641025641,0.5,0.3076923076923077,45.614303433868656,2.3290540540540543,1.6722972972972971,0.9559251559251559,4.980405405405405,9.184199584199582,3.991670533409663,0.17294685990338166,0.6132897801699935,0.43254981791220737,0.4312127381695268,0.39597631673038525,0.5635371309076835,0.6576391369770552,0.5277573941670699,0.5447934488658153,Congo DR,AM,0.7857142857142857,14,AM:11 | CM:3,grid_centered_v2,False,AM,0.46187438910280354,0.1315796167667685
44811,41,41,3638.0,21.0,8.0,2.0,3.0,0.0,2765.0,2499.0,15.0,36.0,29.0,24.0,307.0,198.0,5.0,5.0,14.0,33.0,3,0,Scott McKenna,0.871201209455745,0.45260315719388616,0.1724202503595757,0.043105062589893925,0.06465759388484088,0.0,59.592749030528346,53.859775706072455,0.3232879694242044,0.7758911266180907,0.6250234075534619,0.517260751078727,6.616627107548717,4.267401196399498,0.1077626564747348,0.1077626564747348,0.30173543812925746,0.7112335327332496,0.9037974683544304,0.6449511400651465,1.0,0.38095238095238093,50.058249711446926,1.0021927052150337,1.1638366899271357,1.3481336131273192,3.1186512783788256,7.909215095154736,5.164372912647905,0.1807594936708861,0.6924209331304305,0.3521747942447224,0.3916724513301912,0.4304060524769947,0.4174386629506401,0.5423256277579582,0.8653316699904754,0.6444462038351089,Scotland,RB,1.0,40,RB:40,grid_centered_v2,False,FB,0.46150784532668915,0.07737445274331962
94346,17,16,1095.0,5.0,2.0,0.0,6.0,0.0,480.0,372.0,12.0,10.0,2.0,7.0,76.0,36.0,17.0,9.0,9.0,7.0,0,0,Tim Payne,0.8810958904109588,0.3620942015387502,0.1448376806155001,0.0,0.43451304184650025,0.0,34.76104334772002,26.939808594483015,0.8690260836930005,0.7241884030775004,0.1448376806155001,0.5069318821542503,5.503831863389003,2.6070782510790016,1.2311202852317507,0.6517695627697504,0.6517695627697504,0.5069318821542503,0.775,0.47368421052631576,0.5294117647058824,0.4,36.75552167386001,3.5195556389566525,4.562386939388253,1.0027727528617,2.4767243385250515,5.0709621830895495,3.814360310108775,0.15500000000000003,0.44099046337239795,0.5079599982730171,0.6574073809635627,0.4000420180430093,0.36904348248334784,0.2878836795754191,0.4617437402631634,0.3156572940525475,New Zealand,RB,1.0,13,RB:13,grid_centered_v2,False,FB,0.46143369278381285,0.14103336824632712
24888,34,23,1873.0,24.0,7.0,3.0,4.0,0.0,524.0,407.0,22.0,16.0,0.0,16.0,165.0,64.0,36.0,13.0,28.0,38.0,6,0,Hee-Chan Hwang,1.0,1.1532301121195943,0.33635878270154834,0.14415376401494928,0.19220501868659906,0.0,25.178857447944477,19.556860651361454,1.0571276027762948,0.7688200747463962,0.0,0.7688200747463962,7.9284570208222105,3.075280298985585,1.7298451681793914,0.624666310731447,1.3454351308061934,1.825947677522691,0.7767175572519084,0.3878787878787879,0.3611111111111111,0.2916666666666667,32.86267998842531,4.137213027229045,3.699946609717032,2.207465741235095,2.921516284036306,5.469028782216181,3.377587151331379,0.1553435114503817,0.36725718042347116,0.5471594467198949,0.592578627848452,0.5077667603460531,0.4023589352314672,0.31976320728686725,0.30900025023599137,0.3196127342374099,South Korea,ST,0.5909090909090909,22,ST:13 | LW:6 | RW:3,grid_centered_v2,True,ST,0.46100335584513985,0.10783507606775843
2575,37,36,3244.0,15.0,4.0,3.0,0.0,0.0,1407.0,1293.0,7.0,64.0,29.0,37.0,248.0,170.0,5.0,3.0,32.0,39.0,10,1,Jackson Porozo,0.9168064118372382,0.38153164487677915,0.10174177196714111,0.07630632897535583,0.0,0.0,35.78766828944188,32.88802778837836,0.17804810094249693,1.6278683514742578,0.7376278467617731,0.9411113906960553,6.307989861962749,4.324025308603497,0.1271772149589264,0.07630632897535583,0.8139341757371289,0.9919822766796258,0.9189765458422174,0.6854838709677419,0.6,0.26666666666666666,39.434960578189276,0.9182194920034485,0.4451202523562423,1.2862224458901776,5.623776445483725,8.110087044948122,4.4912528767004885,0.1837953091684435,0.49351712267804704,0.3473095028773773,0.33822118969026227,0.4249171511051768,0.6127798315771168,0.5611467984443592,0.7018870571337857,0.6804841391384643,Ecuador,RB,1.0,38,RB:38,grid_centered_v2,False,FB,0.4603316717611373,0.08193859539640874
137223,37,35,3154.0,8.0,2.0,0.0,1.0,0.0,1861.0,1668.0,7.0,28.0,32.0,42.0,269.0,158.0,11.0,4.0,46.0,62.0,10,0,Jerome Opoku,0.9236746987951812,0.21085788938888092,0.05271447234722023,0.0,0.026357236173610115,0.0,49.05081651908842,43.96386993758167,0.1845006532152708,0.7380026128610832,0.8434315575555237,1.107003919291625,7.090096530701121,4.164443315430398,0.2899295979097113,0.10542894469444046,1.2124328639860653,1.6341486427638272,0.8962923159591617,0.587360594795539,0.36363636363636365,0.25,44.849176638999374,1.2018899695166212,0.6062164319930325,0.5738002612861083,4.470187255044276,7.592302425989174,3.89578090689963,0.17925846319183236,0.5988918139820371,0.3638674235306359,0.3499027809845738,0.3633922372890852,0.5235227571538601,0.5124056403276697,0.4920303927880511,0.6259708369371442,Ghana,RB,0.8333333333333334,36,RB:30 | LCB:3 | RCB:3,grid_centered_v2,False,FB,0.4595777019022909,0.08309943925237005
474630,35,33,2967.0,14.0,4.0,0.0,1.0,0.0,1918.0,1620.0,9.0,33.0,12.0,42.0,277.0,177.0,7.0,4.0,33.0,34.0,11,0,Khulumani Ndamane,0.85,0.36097067745197164,0.1031344792719919,0.0,0.025783619817997976,0.0,49.45298281092012,41.769464105156715,0.2320525783619818,0.8508594539939333,0.3094034378159757,1.0829120323559152,7.1420626895854395,4.5637007077856415,0.18048533872598582,0.1031344792719919,0.8508594539939333,0.8766430738119312,0.8446298227320125,0.6389891696750902,0.5714285714285714,0.2857142857142857,43.83369298993833,1.1009605662285136,0.7219413549039433,0.71581684240936,4.037714863498484,8.306148499925168,4.170240030098554,0.16892596454640252,0.5795199236899373,0.3579367108626316,0.35840792482421896,0.37537400725395836,0.48934666691817247,0.5793495588640454,0.5932677432248991,0.4915104698718739,South Africa,RB,0.45454545454545453,33,RB:15 | LCB:15 | RCB:2 | LB:1,grid_centered_v2,True,FB,0.45781449673704927,0.08567816659182137
2502,66,65,5750.0,35.0,12.0,7.0,1.0,0.0,2800.0,2349.0,30.0,80.0,61.0,62.0,504.0,307.0,5.0,3.0,27.0,58.0,10,0,Gustavo Gómez,0.9131530434782609,0.5002490586011342,0.17151396294896032,0.10004981172022685,0.014292830245746693,0.0,40.01992468809074,33.57385824725898,0.42878490737240077,1.1434264196597355,0.8718626449905482,0.8861554752362949,7.203586443856333,4.387898885444234,0.07146415122873347,0.04287849073724008,0.38590641663516073,0.8289841542533082,0.8389285714285715,0.6091269841269841,0.6,0.34285714285714286,39.83975021009992,1.071962268431002,1.1505728347826087,1.726232327604645,4.789527415349717,7.970439392002879,4.193582061310529,0.16778571428571432,0.5014937746308376,0.3562406602192437,0.3906574239685268,0.4642508288193953,0.5486357134012705,0.5480775254573937,0.6016408489193279,0.476382812448669,Paraguay,RB,0.9,70,RB:63 | RCB:7,grid_centered_v2,False,FB,0.45776531112158847,0.061545317343860706
47294,41,35,2836.0,45.0,23.0,4.0,6.0,0.0,637.0,430.0,29.0,16.0,3.0,12.0,292.0,103.0,70.0,15.0,36.0,33.0,3,0,Iñaki Williams,0.9971438645980254,1.4239889462700996,0.727816572538051,0.12657679522400886,0.18986519283601327,0.0,20.15735463942341,13.607005486580952,0.9176817653740642,0.5063071808960354,0.09493259641800664,0.37973038567202655,9.240106051352647,3.2593524770182283,2.215093916420155,0.4746629820900332,1.1391911570160798,1.0442585605980732,0.6750392464678179,0.3527397260273973,0.21428571428571427,0.5111111111111111,27.78215428018411,3.4080802114064386,3.3384629740332334,3.0537797855675644,1.7752395530167242,5.621312645907711,2.8059068539147614,0.13500784929356358,0.27999612049573325,0.500860660628374,0.564262799181603,0.5836118832875408,0.319040504113315,0.33244197819082016,0.160098964028698,0.1375347319078879,Ghana,AM,0.9714285714285714,35,AM:34 | CM:1,grid_centered_v2,False,AM,0.4575990535115973,0.08763464353514389
242,31,28,2249.0,8.0,2.0,1.0,1.0,0.0,1051.0,845.0,14.0,65.0,13.0,50.0,287.0,160.0,37.0,21.0,38.0,40.0,7,0,Ryan Thomas,0.9225389061805247,0.29534371385059044,0.07383592846264761,0.036917964231323805,0.036917964231323805,0.0,38.800780407121316,31.195679775468616,0.5168514992385332,2.399667675036047,0.4799335350072094,1.84589821156619,10.595455734389931,5.906874277011808,1.3659646765589806,0.7752772488577998,1.4028826407903043,1.476718569252952,0.8039961941008563,0.5574912891986062,0.5675675675675675,0.25,38.59395903420307,3.5699671411690117,1.4951775513686139,0.8987140136982971,8.539125126705196,9.942097855412351,3.940467331113825,0.16079923882017128,0.47695982285812505,0.5111695838915217,0.41731182421949775,0.3910306911584986,0.7991619797804554,0.7190901983572395,0.5086919448301341,0.3856327512344214,New Zealand,AM,1.0,27,AM:27,grid_centered_v2,False,AM,0.45623467184864436,0.09840886207639629
393977,21,19,1672.0,3.0,1.0,1.0,0.0,0.0,757.0,594.0,3.0,34.0,7.0,24.0,126.0,88.0,4.0,4.0,12.0,12.0,2,0,Adem Arous,0.9199999999999998,0.14856459330143537,0.04952153110047845,0.04952153110047845,0.0,0.0,37.487799043062196,29.4157894736842,0.14856459330143537,1.6837320574162675,0.3466507177033492,1.188516746411483,6.239712918660285,4.357894736842104,0.1980861244019138,0.1980861244019138,0.5942583732057415,0.5942583732057415,0.7846763540290621,0.6984126984126984,1.0,0.3333333333333333,36.783547606707415,1.059760765550239,0.3714114832535884,1.1321690590111642,5.789066985645932,8.19629072681704,4.7781916486103375,0.15693527080581243,0.4415351368286252,0.3555280931620813,0.33294038264517584,0.41134195516277283,0.6251087318844123,0.5691734208265435,0.7831784686057142,0.33827582774561177,Tunisia,RB,1.0,19,RB:19,grid_centered_v2,False,FB,0.4561616595209537,0.11413288653790232
146772,12,10,910.0,3.0,1.0,0.0,0.0,0.0,550.0,474.0,9.0,16.0,4.0,3.0,54.0,34.0,11.0,5.0,5.0,5.0,1,0,Youssef Belammari,0.85,0.2521978021978022,0.08406593406593407,0.0,0.0,0.0,46.23626373626374,39.84725274725275,0.7565934065934066,1.3450549450549452,0.3362637362637363,0.2521978021978022,4.53956043956044,2.8582417582417583,0.9247252747252748,0.42032967032967034,0.42032967032967034,0.42032967032967034,0.8618181818181818,0.6296296296296297,0.45454545454545453,0.3333333333333333,43.864960039960046,2.622857142857143,1.8914835164835164,0.7843589743589743,3.2953846153846156,5.89042735042735,4.052770932770933,0.17236363636363639,0.5801203872404431,0.45100653451079376,0.44856404092457797,0.38121293961817304,0.43109119833920395,0.35544368736410986,0.5503979396353238,0.5370993718456019,Morocco,LB,1.0,10,LB:10,grid_centered_v2,False,FB,0.4560472065983263,0.1547063862097035
406846,42,29,2644.0,32.0,18.0,3.0,4.0,0.0,764.0,531.0,24.0,65.0,12.0,42.0,330.0,165.0,75.0,24.0,57.0,40.0,4,0,Tyrese Noslin,0.9117889561270803,0.9931740520597546,0.558660404283612,0.093110067380602,0.12414675650746933,0.0,23.712030492926644,16.480481926366554,0.744880539044816,2.017384793246377,0.372440269522408,1.303540943328428,10.24210741186622,5.12105370593311,2.32775168451505,0.744880539044816,1.769091280231438,1.2414675650746934,0.6950261780104712,0.5,0.32,0.5625,29.5358292501684,4.0875319580084275,2.5450085084031215,2.652005105041873,6.648058810974983,8.669475188306354,3.109274217830674,0.13900523560209424,0.3086912187170825,0.5440215154999923,0.500880408773332,0.5478751305600705,0.6863193125926529,0.6124840009055688,0.2305866224076575,0.16471579247270418,Curaçao,AM,1.0,29,AM:29,grid_centered_v2,False,AM,0.4556166063298749,0.09076077848245519
37066,34,26,2442.0,12.0,7.0,1.0,0.0,0.0,1339.0,1178.0,5.0,37.0,23.0,50.0,181.0,112.0,10.0,5.0,19.0,33.0,3,1,Roshon van Eijma,0.8508599508599509,0.37630169816902004,0.2195093239319284,0.03135847484741834,0.0,0.0,41.98899782069316,36.940283370258804,0.1567923742370917,1.1602635693544787,0.7212449214906218,1.567923742370917,5.67588394738272,3.5121491829108544,0.3135847484741834,0.1567923742370917,0.5958110221009484,1.0348296699648052,0.8797610156833457,0.6187845303867403,0.5,0.5833333333333334,41.202659159869754,0.9721127202699684,0.39198093559272923,1.724847518950713,6.01769132321958,6.773362447235416,4.143890993449221,0.17595220313666915,0.5283217065554241,0.35042841056212315,0.33440992013504295,0.46412607199927564,0.6418948383655216,0.4352020468300952,0.5837506768835645,0.5840251821860099,Curaçao,RB,0.8148148148148148,27,RB:22 | LCB:3 | RCB:2,grid_centered_v2,False,FB,0.4555567987583067,0.0944400281603035
32887,38,32,2735.0,25.0,13.0,0.0,6.0,0.0,1263.0,1006.0,23.0,41.0,7.0,13.0,164.0,84.0,30.0,12.0,13.0,26.0,2,1,Yukinari Sugawara,0.9980109689213894,0.8210327897890771,0.4269370506903201,0.0,0.19704786954937853,0.0,41.47857654014418,33.03835946111247,0.755350166605951,1.3464937752540866,0.2298891811409416,0.4269370506903201,5.385975101016347,2.7586701736912995,0.9852393477468927,0.39409573909875706,0.4269370506903201,0.8538741013806402,0.7965162311955661,0.5121951219512195,0.4,0.52,40.08896555616594,2.5583381729827646,2.9721386990364596,1.6377118709664482,3.5304409960930316,5.398723609021477,3.6443749298545183,0.15930324623911324,0.5064046111906053,0.4469400621195853,0.5351346329960338,0.45628572786585647,0.4494092230239342,0.313997049994213,0.39966339537118867,0.36698236045265825,Japan,RB,1.0,31,RB:31,grid_centered_v2,False,FB,0.45544989741153424,0.08923809124304492
175439,27,16,1399.0,17.0,9.0,0.0,0.0,0.0,491.0,423.0,12.0,18.0,6.0,21.0,101.0,49.0,9.0,5.0,9.0,18.0,3,1,Homam Ahmed,0.8631879914224448,0.9440154588108225,0.4997728899586707,0.0,0.0,0.0,27.265387663300814,23.489325828057524,0.6663638532782276,0.9995457799173414,0.3331819266391138,1.1661367432368983,5.608562431758416,2.7209857342194295,0.4997728899586707,0.2776516055325948,0.4997728899586707,0.9995457799173414,0.8615071283095723,0.48514851485148514,0.5555555555555556,0.5294117647058824,35.139830362781126,2.143470394711632,1.665909633195569,1.7585055753539036,4.497956009628036,5.264825572461657,4.12937069263071,0.17230142566191448,0.4098701269643152,0.42098390409654296,0.4307093875117006,0.4671595465627777,0.525713073555475,0.30317347382856114,0.5784787634433999,0.5362775586908847,Qatar,RCB,0.8125,16,RCB:13 | LB:3,grid_centered_v2,False,CB,0.4551458633512764,0.12477284578397724
39254,44,38,3414.0,12.0,4.0,0.0,0.0,0.0,1981.0,1833.0,7.0,56.0,13.0,37.0,263.0,136.0,13.0,10.0,16.0,45.0,2,1,Torbjørn Heggem,0.9782132396016404,0.3094523429319777,0.10315078097732588,0.0,0.0,0.0,51.08542427902064,47.26884538285959,0.18051386671032033,1.4441109336825626,0.33524003817630915,0.9541447240402644,6.782163849259177,3.5071265532290803,0.33524003817630915,0.2578769524433147,0.41260312390930354,1.1604462859949163,0.9252902574457345,0.5171102661596958,0.7692307692307693,0.3333333333333333,46.481725095123295,1.1759189031415151,0.4512846667758008,0.8110777600349228,4.876453170703082,6.4613079729997995,4.73713968925974,0.1850580514891469,0.629375254213725,0.3623372954871976,0.3386646891962819,0.3834984851051713,0.5554342797134694,0.4063939588777833,0.7726006599938785,0.6948903645835205,Norway,RB,0.8157894736842105,38,RB:31 | LCB:5 | LB:1 | RCB:1,grid_centered_v2,False,FB,0.4547923283300695,0.07987248184929686
343287,29,13,1235.0,24.0,10.0,0.0,1.0,0.0,177.0,106.0,11.0,6.0,0.0,3.0,188.0,73.0,20.0,10.0,10.0,22.0,2,0,Dailon Rocha Livramento,0.931336032388664,1.6288954088741008,0.6787064203642086,0.0,0.06787064203642086,0.0,12.013103640446493,7.1942880558606115,0.7465770624006295,0.4072238522185252,0.0,0.2036119261092626,12.759680702847122,4.954556868658724,1.3574128407284172,0.6787064203642086,0.6787064203642086,1.493154124801259,0.5988700564971752,0.3882978723404255,0.5,0.4166666666666667,21.870802175431557,3.3799579734137586,2.2397311872018886,1.7835223218432255,1.1402267862118705,8.10127323314349,3.0319120166921825,0.11977401129943505,0.19616292977214955,0.4990695220495558,0.4763744769029779,0.46941579884881796,0.27707373081153863,0.5603242450416129,0.21075307834768905,0.06628289073416552,Cape Verde Islands,RW,0.6,10,RW:6 | ST:4,grid_centered_v2,False,W,0.45431210720246606,0.13279920003661308
50006,41,28,2350.0,6.0,0.0,0.0,2.0,0.0,1053.0,801.0,23.0,59.0,11.0,26.0,230.0,125.0,16.0,10.0,28.0,21.0,1,0,Amir Hadžiahmetović,0.9266425531914895,0.21293062924400183,0.0,0.0,0.07097687641466728,0.0,37.36932543232232,28.426239004074247,0.8162340787686737,2.0938178542326846,0.39037282028067005,0.9226993933906746,8.162340787686738,4.4360547759167055,0.5678150113173382,0.3548843820733364,0.9936762698053418,0.7452572023540065,0.7606837606837606,0.5434782608695652,0.625,0.0,37.46575861917641,2.8532704318696247,2.4309580172023546,0.0,6.043681026708919,7.840911468892083,3.9451638905526676,0.15213675213675215,0.45483397598491715,0.4655786658410051,0.4917192623865673,0.3168013406328847,0.6437821009294129,0.5358953685969227,0.5104425999980042,0.283753886129401,Bosnia & Herzegovina,AM,0.6428571428571429,28,AM:18 | CM:10,grid_centered_v2,False,AM,0.4540917387910238,0.0962708943886104
48119,40,27,2534.0,7.0,2.0,1.0,0.0,0.0,1577.0,1463.0,5.0,38.0,19.0,27.0,171.0,82.0,18.0,10.0,7.0,26.0,3,0,Odilon Kossounou,0.9886661404893448,0.24580097415480948,0.07022884975851698,0.03511442487925849,0.0,0.0,55.37544803459065,51.37240359835518,0.17557212439629247,1.334348145411823,0.6671740727059114,0.9480894717399794,6.004566654353203,2.879382840099197,0.6320596478266529,0.35114424879258493,0.24580097415480948,0.9129750468607208,0.927710843373494,0.47953216374269003,0.5555555555555556,0.2857142857142857,48.462866948695726,1.3167909329721934,0.43893031099073115,0.9506643601245631,5.031897085197743,5.469732467366946,4.365762813555448,0.1855421686746988,0.6650105160634365,0.37066974612842346,0.33777613956228614,0.3955206403235172,0.56753854401812,0.3198212041021312,0.6613070541209495,0.7003158693353759,Ivory Coast,RB,0.7407407407407407,27,RB:20 | RCB:7,grid_centered_v2,False,FB,0.45392257518687346,0.09270979749146073
1324,26,25,2112.0,10.0,4.0,2.0,1.0,0.0,932.0,783.0,10.0,22.0,9.0,22.0,190.0,66.0,6.0,5.0,10.0,40.0,8,0,Ivan Šunjić,0.9215909090909091,0.3927233987603306,0.15708935950413225,0.07854467975206612,0.03927233987603306,0.0,36.601820764462815,30.750242122933887,0.3927233987603306,0.8639914772727274,0.35345105888429756,0.8639914772727274,7.461744576446282,2.591974431818182,0.23563403925619836,0.1963616993801653,0.3927233987603306,1.5708935950413223,0.8401287553648069,0.3473684210526316,0.8333333333333334,0.4,38.2594850256491,1.3941680655991737,1.1978063662190084,1.648282541322314,3.6719637784090913,4.6708694677033495,4.453726524594571,0.1680257510729614,0.47038685330717045,0.3752798710225387,0.39427626573126057,0.45723578657263464,0.46050798119647857,0.2578301700453302,0.6900444981245724,0.47956470440805526,Bosnia & Herzegovina,AM,0.8222222222222222,45,AM:37 | CM:6 | DM:2,grid_centered_v2,False,AM,0.4539187549123069,0.10155048005794949
20655,27,17,1619.0,5.0,3.0,1.0,2.0,0.0,759.0,608.0,7.0,35.0,5.0,20.0,134.0,69.0,11.0,4.0,7.0,13.0,5,0,Jean-Kévin Duverne,0.91651019147622,0.2547434133195176,0.1528460479917106,0.05094868266390353,0.10189736532780706,0.0,38.67005014190278,30.976799059653345,0.35664077864732474,1.7832038932366236,0.2547434133195176,1.0189736532780704,6.827123476963073,3.5154591038093437,0.5604355093029388,0.20379473065561413,0.35664077864732474,0.6623328746307459,0.8010540184453228,0.5149253731343284,0.36363636363636365,0.6,38.141154582283974,1.3297606175278824,1.4520374559212508,1.821573928499623,5.527932069033533,6.466418864736066,3.611218038387356,0.16021080368906457,0.46806380302935585,0.3714408629281757,0.41394498695632015,0.47285002884276495,0.6055629728702833,0.4068611957555422,0.3878584093982318,0.37825323201532335,Haiti,RB,0.6842105263157895,19,RB:13 | RCB:3 | LCB:3,grid_centered_v2,False,FB,0.4529494452545491,0.1159859845423284
135334,34,33,3010.0,9.0,8.0,4.0,1.0,0.0,1347.0,1182.0,10.0,53.0,28.0,36.0,226.0,119.0,2.0,0.0,15.0,35.0,6,0,Santiago Bueno,1.0,0.2691029900332226,0.23920265780730898,0.11960132890365449,0.029900332225913623,0.0,40.27574750830565,35.3421926910299,0.29900332225913623,1.584717607973422,0.8372093023255814,1.0764119601328903,6.7574750830564785,3.558139534883721,0.059800664451827246,0.0,0.4485049833887043,1.0465116279069768,0.8775055679287305,0.5265486725663717,0.0,0.8888888888888888,40.65973222147407,0.7624584717607974,0.9119601328903655,3.069472129937246,5.92624584717608,6.561041366536324,3.198168026544547,0.1755011135857461,0.517645490068389,0.33836940330769255,0.3725664038117572,0.5849924929006732,0.6352197429515012,0.4155411865654744,0.2549447585678564,0.57819168933151,Uruguay,RB,0.9696969696969697,33,RB:32 | LB:1,grid_centered_v2,False,FB,0.45290568339307696,0.08506397826736706
162891,33,31,2838.0,19.0,8.0,2.0,9.0,0.0,1231.0,1019.0,53.0,55.0,4.0,27.0,234.0,121.0,31.0,6.0,21.0,28.0,6,1,Juan Manuel Sanabria,0.9235588442565188,0.5564783733892343,0.23430668353230918,0.058576670883077296,0.26359501897384785,0.0,36.053940928534075,29.844813814927882,1.5522817784015484,1.6108584492846258,0.11715334176615459,0.7907850569215435,6.853470493320043,3.5438885884261766,0.9079383986876981,0.1757300126492319,0.6150550442723116,0.8200733923630822,0.8277822908204712,0.5170940170940171,0.1935483870967742,0.42105263157894735,40.02339424515522,3.540959754882023,5.3304770503600345,1.638747987167746,4.609983998498184,6.512726075078698,3.386856850094403,0.16555645816409426,0.505112596954463,0.5093228451361769,0.7106556962544562,0.4563788367948894,0.5345386040788481,0.41110217980165276,0.31196019820153037,0.4469573153216261,Uruguay,RCB,0.875,32,RCB:28 | LB:2 | RB:2,grid_centered_v2,False,CB,0.45269009526672105,0.08760375907831332
2539,13,11,1027.0,1.0,0.0,0.0,1.0,0.0,640.0,560.0,4.0,41.0,9.0,9.0,133.0,76.0,9.0,6.0,16.0,24.0,5,0,Ahmed Fathy,0.8720545277507303,0.07642152628779526,0.0,0.0,0.07642152628779526,0.0,48.90977682418896,42.79605472116534,0.30568610515118105,3.133282577799606,0.6877937365901573,0.6877937365901573,10.164062996276769,5.808035997872439,0.6877937365901573,0.45852915772677155,1.2227444206047242,1.8341166309070862,0.875,0.5714285714285714,0.6666666666666666,0.0,44.4957717811874,2.3079300938914167,1.1845336574608265,0.0,7.772069223468779,9.845536111307128,4.344342098098862,0.17500000000000002,0.5921817970572475,0.4312293729173152,0.39325817391772555,0.3168013406328847,0.7573975400078554,0.7116408542213405,0.6541143787336802,0.5716856728195584,Qatar,AM,0.9090909090909091,11,AM:10 | CM:1,grid_centered_v2,False,AM,0.45237286551833994,0.14562760794142698
292,35,24,2106.0,5.0,1.0,1.0,3.0,0.0,1289.0,1018.0,21.0,31.0,7.0,19.0,108.0,53.0,9.0,3.0,8.0,14.0,6,0,Jordan Henderson,1.0,0.2136752136752137,0.042735042735042736,0.042735042735042736,0.12820512820512822,0.0,55.08547008547009,43.504273504273506,0.8974358974358975,1.324786324786325,0.29914529914529914,0.811965811965812,4.615384615384616,2.264957264957265,0.38461538461538464,0.12820512820512822,0.3418803418803419,0.5982905982905983,0.7897595034910784,0.49074074074074076,0.3333333333333333,0.2,46.3273209206103,2.106837606837607,2.948717948717949,0.8017094017094017,4.337606837606837,4.6431623931623935,3.512591310651823,0.15795190069821569,0.6265317530015013,0.41871067833571735,0.5332620009737781,0.3826965165325066,0.513054190403101,0.25582644880853467,0.3535591763961407,0.35046929421676376,England,DM,0.75,24,DM:18 | CM:5 | AM:1,grid_centered_v2,False,DM,0.451902363316201,0.10169503597462536
20649,33,13,1372.0,33.0,13.0,6.0,1.0,0.0,240.0,176.0,6.0,6.0,1.0,2.0,149.0,54.0,29.0,6.0,15.0,16.0,4,0,Yoane Wissa,0.9901603498542274,2.1434229147719064,0.844378724001054,0.3897132572312557,0.06495220953854262,0.0,15.588530289250228,11.4315888787835,0.3897132572312557,0.3897132572312557,0.06495220953854262,0.12990441907708525,9.67787922124285,3.507419315081301,1.8836140766177358,0.3897132572312557,0.9742831430781392,1.039235352616682,0.7333333333333333,0.3624161073825503,0.20689655172413793,0.3939393939393939,26.127598477958447,2.1629085776334693,1.3315202955401237,5.08771505933031,1.0327401316628277,5.997635363261471,3.0009080745138004,0.14666666666666667,0.2544717110474709,0.42219149725739696,0.40458275248391873,0.7454219803846395,0.2703161888815015,0.3648036216293047,0.2031638603596922,0.22854872562058917,Congo DR,RW,0.6153846153846154,13,RW:8 | ST:3 | LW:2,grid_centered_v2,False,W,0.45170177800644057,0.12599458547300005
341844,19,8,906.0,13.0,7.0,0.0,0.0,0.0,506.0,429.0,4.0,17.0,2.0,11.0,106.0,50.0,8.0,5.0,10.0,21.0,3,0,Mohammad Ghorbani,0.8649006622516556,1.1169246962852506,0.6014209903074427,0.0,0.0,0.0,43.47414587079514,36.85851497741327,0.3436691373185387,1.4605938336037894,0.17183456865926935,0.9450901276259813,9.107232138941276,4.295864216481733,0.6873382746370774,0.42958642164817334,0.8591728432963467,1.8042629709223281,0.8478260869565217,0.4716981132075472,0.625,0.5384615384615384,41.44635609040794,2.1221569229419766,0.8591728432963468,1.9189124633534966,4.70826718126398,7.429304242697068,4.136729511957059,0.16956521739130437,0.5331059813729435,0.4196608953008707,0.3686099937644958,0.48164595219462275,0.5422637419098654,0.49696851704803424,0.581152859402706,0.5,Iran,AM,0.75,8,AM:6 | CM:1 | DM:1,grid_centered_v2,False,AM,0.45169927142509264,0.15504752529253008
50958,24,12,1136.0,13.0,8.0,2.0,1.0,0.0,267.0,201.0,11.0,11.0,1.0,7.0,98.0,35.0,20.0,4.0,14.0,16.0,1,0,Derrick Etienne Junior,0.9164436619718309,0.9438724335449316,0.5808445744891887,0.14521114362229717,0.07260557181114859,0.0,19.38568767357667,14.593719934040864,0.7986612899226343,0.7986612899226343,0.07260557181114859,0.50823900267804,7.115346037492561,2.5411950133902,1.4521114362229717,0.29042228724459435,1.01647800535608,1.1616891489783774,0.7528089887640449,0.35714285714285715,0.2,0.6153846153846154,29.141106752055894,2.671885042650268,2.3959838697679032,3.2056407840324725,2.5339344562090855,4.629101590174852,3.0447534716130296,0.15056179775280898,0.3020911689268552,0.4541010543215551,0.4889107805623318,0.5969144369787835,0.37326660289810426,0.2548135163914951,0.21395669631255032,0.2670603538782463,Haiti,ST,0.5,14,ST:7 | RW:5 | LW:2,grid_centered_v2,True,ST,0.4516241428909573,0.1384649241189537
304228,22,13,1451.0,8.0,3.0,0.0,2.0,0.0,1252.0,1139.0,6.0,16.0,10.0,7.0,86.0,43.0,4.0,4.0,8.0,18.0,3,0,Zeno Debast,0.9255754651964161,0.45927934868464476,0.1722297557567418,0.0,0.11481983717116119,0.0,71.8772180691469,65.3898972689763,0.3444595115134836,0.9185586973692895,0.5740991858558059,0.4018694300990642,4.937252998359931,2.4686264991799654,0.22963967434232238,0.22963967434232238,0.45927934868464476,1.0333785345404507,0.9097444089456869,0.5,1.0,0.375,55.777277377785246,1.4237659809223988,1.4926578832250956,0.9911216580594385,3.0886536199042363,4.956077098851951,5.101435148546668,0.18194888178913737,0.7794169382172879,0.37704936148685897,0.41711496319760116,0.3990295589163089,0.4151332771841703,0.27904294344556724,0.8540122190742705,0.6587891768539845,Belgium,RB,0.9230769230769231,13,RB:12 | RCB:1,grid_centered_v2,False,FB,0.4513448965338974,0.12251668334614357
30484,28,10,1049.0,20.0,10.0,4.0,1.0,0.0,275.0,201.0,7.0,12.0,5.0,13.0,128.0,57.0,13.0,3.0,25.0,20.0,7,1,Mattias Svanberg,1.0,1.7159199237368923,0.8579599618684461,0.3431839847473785,0.08579599618684462,0.0,23.59389895138227,17.24499523355577,0.6005719733079123,1.0295519542421354,0.42897998093422307,1.11534795042898,10.981887511916112,4.890371782650143,1.11534795042898,0.25738798856053385,2.1448999046711155,1.7159199237368923,0.730909090909091,0.4453125,0.23076923076923078,0.5,30.09112574746512,2.7969494756911346,1.9733079122974264,4.946615824594852,4.55576739752145,8.1824579957102,3.0144178396674826,0.1461818181818182,0.31810956640987414,0.46201033796458796,0.4550760292642472,0.7356021941483092,0.5302697933908015,0.5678877558819789,0.20644552544841394,0.22403893755250823,Sweden,AM,0.6,10,AM:6 | CM:4,grid_centered_v2,False,AM,0.45069916026771983,0.1440924393478589
2807,46,42,3701.0,10.0,3.0,1.0,2.0,0.0,2197.0,1913.0,30.0,90.0,15.0,40.0,303.0,158.0,10.0,3.0,32.0,47.0,6,0,Remo Freuler,0.9813888138340988,0.23865169750086165,0.0715955092502585,0.023865169750086165,0.04773033950017233,0.0,52.431777940939305,45.65406973191484,0.7159550925025849,2.1478652775077545,0.35797754625129247,0.9546067900034466,7.231146434276108,3.7706968205136144,0.23865169750086165,0.0715955092502585,0.7636854320027573,1.1216629782540497,0.8707328174783796,0.5214521452145214,0.3,0.3,46.79453069538735,1.8495506556316779,2.05240459850741,0.8911550709510512,6.169146380397272,6.843331984362624,3.7064126809998132,0.17414656349567592,0.6351082909549438,0.4028470927583008,0.46138559550849506,0.3903789042848567,0.6528293426429199,0.44172930129223703,0.4220569941489662,0.5605493177318316,Switzerland,AM,0.8095238095238095,42,AM:34 | DM:5 | CM:3,grid_centered_v2,False,AM,0.4502126505900745,0.07671307563943103
305832,28,17,1842.0,28.0,11.0,2.0,1.0,0.0,728.0,535.0,15.0,65.0,3.0,21.0,326.0,154.0,37.0,15.0,37.0,46.0,8,0,Matías Galarza,0.9337350705754615,1.2774225721227812,0.5018445819053783,0.09124446943734152,0.04562223471867076,0.0,33.212986875192314,24.407895574488858,0.6843335207800614,2.965445256713599,0.13686670415601226,0.9580669290920859,14.872848518286666,7.025824146675297,1.6880226845908182,0.6843335207800614,1.6880226845908182,2.0986227970588547,0.7348901098901099,0.4723926380368098,0.40540540540540543,0.39285714285714285,34.68676388264941,3.786645481649673,1.9617560929028426,2.218252455880547,7.404488694840264,11.253331719455844,3.3229123457951304,0.14697802197802198,0.4012604793153957,0.5249512143057533,0.45415569425633395,0.5087432750624079,0.7354023709926076,0.8079539941293197,0.2918640382837699,0.23147827478104077,Paraguay,AM,0.5882352941176471,17,AM:10 | CM:7,grid_centered_v2,True,AM,0.44973533361643,0.10873869704262455
2912,21,17,1543.0,2.0,2.0,0.0,2.0,0.0,745.0,642.0,13.0,14.0,5.0,25.0,90.0,43.0,24.0,13.0,10.0,8.0,4,0,Moon-hwan Kim,0.856902138690862,0.09996266037871364,0.09996266037871364,0.0,0.09996266037871364,0.0,37.23609099107083,32.08801398156708,0.6497572924616387,0.6997386226509955,0.24990665094678408,1.2495332547339204,4.498319717042114,2.149197198142343,1.1995519245445636,0.6497572924616387,0.49981330189356815,0.39985064151485455,0.8617449664429531,0.4777777777777778,0.5416666666666666,1.0,39.59937969197898,3.043863008531831,2.1741878632370217,2.139947724530199,4.033493346281095,4.442209410732613,4.150230442340258,0.17234899328859063,0.49675694344222343,0.47767805992882056,0.4711238124923806,0.5016533455874156,0.4890130328766926,0.2416023570655613,0.5860464326310427,0.5369059524908275,South Korea,RB,1.0,28,RB:28,grid_centered_v2,False,FB,0.44937559007034944,0.1188080792240902
2749,30,21,1973.0,16.0,6.0,0.0,1.0,0.0,895.0,657.0,14.0,41.0,11.0,29.0,226.0,122.0,22.0,13.0,15.0,23.0,4,1,Jackson Irvine,1.0,0.7298530157121136,0.2736948808920426,0.0,0.0456158134820071,0.0,40.82615306639635,29.969589457678666,0.6386213887480994,1.870248352762291,0.5017739483020781,1.3228585909782058,10.309173846933604,5.565129244804866,1.0035478966041562,0.5930055752660923,0.6842372022301065,1.0491637100861633,0.7340782122905027,0.5398230088495575,0.5909090909090909,0.375,38.00096696463713,2.974151039026863,1.8474404460212874,1.1331728332488595,6.564115560060822,9.410649969275484,3.764906213386053,0.14681564245810055,0.465313453592896,0.473248739154369,0.4450660196043194,0.4114299960195796,0.6805755960364409,0.6766877634592682,0.44347062818314986,0.2299471774206733,Australia,AM,0.8571428571428571,21,AM:18 | DM:2 | CM:1,grid_centered_v2,False,AM,0.4483021316523793,0.10506677335221501
25915,41,35,2928.0,18.0,3.0,1.0,2.0,0.0,907.0,697.0,26.0,42.0,9.0,27.0,235.0,116.0,23.0,12.0,42.0,31.0,4,0,Phillipp Mwene,0.9672643442622949,0.5351667478500403,0.0891944579750067,0.029731485991668905,0.05946297198333781,0.0,26.966457794443695,20.722845736193225,0.7730186357833915,1.248722411650094,0.26758337392502013,0.8027501217750603,6.9868992080421926,3.4488523750335927,0.6838241778083848,0.3567778319000268,1.248722411650094,0.921676065741736,0.7684674751929438,0.49361702127659574,0.5217391304347826,0.16666666666666666,32.89263015889004,2.907739329985219,2.259592935366837,0.696057462431694,4.147542295837812,6.309244388876817,3.7524793212092113,0.15369349503858876,0.3678059676802269,0.46903301104432904,0.4779666833181253,0.37369737956518234,0.49802898963347453,0.392573207626881,0.43890091958233296,0.3008587335805495,Austria,LB,0.8285714285714286,35,LB:29 | RB:6,grid_centered_v2,False,FB,0.4480949470592433,0.08624688162573727
2530,21,20,1777.0,16.0,7.0,2.0,3.0,0.0,826.0,693.0,6.0,28.0,14.0,15.0,153.0,95.0,8.0,4.0,24.0,17.0,6,0,Pedro Miguel,0.8727912211592571,0.7072703199039563,0.30943076495798083,0.08840878998799453,0.13261318498199182,0.0,36.51283026504174,30.633645730840104,0.26522636996398363,1.2377230598319233,0.6188615299159617,0.663065924909959,6.763272434081582,4.199417524429741,0.35363515995197814,0.17681757997598907,1.0609054798559345,0.7514747148979536,0.8389830508474576,0.6209150326797386,0.5,0.4375,37.93580263038319,1.4499041558031105,1.392438442310914,2.0154733908451297,4.234781040424938,7.741929632240852,4.024688713846161,0.16779661016949154,0.46403569803745354,0.3786147458261385,0.40930688504881024,0.49038287609500897,0.5049266842303961,0.5265563386039378,0.5400123560232515,0.47652720709125174,Qatar,RB,0.8,20,RB:16 | RCB:4,grid_centered_v2,False,FB,0.44801555172208474,0.11070958525740755
73520,13,11,1043.0,10.0,5.0,1.0,1.0,0.0,477.0,387.0,15.0,27.0,0.0,5.0,80.0,41.0,5.0,1.0,6.0,14.0,2,0,Azizjon Ganiev,0.8674017257909875,0.7484770404716096,0.3742385202358048,0.07484770404716096,0.07484770404716096,0.0,35.70235483049577,28.966061466251286,1.1227155607074144,2.020888009273346,0.0,0.3742385202358048,5.9878163237728765,3.0687558659335994,0.3742385202358048,0.07484770404716096,0.4490862242829658,1.0478678566602535,0.8113207547169812,0.5125,0.2,0.5,38.59450966306246,2.432550381532731,3.218451274027921,2.122715560707414,4.386075457163632,5.833758212307038,3.320793212976614,0.16226415094339625,0.4769706508402023,0.43903282421579887,0.5547588986631193,0.5000929084580277,0.5168830932623434,0.35053989544943387,0.2912111938662814,0.4042274011392872,Uzbekistan,RW,1.0,11,RW:11,grid_centered_v2,False,W,0.44776886017107664,0.14450630072486473
33165,32,30,2711.0,15.0,6.0,0.0,0.0,0.0,1198.0,1013.0,11.0,43.0,7.0,38.0,170.0,102.0,4.0,2.0,20.0,29.0,6,0,Ayumu Seko,1.0,0.49797122832902985,0.19918849133161196,0.0,0.0,0.0,39.771302102545185,33.62965695315382,0.3651789007746219,1.4275175212098856,0.23238657322021394,1.2615271117668756,5.643673921062338,3.386204352637403,0.13279232755440795,0.06639616377720398,0.6639616377720398,0.9627443747694577,0.845575959933222,0.6,0.5,0.4,39.766842746025134,1.1552932497233492,0.9129472519365547,1.0788638878642567,5.34821099225378,6.540686093692364,4.022496309784721,0.1691151919866444,0.5000570222204171,0.36112408405292806,0.37264055312519734,0.40667485308527224,0.591907794483023,0.4136693141470098,0.5391999611703643,0.49402319525430494,Japan,RB,0.7,30,RB:21 | RCB:9,grid_centered_v2,False,FB,0.4463337258638769,0.08963222532684148
354753,32,26,2338.0,13.0,4.0,1.0,1.0,0.0,1833.0,1709.0,4.0,23.0,14.0,24.0,168.0,93.0,1.0,1.0,9.0,34.0,5,0,Ousmane Diomande,0.93669375534645,0.4687475165762817,0.14423000510039435,0.03605750127509859,0.03605750127509859,0.0,66.09339983725572,61.622269679143486,0.14423000510039435,0.8293225293272676,0.5048050178513803,0.8653800306023661,6.057660214216564,3.353347618584169,0.03605750127509859,0.03605750127509859,0.3245175114758873,1.2259550433533521,0.9323513366066557,0.5535714285714286,1.0,0.3076923076923077,53.33927335213225,0.5120165181064,0.5588912697640281,1.105766632725956,3.778826133630332,6.355400951732122,5.186581846083598,0.18647026732133115,0.7446145838337139,0.3242358314911908,0.3464515986673582,0.4090282571042171,0.46891517042076303,0.3967512220908627,0.8691454227879467,0.7105607994669408,Ivory Coast,RB,0.9615384615384616,26,RB:25 | LCB:1,grid_centered_v2,False,FB,0.44588445425301504,0.09651763779473037
42288,14,11,1021.0,5.0,2.0,1.0,1.0,0.0,552.0,476.0,4.0,15.0,6.0,15.0,82.0,50.0,0.0,0.0,8.0,7.0,2,0,Lucas Mendes,0.8519098922624877,0.37547448728513166,0.15018979491405268,0.07509489745702634,0.07509489745702634,0.0,41.45238339627854,35.745171189544536,0.30037958982810536,1.126423461855395,0.450569384742158,1.126423461855395,6.1577815914761596,3.754744872851317,0.0,0.0,0.6007591796562107,0.5256642821991844,0.8623188405797102,0.6097560975609756,0.0,0.4,40.81230272247431,0.8410628515186951,1.1639709105839082,1.6110248925358845,4.776035478266875,7.08591111467477,3.219965238477441,0.17246376811594205,0.5206477150854196,0.34286706311468995,0.391682727481521,0.45388861604623315,0.5475787978570152,0.4645010170082209,0.26116935463548585,0.5384217029682737,Qatar,RB,0.8181818181818182,11,RB:9 | RCB:2,grid_centered_v2,False,FB,0.4457197352438568,0.1460548781249501
47988,32,27,2412.0,6.0,2.0,1.0,0.0,0.0,1599.0,1534.0,2.0,29.0,22.0,28.0,156.0,87.0,2.0,1.0,12.0,28.0,4,1,Carl Starfelt,0.9711442786069652,0.21742036088215638,0.07247345362738546,0.03623672681369273,0.0,0.0,57.94252617509468,55.587138932204645,0.07247345362738546,1.0508650775970891,0.79720798990124,1.0146283507833964,5.652929382936065,3.1525952327912674,0.07247345362738546,0.03623672681369273,0.43484072176431277,1.0146283507833964,0.959349593495935,0.5576923076923077,0.5,0.3333333333333333,50.20282352344575,0.438464394445682,0.18118363406846363,1.058023316254548,4.797742630132918,6.086710248984698,4.399630232250024,0.19186991869918701,0.6948426974333829,0.32014369170053397,0.31950631184760714,0.40485469160640697,0.5492790530179933,0.3726592957209545,0.6725276411730322,0.765841112738694,Sweden,RB,1.0,27,RB:27,grid_centered_v2,False,FB,0.44523674841161986,0.0950255268139496
265444,26,22,2082.0,16.0,7.0,3.0,1.0,0.0,741.0,586.0,7.0,35.0,14.0,31.0,194.0,110.0,5.0,3.0,12.0,15.0,4,0,Sondre Klingen Langås,0.9243804034582133,0.639340913054672,0.27971164946141897,0.11987642119775099,0.039958807065917,0.0,29.609476035844498,23.41586094062736,0.27971164946141897,1.398558247307095,0.5594232989228379,1.238723019043427,7.752008570787898,4.39546877725087,0.199794035329585,0.11987642119775099,0.47950568479100397,0.5993821059887551,0.7908232118758435,0.5670103092783505,0.6,0.4375,33.65426781194895,1.0429248644204336,0.9190525625160909,2.2256076788279944,5.6102165120547465,7.854687215986269,4.026734796797692,0.1581646423751687,0.3818735002532061,0.35454592840349924,0.3730992980751658,0.5094091011194606,0.6117617216778881,0.5371932798647175,0.5407703399459171,0.35304647519241616,Norway,RB,1.0,22,RB:22,grid_centered_v2,False,FB,0.44496260160228257,0.1022794950166677
19354,55,52,4740.0,13.0,5.0,2.0,0.0,0.0,3289.0,3133.0,7.0,33.0,45.0,32.0,254.0,165.0,20.0,14.0,72.0,25.0,1,1,Ezri Konsa,0.9838987341772153,0.24286107995513542,0.09340810767505209,0.037363243070020834,0.0,0.0,61.44385322864926,58.529520269187636,0.13077135074507293,0.6164935106553437,0.8406729690754687,0.5978118891203333,4.745131869892646,3.082467553276719,0.37363243070020835,0.26154270149014586,1.34507675052075,0.46704053837526044,0.9525691699604744,0.6496062992125984,0.7,0.38461538461538464,51.725505903394165,1.5617835603268708,0.32692837686268233,1.1989080645360088,3.230052363403301,6.264273472225201,4.816471371476678,0.19051383399209487,0.7196821565683088,0.38534333591213993,0.32977350244699666,0.41720771858782746,0.426030956186172,0.3885175816006495,0.7927171948930936,0.7526750525189944,England,RB,0.8846153846153846,52,RB:46 | RCB:6,grid_centered_v2,False,FB,0.444917424463203,0.06778596247646529
8450,23,20,1865.0,20.0,8.0,3.0,1.0,0.0,1045.0,909.0,4.0,25.0,11.0,24.0,152.0,95.0,9.0,5.0,13.0,22.0,4,0,Abdoulaye Seck,0.8630348525469168,0.8329558898576142,0.3331823559430457,0.12494338347864212,0.04164779449288071,0.0,43.52194524506034,37.857845194028556,0.16659117797152284,1.0411948623220177,0.45812573942168777,0.9995470678291369,6.330464762917868,3.9565404768236667,0.3748301504359263,0.20823897246440354,0.5414213284074492,0.9162514788433755,0.8698564593301435,0.625,0.5555555555555556,0.4,41.664469199473785,1.0911722157134744,0.645540814639651,2.266002366149401,4.377183201201762,7.414156667553133,4.221197489348032,0.17397129186602872,0.5373828616332198,0.35736381022232044,0.3527825317178323,0.5130651419269235,0.5161807618686524,0.4955337721361984,0.6114702848373682,0.5582542785709241,Senegal,RB,0.8421052631578947,19,RB:16 | RCB:3,grid_centered_v2,False,FB,0.4432261333756104,0.10806611023954563
50030,38,38,3450.0,12.0,3.0,1.0,1.0,0.0,1891.0,1687.0,9.0,30.0,32.0,34.0,241.0,145.0,8.0,5.0,17.0,13.0,4,0,Montassar Talbi,0.9909565217391305,0.3102124763705104,0.0775531190926276,0.025851039697542533,0.025851039697542533,0.0,48.88431606805293,43.610703969754255,0.23265935727788278,0.775531190926276,0.8272332703213611,0.8789353497164462,6.23010056710775,3.7484007561436674,0.20680831758034027,0.12925519848771266,0.4394676748582231,0.33606351606805296,0.8921205711263882,0.6016597510373444,0.625,0.25,44.76627522333929,0.9616586767485822,0.7238291115311909,0.8153826843100189,4.063783440453687,7.052740311713167,4.461200818071853,0.17842411422527765,0.5973210087897732,0.3498224042128471,0.3585474229843697,0.3838672166223997,0.49140711200794923,0.46137624632519725,0.6924238748400888,0.6155361283221066,Tunisia,RB,1.0,31,RB:31,grid_centered_v2,False,FB,0.4427088300262194,0.07945466303660767
2699,17,16,1264.0,17.0,5.0,3.0,2.0,0.0,463.0,370.0,13.0,21.0,2.0,8.0,129.0,65.0,20.0,7.0,28.0,21.0,2,0,Saman Ghoddos,0.8750395569620253,1.059185539677135,0.3115251587285691,0.18691509523714148,0.12461006349142766,0.0,28.847229698265505,23.052861745914118,0.8099654126942798,1.3084056666599904,0.12461006349142766,0.4984402539657106,8.037349095197085,4.049827063471399,1.2461006349142765,0.4361352222199968,1.7445408888799872,1.3084056666599904,0.7991360691144709,0.5038759689922481,0.35,0.29411764705882354,34.57958591746981,3.420546242839689,2.7102688809385516,2.5196912782347756,3.4890817777599743,7.181385795836703,3.5238541761647477,0.1598272138228942,0.39923243995066915,0.5016546325683096,0.514152325369,0.5359783991393674,0.4461746648565661,0.4735096825708548,0.35740810211268265,0.37347260506485674,Iran,CM,0.75,16,CM:12 | AM:3 | DM:1,grid_centered_v2,False,CM,0.44205721139805726,0.13126695188899545
34211,37,22,2009.0,46.0,26.0,5.0,1.0,0.0,370.0,260.0,9.0,24.0,2.0,8.0,291.0,115.0,26.0,7.0,26.0,46.0,6,0,Gue-sung Cho,0.874081632653061,1.8012433843622062,1.0180940868134212,0.19578732438719634,0.03915746487743927,0.0,14.488262004652528,10.18094086813421,0.3524171838969534,0.9397791570585424,0.07831492975487854,0.31325971901951416,11.394822279334827,4.5031084609055165,1.0180940868134212,0.2741022541420749,1.0180940868134212,1.8012433843622062,0.7027027027027027,0.3951890034364261,0.2692307692307692,0.5652173913043478,24.792119837455115,1.828653609776414,1.0964090165682996,4.122065099245056,2.4042683434747714,7.4899188555770015,2.958050974700438,0.14054054054054055,0.23502086211071177,0.4015670488957382,0.38652239234176056,0.6736123161472605,0.36372367143246614,0.5027100625270532,0.19301143214635574,0.17624692050020607,South Korea,RW,0.5454545454545454,22,RW:12 | ST:10,grid_centered_v2,True,W,0.4408961119745025,0.10412115315628388
2499,50,49,4420.0,20.0,6.0,1.0,0.0,0.0,2579.0,2270.0,11.0,70.0,30.0,50.0,320.0,188.0,9.0,5.0,19.0,37.0,11,2,Junior Alonso,0.9022579185520363,0.3674353514465306,0.11023060543395918,0.018371767572326527,0.0,0.0,47.38078856903012,41.70391238918122,0.20208944329559184,1.286023730062857,0.5511530271697959,0.9185883786163265,5.87896562314449,3.4538923035973874,0.16534590815093878,0.09185883786163265,0.34906358387420405,0.6797554001760816,0.8801861186506398,0.5875,0.5555555555555556,0.3,43.73018670892073,0.7679398845232489,0.5052236082389796,0.901296988186155,4.758287801232571,6.597949225036342,4.261270983263153,0.17603722373012798,0.5775304819390096,0.33868210980561336,0.34255736152453553,0.39125350324416913,0.5461878489461381,0.41894142421090935,0.6255724121173706,0.5851220894846282,Paraguay,RB,0.38461538461538464,52,RB:20 | RCB:20 | LB:8 | LCB:4,grid_centered_v2,True,FB,0.43925992872668757,0.07019687891890031
276184,27,23,2084.0,3.0,0.0,0.0,0.0,0.0,1606.0,1527.0,3.0,20.0,10.0,15.0,142.0,72.0,9.0,6.0,14.0,25.0,6,0,Mamadou Sarr,0.9722744721689058,0.12596646232514616,0.0,0.0,0.0,0.0,67.43404616472823,64.11692932349939,0.12596646232514616,0.8397764155009744,0.4198882077504872,0.6298323116257307,5.962412550056918,3.0231950958035076,0.37789938697543846,0.2519329246502923,0.587843490850682,1.049720519376218,0.9508094645080947,0.5070422535211268,0.6666666666666666,0.0,54.36749031148036,1.150493689236335,0.3149161558128654,0.0,3.2331391996787513,5.75359989468829,4.646672385636684,0.19016189290161895,0.7597197146116327,0.3608420247620364,0.328920945378302,0.3168013406328847,0.42626970420656785,0.34365726205118347,0.7480270423566179,0.7491780007567843,Senegal,RB,0.5217391304347826,23,RB:12 | RCB:5 | LCB:3 | LB:3,grid_centered_v2,True,FB,0.43888243734416904,0.10223040478345032
19066,26,25,2112.0,12.0,7.0,0.0,0.0,0.0,1161.0,1041.0,0.0,24.0,34.0,24.0,192.0,118.0,2.0,1.0,19.0,19.0,2,2,Grant Hanley,0.862784090909091,0.441196410123967,0.2573645725723141,0.0,0.0,0.0,42.68575267949381,38.27378857825414,0.0,0.882392820247934,1.2500564953512399,0.882392820247934,7.059142561983472,4.338431366219009,0.07353273502066117,0.036766367510330585,0.6985609826962811,0.6985609826962811,0.896640826873385,0.6145833333333334,0.5,0.5833333333333334,41.62460937760684,0.441196410123967,0.0,1.5269770682679065,4.728154861828513,7.917553912706612,4.228191348774478,0.179328165374677,0.5366016605871126,0.32029520103376585,0.3069832687185164,0.4463536309200967,0.5438245818763721,0.5431097414562625,0.6139457003314738,0.62683743082852,Scotland,RB,0.9565217391304348,23,RB:22 | RCB:1,grid_centered_v2,False,FB,0.43720471538114625,0.10155048005794949
1631,40,32,2889.0,3.0,0.0,0.0,2.0,0.0,1282.0,1091.0,18.0,47.0,6.0,18.0,199.0,101.0,10.0,3.0,14.0,33.0,3,0,Ricardo Rodríguez,0.9813084112149533,0.09171106646868722,0.0,0.0,0.06114071097912482,0.0,39.191195737619005,33.35225783911259,0.5502663988121232,1.436806708009433,0.18342213293737444,0.5502663988121232,6.083500742422919,3.0876059044458026,0.30570355489562406,0.09171106646868722,0.4279849768538737,1.0088217311555594,0.8510140405616224,0.507537688442211,0.3,0.0,40.01192189359336,1.4337496724604768,1.7119399074154948,0.0,3.8885492182723382,5.845261331550757,3.6408584788501184,0.1702028081123245,0.5048865387359005,0.3776469721907011,0.43433973260484404,0.3168013406328847,0.4775657762896696,0.3515327923257594,0.39840561578831846,0.508467460692949,Switzerland,RCB,0.8125,32,RCB:26 | LB:6,grid_centered_v2,False,CB,0.43623606593659264,0.08682707417602442
8445,17,17,1502.0,2.0,1.0,0.0,0.0,0.0,758.0,681.0,1.0,13.0,14.0,30.0,127.0,78.0,2.0,2.0,15.0,15.0,2,0,Dylan Batubinsika,0.85,0.10186418109187749,0.050932090545938745,0.0,0.0,0.0,38.606524633821564,34.684753661784285,0.050932090545938745,0.6621171770972036,0.7130492676431424,1.5279627163781624,6.46837549933422,3.972703062583222,0.10186418109187749,0.10186418109187749,0.7639813581890812,0.7639813581890812,0.8984168865435356,0.6141732283464567,1.0,0.5,39.93522242989997,0.7283288948069241,0.12733022636484687,1.0713049267643142,5.032090545938748,7.404303972655881,5.129009885585831,0.17968337730870712,0.5033751588519682,0.3364255446430542,0.3157557168324616,0.4060143739781717,0.5675535615667756,0.49460058460670614,0.859065739628782,0.6312409726607597,Congo DR,RB,1.0,17,RB:17,grid_centered_v2,False,FB,0.435748575512882,0.12041871025285641
2500,15,12,1084.0,4.0,1.0,1.0,0.0,0.0,713.0,612.0,1.0,13.0,1.0,18.0,62.0,42.0,3.0,2.0,5.0,2.0,0,0,Fabián Balbuena,0.9049907918968692,0.3005504474934252,0.0751376118733563,0.0751376118733563,0.0,0.0,53.57311726570304,45.984218466494056,0.0751376118733563,0.9767889543536318,0.0751376118733563,1.3524770137204132,4.65853193614809,3.1557796986809645,0.2254128356200689,0.1502752237467126,0.37568805936678146,0.1502752237467126,0.8583450210378681,0.6774193548387096,0.6666666666666666,0.25,45.716803519259784,0.6987797904222136,0.18784402968339076,1.2062935516095492,4.545825518338056,6.450349642669479,4.463153297668285,0.17166900420757364,0.6152042440271586,0.33474702587279037,0.3199718119607667,0.41785831151377667,0.5294865079281623,0.4053927219856505,0.6930437551048341,0.5279127537833479,Paraguay,RB,1.0,12,RB:12,grid_centered_v2,False,FB,0.4353028701443946,0.14174713726389407
2873,30,30,2523.0,24.0,12.0,4.0,0.0,0.0,1184.0,989.0,6.0,35.0,18.0,18.0,263.0,172.0,3.0,2.0,16.0,29.0,5,1,César Montes,0.8687277051129608,0.7437383444486704,0.3718691722243352,0.12395639074144506,0.0,0.0,36.69109165946774,30.648217610822293,0.1859345861121676,1.0846184189876442,0.5578037583365028,0.5578037583365028,8.150132691250013,5.330124801882137,0.0929672930560838,0.06197819537072253,0.49582556296578023,0.8986838328754766,0.8353040540540541,0.6539923954372624,0.6666666666666666,0.5,37.765461770336174,0.7375405249115982,0.464836465280419,2.51226796704563,3.6815048050209183,9.42415190894678,4.313266440734055,0.1670608108108108,0.46069789139773376,0.3369496534153251,0.3396406709297398,0.5353096041123956,0.4612577613650811,0.677805989453546,0.6435539402880425,0.4667862780872153,Mexico,RB,0.7941176470588235,34,RB:27 | RCB:6 | LCB:1,grid_centered_v2,False,FB,0.43477639019905057,0.09291167989867227
134217,31,19,1864.0,28.0,14.0,4.0,2.0,0.0,472.0,308.0,18.0,18.0,2.0,6.0,252.0,131.0,23.0,8.0,38.0,17.0,3,0,Mohammad Mohebi,0.8697156652360515,1.1757958564350053,0.5878979282175026,0.16797083663357215,0.08398541831678608,0.0,19.82055872276152,12.933754420785057,0.7558687648510747,0.7558687648510747,0.08398541831678608,0.2519562549503582,10.582162707915046,5.5010448997494885,0.96583231064304,0.3359416732671443,1.5957229480189357,0.7138760556926818,0.652542372881356,0.5198412698412699,0.34782608695652173,0.5,26.74454827697873,2.998279433909263,2.35159171287001,3.166823792573081,1.9568602467811156,9.260986669173093,3.0608116850875784,0.1305084745762712,0.26380758603370635,0.47478135496797413,0.48534704789334415,0.593526897617177,0.33164759840853014,0.6641592999936455,0.21801247860057482,0.11155497429036001,Iran,AM,0.8421052631578947,19,AM:16 | CM:3,grid_centered_v2,False,AM,0.434516935227235,0.10809509404326903
25341,24,24,2128.0,7.0,2.0,2.0,0.0,0.0,1215.0,1054.0,4.0,13.0,15.0,27.0,209.0,104.0,8.0,5.0,27.0,34.0,3,0,Derrick Luckassen,0.9261278195488721,0.27418257815591607,0.07833787947311888,0.07833787947311888,0.0,0.0,47.59026177991972,41.284062482333646,0.15667575894623775,0.5091962165752727,0.5875340960483917,1.0575613728871047,8.186308404940922,4.073569732602182,0.3133515178924755,0.1958446986827972,1.0575613728871047,1.331743951043021,0.8674897119341564,0.49760765550239233,0.625,0.2857142857142857,43.416212117210264,1.3004087992537734,0.3916893973655944,1.3078046384758888,3.677963441262931,7.1958205921502305,4.253717537887063,0.17349794238683128,0.571480584639952,0.3696966830432475,0.3343890693046268,0.4268285491700568,0.46097944317638473,0.47487334865047454,0.6229297536803062,0.5520439754767543,Ghana,RB,0.9545454545454546,44,RB:42 | RCB:1 | LCB:1,grid_centered_v2,False,FB,0.4344693552720046,0.10116799101501936
2945,21,19,1575.0,4.0,2.0,0.0,1.0,0.0,881.0,795.0,2.0,20.0,16.0,23.0,109.0,65.0,2.0,2.0,12.0,17.0,5,0,Dylan Bronn,0.8699619047619046,0.19884843537414962,0.09942421768707481,0.0,0.049712108843537405,0.0,43.79636789115645,39.52112653061224,0.09942421768707481,0.9942421768707481,0.7953937414965985,1.1433785034013604,5.418619863945577,3.2312870748299316,0.09942421768707481,0.09942421768707481,0.5965453061224488,0.8451058503401359,0.9023836549375709,0.5963302752293578,1.0,0.5,42.46680535983383,0.725796789115646,0.5219771428571427,1.1391939047619046,4.951326040816325,6.312792730449978,5.129266434346031,0.18047673098751418,0.5530634804933093,0.3362815473327965,0.34377078785395615,0.4119582219504411,0.561273681592283,0.3928938485613921,0.8591120622885448,0.6409966572337364,Tunisia,RB,1.0,14,RB:14,grid_centered_v2,False,FB,0.43407435030458796,0.11759494644146673
336671,47,41,3809.0,15.0,5.0,1.0,0.0,0.0,2516.0,2244.0,8.0,31.0,45.0,41.0,224.0,114.0,8.0,3.0,10.0,40.0,9,1,Renato Veiga,1.0,0.3544237332633237,0.1181412444211079,0.02362824888422158,0.0,0.0,59.448674192701496,53.021790496193226,0.18902599107377263,0.732475715410869,1.063271199789971,0.9687582042530848,5.292727750065634,2.69362037280126,0.18902599107377263,0.07088474665266474,0.2362824888422158,0.9451299553688632,0.8918918918918919,0.5089285714285714,0.375,0.3333333333333333,49.42725266616052,0.6355998949855606,0.47256497768443156,1.0210903999299903,4.425571016014702,5.2978542362074785,3.924582653763541,0.1783783783783784,0.6817276327258784,0.33117216440551533,0.34019787883644487,0.40163551336770437,0.520001701541622,0.3058237341258106,0.5027695612701594,0.6149609529971641,Portugal,RB,0.8,40,RB:32 | LCB:8,grid_centered_v2,False,FB,0.4338904952315328,0.07561769786221757
20869,17,14,1234.0,7.0,4.0,1.0,0.0,0.0,608.0,549.0,2.0,19.0,6.0,13.0,90.0,46.0,5.0,3.0,4.0,16.0,1,0,Samir Sophian Chergui,0.9961102106969206,0.5085489730462399,0.29059941316927995,0.07264985329231999,0.0,0.0,44.171110801730556,39.88476945748367,0.14529970658463998,1.3803472125540799,0.43589911975391993,0.9444480928001598,6.538486796308798,3.3418932514467192,0.36324926646159994,0.21794955987695996,0.29059941316927995,1.1623976526771198,0.9029605263157895,0.5111111111111111,0.6,0.5714285714285714,42.74161243184277,0.9517130781293919,0.36324926646159994,2.1308951476326947,4.853010199926975,6.21198388535874,4.351814474335539,0.18059210526315791,0.5584116372140666,0.3492463214809651,0.3323581489351239,0.5008336028515716,0.5536027116056333,0.3838213035887496,0.6566316810112861,0.6424059441882392,Algeria,RB,1.0,14,RB:14,grid_centered_v2,False,FB,0.43365511057718886,0.1328529975676983
22139,35,33,2921.0,9.0,5.0,0.0,0.0,0.0,1789.0,1583.0,19.0,35.0,5.0,19.0,182.0,83.0,34.0,17.0,14.0,29.0,4,0,Steven Moreira,0.9219411160561454,0.25565638617099545,0.14203132565055304,0.0,0.0,0.0,50.818808317767875,44.96711770096509,0.5397190374721015,0.9942192795538712,0.14203132565055304,0.5397190374721015,5.169940253680131,2.3577200057991803,0.9658130144237607,0.48290650721188033,0.3976877118215485,0.8237816887732077,0.8848518725544997,0.45604395604395603,0.5,0.5555555555555556,46.06919863180224,2.377604391390258,1.3492975936802538,1.3099549670218855,3.02526723635678,4.66893987625072,4.113496601256474,0.17697037451089995,0.6217586800327826,0.4355882730433325,0.40595957741491284,0.42701911090143335,0.4102742103338328,0.2576902945060165,0.5726948281461217,0.5971036653302819,Cape Verde Islands,RB,0.9736842105263158,38,RB:37 | RCB:1,grid_centered_v2,False,FB,0.4332909702970038,0.08635016250636153
265782,31,19,1770.0,3.0,2.0,2.0,4.0,0.0,520.0,395.0,12.0,26.0,7.0,12.0,118.0,64.0,15.0,6.0,10.0,21.0,1,0,David Möller Wolfe,1.0,0.15254237288135591,0.10169491525423728,0.10169491525423728,0.20338983050847456,0.0,26.440677966101692,20.08474576271186,0.6101694915254237,1.3220338983050848,0.3559322033898305,0.6101694915254237,6.0,3.254237288135593,0.7627118644067796,0.30508474576271183,0.5084745762711864,1.0677966101694916,0.7596153846153846,0.5423728813559322,0.4,0.6666666666666666,32.10902868318122,2.1152542372881356,2.6440677966101696,2.2892655367231636,3.9915254237288136,6.1830508474576265,3.5101792698826597,0.15192307692307694,0.35356409967965097,0.41923266564894224,0.5088371204647658,0.5151700349574335,0.4856968135114462,0.3812319643127754,0.3527373377169051,0.2814524363155159,Norway,LB,0.5789473684210527,19,LB:11 | RCB:8,grid_centered_v2,True,FB,0.43284313998400564,0.11092828649971437
269621,43,41,3744.0,29.0,9.0,6.0,0.0,0.0,2298.0,1954.0,7.0,39.0,20.0,41.0,312.0,207.0,5.0,5.0,25.0,43.0,6,0,Hossam Abdelmaguid,0.859415064102564,0.5991114629561143,0.18593114367603544,0.12395409578402364,0.0,0.0,47.47441868528106,40.3677171936637,0.14461311174802757,0.8057016225961537,0.4131803192800788,0.8470196545241615,6.44561298076923,4.276416304548816,0.1032950798200197,0.1032950798200197,0.5164753991000985,0.8883376864521694,0.8503046127067014,0.6634615384615384,1.0,0.3103448275862069,42.91032994954007,0.7767790002465482,0.36153277937006895,1.8726260225910525,3.5988005809294865,7.977367441752957,4.970383744941897,0.1700609225413403,0.5616885123406826,0.3391866650520805,0.33223577220285616,0.4774615585388026,0.4547646476495233,0.5487276224513723,0.8279192460966358,0.506583412315502,Egypt,RB,0.972972972972973,37,RB:36 | LCB:1,grid_centered_v2,False,FB,0.43274872705850675,0.076271276980969
53517,29,25,2247.0,10.0,4.0,0.0,2.0,0.0,1205.0,1008.0,13.0,32.0,6.0,20.0,213.0,119.0,3.0,0.0,8.0,42.0,4,0,Dennis Hadžikadunić,0.8518024032042724,0.3411758624316178,0.13647034497264712,0.0,0.06823517248632356,0.0,41.111691423009944,34.39052693310707,0.44352862116110314,1.091762759781177,0.20470551745897067,0.6823517248632356,7.267045869793459,4.059992762936251,0.10235275872948534,0.0,0.27294068994529425,1.4329386222127949,0.8365145228215768,0.5586854460093896,0.0,0.4,40.300181453216105,0.9348218630626328,1.4841150015775375,0.991058482961706,3.5550524865374578,7.360046206138921,3.0366399185022512,0.16730290456431537,0.5105657316226796,0.34826893391600755,0.41644770704961814,0.39902407145807667,0.4513360508990201,0.4904093145985826,0.21192846427586237,0.46998882330513453,Bosnia & Herzegovina,RB,0.88,25,RB:22 | RCB:3,grid_centered_v2,False,FB,0.4323289556990817,0.09845264800162246
16805,19,17,1649.0,6.0,5.0,2.0,0.0,0.0,869.0,784.0,1.0,34.0,9.0,15.0,131.0,76.0,3.0,1.0,10.0,9.0,2,1,Rami Rabia,0.9034687689508795,0.29585999710944505,0.2465499975912042,0.09861999903648169,0.0,0.0,42.85038958135129,38.65903962230082,0.049309999518240846,1.6765399836201886,0.44378999566416755,0.7396499927736127,6.45960993688955,3.7475599633863035,0.14792999855472252,0.049309999518240846,0.4930999951824084,0.44378999566416755,0.9021864211737629,0.5801526717557252,0.3333333333333333,0.8333333333333334,41.93595583998863,0.4585829955196398,0.12327499879560211,2.800796655586206,4.9852409512941485,6.987041964008,3.954210343157327,0.18043728423475258,0.542698573226643,0.3212602957958916,0.3154742534463689,0.5611877162582994,0.5639132611839808,0.4551964849005226,0.5138139304715442,0.6405142582136546,Egypt,RB,0.75,12,RB:9 | LCB:2 | RCB:1,grid_centered_v2,False,FB,0.4322124169705408,0.11492608429518995
225,37,36,3289.0,29.0,16.0,3.0,3.0,0.0,1853.0,1494.0,37.0,45.0,7.0,29.0,233.0,121.0,56.0,23.0,37.0,17.0,7,0,Aziz Behich,0.8601702645180905,0.6825917878966908,0.3766023657361053,0.07061294357551974,0.07061294357551974,0.0,43.615261481812695,35.16524590060883,0.8708929707647435,1.0591941536327962,0.16476353500954607,0.6825917878966908,5.484271951032034,2.8480553908792965,1.3181082800763686,0.5413659007456514,0.8708929707647435,0.4001400135946119,0.8062601187263896,0.51931330472103,0.4107142857142857,0.5517241379310345,41.52515657650494,3.356468584623039,2.565603616577217,2.1955951364967743,3.452972940842916,5.545217461394104,3.7369102506289207,0.16125202374527792,0.5346517388058861,0.49757347148149017,0.5025348342774666,0.506692053507009,0.4433544327318359,0.3260746774723826,0.4331904247399718,0.3913473017486822,Australia,RCB,0.8888888888888888,36,RCB:32 | LB:4,grid_centered_v2,False,CB,0.4320870996548908,0.08137612413107002
48378,45,32,2733.0,23.0,7.0,3.0,1.0,0.0,878.0,649.0,12.0,61.0,10.0,25.0,227.0,118.0,18.0,5.0,15.0,22.0,5,0,Silvan Widmer,0.9683863885839736,0.7334649924510886,0.22322847596337483,0.09566934684144635,0.031889782280482115,0.0,27.9992288422633,20.696468700032895,0.3826773873657854,1.945276719109409,0.3188978228048212,0.7972445570120529,7.23898057766944,3.76299430909689,0.5740160810486781,0.1594489114024106,0.4783467342072318,0.7015752101706066,0.7391799544419134,0.5198237885462555,0.2777777777777778,0.30434782608695654,31.844506614797893,1.326614942868056,1.132087270957115,1.6865702932542086,5.446774813506345,6.827663398374412,3.2389333391515507,0.1478359908883827,0.34881307722929583,0.37125377548981664,0.38924438009437934,0.46067952451605243,0.5994156783673902,0.4402657914674375,0.26666535240090206,0.23968600140071042,Switzerland,RB,0.625,32,RB:20 | LB:11 | RCB:1,grid_centered_v2,False,FB,0.4303100595016773,0.08927073733568375
2660,25,22,1799.0,12.0,1.0,0.0,1.0,0.0,979.0,839.0,7.0,40.0,9.0,28.0,171.0,94.0,12.0,7.0,28.0,29.0,9,0,Nabil Donga,0.8855642023346303,0.531633873552752,0.044302822796062666,0.0,0.044302822796062666,0.0,43.372463517345345,37.17006832589657,0.31011975957243865,1.7721129118425065,0.398725405164564,1.2404790382897546,7.575782698126717,4.164465342829891,0.531633873552752,0.31011975957243865,1.2404790382897546,1.2847818610858173,0.856996935648621,0.5497076023391813,0.5833333333333334,0.08333333333333333,41.562771493165805,1.9537544853063633,1.0189649243094412,0.2286906185811544,6.1093592635770415,7.47937428697939,4.166589766818981,0.17139938712972422,0.5353893636273521,0.4092495284501458,0.3806385199844208,0.3349958155352709,0.6485314118897457,0.5017112672666098,0.591953295492832,0.5243415816850091,Egypt,AM,0.9090909090909091,22,AM:20 | CM:2,grid_centered_v2,False,AM,0.4300132198232527,0.1100305682929341
21010,32,29,2504.0,4.0,0.0,0.0,0.0,0.0,922.0,748.0,13.0,74.0,11.0,26.0,234.0,120.0,14.0,11.0,22.0,51.0,7,0,Elisha Owusu,1.0,0.14376996805111822,0.0,0.0,0.0,0.0,33.138977635782744,26.884984025559106,0.4672523961661342,2.659744408945687,0.3953674121405751,0.9345047923322684,8.410543130990416,4.313099041533547,0.5031948881789138,0.3953674121405751,0.7907348242811502,1.8330670926517572,0.8112798264642083,0.5128205128205128,0.7857142857142857,0.0,36.12904039003971,2.2248402555910545,1.1681309904153354,0.0,7.091453674121405,7.576800196608503,4.312247944626509,0.16225596529284167,0.4288544492612776,0.42604513156204316,0.3920012775098351,0.3168013406328847,0.7156941403061539,0.510938021030504,0.6432053839023575,0.4041226752406537,Ghana,AM,0.7931034482758621,29,AM:23 | CM:5 | DM:1,grid_centered_v2,False,AM,0.42949080978233495,0.09326351412579655
16360,59,56,4997.0,12.0,3.0,1.0,1.0,0.0,2132.0,1912.0,24.0,96.0,26.0,59.0,328.0,170.0,12.0,6.0,23.0,89.0,14,1,Alan Franco,0.9031098659195518,0.19518884434523032,0.04879721108630758,0.016265737028769194,0.016265737028769194,0.0,34.67855134533592,31.100089199006693,0.39037768869046063,1.5615107547618425,0.422909162747999,0.9596784846973823,5.335161745436295,2.7651752948907626,0.19518884434523032,0.09759442217261516,0.3741119516616914,1.4476505955604582,0.8968105065666041,0.5182926829268293,0.5,0.25,38.806366146947184,1.1337218709052128,1.0654057753843822,0.6984419917509841,5.195276406988881,5.426123461627555,4.13034179850901,0.17936210131332084,0.48113826698791423,0.3598571377219211,0.38416281188636187,0.37389955222719623,0.5801741417957321,0.3162375842532721,0.5788319175676964,0.6272590556385765,Ecuador,RB,0.9090909090909091,55,RB:50 | RCB:3 | LCB:1 | LB:1,grid_centered_v2,False,FB,0.4284257657500267,0.06601980891445734
94344,17,10,968.0,6.0,2.0,0.0,0.0,0.0,516.0,393.0,5.0,8.0,9.0,11.0,102.0,55.0,3.0,2.0,1.0,13.0,1,0,Nando Pijnaker,0.85,0.47417355371900816,0.15805785123966942,0.0,0.0,0.0,40.77892561983471,31.058367768595037,0.3951446280991735,0.6322314049586777,0.7112603305785123,0.8693181818181818,8.06095041322314,4.346590909090908,0.23708677685950408,0.15805785123966942,0.07902892561983471,1.0273760330578512,0.7616279069767442,0.5392156862745098,0.6666666666666666,0.3333333333333333,38.181503459542576,1.1459194214876032,0.9878615702479338,0.8879476584022038,3.659039256198347,7.702874331550801,3.9991938662837803,0.15232558139534885,0.46885577731631767,0.36057329473291744,0.37828514380498496,0.3901024559834349,0.4594925951225389,0.522865949226092,0.5305532207078224,0.285797155436029,New Zealand,RB,0.6,10,RB:6 | RCB:2 | LCB:2,grid_centered_v2,False,FB,0.42773549214566287,0.15
550371,13,11,938.0,5.0,1.0,0.0,1.0,0.0,299.0,223.0,6.0,15.0,2.0,9.0,82.0,42.0,10.0,8.0,7.0,18.0,1,0,Tarek Alaa,0.8500000000000001,0.40778251599147125,0.08155650319829426,0.0,0.08155650319829426,0.0,24.38539445628998,18.18710021321962,0.48933901918976547,1.2233475479744138,0.16311300639658852,0.7340085287846483,6.687633262260128,3.425373134328358,0.8155650319829425,0.6524520255863541,0.5708955223880597,1.4680170575692966,0.745819397993311,0.5121951219512195,0.8,0.2,30.597590493542796,2.7973880597014933,1.671908315565032,0.514179104477612,3.849466950959489,6.332107753913359,4.137804577151533,0.1491638795986622,0.32683162279372885,0.46203811078769397,0.4311820821681442,0.35841119846009684,0.4744827029817799,0.394640836853123,0.5815431287048973,0.2527771040613907,Egypt,RB,1.0,11,RB:11,grid_centered_v2,False,FB,0.4254490497291203,0.15237984185807135
70732,40,37,3494.0,13.0,7.0,4.0,0.0,0.0,1464.0,1230.0,4.0,52.0,36.0,39.0,248.0,154.0,12.0,10.0,32.0,24.0,4,0,José Canale,0.9120778477389812,0.30541816881929246,0.16445593705654213,0.09397482117516692,0.0,0.0,34.3947845501111,28.89725751136383,0.09397482117516692,1.2216726752771698,0.8457733905765022,0.9162545064578775,5.826438912860349,3.6180306152439266,0.28192446352550077,0.23493705293791728,0.7517985694013354,0.5638489270510015,0.8401639344262295,0.6209677419354839,0.8333333333333334,0.5384615384615384,36.669701050556064,1.1323965951607615,0.2349370529379173,2.0589599582035714,4.961870558048814,6.928146087147949,4.643852953101916,0.16803278688524592,0.43932346042979253,0.35977936407005773,0.3232733798187893,0.4943198213774417,0.5620947345221656,0.4496682310096867,0.7472335809969769,0.4796579963698235,Paraguay,RB,0.972972972972973,37,RB:36 | LCB:1,grid_centered_v2,False,FB,0.4246200471205935,0.07895279106493533
94562,22,12,1133.0,30.0,12.0,1.0,2.0,0.0,165.0,134.0,6.0,9.0,1.0,1.0,106.0,38.0,21.0,3.0,19.0,12.0,2,0,Santiago Giménez,1.0,2.383053839364519,0.9532215357458076,0.0794351279788173,0.1588702559576346,0.0,13.106796116504855,10.644307149161518,0.4766107678729038,0.7149161518093557,0.0794351279788173,0.0794351279788173,8.420123565754634,3.0185348631950575,1.6681376875551632,0.2383053839364519,1.5092674315975287,0.9532215357458076,0.8121212121212121,0.3584905660377358,0.14285714285714285,0.4,27.154310091203296,2.208296557811121,2.0653133274492497,2.769991173874669,1.5330979699911738,5.301420506586288,3.166705603122529,0.16242424242424244,0.2701283456849119,0.4250148172950914,0.4624165583513434,0.5584380804707104,0.30263781417331026,0.30611067035978134,0.24613381666800027,0.40627732860163746,Mexico,RW,0.8461538461538461,13,RW:11 | ST:2,grid_centered_v2,False,W,0.42365849791663557,0.13864811924751733
21996,36,29,2749.0,11.0,5.0,3.0,3.0,0.0,1299.0,1036.0,18.0,44.0,8.0,26.0,220.0,110.0,26.0,9.0,29.0,32.0,3,0,Abdul Rahman Baba,0.8712659148781375,0.31376982747521137,0.14262264885236883,0.0855735893114213,0.0855735893114213,0.0,37.053364171845416,29.55141284221082,0.5134415358685278,1.2550793099008455,0.22819623816379012,0.7416377740323179,6.2753965495042285,3.1376982747521143,0.7416377740323179,0.2567207679342639,0.8272113633437392,0.9127849526551605,0.7975365665896844,0.5,0.34615384615384615,0.45454545454545453,37.639311113809605,1.9796023660708792,1.7542585808841364,1.7933513319755958,3.9934341678663268,5.8927775846529595,3.541432109928406,0.15950731331793688,0.4582282388377132,0.410842525664827,0.43768358509897776,0.47030262146633967,0.4858476134449865,0.3556477272066656,0.36345189294729136,0.3695045002333495,Ghana,RCB,0.7878787878787878,33,RCB:26 | LB:6 | RB:1,grid_centered_v2,False,CB,0.4227422353722671,0.08901056705612931
19987,47,47,4280.0,12.0,3.0,1.0,0.0,0.0,2134.0,1735.0,4.0,45.0,32.0,49.0,371.0,215.0,7.0,6.0,35.0,42.0,4,0,Dominic Hyam,0.9261682242990658,0.2337060005240633,0.05842650013101582,0.01947550004367194,0.0,0.0,41.560717093195926,33.78999257577082,0.07790200017468776,0.8763975019652375,0.6232160013975021,0.9542995021399252,7.225410516202291,4.187232509389468,0.1363285003057036,0.11685300026203164,0.681642501528518,0.8179710018342216,0.8130271790065604,0.5795148247978437,0.8571428571428571,0.25,39.18380616745155,0.7731773517337761,0.1947550004367194,0.7376011005327977,4.17165210935453,7.600669987538786,4.554820519152504,0.1626054358013121,0.4885693565834363,0.3389810312275428,0.32045520430098406,0.37722591855482707,0.49993531383685225,0.513197722662455,0.7213393455536761,0.40860140228697345,Scotland,RB,0.8297872340425532,47,RB:39 | RCB:8,grid_centered_v2,False,FB,0.42237255991975886,0.0713357206925743
1243,41,27,2643.0,25.0,17.0,6.0,0.0,0.0,1067.0,831.0,11.0,48.0,20.0,20.0,308.0,160.0,12.0,4.0,28.0,43.0,4,1,Tomáš Souček,1.0,0.8513053348467651,0.5788876276958003,0.2043132803632236,0.0,0.0,36.33371169125993,28.29738933030647,0.3745743473325766,1.6345062429057888,0.681044267877412,0.681044267877412,10.488081725312146,5.448354143019296,0.4086265607264472,0.1362088535754824,0.9534619750283768,1.4642451759364359,0.7788191190253045,0.5194805194805194,0.3333333333333333,0.68,36.569796931364735,1.4914869466515324,0.9364358683314415,3.8049489216799097,5.053348467650398,9.186137358668573,3.416519510305859,0.15576382380506093,0.4373846214701232,0.38111029789242873,0.3744067055783315,0.6478733168741875,0.5692029630013968,0.6578044248507516,0.3215347825145012,0.32448801779076125,Czech Republic,AM,0.6153846153846154,26,AM:16 | CM:8 | DM:2,grid_centered_v2,False,AM,0.42213145310145084,0.09077794688863969
283174,16,12,1053.0,15.0,6.0,2.0,0.0,0.0,312.0,231.0,6.0,23.0,7.0,12.0,131.0,59.0,15.0,8.0,15.0,24.0,3,0,Mohamed Naceur Almanai,0.8595441595441594,1.1019796917232814,0.4407918766893126,0.14693062556310418,0.0,0.0,22.92117758784425,16.970487252538533,0.4407918766893126,1.6897021939756982,0.5142571894708646,0.8815837533786252,9.623955974383325,4.334453454111574,1.1019796917232814,0.5877225022524167,1.1019796917232814,1.7631675067572503,0.7403846153846154,0.45038167938931295,0.5333333333333333,0.4,29.705729052523925,2.813721479533445,1.1019796917232814,2.5925536318698708,5.370314364331459,7.419379873924142,3.5904454250612994,0.14807692307692308,0.31155650573812305,0.4630725719353873,0.3869469316521595,0.5425356144218473,0.593595339656148,0.49602849561250006,0.38052821460431563,0.2420263833179418,Qatar,AM,0.9166666666666666,12,AM:11 | DM:1,grid_centered_v2,False,AM,0.4216575027241201,0.14381849910133496
25129,34,24,2118.0,10.0,4.0,1.0,1.0,0.0,1016.0,863.0,11.0,35.0,1.0,21.0,169.0,65.0,10.0,5.0,19.0,46.0,9,0,Dženis Burnić,0.8514872521246458,0.36182177852322056,0.14472871140928822,0.036182177852322056,0.036182177852322056,0.0,36.76109269795921,31.225219486553936,0.39800395637554264,1.266376224831272,0.036182177852322056,0.7598257348987633,6.114788057042428,2.351841560400934,0.36182177852322056,0.18091088926161028,0.6874613791941191,1.6643801812068146,0.8494094488188977,0.38461538461538464,0.5,0.4,38.573735847305166,1.512415034227062,1.194011869126628,1.2920776187915801,3.8389290701313703,4.4464243384074615,3.89362881021575,0.16988188976377955,0.4765621539132637,0.3823686657122198,0.393985112235642,0.425435487291222,0.4736517268006267,0.24189509817330787,0.4912281234128406,0.5042058391190765,Bosnia & Herzegovina,AM,1.0,24,AM:24,grid_centered_v2,False,AM,0.4210394255073636,0.10140653883739535
48047,40,40,3463.0,11.0,3.0,1.0,0.0,0.0,1526.0,1243.0,18.0,57.0,17.0,40.0,244.0,129.0,23.0,11.0,32.0,45.0,6,0,Jesper Karlström,1.0,0.2858792954086053,0.07796708056598325,0.02598902685532775,0.0,0.0,39.65925498123015,32.304360381172394,0.4678024833958995,1.4813745307536819,0.4418134565405718,1.03956107421311,6.341322552699972,3.35258446433728,0.5977476176725384,0.2858792954086053,0.831648859370488,1.169506208489749,0.8145478374836173,0.5286885245901639,0.4782608695652174,0.2727272727272727,39.145965645435794,1.9725671383193766,1.1695062084897487,0.8625206730895439,5.2315911059774765,6.279683823842683,3.829701909566937,0.16290956749672347,0.4878240649661446,0.4104087599725478,0.3921066024043229,0.3879134036300534,0.5829690704742084,0.38990563135809425,0.4674357075242796,0.412511493672891,Sweden,AM,0.95,40,AM:38 | DM:2,grid_centered_v2,False,AM,0.4185717377044832,0.07930538757858331
12303,47,43,3760.0,17.0,6.0,1.0,0.0,0.0,1719.0,1509.0,7.0,44.0,32.0,49.0,265.0,165.0,7.0,3.0,18.0,36.0,4,0,Ricardo Adé,0.8748457446808511,0.35598776312811226,0.12564273992756902,0.02094045665459484,0.0,0.0,35.99664498924853,31.59914909178361,0.14658319658216387,0.9213800928021728,0.6700946129470349,1.0260823760751472,5.5492210134676325,3.455175348008148,0.14658319658216387,0.06282136996378451,0.3769282197827071,0.7538564395654141,0.8778359511343804,0.6226415094339622,0.42857142857142855,0.35294117647058826,38.437555416685676,0.6093672886487098,0.3664579914554097,1.049305842076532,4.447752993435944,6.7051700155132945,4.032602489007255,0.17556719022687609,0.4738850993219756,0.3296935394864007,0.3325869752719511,0.4040941023751482,0.5217525446478399,0.42886209606891945,0.5429430044509599,0.5790475991592453,Haiti,RB,0.7755102040816326,49,RB:38 | RCB:10 | LCB:1,grid_centered_v2,False,FB,0.41230541775527246,0.07610882466238303
2285,30,26,2453.0,12.0,1.0,1.0,0.0,0.0,1805.0,1675.0,4.0,20.0,16.0,9.0,114.0,68.0,1.0,0.0,3.0,18.0,2,0,Antonio Rüdiger,0.9957806767223808,0.4384195396902451,0.03653496164085376,0.03653496164085376,0.0,0.0,65.94560576174104,61.19606074843004,0.14613984656341503,0.7306992328170752,0.5845593862536601,0.32881465476768384,4.164985627057328,2.4843773915780556,0.03653496164085376,0.0,0.10960488492256128,0.6576293095353677,0.9279778393351801,0.5964912280701754,0.0,0.08333333333333333,53.1672482692898,0.3178541662754277,0.3653496164085376,0.510095306090692,2.615903253485129,5.267602032419804,3.4339085841383707,0.18559556786703602,0.7420274019856244,0.31349312753485864,0.332507923911422,0.3580711195193991,0.3793510426418717,0.3033957605212947,0.3272188959895307,0.700910925686869,Germany,RB,0.8,30,RB:24 | LCB:5 | LB:1,grid_centered_v2,False,FB,0.40712707022542177,0.09422804129778006
37175,19,13,1185.0,3.0,1.0,0.0,0.0,0.0,634.0,564.0,4.0,13.0,7.0,13.0,71.0,32.0,3.0,2.0,8.0,21.0,6,1,Riechedly Bazoer,0.9166244725738397,0.20885114564973564,0.06961704854991188,0.0,0.0,0.0,44.13720878064413,39.2640153821503,0.2784681941996475,0.9050216311488545,0.4873193398493832,0.9050216311488545,4.942810447043744,2.22774555359718,0.20885114564973564,0.13923409709982376,0.556936388399295,1.4619580195481494,0.889589905362776,0.4507042253521127,0.6666666666666666,0.3333333333333333,42.658427973758556,1.1277961865085726,0.6961704854991189,0.7641305346365432,3.9751334721999685,4.47095645109239,4.376889717346709,0.17791798107255521,0.5567941145899888,0.3595094467955409,0.356505958330007,0.37948606978986166,0.484401880857119,0.24360372663583046,0.6650143124819379,0.6091533222912071,Curaçao,RB,0.8181818181818182,11,RB:9 | RCB:2,grid_centered_v2,False,FB,0.40572959374593315,0.13557192495293058
440,22,20,1685.0,9.0,1.0,0.0,2.0,0.0,593.0,458.0,17.0,22.0,4.0,18.0,128.0,47.0,19.0,5.0,5.0,23.0,4,0,Yuto Nagatomo,0.8513353115727003,0.4092472417649182,0.045471915751657585,0.0,0.09094383150331517,0.0,26.964846040732944,20.826137414259172,0.7730225677781789,1.0003821465364666,0.18188766300663034,0.8184944835298364,5.820405216212171,2.1371800403279066,0.863966399281494,0.2273595787582879,0.2273595787582879,1.0458540622881243,0.7723440134907251,0.3671875,0.2631578947368421,0.1111111111111111,32.98882619115431,2.0735193582755858,2.4327474927136805,0.2858829042745428,3.6377532601326066,4.09361455645907,3.2400949327608037,0.15446880269814503,0.3695709122506688,0.4166461248318502,0.49186297579202726,0.33962645338438824,0.4578210453518479,0.2182327889604683,0.26700430484575816,0.3095930606863286,Japan,RB,0.5714285714285714,21,RB:12 | RCB:9,grid_centered_v2,True,FB,0.4029922352324754,0.1136917588206765
2742,22,18,1706.0,6.0,3.0,2.0,0.0,0.0,994.0,846.0,3.0,25.0,11.0,17.0,160.0,68.0,3.0,2.0,3.0,18.0,3,0,Miloš Degenek,0.85,0.2690504103165299,0.13452520515826494,0.08968347010550996,0.0,0.0,44.572684642438446,37.93610785463071,0.13452520515826494,1.1210433763188745,0.4932590855803048,0.7623094958968347,7.174677608440796,3.049237983587339,0.13452520515826494,0.08968347010550996,0.13452520515826494,0.8071512309495896,0.8511066398390342,0.425,0.6666666666666666,0.5,41.60442449538969,0.5336166471277843,0.33631301289566234,1.9058030480656507,4.085082063305979,5.543933177022273,4.284301140960653,0.17022132796780687,0.5362059941769921,0.3254427319300223,0.3304403491975894,0.4804605459928968,0.49309076260432577,0.32596775485892593,0.6335831177760202,0.508713362711658,Australia,RB,0.9473684210526315,19,RB:18 | RCB:1,grid_centered_v2,False,FB,0.40123576020103224,0.11298984797065363
889,32,25,2186.0,5.0,0.0,0.0,1.0,0.0,1383.0,1296.0,5.0,15.0,7.0,19.0,87.0,45.0,7.0,5.0,3.0,13.0,2,0,Victor Lindelöf,0.9724062214089663,0.20017511419672226,0.0,0.0,0.04003502283934445,0.0,55.368436586813374,51.88538959979041,0.20017511419672226,0.6005253425901668,0.28024515987541115,0.7606654339475446,3.4830469870229672,1.8015760277705002,0.28024515987541115,0.20017511419672226,0.12010506851803335,0.5204552969114778,0.9370932754880694,0.5172413793103449,0.7142857142857143,0.0,48.74347857966119,0.9208055253049224,0.7206304111082001,0.0,2.910546160420342,4.073930576809735,4.730800877893748,0.1874186550976139,0.6699200098577176,0.34745886535573645,0.3583110650727002,0.3168013406328847,0.40152490212080566,0.2169630543938899,0.7709352932124808,0.7208121994673745,Sweden,RB,0.56,25,RB:14 | RCB:8 | LB:2 | LCB:1,grid_centered_v2,True,FB,0.40108038186880324,0.09981684966311909
1111,33,32,2841.0,4.0,1.0,1.0,0.0,0.0,1597.0,1457.0,7.0,20.0,27.0,17.0,146.0,88.0,6.0,3.0,26.0,31.0,7,1,Jack Hendry,0.9276029567053855,0.11754208532697598,0.029385521331743995,0.029385521331743995,0.0,0.0,46.92867756679516,42.814704580351005,0.20569864932220797,0.5877104266348799,0.793409075957088,0.49955386263964796,4.290286114434624,2.5859258771934717,0.17631312799046397,0.08815656399523199,0.764023554625344,0.910951161284064,0.9123356293049468,0.6027397260273972,0.5,0.25,44.33769293632591,0.9726607560807263,0.51424662330552,0.7762239005183935,2.9297364767748766,5.428515406153052,4.261394500075547,0.18246712586098937,0.5891690670960221,0.3504601927729382,0.3432106265906349,0.3805180974225645,0.4029842681985914,0.31643358530364646,0.6256155641955253,0.6649507903755693,Scotland,RB,1.0,29,RB:29,grid_centered_v2,False,FB,0.3989144397862216,0.08755749355669282
42261,17,13,1146.0,5.0,1.0,0.0,0.0,0.0,579.0,503.0,4.0,18.0,6.0,6.0,81.0,45.0,5.0,1.0,8.0,12.0,3,1,Rebin Sulaka,0.8556282722513089,0.3359796880567967,0.06719593761135934,0.0,0.0,0.0,38.90644787697706,33.79955661851375,0.26878375044543734,1.209526877004468,0.40317562566815607,0.40317562566815607,5.442870946520107,3.0238171925111703,0.3359796880567967,0.06719593761135934,0.5375675008908747,0.8063512513363121,0.8687392055267703,0.5555555555555556,0.2,0.2,39.76394918369981,0.9205843452756228,0.6719593761135934,0.49407431265590307,3.4269928181793263,5.900010736182305,3.5583013414590132,0.17374784110535407,0.5,0.34744608940478594,0.35472321891669556,0.35673835011236094,0.4413275356490679,0.35627601528769154,0.36929286906203823,0.5553247731890661,Iraq,RB,0.8461538461538461,13,RB:11 | RCB:1 | LCB:1,grid_centered_v2,False,FB,0.39810578442141703,0.13785947773763776
158433,32,22,2006.0,6.0,3.0,1.0,0.0,0.0,935.0,768.0,7.0,43.0,10.0,13.0,222.0,95.0,16.0,6.0,11.0,46.0,7,1,Siphephelo Sithole,0.9294117647058824,0.2501906046566184,0.1250953023283092,0.041698434109436404,0.0,0.0,38.98803589232303,32.024397396047156,0.29188903876605476,1.7930326667057652,0.416984341094364,0.5420796434226732,9.257052372294881,3.961351240396458,0.6671749457509825,0.2501906046566184,0.4586827752038004,1.9181279690340747,0.8213903743315508,0.42792792792792794,0.375,0.5,38.663153587366246,1.3802181690223447,0.7297225969151369,1.5087208961351242,4.770300862119524,6.829675520338824,3.567587243808873,0.1642780748663102,0.4783206831353526,0.37444703670927426,0.35898308348370955,0.4447200759258894,0.5471294356807126,0.44045367431470966,0.3725246582235427,0.43023599776395255,South Africa,AM,0.7272727272727273,22,AM:16 | DM:5 | CM:1,grid_centered_v2,False,AM,0.3936214691421878,0.104198981361861
36842,39,30,2518.0,9.0,3.0,0.0,2.0,0.0,1033.0,870.0,9.0,74.0,8.0,31.0,203.0,116.0,17.0,6.0,18.0,29.0,6,0,Godfried Roemeratoe,0.8507148530579824,0.27366125138084424,0.09122041712694808,0.0,0.06081361141796539,0.0,31.41023029737912,26.45392096681494,0.27366125138084424,2.250103622464719,0.24325444567186155,0.9426109769784634,6.172581558923487,3.527189462241992,0.5169156970527058,0.18244083425389615,0.5473225027616885,0.881797365560498,0.8422071636011617,0.5714285714285714,0.35294117647058826,0.3333333333333333,35.737105226611334,1.2223535895011042,1.0186279912509202,0.794375250644394,6.202988364632469,6.652350961424503,3.7410468295777135,0.16844143272023235,0.421304323019817,0.36507501598772485,0.3806129962902825,0.38206912934309795,0.655251206638476,0.423967315536514,0.43470599224338324,0.4850786934480644,Curaçao,AM,0.967741935483871,31,AM:30 | CM:1,grid_centered_v2,False,AM,0.39012833223715654,0.09300388164796437
39362,36,27,2577.0,13.0,5.0,2.0,2.0,0.0,701.0,553.0,24.0,28.0,4.0,12.0,170.0,54.0,28.0,10.0,7.0,37.0,3,0,Marcus Pedersen,1.0,0.4540162980209546,0.17462165308498254,0.06984866123399301,0.06984866123399301,0.0,24.481955762514552,19.313154831199068,0.8381839348079162,0.9778812572759022,0.13969732246798602,0.4190919674039581,5.9371362048894065,1.8859138533178115,0.9778812572759022,0.3492433061699651,0.24447031431897556,1.2922002328288709,0.7888730385164051,0.3176470588235294,0.35714285714285715,0.38461538461538464,32.41507392565751,2.50407450523865,2.479627473806752,1.5724903734216888,2.752037252619325,3.5932205711155243,3.4275955825676627,0.15777460770328103,0.3590971719294479,0.4435254212349267,0.49562833155841723,0.4504311166109514,0.3895396210383067,0.18761378796837888,0.3251493307744145,0.3483281816344632,Norway,RB,1.0,27,RB:27,grid_centered_v2,False,FB,0.3900023555175957,0.09193306265600618
145465,22,12,1002.0,4.0,3.0,2.0,0.0,0.0,284.0,229.0,6.0,14.0,3.0,7.0,91.0,38.0,13.0,5.0,8.0,15.0,7,1,Hussein Ali,0.8744011976047904,0.3141561188999247,0.23561708917494353,0.15707805944996234,0.0,0.0,22.305084441894653,17.98543780702069,0.47123417834988707,1.0995464161497366,0.23561708917494353,0.5497732080748683,7.147051704973287,2.9844831295492846,1.0210073864247553,0.3926951486249059,0.6283122377998493,1.1780854458747176,0.8063380281690141,0.4175824175824176,0.38461538461538464,0.75,31.13820705977772,2.1441155114919863,1.1780854458747176,3.08648840044462,3.3379087633117006,5.431023634116251,3.5872769222622316,0.16126760563380282,0.33627568793634,0.42102396676495074,0.3927638935426549,0.5864880738776757,0.43439267921091695,0.31663918492634097,0.37941480029646635,0.3915445003102546,Iraq,RB,0.9090909090909091,11,RB:10 | RCB:1,grid_centered_v2,False,FB,0.3890097106764948,0.1474331270308942
34418,29,29,2616.0,9.0,2.0,1.0,1.0,0.0,1802.0,1587.0,5.0,11.0,17.0,19.0,154.0,94.0,3.0,0.0,12.0,22.0,5,0,Tae-hyeon Kim,0.85,0.2631880733944954,0.058486238532110095,0.029243119266055047,0.029243119266055047,0.0,52.696100917431195,46.408830275229356,0.14621559633027523,0.3216743119266055,0.49713302752293576,0.5556192660550459,4.503440366972477,2.748853211009174,0.08772935779816514,0.0,0.35091743119266056,0.643348623853211,0.8806881243063263,0.6103896103896104,0.0,0.2222222222222222,46.022879713162745,0.43864678899082565,0.5263761467889908,0.7602701325178389,2.237098623853211,5.6795633265816745,3.275096389319729,0.17613762486126527,0.6208996405095649,0.32015380556949385,0.34408973837508455,0.3791568584406588,0.35157799223948627,0.33735799687510476,0.2773452765760149,0.5864163447945584,South Korea,RB,1.0,33,RB:33,grid_centered_v2,False,FB,0.38791843161389683,0.09124520849553962
377930,20,18,1594.0,9.0,5.0,2.0,0.0,0.0,505.0,375.0,3.0,24.0,6.0,21.0,148.0,69.0,13.0,5.0,13.0,25.0,4,0,Ayoub Al Oui,0.8641154328732747,0.43910508194940556,0.2439472677496698,0.09757890709986791,0.0,0.0,24.638674042716644,18.296045081225234,0.14636836064980188,1.170946885198415,0.29273672129960376,1.024578524548613,7.220839125390224,3.366472294945443,0.6342628961491414,0.2439472677496698,0.6342628961491414,1.2197363387483489,0.7425742574257426,0.46621621621621623,0.38461538461538464,0.5555555555555556,29.94449647616566,1.1904626666183886,0.3659209016245047,2.233268542759592,4.478871835883937,6.111709861572269,3.38022517268441,0.1485148514851485,0.3156076869501604,0.3631938237670583,0.3325486678532715,0.5101025595733999,0.524207872169083,0.37487639884836405,0.3098410280426735,0.2463200406976356,Qatar,RB,0.8888888888888888,18,RB:16 | RCB:2,grid_centered_v2,False,FB,0.3861708422353633,0.11689199725100939
19182,24,23,2117.0,5.0,2.0,2.0,0.0,0.0,1001.0,854.0,1.0,26.0,17.0,14.0,131.0,67.0,2.0,0.0,5.0,19.0,1,0,Axel Tuanzebe,0.9801606046291923,0.20834779030851985,0.08333911612340794,0.08333911612340794,0.0,0.0,41.71122761976568,35.58580258469519,0.04166955806170397,1.0834085096043033,0.7083824870489674,0.5833738128638556,5.45871210608322,2.791860390134166,0.08333911612340794,0.0,0.20834779030851985,0.7917216031723755,0.8531468531468531,0.5114503816793893,0.0,0.4,40.18206287368928,0.17917909966532708,0.10417389515425993,1.5833876915600347,3.8961036787693217,5.442955691226,3.1272564104319516,0.17062937062937064,0.5082388455691689,0.30594022429078904,0.31415031494857504,0.45140840490307266,0.4781619276933586,0.3176182369326676,0.23537954215728427,0.5141299700670481,Congo DR,RB,0.6521739130434783,23,RB:15 | LCB:6 | RCB:2,grid_centered_v2,False,FB,0.3833554889577272,0.10143048653848191
322101,47,39,3633.0,43.0,22.0,3.0,10.0,0.0,1106.0,814.0,52.0,47.0,7.0,39.0,348.0,155.0,69.0,20.0,36.0,33.0,5,0,Amar Memić,0.8833360858794386,0.9409608181539849,0.4814218139392481,0.06564842917353383,0.21882809724511276,0.0,24.20238755530947,17.81260711575218,1.1379061056745865,1.02849205705203,0.15317966807157893,0.8534295792559399,7.615217784129924,3.3918355072992483,1.509913870991278,0.4376561944902255,0.7877811500824059,0.7221327209088721,0.7359855334538878,0.4454022988505747,0.2898550724637681,0.5116279069767442,31.56652494758563,3.5362620514810224,4.048319799034586,2.2224337868567066,3.726642496084271,6.084776606770672,3.21807879939091,0.14719710669077757,0.34385250054865407,0.5090237432520859,0.6192998887780261,0.50912179087833,0.46480722039764477,0.37248803124442303,0.26062678169957954,0.23355531890381792,Bosnia & Herzegovina,DM,0.5128205128205128,39,DM:20 | AM:10 | CM:9,grid_centered_v2,True,DM,0.3824209813907371,0.07742767862341435
51149,26,20,1916.0,0.0,0.0,0.0,0.0,0.0,732.0,660.0,5.0,13.0,15.0,13.0,122.0,65.0,7.0,4.0,17.0,26.0,3,0,Michael Boxall,0.9250747756729811,0.0,0.0,0.0,0.0,0.0,31.807894687544888,28.67924930844211,0.21726704021547052,0.5648943045602234,0.6518011206464116,0.5648943045602234,5.301315781257481,2.8244715228011166,0.3041738563016588,0.17381363217237641,0.7387079367325998,1.1297886091204468,0.9016393442622951,0.5327868852459017,0.5714285714285714,0.0,37.28907029638352,1.194968721185088,0.5431676005386763,0.0,2.863579590039902,5.552620787659269,4.307040798858186,0.18032786885245902,0.4513826921376848,0.3634593760864529,0.34530849636097416,0.3168013406328847,0.3979606381874059,0.3266913912723384,0.6414209967678309,0.6391747196589472,New Zealand,RB,0.7916666666666666,24,RB:19 | RCB:5,grid_centered_v2,False,FB,0.37846117441332217,0.10661816050895435
199767,35,33,3066.0,12.0,5.0,1.0,0.0,0.0,1437.0,1234.0,10.0,34.0,20.0,17.0,221.0,105.0,8.0,6.0,5.0,43.0,3,0,Steve Kapuadi,0.8588062622309197,0.30251492603046093,0.1260478858460254,0.025209577169205077,0.0,0.0,36.22616239214769,31.108618226799063,0.2520957716920508,0.8571256237529726,0.5041915433841015,0.4285628118764863,5.571316554394322,2.647005602766533,0.20167661735364062,0.15125746301523046,0.1260478858460254,1.0840118182758183,0.8587334725121781,0.4751131221719457,0.75,0.4166666666666667,38.274301432655015,0.8949399895067803,0.630239429230127,1.2114769908714096,2.954562444230835,5.131147210388983,4.4588914571993365,0.17174669450243563,0.47067781986735596,0.3459662955987547,0.3516607159709938,0.41831509536832756,0.4048747565032608,0.2925811019267508,0.6916897934047754,0.5289412750098657,Congo DR,RB,0.7575757575757576,33,RB:25 | RCB:6 | LCB:2,grid_centered_v2,False,FB,0.3749252999190168,0.0842835582994015
25300,32,31,2718.0,13.0,8.0,4.0,0.0,0.0,605.0,401.0,14.0,62.0,5.0,36.0,242.0,113.0,12.0,2.0,15.0,54.0,7,0,Rani Khedira,1.0,0.43046357615894043,0.26490066225165565,0.13245033112582782,0.0,0.0,20.033112582781456,13.27814569536424,0.4635761589403974,2.052980132450331,0.16556291390728478,1.1920529801324504,8.013245033112582,3.741721854304636,0.3973509933774835,0.06622516556291391,0.49668874172185434,1.7880794701986755,0.6628099173553719,0.4669421487603306,0.16666666666666666,0.6153846153846154,26.512300914016745,1.2483443708609272,1.1589403973509935,2.6612328069281714,6.26158940397351,6.639237042307482,2.6635652126320397,0.13256198347107437,0.26026749232889745,0.3666112246903773,0.3912976489311431,0.548702942667324,0.6594258643707355,0.42275430841006567,0.13356454287371014,0.12283435180269534,Tunisia,AM,1.0,29,AM:29,grid_centered_v2,False,AM,0.35774822234762566,0.08951673046482754
