metric,observed,v0_2,v0_3,v0_2_absolute_error,v0_3_absolute_error
Goals,2.9148936170212765,2.9749999999999996,2.9403,0.06010638297872317,0.025406382978723663
Shots,18.094871004214205,17.7364,17.8065,0.35847100421420564,0.2883710042142056
Shots on target,8.378558947476618,8.9055,8.9158,0.526941052523382,0.5372410525233828
0–0 rate,0.07446808510638298,0.0489,0.069,0.025568085106382976,0.005468085106382969
