metric,observed,v0_2,v0_3,v0_2_absolute_error,v0_3_absolute_error
Goals,2.9148936170212765,2.9173999999999998,2.9403,0.0025063829787232983,0.025406382978723663
Shots,18.094871004214205,17.6177,17.8065,0.4771710042142061,0.2883710042142056
Shots on target,8.378558947476618,8.8077,8.9158,0.4291410525233825,0.5372410525233828
0–0 rate,0.07446808510638298,0.0517,0.069,0.022768085106382972,0.005468085106382969
