metric,observed,v0_2,v0_3,v0_2_absolute_error,v0_3_absolute_error
Goals,2.9148936170212765,2.8604000000000003,2.998,0.0544936170212762,0.08310638297872375
Shots,18.094871004214205,17.397,17.9378,0.6978710042142069,0.15707100421420606
Shots on target,8.378558947476618,8.6536,9.014,0.27504105252338285,0.6354410525233813
0–0 rate,0.07446808510638298,0.0545,0.0642,0.019968085106382975,0.010268085106382982
