metric,observed,v0_2,v0_3,v0_2_absolute_error,v0_3_absolute_error
Goals,2.9148936170212765,2.9278,2.95,0.012906382978723485,0.035106382978723705
Shots,18.094871004214205,17.622799999999998,17.8338,0.47207100421420733,0.26107100421420526
Shots on target,8.378558947476618,8.8302,8.9405,0.4516410525233816,0.5619410525233821
0–0 rate,0.07446808510638298,0.0512,0.0674,0.023268085106382973,0.007068085106382974
