metric,observed,v0_2,v0_3,v0_2_absolute_error,v0_3_absolute_error
Goals,2.9148936170212765,2.9175,2.9502,0.0026063829787235093,0.03530638297872368
Shots,18.094871004214205,17.6196,17.8342,0.475271004214207,0.2606710042142062
Shots on target,8.378558947476618,8.8092,8.941,0.4306410525233826,0.5624410525233827
0–0 rate,0.07446808510638298,0.0517,0.0674,0.022768085106382972,0.007068085106382974
