model,matches,brier_score,log_loss,ranked_probability_score,top1_accuracy,log_loss_skill_vs_naive
naive_base_rate,82,0.6512995226344757,1.0818715419193927,0.2434591900751871,0.4634146341463415,0.0
dixon_coles_shrunk,82,0.5850476637678661,0.9893144231439256,0.2098860030711316,0.5609756097560976,0.0855527807037587
transparent_form,82,0.5841888341792215,0.9814621903847228,0.2095235122061464,0.5609756097560976,0.0928107891224585
poisson_shrunk,82,0.5750231082280485,0.9738465243982752,0.2082152438144953,0.5609756097560976,0.0998501331585687
