player_name,world_cup_team,squad_position,reported_minutes,benchmark_precheck,player_id,window,expected_official_fixtures,processed_fixture_endpoints,fixture_endpoint_coverage,missing_fixture_endpoints,detailed_appearance_fixtures,detailed_minutes,aggregate_reported_minutes,minute_reconciliation_ratio_raw,minute_reconciliation_ratio_clipped,coverage_pass_80pct,denominator_note,original_coverage_pass_80pct,exact_detailed_appearance_fixtures,exact_detailed_minutes,known_startXI_fixtures,startXI_with_detailed_row,known_missing_startXI_fixtures,known_missing_minutes_upper_bound,missing_startXI_with_exit_event,missing_minutes_inferred_from_events,known_minute_coverage_lower_bound,coverage_definition_version,pass_changed_false_to_true,pass_changed_true_to_false,reconstructed_exact_minutes,reconstructed_fixture_pairs,provider_detailed_minutes,candidate_type
M. Akanji,Switzerland,Defender,4981.0,True,5,annual_current,98,98,1.0,0,51,4307.0,,1.0,1.0,True,exact-window detailed minutes plus event-bounded exposure for known startXI appearances without a positive-minute statistics row,True,51,4307.0,46,46,0,0.0,0,0.0,1.0,exact_window_known_minutes_v2_event_bounded,False,False,0.0,0,4307.0,benchmark
M. Akanji,Switzerland,Defender,4981.0,True,5,pre_world_cup,96,96,1.0,0,48,3954.0,,1.0,1.0,True,exact-window detailed minutes plus event-bounded exposure for known startXI appearances without a positive-minute statistics row,True,48,3954.0,42,42,0,0.0,0,0.0,1.0,exact_window_known_minutes_v2_event_bounded,False,False,0.0,0,3954.0,benchmark
A. Hakimi,Morocco,Defender,4466.0,True,9,annual_current,65,65,1.0,0,43,3641.0,,1.0,1.0,True,exact-window detailed minutes plus event-bounded exposure for known startXI appearances without a positive-minute statistics row,True,43,3641.0,39,39,0,0.0,0,0.0,1.0,exact_window_known_minutes_v2_event_bounded,False,False,0.0,0,3641.0,benchmark_and_avatar
A. Hakimi,Morocco,Defender,4466.0,True,9,pre_world_cup,66,66,1.0,0,44,3664.0,,1.0,1.0,True,exact-window detailed minutes plus event-bounded exposure for known startXI appearances without a positive-minute statistics row,True,44,3664.0,40,40,0,0.0,0,0.0,1.0,exact_window_known_minutes_v2_event_bounded,False,False,0.0,0,3664.0,benchmark_and_avatar
C. Pulisic,USA,Midfielder,2607.0,True,17,annual_current,47,47,1.0,0,38,2030.0,,1.0,1.0,True,exact-window detailed minutes plus event-bounded exposure for known startXI appearances without a positive-minute statistics row,False,38,2030.0,23,23,0,0.0,0,0.0,1.0,exact_window_known_minutes_v2_event_bounded,True,False,0.0,0,2030.0,benchmark
C. Pulisic,USA,Midfielder,2607.0,True,17,pre_world_cup,42,42,1.0,0,34,1806.0,,1.0,1.0,True,exact-window detailed minutes plus event-bounded exposure for known startXI appearances without a positive-minute statistics row,True,34,1806.0,20,20,0,0.0,0,0.0,1.0,exact_window_known_minutes_v2_event_bounded,False,False,0.0,0,1806.0,benchmark
A. Witsel,Belgium,Midfielder,2678.0,True,20,annual_current,44,44,1.0,0,34,2564.0,,1.0,1.0,True,exact-window detailed minutes plus event-bounded exposure for known startXI appearances without a positive-minute statistics row,True,34,2564.0,30,30,0,0.0,0,0.0,1.0,exact_window_known_minutes_v2_event_bounded,False,False,0.0,0,2564.0,benchmark
A. Witsel,Belgium,Midfielder,2678.0,True,20,pre_world_cup,38,38,1.0,0,32,2533.0,,1.0,1.0,True,exact-window detailed minutes plus event-bounded exposure for known startXI appearances without a positive-minute statistics row,True,32,2533.0,30,30,0,0.0,0,0.0,1.0,exact_window_known_minutes_v2_event_bounded,False,False,0.0,0,2533.0,benchmark
S. Arias,Colombia,Defender,4115.0,True,30,annual_current,54,54,1.0,0,34,2709.0,,1.0,1.0,True,exact-window detailed minutes plus event-bounded exposure for known startXI appearances without a positive-minute statistics row,False,34,2709.0,28,28,0,0.0,0,0.0,1.0,exact_window_known_minutes_v2_event_bounded,True,False,0.0,0,2709.0,benchmark
S. Arias,Colombia,Defender,4115.0,True,30,pre_world_cup,53,53,1.0,0,35,2736.0,,1.0,1.0,True,exact-window detailed minutes plus event-bounded exposure for known startXI appearances without a positive-minute statistics row,True,35,2736.0,28,28,0,0.0,0,0.0,1.0,exact_window_known_minutes_v2_event_bounded,False,False,0.0,0,2736.0,benchmark
J. Giménez,Uruguay,Defender,2569.0,True,31,annual_current,66,66,1.0,0,25,1537.0,,1.0,1.0,True,exact-window detailed minutes plus event-bounded exposure for known startXI appearances without a positive-minute statistics row,False,25,1537.0,16,16,0,0.0,0,0.0,1.0,exact_window_known_minutes_v2_event_bounded,True,False,0.0,0,1537.0,benchmark_and_avatar
J. Giménez,Uruguay,Defender,2569.0,True,31,pre_world_cup,63,63,1.0,0,25,1537.0,,1.0,1.0,True,exact-window detailed minutes plus event-bounded exposure for known startXI appearances without a positive-minute statistics row,True,25,1537.0,16,16,0,0.0,0,0.0,1.0,exact_window_known_minutes_v2_event_bounded,False,False,0.0,0,1537.0,benchmark_and_avatar
L. Hernández,France,Defender,2291.0,True,33,annual_current,63,63,1.0,0,36,2084.0,,1.0,1.0,True,exact-window detailed minutes plus event-bounded exposure for known startXI appearances without a positive-minute statistics row,True,36,2084.0,21,21,0,0.0,0,0.0,1.0,exact_window_known_minutes_v2_event_bounded,False,False,0.0,0,2084.0,benchmark
L. Hernández,France,Defender,2291.0,True,33,pre_world_cup,63,63,1.0,0,40,2182.0,,1.0,1.0,True,exact-window detailed minutes plus event-bounded exposure for known startXI appearances without a positive-minute statistics row,True,40,2182.0,22,22,0,0.0,0,0.0,1.0,exact_window_known_minutes_v2_event_bounded,False,False,0.0,0,2182.0,benchmark
Rodri,Spain,Midfielder,3076.0,True,44,annual_current,67,67,1.0,0,40,2811.0,,1.0,1.0,True,exact-window detailed minutes plus event-bounded exposure for known startXI appearances without a positive-minute statistics row,True,40,2811.0,33,33,0,0.0,0,0.0,1.0,exact_window_known_minutes_v2_event_bounded,False,False,0.0,0,2811.0,benchmark_and_avatar
Rodri,Spain,Midfielder,3076.0,True,44,pre_world_cup,64,64,1.0,0,37,2356.0,,1.0,1.0,True,exact-window detailed minutes plus event-bounded exposure for known startXI appearances without a positive-minute statistics row,True,37,2356.0,27,27,0,0.0,0,0.0,1.0,exact_window_known_minutes_v2_event_bounded,False,False,0.0,0,2356.0,benchmark_and_avatar
T. Partey,Ghana,Midfielder,2722.0,True,49,annual_current,53,53,1.0,0,35,1602.0,,1.0,1.0,True,exact-window detailed minutes plus event-bounded exposure for known startXI appearances without a positive-minute statistics row,False,35,1602.0,16,16,0,0.0,0,0.0,1.0,exact_window_known_minutes_v2_event_bounded,True,False,0.0,0,1602.0,benchmark
T. Partey,Ghana,Midfielder,2722.0,True,49,pre_world_cup,49,49,1.0,0,32,1332.0,,1.0,1.0,True,exact-window detailed minutes plus event-bounded exposure for known startXI appearances without a positive-minute statistics row,True,32,1332.0,13,13,0,0.0,0,0.0,1.0,exact_window_known_minutes_v2_event_bounded,False,False,0.0,0,1332.0,benchmark
B. Mechele,Belgium,Defender,5448.0,True,69,annual_current,60,60,1.0,0,59,5270.0,,1.0,1.0,True,exact-window detailed minutes plus event-bounded exposure for known startXI appearances without a positive-minute statistics row,True,59,5270.0,59,59,0,0.0,0,0.0,1.0,exact_window_known_minutes_v2_event_bounded,False,False,0.0,0,5270.0,benchmark_and_avatar
B. Mechele,Belgium,Defender,5448.0,True,69,pre_world_cup,54,54,1.0,0,53,4700.0,,1.0,1.0,True,exact-window detailed minutes plus event-bounded exposure for known startXI appearances without a positive-minute statistics row,True,53,4700.0,53,53,0,0.0,0,0.0,1.0,exact_window_known_minutes_v2_event_bounded,False,False,0.0,0,4700.0,benchmark_and_avatar
S. Amrabat,Morocco,Midfielder,2721.0,True,74,annual_current,101,101,1.0,0,35,2369.0,,1.0,1.0,True,exact-window detailed minutes plus event-bounded exposure for known startXI appearances without a positive-minute statistics row,True,35,2369.0,27,27,0,0.0,0,0.0,1.0,exact_window_known_minutes_v2_event_bounded,False,False,0.0,0,2369.0,benchmark
S. Amrabat,Morocco,Midfielder,2721.0,True,74,pre_world_cup,95,95,1.0,0,32,2224.0,,1.0,1.0,True,exact-window detailed minutes plus event-bounded exposure for known startXI appearances without a positive-minute statistics row,True,32,2224.0,26,26,0,0.0,0,0.0,1.0,exact_window_known_minutes_v2_event_bounded,False,False,0.0,0,2224.0,benchmark
H. Vanaken,Belgium,Midfielder,5007.0,True,78,annual_current,60,60,1.0,0,59,4957.0,,1.0,1.0,True,exact-window detailed minutes plus event-bounded exposure for known startXI appearances without a positive-minute statistics row,True,59,4957.0,55,55,0,0.0,0,0.0,1.0,exact_window_known_minutes_v2_event_bounded,False,False,0.0,0,4957.0,benchmark
H. Vanaken,Belgium,Midfielder,5007.0,True,78,pre_world_cup,54,54,1.0,0,53,4633.0,,1.0,1.0,True,exact-window detailed minutes plus event-bounded exposure for known startXI appearances without a positive-minute statistics row,True,53,4633.0,52,52,0,0.0,0,0.0,1.0,exact_window_known_minutes_v2_event_bounded,False,False,0.0,0,4633.0,benchmark
K. Diatta,Senegal,Defender,2517.0,True,81,annual_current,58,58,1.0,0,32,2180.0,,1.0,1.0,True,exact-window detailed minutes plus event-bounded exposure for known startXI appearances without a positive-minute statistics row,True,32,2180.0,22,22,0,0.0,0,0.0,1.0,exact_window_known_minutes_v2_event_bounded,False,False,0.0,0,2180.0,benchmark
K. Diatta,Senegal,Defender,2517.0,True,81,pre_world_cup,54,54,1.0,0,28,1790.0,,1.0,1.0,True,exact-window detailed minutes plus event-bounded exposure for known startXI appearances without a positive-minute statistics row,True,28,1790.0,18,18,0,0.0,0,0.0,1.0,exact_window_known_minutes_v2_event_bounded,False,False,0.0,0,1790.0,benchmark
Nélson Semedo,Portugal,Defender,3235.0,True,130,annual_current,58,58,1.0,0,44,3145.0,,1.0,1.0,True,exact-window detailed minutes plus event-bounded exposure for known startXI appearances without a positive-minute statistics row,True,44,3145.0,37,37,0,0.0,0,0.0,1.0,exact_window_known_minutes_v2_event_bounded,False,False,0.0,0,3145.0,benchmark
Nélson Semedo,Portugal,Defender,3235.0,True,130,pre_world_cup,53,53,1.0,0,40,3021.0,,1.0,1.0,True,exact-window detailed minutes plus event-bounded exposure for known startXI appearances without a positive-minute statistics row,True,40,3021.0,37,37,0,0.0,0,0.0,1.0,exact_window_known_minutes_v2_event_bounded,False,False,0.0,0,3021.0,benchmark
O. Dembélé,France,Midfielder,3192.0,True,153,annual_current,63,63,1.0,0,47,2764.0,,1.0,1.0,True,exact-window detailed minutes plus event-bounded exposure for known startXI appearances without a positive-minute statistics row,True,47,2764.0,32,32,0,0.0,0,0.0,1.0,exact_window_known_minutes_v2_event_bounded,False,False,0.0,0,2764.0,benchmark_and_avatar
O. Dembélé,France,Midfielder,3192.0,True,153,pre_world_cup,63,63,1.0,0,44,2409.0,,1.0,1.0,True,exact-window detailed minutes plus event-bounded exposure for known startXI appearances without a positive-minute statistics row,True,44,2409.0,27,27,0,0.0,0,0.0,1.0,exact_window_known_minutes_v2_event_bounded,False,False,0.0,0,2409.0,benchmark_and_avatar
L. Messi,Argentina,Attacker,7195.0,True,154,annual_current,52,52,1.0,0,44,3834.0,,1.0,1.0,True,exact-window detailed minutes plus event-bounded exposure for known startXI appearances without a positive-minute statistics row,False,44,3834.0,42,42,0,0.0,0,0.0,1.0,exact_window_known_minutes_v2_event_bounded,True,False,0.0,0,3834.0,benchmark_and_avatar
L. Messi,Argentina,Attacker,7195.0,True,154,pre_world_cup,54,52,0.9629629629629628,2,45,3922.0,,1.0,1.0,True,exact-window detailed minutes plus event-bounded exposure for known startXI appearances without a positive-minute statistics row,True,45,3922.0,44,44,0,0.0,0,0.0,1.0,exact_window_known_minutes_v2_event_bounded,False,False,0.0,0,3922.0,benchmark_and_avatar
D. Sánchez,Colombia,Defender,5466.0,True,168,annual_current,60,60,1.0,0,50,4228.0,,1.0,1.0,True,exact-window detailed minutes plus event-bounded exposure for known startXI appearances without a positive-minute statistics row,False,50,4228.0,49,49,0,0.0,0,0.0,1.0,exact_window_known_minutes_v2_event_bounded,True,False,0.0,0,4228.0,benchmark
D. Sánchez,Colombia,Defender,5466.0,True,168,pre_world_cup,56,56,1.0,0,46,3844.0,,1.0,1.0,True,exact-window detailed minutes plus event-bounded exposure for known startXI appearances without a positive-minute statistics row,True,46,3844.0,45,45,0,0.0,0,0.0,1.0,exact_window_known_minutes_v2_event_bounded,False,False,0.0,0,3844.0,benchmark
H. Kane,England,Attacker,5228.0,True,184,annual_current,62,62,1.0,0,58,4702.0,,1.0,1.0,True,exact-window detailed minutes plus event-bounded exposure for known startXI appearances without a positive-minute statistics row,True,58,4702.0,51,51,0,0.0,0,0.0,1.0,exact_window_known_minutes_v2_event_bounded,False,False,0.0,0,4702.0,benchmark_and_avatar
H. Kane,England,Attacker,5228.0,True,184,pre_world_cup,60,60,1.0,0,56,4423.0,,1.0,1.0,True,exact-window detailed minutes plus event-bounded exposure for known startXI appearances without a positive-minute statistics row,True,56,4423.0,48,48,0,0.0,0,0.0,1.0,exact_window_known_minutes_v2_event_bounded,False,False,0.0,0,4423.0,benchmark_and_avatar
Son Heung-Min,South Korea,Attacker,4495.0,True,186,annual_current,43,43,1.0,0,37,2965.0,,1.0,1.0,True,exact-window detailed minutes plus event-bounded exposure for known startXI appearances without a positive-minute statistics row,False,37,2965.0,34,34,0,0.0,0,0.0,1.0,exact_window_known_minutes_v2_event_bounded,True,False,0.0,0,2965.0,benchmark_and_avatar
Son Heung-Min,South Korea,Attacker,4495.0,True,186,pre_world_cup,44,44,1.0,0,34,2794.0,,1.0,1.0,True,exact-window detailed minutes plus event-bounded exposure for known startXI appearances without a positive-minute statistics row,True,34,2794.0,32,32,0,0.0,0,0.0,1.0,exact_window_known_minutes_v2_event_bounded,False,False,0.0,0,2794.0,benchmark_and_avatar
I. Perisic,Croatia,Defender,3578.0,True,207,annual_current,50,50,1.0,0,46,3330.0,,1.0,1.0,True,exact-window detailed minutes plus event-bounded exposure for known startXI appearances without a positive-minute statistics row,True,46,3330.0,40,40,0,0.0,0,0.0,1.0,exact_window_known_minutes_v2_event_bounded,False,False,0.0,0,3330.0,benchmark
I. Perisic,Croatia,Defender,3578.0,True,207,pre_world_cup,46,46,1.0,0,42,2970.0,,1.0,1.0,True,exact-window detailed minutes plus event-bounded exposure for known startXI appearances without a positive-minute statistics row,True,42,2970.0,36,36,0,0.0,0,0.0,1.0,exact_window_known_minutes_v2_event_bounded,False,False,0.0,0,2970.0,benchmark
Lautaro Martínez,Argentina,Attacker,4844.0,True,217,annual_current,63,63,1.0,0,50,3169.0,,1.0,1.0,True,exact-window detailed minutes plus event-bounded exposure for known startXI appearances without a positive-minute statistics row,False,50,3169.0,40,40,0,0.0,0,0.0,1.0,exact_window_known_minutes_v2_event_bounded,True,False,0.0,0,3169.0,benchmark_and_avatar
Lautaro Martínez,Argentina,Attacker,4844.0,True,217,pre_world_cup,61,61,1.0,0,47,3201.0,,1.0,1.0,True,exact-window detailed minutes plus event-bounded exposure for known startXI appearances without a positive-minute statistics row,True,47,3201.0,40,40,0,0.0,0,0.0,1.0,exact_window_known_minutes_v2_event_bounded,False,False,0.0,0,3201.0,benchmark_and_avatar
A. Behich,Australia,Midfielder,4313.0,True,225,annual_current,41,41,1.0,0,37,3289.0,,1.0,1.0,True,exact-window detailed minutes plus event-bounded exposure for known startXI appearances without a positive-minute statistics row,False,37,3289.0,36,36,0,0.0,0,0.0,1.0,exact_window_known_minutes_v2_event_bounded,True,False,0.0,0,3289.0,benchmark
A. Behich,Australia,Midfielder,4313.0,True,225,pre_world_cup,37,37,1.0,0,34,3066.0,,1.0,1.0,True,exact-window detailed minutes plus event-bounded exposure for known startXI appearances without a positive-minute statistics row,True,34,3066.0,34,34,0,0.0,0,0.0,1.0,exact_window_known_minutes_v2_event_bounded,False,False,0.0,0,3066.0,benchmark
D. Dumfries,Netherlands,Midfielder,2653.0,True,226,annual_current,57,57,1.0,0,32,2172.0,,1.0,1.0,True,exact-window detailed minutes plus event-bounded exposure for known startXI appearances without a positive-minute statistics row,True,32,2172.0,24,24,0,0.0,0,0.0,1.0,exact_window_known_minutes_v2_event_bounded,False,False,0.0,0,2172.0,benchmark
D. Dumfries,Netherlands,Midfielder,2653.0,True,226,pre_world_cup,57,57,1.0,0,30,1925.0,,1.0,1.0,True,exact-window detailed minutes plus event-bounded exposure for known startXI appearances without a positive-minute statistics row,True,30,1925.0,22,22,0,0.0,0,0.0,1.0,exact_window_known_minutes_v2_event_bounded,False,False,0.0,0,1925.0,benchmark
A. Obispo,Curaçao,Defender,2132.0,True,228,annual_current,55,55,1.0,0,33,2031.0,,1.0,1.0,True,exact-window detailed minutes plus event-bounded exposure for known startXI appearances without a positive-minute statistics row,True,33,2031.0,22,22,0,0.0,0,0.0,1.0,exact_window_known_minutes_v2_event_bounded,False,False,0.0,0,2031.0,benchmark
A. Obispo,Curaçao,Defender,2132.0,True,228,pre_world_cup,52,52,1.0,0,30,1761.0,,1.0,1.0,True,exact-window detailed minutes plus event-bounded exposure for known startXI appearances without a positive-minute statistics row,True,30,1761.0,19,19,0,0.0,0,0.0,1.0,exact_window_known_minutes_v2_event_bounded,False,False,0.0,0,1761.0,benchmark
M. Sadílek,Czech Republic,Midfielder,2929.0,True,241,annual_current,45,45,1.0,0,39,2792.0,,1.0,1.0,True,exact-window detailed minutes plus event-bounded exposure for known startXI appearances without a positive-minute statistics row,True,39,2792.0,32,32,0,0.0,0,0.0,1.0,exact_window_known_minutes_v2_event_bounded,False,False,0.0,0,2792.0,benchmark
M. Sadílek,Czech Republic,Midfielder,2929.0,True,241,pre_world_cup,42,42,1.0,0,36,2609.0,,1.0,1.0,True,exact-window detailed minutes plus event-bounded exposure for known startXI appearances without a positive-minute statistics row,True,36,2609.0,30,30,0,0.0,0,0.0,1.0,exact_window_known_minutes_v2_event_bounded,False,False,0.0,0,2609.0,benchmark
R. Thomas,New Zealand,Midfielder,2532.0,True,242,annual_current,39,39,1.0,0,31,2249.0,,1.0,1.0,True,exact-window detailed minutes plus event-bounded exposure for known startXI appearances without a positive-minute statistics row,True,31,2249.0,28,28,0,0.0,0,0.0,1.0,exact_window_known_minutes_v2_event_bounded,False,False,0.0,0,2249.0,benchmark
R. Thomas,New Zealand,Midfielder,2532.0,True,242,pre_world_cup,36,36,1.0,0,28,2168.0,,1.0,1.0,True,exact-window detailed minutes plus event-bounded exposure for known startXI appearances without a positive-minute statistics row,True,28,2168.0,27,27,0,0.0,0,0.0,1.0,exact_window_known_minutes_v2_event_bounded,False,False,0.0,0,2168.0,benchmark
C. Gakpo,Netherlands,Attacker,4345.0,True,247,annual_current,59,59,1.0,0,56,3972.0,,1.0,1.0,True,exact-window detailed minutes plus event-bounded exposure for known startXI appearances without a positive-minute statistics row,True,56,3972.0,45,45,0,0.0,0,0.0,1.0,exact_window_known_minutes_v2_event_bounded,False,False,0.0,0,3972.0,benchmark_and_avatar
C. Gakpo,Netherlands,Attacker,4345.0,True,247,pre_world_cup,55,55,1.0,0,52,3601.0,,1.0,1.0,True,exact-window detailed minutes plus event-bounded exposure for known startXI appearances without a positive-minute statistics row,True,52,3601.0,41,41,0,0.0,0,0.0,1.0,exact_window_known_minutes_v2_event_bounded,False,False,0.0,0,3601.0,benchmark_and_avatar
D. Malen,Netherlands,Attacker,3344.0,True,249,annual_current,108,108,1.0,0,52,3016.0,,1.0,1.0,True,exact-window detailed minutes plus event-bounded exposure for known startXI appearances without a positive-minute statistics row,True,52,3016.0,34,34,0,0.0,0,0.0,1.0,exact_window_known_minutes_v2_event_bounded,False,False,0.0,0,3016.0,benchmark
D. Malen,Netherlands,Attacker,3344.0,True,249,pre_world_cup,104,104,1.0,0,49,2829.0,,1.0,1.0,True,exact-window detailed minutes plus event-bounded exposure for known startXI appearances without a positive-minute statistics row,True,49,2829.0,31,31,0,0.0,0,0.0,1.0,exact_window_known_minutes_v2_event_bounded,False,False,0.0,0,2829.0,benchmark
Marquinhos,Brazil,Defender,5209.0,True,257,annual_current,63,63,1.0,0,39,3252.0,,1.0,1.0,True,exact-window detailed minutes plus event-bounded exposure for known startXI appearances without a positive-minute statistics row,False,39,3252.0,35,35,0,0.0,0,0.0,1.0,exact_window_known_minutes_v2_event_bounded,True,False,0.0,0,3252.0,benchmark
Marquinhos,Brazil,Defender,5209.0,True,257,pre_world_cup,66,66,1.0,0,41,3392.0,,1.0,1.0,True,exact-window detailed minutes plus event-bounded exposure for known startXI appearances without a positive-minute statistics row,True,41,3392.0,37,37,0,0.0,0,0.0,1.0,exact_window_known_minutes_v2_event_bounded,False,False,0.0,0,3392.0,benchmark
T. Meunier,Belgium,Defender,3124.0,True,264,annual_current,54,54,1.0,0,38,2744.0,,1.0,1.0,True,exact-window detailed minutes plus event-bounded exposure for known startXI appearances without a positive-minute statistics row,True,38,2744.0,30,30,0,0.0,0,0.0,1.0,exact_window_known_minutes_v2_event_bounded,False,False,0.0,0,2744.0,benchmark
T. Meunier,Belgium,Defender,3124.0,True,264,pre_world_cup,48,48,1.0,0,35,2554.0,,1.0,1.0,True,exact-window detailed minutes plus event-bounded exposure for known startXI appearances without a positive-minute statistics row,True,35,2554.0,28,28,0,0.0,0,0.0,1.0,exact_window_known_minutes_v2_event_bounded,False,False,0.0,0,2554.0,benchmark
L. Paredes,Argentina,Midfielder,4285.0,True,271,annual_current,50,50,1.0,0,46,3687.0,,1.0,1.0,True,exact-window detailed minutes plus event-bounded exposure for known startXI appearances without a positive-minute statistics row,True,46,3687.0,39,39,0,0.0,0,0.0,1.0,exact_window_known_minutes_v2_event_bounded,False,False,0.0,0,3687.0,benchmark
L. Paredes,Argentina,Midfielder,4285.0,True,271,pre_world_cup,45,45,1.0,0,41,3385.0,,1.0,1.0,True,exact-window detailed minutes plus event-bounded exposure for known startXI appearances without a positive-minute statistics row,True,41,3385.0,36,36,0,0.0,0,0.0,1.0,exact_window_known_minutes_v2_event_bounded,False,False,0.0,0,3385.0,benchmark
A. Rabiot,France,Midfielder,3658.0,True,272,annual_current,83,83,1.0,0,39,3405.0,,1.0,1.0,True,exact-window detailed minutes plus event-bounded exposure for known startXI appearances without a positive-minute statistics row,True,39,3405.0,38,38,0,0.0,0,0.0,1.0,exact_window_known_minutes_v2_event_bounded,False,False,0.0,0,3405.0,benchmark
A. Rabiot,France,Midfielder,3658.0,True,272,pre_world_cup,76,76,1.0,0,33,2910.0,,1.0,1.0,True,exact-window detailed minutes plus event-bounded exposure for known startXI appearances without a positive-minute statistics row,True,33,2910.0,32,32,0,0.0,0,0.0,1.0,exact_window_known_minutes_v2_event_bounded,False,False,0.0,0,2910.0,benchmark
Neymar,Brazil,Attacker,3682.0,True,276,annual_current,68,68,1.0,0,32,2566.0,,1.0,1.0,True,exact-window detailed minutes plus event-bounded exposure for known startXI appearances without a positive-minute statistics row,False,32,2566.0,28,28,0,0.0,0,0.0,1.0,exact_window_known_minutes_v2_event_bounded,True,False,0.0,0,2566.0,benchmark_and_avatar
Neymar,Brazil,Attacker,3682.0,True,276,pre_world_cup,65,65,1.0,0,31,2619.0,,1.0,1.0,True,exact-window detailed minutes plus event-bounded exposure for known startXI appearances without a positive-minute statistics row,True,31,2619.0,29,29,0,0.0,0,0.0,1.0,exact_window_known_minutes_v2_event_bounded,False,False,0.0,0,2619.0,benchmark_and_avatar
Kylian Mbappé,France,Attacker,4582.0,True,278,annual_current,63,63,1.0,0,51,4228.0,,1.0,1.0,True,exact-window detailed minutes plus event-bounded exposure for known startXI appearances without a positive-minute statistics row,True,51,4228.0,47,47,0,0.0,0,0.0,1.0,exact_window_known_minutes_v2_event_bounded,False,False,0.0,0,4228.0,benchmark_and_avatar
Kylian Mbappé,France,Attacker,4582.0,True,278,pre_world_cup,62,62,1.0,0,47,3755.0,,1.0,1.0,True,exact-window detailed minutes plus event-bounded exposure for known startXI appearances without a positive-minute statistics row,True,47,3755.0,41,41,0,0.0,0,0.0,1.0,exact_window_known_minutes_v2_event_bounded,False,False,0.0,0,3755.0,benchmark_and_avatar
Alisson Becker,Brazil,Goalkeeper,4566.0,True,280,annual_current,62,62,1.0,0,42,3746.0,,1.0,1.0,True,exact-window detailed minutes plus event-bounded exposure for known startXI appearances without a positive-minute statistics row,True,42,3746.0,42,42,0,0.0,0,0.0,1.0,exact_window_known_minutes_v2_event_bounded,False,False,0.0,0,3746.0,benchmark
Alisson Becker,Brazil,Goalkeeper,4566.0,True,280,pre_world_cup,58,58,1.0,0,38,3391.0,,1.0,1.0,True,exact-window detailed minutes plus event-bounded exposure for known startXI appearances without a positive-minute statistics row,True,38,3391.0,38,38,0,0.0,0,0.0,1.0,exact_window_known_minutes_v2_event_bounded,False,False,0.0,0,3391.0,benchmark
A. Robertson,Scotland,Defender,2766.0,True,289,annual_current,60,60,1.0,0,39,2248.0,,1.0,1.0,True,exact-window detailed minutes plus event-bounded exposure for known startXI appearances without a positive-minute statistics row,True,39,2248.0,23,23,0,0.0,0,0.0,1.0,exact_window_known_minutes_v2_event_bounded,False,False,0.0,0,2248.0,benchmark_and_avatar
A. Robertson,Scotland,Defender,2766.0,True,289,pre_world_cup,57,57,1.0,0,36,2023.0,,1.0,1.0,True,exact-window detailed minutes plus event-bounded exposure for known startXI appearances without a positive-minute statistics row,True,36,2023.0,20,20,0,0.0,0,0.0,1.0,exact_window_known_minutes_v2_event_bounded,False,False,0.0,0,2023.0,benchmark_and_avatar
V. van Dijk,Netherlands,Defender,5711.0,True,290,annual_current,59,59,1.0,0,59,5331.0,,1.0,1.0,True,exact-window detailed minutes plus event-bounded exposure for known startXI appearances without a positive-minute statistics row,True,59,5331.0,59,59,0,0.0,0,0.0,1.0,exact_window_known_minutes_v2_event_bounded,False,False,0.0,0,5331.0,benchmark_and_avatar
V. van Dijk,Netherlands,Defender,5711.0,True,290,pre_world_cup,55,55,1.0,0,55,4941.0,,1.0,1.0,True,exact-window detailed minutes plus event-bounded exposure for known startXI appearances without a positive-minute statistics row,True,55,4941.0,55,55,0,0.0,0,0.0,1.0,exact_window_known_minutes_v2_event_bounded,False,False,0.0,0,4941.0,benchmark_and_avatar
J. Henderson,England,Midfielder,2262.0,True,292,annual_current,48,48,1.0,0,35,2106.0,,1.0,1.0,True,exact-window detailed minutes plus event-bounded exposure for known startXI appearances without a positive-minute statistics row,True,35,2106.0,24,24,0,0.0,0,0.0,1.0,exact_window_known_minutes_v2_event_bounded,False,False,0.0,0,2106.0,benchmark_and_avatar
J. Henderson,England,Midfielder,2262.0,True,292,pre_world_cup,41,41,1.0,0,34,2094.0,,1.0,1.0,True,exact-window detailed minutes plus event-bounded exposure for known startXI appearances without a positive-minute statistics row,True,34,2094.0,24,24,0,0.0,0,0.0,1.0,exact_window_known_minutes_v2_event_bounded,False,False,0.0,0,2094.0,benchmark_and_avatar
Fabinho,Brazil,Midfielder,5291.0,True,299,annual_current,49,49,1.0,0,43,3600.0,,1.0,1.0,True,exact-window detailed minutes plus event-bounded exposure for known startXI appearances without a positive-minute statistics row,False,43,3600.0,40,40,0,0.0,0,0.0,1.0,exact_window_known_minutes_v2_event_bounded,True,False,0.0,0,3600.0,benchmark
Fabinho,Brazil,Midfielder,5291.0,True,299,pre_world_cup,44,44,1.0,0,40,3522.0,,1.0,1.0,True,exact-window detailed minutes plus event-bounded exposure for known startXI appearances without a positive-minute statistics row,True,40,3522.0,40,40,0,0.0,0,0.0,1.0,exact_window_known_minutes_v2_event_bounded,False,False,0.0,0,3522.0,benchmark
S. Mané,Senegal,Midfielder,4360.0,True,304,annual_current,56,56,1.0,0,41,3389.0,,0.9741304972693304,0.9741304972693304,True,exact-window detailed minutes plus event-bounded exposure for known startXI appearances without a positive-minute statistics row,False,41,3389.0,39,38,1,90.0,0,0.0,0.9741304972693304,exact_window_known_minutes_v2_event_bounded,True,False,0.0,0,3389.0,benchmark
S. Mané,Senegal,Midfielder,4360.0,True,304,pre_world_cup,52,52,1.0,0,37,3026.0,,0.9711168164313222,0.9711168164313222,True,exact-window detailed minutes plus event-bounded exposure for known startXI appearances without a positive-minute statistics row,True,37,3026.0,35,34,1,90.0,0,0.0,0.9711168164313222,exact_window_known_minutes_v2_event_bounded,False,False,0.0,0,3026.0,benchmark
Mohamed Salah,Egypt,Attacker,4285.0,True,306,annual_current,67,67,1.0,0,52,4145.0,,1.0,1.0,True,exact-window detailed minutes plus event-bounded exposure for known startXI appearances without a positive-minute statistics row,True,52,4145.0,45,45,0,0.0,0,0.0,1.0,exact_window_known_minutes_v2_event_bounded,False,False,0.0,0,4145.0,benchmark
Mohamed Salah,Egypt,Attacker,4285.0,True,306,pre_world_cup,62,62,1.0,0,47,3717.0,,1.0,1.0,True,exact-window detailed minutes plus event-bounded exposure for known startXI appearances without a positive-minute statistics row,True,47,3717.0,40,40,0,0.0,0,0.0,1.0,exact_window_known_minutes_v2_event_bounded,False,False,0.0,0,3717.0,benchmark
D. Ospina,Colombia,Goalkeeper,4820.0,True,313,annual_current,59,59,1.0,0,31,2808.0,,0.968944099378882,0.968944099378882,True,exact-window detailed minutes plus event-bounded exposure for known startXI appearances without a positive-minute statistics row,False,31,2808.0,32,31,1,90.0,0,0.0,0.968944099378882,exact_window_known_minutes_v2_event_bounded,True,False,0.0,0,2808.0,benchmark
D. Ospina,Colombia,Goalkeeper,4820.0,True,313,pre_world_cup,59,59,1.0,0,34,3078.0,,0.9715909090909092,0.9715909090909092,True,exact-window detailed minutes plus event-bounded exposure for known startXI appearances without a positive-minute statistics row,True,34,3078.0,35,34,1,90.0,0,0.0,0.9715909090909092,exact_window_known_minutes_v2_event_bounded,False,False,0.0,0,3078.0,benchmark
K. Koulibaly,Senegal,Defender,3136.0,True,318,annual_current,54,54,1.0,0,29,2476.0,,1.0,1.0,True,exact-window detailed minutes plus event-bounded exposure for known startXI appearances without a positive-minute statistics row,False,29,2476.0,29,29,0,0.0,0,0.0,1.0,exact_window_known_minutes_v2_event_bounded,True,False,0.0,0,2476.0,benchmark_and_avatar
K. Koulibaly,Senegal,Defender,3136.0,True,318,pre_world_cup,55,55,1.0,0,32,2794.0,,1.0,1.0,True,exact-window detailed minutes plus event-bounded exposure for known startXI appearances without a positive-minute statistics row,True,32,2794.0,32,32,0,0.0,0,0.0,1.0,exact_window_known_minutes_v2_event_bounded,False,False,0.0,0,2794.0,benchmark_and_avatar
Fabián Ruiz,Spain,Midfielder,2715.0,True,328,annual_current,63,63,1.0,0,41,2398.0,,1.0,1.0,True,exact-window detailed minutes plus event-bounded exposure for known startXI appearances without a positive-minute statistics row,True,41,2398.0,27,27,0,0.0,0,0.0,1.0,exact_window_known_minutes_v2_event_bounded,False,False,0.0,0,2398.0,benchmark
Fabián Ruiz,Spain,Midfielder,2715.0,True,328,pre_world_cup,63,63,1.0,0,41,2590.0,,1.0,1.0,True,exact-window detailed minutes plus event-bounded exposure for known startXI appearances without a positive-minute statistics row,True,41,2590.0,30,30,0,0.0,0,0.0,1.0,exact_window_known_minutes_v2_event_bounded,False,False,0.0,0,2590.0,benchmark
Diogo Costa,Portugal,Goalkeeper,7705.0,True,369,annual_current,57,57,1.0,0,53,4730.0,,0.9813278008298756,0.9813278008298756,True,exact-window detailed minutes plus event-bounded exposure for known startXI appearances without a positive-minute statistics row,False,53,4730.0,54,53,1,90.0,0,0.0,0.9813278008298756,exact_window_known_minutes_v2_event_bounded,True,False,0.0,0,4730.0,benchmark
Diogo Costa,Portugal,Goalkeeper,7705.0,True,369,pre_world_cup,52,52,1.0,0,48,4280.0,,0.9794050343249427,0.9794050343249427,True,exact-window detailed minutes plus event-bounded exposure for known startXI appearances without a positive-minute statistics row,True,48,4280.0,49,48,1,90.0,0,0.0,0.9794050343249427,exact_window_known_minutes_v2_event_bounded,False,False,0.0,0,4280.0,benchmark
C. Mbemba,Congo DR,Defender,2621.0,True,375,annual_current,57,57,1.0,0,30,2531.0,,1.0,1.0,True,exact-window detailed minutes plus event-bounded exposure for known startXI appearances without a positive-minute statistics row,True,30,2531.0,25,25,0,0.0,0,0.0,1.0,exact_window_known_minutes_v2_event_bounded,False,False,0.0,0,2531.0,benchmark_and_avatar
C. Mbemba,Congo DR,Defender,2621.0,True,375,pre_world_cup,53,53,1.0,0,26,2171.0,,1.0,1.0,True,exact-window detailed minutes plus event-bounded exposure for known startXI appearances without a positive-minute statistics row,True,26,2171.0,21,21,0,0.0,0,0.0,1.0,exact_window_known_minutes_v2_event_bounded,False,False,0.0,0,2171.0,benchmark_and_avatar
A. Nübel,Germany,Goalkeeper,4641.0,True,399,annual_current,56,56,1.0,0,49,4476.0,,1.0,1.0,True,exact-window detailed minutes plus event-bounded exposure for known startXI appearances without a positive-minute statistics row,True,49,4476.0,49,49,0,0.0,0,0.0,1.0,exact_window_known_minutes_v2_event_bounded,False,False,0.0,0,4476.0,benchmark_and_avatar
A. Nübel,Germany,Goalkeeper,4641.0,True,399,pre_world_cup,52,52,1.0,0,49,4476.0,,1.0,1.0,True,exact-window detailed minutes plus event-bounded exposure for known startXI appearances without a positive-minute statistics row,True,49,4476.0,49,49,0,0.0,0,0.0,1.0,exact_window_known_minutes_v2_event_bounded,False,False,0.0,0,4476.0,benchmark_and_avatar
N. Bentaleb,Algeria,Midfielder,2702.0,True,409,annual_current,52,52,1.0,0,41,2303.0,,1.0,1.0,True,exact-window detailed minutes plus event-bounded exposure for known startXI appearances without a positive-minute statistics row,True,41,2303.0,25,25,0,0.0,0,0.0,1.0,exact_window_known_minutes_v2_event_bounded,False,False,0.0,0,2303.0,benchmark
N. Bentaleb,Algeria,Midfielder,2702.0,True,409,pre_world_cup,48,48,1.0,0,37,2015.0,,1.0,1.0,True,exact-window detailed minutes plus event-bounded exposure for known startXI appearances without a positive-minute statistics row,True,37,2015.0,22,22,0,0.0,0,0.0,1.0,exact_window_known_minutes_v2_event_bounded,False,False,0.0,0,2015.0,benchmark
W. McKennie,USA,Midfielder,4961.0,True,415,annual_current,55,55,1.0,0,53,4364.0,,1.0,1.0,True,exact-window detailed minutes plus event-bounded exposure for known startXI appearances without a positive-minute statistics row,True,53,4364.0,49,49,0,0.0,0,0.0,1.0,exact_window_known_minutes_v2_event_bounded,False,False,0.0,0,4364.0,benchmark
W. McKennie,USA,Midfielder,4961.0,True,415,pre_world_cup,54,54,1.0,0,52,4148.0,,1.0,1.0,True,exact-window detailed minutes plus event-bounded exposure for known startXI appearances without a positive-minute statistics row,True,52,4148.0,47,47,0,0.0,0,0.0,1.0,exact_window_known_minutes_v2_event_bounded,False,False,0.0,0,4148.0,benchmark
A. Schöpf,Austria,Midfielder,2155.0,True,417,annual_current,56,56,1.0,0,27,2035.0,,1.0,1.0,True,exact-window detailed minutes plus event-bounded exposure for known startXI appearances without a positive-minute statistics row,True,27,2035.0,23,23,0,0.0,0,0.0,1.0,exact_window_known_minutes_v2_event_bounded,False,False,0.0,0,2035.0,benchmark
A. Schöpf,Austria,Midfielder,2155.0,True,417,pre_world_cup,58,58,1.0,0,27,2035.0,,1.0,1.0,True,exact-window detailed minutes plus event-bounded exposure for known startXI appearances without a positive-minute statistics row,True,27,2035.0,23,23,0,0.0,0,0.0,1.0,exact_window_known_minutes_v2_event_bounded,False,False,0.0,0,2035.0,benchmark
B. Embolo,Switzerland,Attacker,3139.0,True,421,annual_current,43,43,1.0,0,40,2548.0,,1.0,1.0,True,exact-window detailed minutes plus event-bounded exposure for known startXI appearances without a positive-minute statistics row,True,40,2548.0,27,27,0,0.0,0,0.0,1.0,exact_window_known_minutes_v2_event_bounded,False,False,0.0,0,2548.0,benchmark
B. Embolo,Switzerland,Attacker,3139.0,True,421,pre_world_cup,37,37,1.0,0,34,2042.0,,1.0,1.0,True,exact-window detailed minutes plus event-bounded exposure for known startXI appearances without a positive-minute statistics row,True,34,2042.0,21,21,0,0.0,0,0.0,1.0,exact_window_known_minutes_v2_event_bounded,False,False,0.0,0,2042.0,benchmark
H. Wright,USA,Attacker,2923.0,True,427,annual_current,54,54,1.0,0,45,2757.0,,1.0,1.0,True,exact-window detailed minutes plus event-bounded exposure for known startXI appearances without a positive-minute statistics row,True,45,2757.0,33,33,0,0.0,0,0.0,1.0,exact_window_known_minutes_v2_event_bounded,False,False,0.0,0,2757.0,benchmark
H. Wright,USA,Attacker,2923.0,True,427,pre_world_cup,55,55,1.0,0,44,2772.0,,1.0,1.0,True,exact-window detailed minutes plus event-bounded exposure for known startXI appearances without a positive-minute statistics row,True,44,2772.0,33,33,0,0.0,0,0.0,1.0,exact_window_known_minutes_v2_event_bounded,False,False,0.0,0,2772.0,benchmark
F. Muslera,Uruguay,Goalkeeper,4102.0,True,429,annual_current,49,49,1.0,0,43,3876.0,,1.0,1.0,True,exact-window detailed minutes plus event-bounded exposure for known startXI appearances without a positive-minute statistics row,True,43,3876.0,43,43,0,0.0,0,0.0,1.0,exact_window_known_minutes_v2_event_bounded,False,False,0.0,0,3876.0,benchmark
F. Muslera,Uruguay,Goalkeeper,4102.0,True,429,pre_world_cup,47,47,1.0,0,41,3741.0,,1.0,1.0,True,exact-window detailed minutes plus event-bounded exposure for known startXI appearances without a positive-minute statistics row,True,41,3741.0,41,41,0,0.0,0,0.0,1.0,exact_window_known_minutes_v2_event_bounded,False,False,0.0,0,3741.0,benchmark
Y. Nagatomo,Japan,Defender,2321.0,True,440,annual_current,39,39,1.0,0,22,1685.0,,1.0,1.0,True,exact-window detailed minutes plus event-bounded exposure for known startXI appearances without a positive-minute statistics row,False,22,1685.0,20,20,0,0.0,0,0.0,1.0,exact_window_known_minutes_v2_event_bounded,True,False,0.0,0,1685.0,benchmark
Y. Nagatomo,Japan,Defender,2321.0,True,440,pre_world_cup,40,40,1.0,0,24,1786.0,,1.0,1.0,True,exact-window detailed minutes plus event-bounded exposure for known startXI appearances without a positive-minute statistics row,True,24,1786.0,21,21,0,0.0,0,0.0,1.0,exact_window_known_minutes_v2_event_bounded,False,False,0.0,0,1786.0,benchmark
Y. Akgün,Türkiye,Midfielder,2658.0,True,454,annual_current,56,56,1.0,0,42,2553.0,,1.0,1.0,True,exact-window detailed minutes plus event-bounded exposure for known startXI appearances without a positive-minute statistics row,True,42,2553.0,31,31,0,0.0,0,0.0,1.0,exact_window_known_minutes_v2_event_bounded,False,False,0.0,0,2553.0,benchmark
Y. Akgün,Türkiye,Midfielder,2658.0,True,454,pre_world_cup,53,53,1.0,0,40,2465.0,,1.0,1.0,True,exact-window detailed minutes plus event-bounded exposure for known startXI appearances without a positive-minute statistics row,True,40,2465.0,30,30,0,0.0,0,0.0,1.0,exact_window_known_minutes_v2_event_bounded,False,False,0.0,0,2465.0,benchmark
M. Neuer,Germany,Goalkeeper,4320.0,True,497,annual_current,59,59,1.0,0,41,3600.0,,1.0,1.0,True,exact-window detailed minutes plus event-bounded exposure for known startXI appearances without a positive-minute statistics row,True,41,3600.0,41,41,0,0.0,0,0.0,1.0,exact_window_known_minutes_v2_event_bounded,False,False,0.0,0,3600.0,benchmark
M. Neuer,Germany,Goalkeeper,4320.0,True,497,pre_world_cup,60,60,1.0,0,42,3660.0,,1.0,1.0,True,exact-window detailed minutes plus event-bounded exposure for known startXI appearances without a positive-minute statistics row,True,42,3660.0,42,42,0,0.0,0,0.0,1.0,exact_window_known_minutes_v2_event_bounded,False,False,0.0,0,3660.0,benchmark
J. Kimmich,Germany,Defender,5132.0,True,502,annual_current,59,59,1.0,0,53,4423.0,,1.0,1.0,True,exact-window detailed minutes plus event-bounded exposure for known startXI appearances without a positive-minute statistics row,True,53,4423.0,48,48,0,0.0,0,0.0,1.0,exact_window_known_minutes_v2_event_bounded,False,False,0.0,0,4423.0,benchmark
J. Kimmich,Germany,Defender,5132.0,True,502,pre_world_cup,60,60,1.0,0,54,4475.0,,1.0,1.0,True,exact-window detailed minutes plus event-bounded exposure for known startXI appearances without a positive-minute statistics row,True,54,4475.0,48,48,0,0.0,0,0.0,1.0,exact_window_known_minutes_v2_event_bounded,False,False,0.0,0,4475.0,benchmark
A. Davies,Canada,Defender,1076.0,False,509,annual_current,59,59,1.0,0,24,874.0,,1.0,1.0,True,exact-window detailed minutes plus event-bounded exposure for known startXI appearances without a positive-minute statistics row,True,24,874.0,8,8,0,0.0,0,0.0,1.0,exact_window_known_minutes_v2_event_bounded,False,False,0.0,0,874.0,avatar_top30_pool
A. Davies,Canada,Defender,1076.0,False,509,pre_world_cup,59,59,1.0,0,23,852.0,,1.0,1.0,True,exact-window detailed minutes plus event-bounded exposure for known startXI appearances without a positive-minute statistics row,True,23,852.0,8,8,0,0.0,0,0.0,1.0,exact_window_known_minutes_v2_event_bounded,False,False,0.0,0,852.0,avatar_top30_pool
L. Goretzka,Germany,Midfielder,2748.0,True,511,annual_current,59,59,1.0,0,51,2459.0,,1.0,1.0,True,exact-window detailed minutes plus event-bounded exposure for known startXI appearances without a positive-minute statistics row,True,51,2459.0,27,27,0,0.0,0,0.0,1.0,exact_window_known_minutes_v2_event_bounded,False,False,0.0,0,2459.0,benchmark_and_avatar
L. Goretzka,Germany,Midfielder,2748.0,True,511,pre_world_cup,60,60,1.0,0,51,2479.0,,1.0,1.0,True,exact-window detailed minutes plus event-bounded exposure for known startXI appearances without a positive-minute statistics row,True,51,2479.0,29,29,0,0.0,0,0.0,1.0,exact_window_known_minutes_v2_event_bounded,False,False,0.0,0,2479.0,benchmark_and_avatar
J. Rodríguez,Colombia,Attacker,3427.0,True,517,annual_current,58,58,1.0,0,29,1855.0,,1.0,1.0,True,exact-window detailed minutes plus event-bounded exposure for known startXI appearances without a positive-minute statistics row,False,29,1855.0,22,22,0,0.0,0,0.0,1.0,exact_window_known_minutes_v2_event_bounded,True,False,0.0,0,1855.0,benchmark_and_avatar
J. Rodríguez,Colombia,Attacker,3427.0,True,517,pre_world_cup,55,55,1.0,0,26,1639.0,,1.0,1.0,True,exact-window detailed minutes plus event-bounded exposure for known startXI appearances without a positive-minute statistics row,True,26,1639.0,18,18,0,0.0,0,0.0,1.0,exact_window_known_minutes_v2_event_bounded,False,False,0.0,0,1639.0,benchmark_and_avatar
D. Kotarski,Croatia,Goalkeeper,4111.0,True,524,annual_current,51,51,1.0,0,45,4080.0,,1.0,1.0,True,exact-window detailed minutes plus event-bounded exposure for known startXI appearances without a positive-minute statistics row,True,45,4080.0,45,45,0,0.0,0,0.0,1.0,exact_window_known_minutes_v2_event_bounded,False,False,0.0,0,4080.0,benchmark_and_avatar
D. Kotarski,Croatia,Goalkeeper,4111.0,True,524,pre_world_cup,47,47,1.0,0,45,4080.0,,1.0,1.0,True,exact-window detailed minutes plus event-bounded exposure for known startXI appearances without a positive-minute statistics row,True,45,4080.0,45,45,0,0.0,0,0.0,1.0,exact_window_known_minutes_v2_event_bounded,False,False,0.0,0,4080.0,benchmark_and_avatar
N. Tagliafico,Argentina,Defender,3844.0,True,529,annual_current,57,57,1.0,0,38,2565.0,,1.0,1.0,True,exact-window detailed minutes plus event-bounded exposure for known startXI appearances without a positive-minute statistics row,False,38,2565.0,29,29,0,0.0,0,0.0,1.0,exact_window_known_minutes_v2_event_bounded,True,False,0.0,0,2565.0,benchmark_and_avatar
N. Tagliafico,Argentina,Defender,3844.0,True,529,pre_world_cup,51,51,1.0,0,32,2208.0,,1.0,1.0,True,exact-window detailed minutes plus event-bounded exposure for known startXI appearances without a positive-minute statistics row,True,32,2208.0,25,25,0,0.0,0,0.0,1.0,exact_window_known_minutes_v2_event_bounded,False,False,0.0,0,2208.0,benchmark_and_avatar
F. de Jong,Netherlands,Midfielder,3137.0,True,538,annual_current,61,61,1.0,0,42,2906.0,,1.0,1.0,True,exact-window detailed minutes plus event-bounded exposure for known startXI appearances without a positive-minute statistics row,True,42,2906.0,30,30,0,0.0,0,0.0,1.0,exact_window_known_minutes_v2_event_bounded,False,False,0.0,0,2906.0,benchmark
F. de Jong,Netherlands,Midfielder,3137.0,True,538,pre_world_cup,57,57,1.0,0,38,2575.0,,1.0,1.0,True,exact-window detailed minutes plus event-bounded exposure for known startXI appearances without a positive-minute statistics row,True,38,2575.0,26,26,0,0.0,0,0.0,1.0,exact_window_known_minutes_v2_event_bounded,False,False,0.0,0,2575.0,benchmark
R. Gravenberch,Netherlands,Midfielder,4785.0,True,542,annual_current,58,58,1.0,0,54,4478.0,,1.0,1.0,True,exact-window detailed minutes plus event-bounded exposure for known startXI appearances without a positive-minute statistics row,True,54,4478.0,51,51,0,0.0,0,0.0,1.0,exact_window_known_minutes_v2_event_bounded,False,False,0.0,0,4478.0,benchmark
R. Gravenberch,Netherlands,Midfielder,4785.0,True,542,pre_world_cup,54,54,1.0,0,50,4131.0,,1.0,1.0,True,exact-window detailed minutes plus event-bounded exposure for known startXI appearances without a positive-minute statistics row,True,50,4131.0,47,47,0,0.0,0,0.0,1.0,exact_window_known_minutes_v2_event_bounded,False,False,0.0,0,4131.0,benchmark
N. Lang,Netherlands,Attacker,2027.0,True,544,annual_current,105,105,1.0,0,47,2027.0,,1.0,1.0,True,exact-window detailed minutes plus event-bounded exposure for known startXI appearances without a positive-minute statistics row,True,47,2027.0,20,20,0,0.0,0,0.0,1.0,exact_window_known_minutes_v2_event_bounded,False,False,0.0,0,2027.0,benchmark
N. Lang,Netherlands,Attacker,2027.0,True,544,pre_world_cup,101,101,1.0,0,45,2014.0,,1.0,1.0,True,exact-window detailed minutes plus event-bounded exposure for known startXI appearances without a positive-minute statistics row,True,45,2014.0,20,20,0,0.0,0,0.0,1.0,exact_window_known_minutes_v2_event_bounded,False,False,0.0,0,2014.0,benchmark
N. Mazraoui,Morocco,Defender,2775.0,True,545,annual_current,51,51,1.0,0,33,2136.0,,1.0,1.0,True,exact-window detailed minutes plus event-bounded exposure for known startXI appearances without a positive-minute statistics row,False,33,2136.0,23,23,0,0.0,0,0.0,1.0,exact_window_known_minutes_v2_event_bounded,True,False,0.0,0,2136.0,benchmark
N. Mazraoui,Morocco,Defender,2775.0,True,545,pre_world_cup,45,45,1.0,0,27,1650.0,,1.0,1.0,True,exact-window detailed minutes plus event-bounded exposure for known startXI appearances without a positive-minute statistics row,True,27,1650.0,18,18,0,0.0,0,0.0,1.0,exact_window_known_minutes_v2_event_bounded,False,False,0.0,0,1650.0,benchmark
Álex Grimaldo,Spain,Defender,4263.0,True,563,annual_current,58,58,1.0,0,46,4038.0,,1.0,1.0,True,exact-window detailed minutes plus event-bounded exposure for known startXI appearances without a positive-minute statistics row,True,46,4038.0,45,45,0,0.0,0,0.0,1.0,exact_window_known_minutes_v2_event_bounded,False,False,0.0,0,4038.0,benchmark
Álex Grimaldo,Spain,Defender,4263.0,True,563,pre_world_cup,51,51,1.0,0,46,4038.0,,1.0,1.0,True,exact-window detailed minutes plus event-bounded exposure for known startXI appearances without a positive-minute statistics row,True,46,4038.0,45,45,0,0.0,0,0.0,1.0,exact_window_known_minutes_v2_event_bounded,False,False,0.0,0,4038.0,benchmark
Rúben Dias,Portugal,Defender,3579.0,True,567,annual_current,65,65,1.0,0,37,3015.0,,1.0,1.0,True,exact-window detailed minutes plus event-bounded exposure for known startXI appearances without a positive-minute statistics row,True,37,3015.0,34,34,0,0.0,0,0.0,1.0,exact_window_known_minutes_v2_event_bounded,False,False,0.0,0,3015.0,benchmark
Rúben Dias,Portugal,Defender,3579.0,True,567,pre_world_cup,64,64,1.0,0,36,2881.0,,1.0,1.0,True,exact-window detailed minutes plus event-bounded exposure for known startXI appearances without a positive-minute statistics row,True,36,2881.0,32,32,0,0.0,0,0.0,1.0,exact_window_known_minutes_v2_event_bounded,False,False,0.0,0,2881.0,benchmark
João Félix,Portugal,Midfielder,3587.0,True,583,annual_current,50,50,1.0,0,42,3478.0,,0.9747757847533632,0.9747757847533632,True,exact-window detailed minutes plus event-bounded exposure for known startXI appearances without a positive-minute statistics row,True,42,3478.0,41,40,1,90.0,0,0.0,0.9747757847533632,exact_window_known_minutes_v2_event_bounded,False,False,0.0,0,3478.0,benchmark_and_avatar
João Félix,Portugal,Midfielder,3587.0,True,583,pre_world_cup,45,45,1.0,0,39,3274.0,,0.9732461355529132,0.9732461355529132,True,exact-window detailed minutes plus event-bounded exposure for known startXI appearances without a positive-minute statistics row,True,39,3274.0,38,37,1,90.0,0,0.0,0.9732461355529132,exact_window_known_minutes_v2_event_bounded,False,False,0.0,0,3274.0,benchmark_and_avatar
Ederson,Brazil,Goalkeeper,4226.0,True,617,annual_current,96,96,1.0,0,36,3246.0,,1.0,1.0,True,exact-window detailed minutes plus event-bounded exposure for known startXI appearances without a positive-minute statistics row,False,36,3246.0,36,36,0,0.0,0,0.0,1.0,exact_window_known_minutes_v2_event_bounded,True,False,0.0,0,3246.0,benchmark
Ederson,Brazil,Goalkeeper,4226.0,True,617,pre_world_cup,96,96,1.0,0,39,3546.0,,1.0,1.0,True,exact-window detailed minutes plus event-bounded exposure for known startXI appearances without a positive-minute statistics row,True,39,3546.0,39,39,0,0.0,0,0.0,1.0,exact_window_known_minutes_v2_event_bounded,False,False,0.0,0,3546.0,benchmark
Eric García,Spain,Defender,3998.0,True,619,annual_current,64,64,1.0,0,51,3953.0,,1.0,1.0,True,exact-window detailed minutes plus event-bounded exposure for known startXI appearances without a positive-minute statistics row,True,51,3953.0,47,47,0,0.0,0,0.0,1.0,exact_window_known_minutes_v2_event_bounded,False,False,0.0,0,3953.0,benchmark
Eric García,Spain,Defender,3998.0,True,619,pre_world_cup,57,57,1.0,0,51,3953.0,,1.0,1.0,True,exact-window detailed minutes plus event-bounded exposure for known startXI appearances without a positive-minute statistics row,True,51,3953.0,47,47,0,0.0,0,0.0,1.0,exact_window_known_minutes_v2_event_bounded,False,False,0.0,0,3953.0,benchmark
Aymeric Laporte,Spain,Defender,3198.0,True,622,annual_current,92,92,1.0,0,37,3063.0,,1.0,1.0,True,exact-window detailed minutes plus event-bounded exposure for known startXI appearances without a positive-minute statistics row,True,37,3063.0,35,35,0,0.0,0,0.0,1.0,exact_window_known_minutes_v2_event_bounded,False,False,0.0,0,3063.0,benchmark
Aymeric Laporte,Spain,Defender,3198.0,True,622,pre_world_cup,85,85,1.0,0,30,2434.0,,1.0,1.0,True,exact-window detailed minutes plus event-bounded exposure for known startXI appearances without a positive-minute statistics row,True,30,2434.0,28,28,0,0.0,0,0.0,1.0,exact_window_known_minutes_v2_event_bounded,False,False,0.0,0,2434.0,benchmark
N. Otamendi,Argentina,Defender,6580.0,True,624,annual_current,61,61,1.0,0,53,4243.0,,1.0,1.0,True,exact-window detailed minutes plus event-bounded exposure for known startXI appearances without a positive-minute statistics row,False,53,4243.0,48,48,0,0.0,0,0.0,1.0,exact_window_known_minutes_v2_event_bounded,True,False,0.0,0,4243.0,benchmark_and_avatar
N. Otamendi,Argentina,Defender,6580.0,True,624,pre_world_cup,59,59,1.0,0,52,4562.0,,1.0,1.0,True,exact-window detailed minutes plus event-bounded exposure for known startXI appearances without a positive-minute statistics row,True,52,4562.0,52,52,0,0.0,0,0.0,1.0,exact_window_known_minutes_v2_event_bounded,False,False,0.0,0,4562.0,benchmark_and_avatar
K. De Bruyne,Belgium,Midfielder,2036.0,True,629,annual_current,52,52,1.0,0,26,1747.0,,1.0,1.0,True,exact-window detailed minutes plus event-bounded exposure for known startXI appearances without a positive-minute statistics row,True,26,1747.0,21,21,0,0.0,0,0.0,1.0,exact_window_known_minutes_v2_event_bounded,False,False,0.0,0,1747.0,benchmark
K. De Bruyne,Belgium,Midfielder,2036.0,True,629,pre_world_cup,46,46,1.0,0,21,1360.0,,1.0,1.0,True,exact-window detailed minutes plus event-bounded exposure for known startXI appearances without a positive-minute statistics row,True,21,1360.0,16,16,0,0.0,0,0.0,1.0,exact_window_known_minutes_v2_event_bounded,False,False,0.0,0,1360.0,benchmark
R. Mahrez,Algeria,Midfielder,3891.0,True,635,annual_current,56,56,1.0,0,46,3761.0,,1.0,1.0,True,exact-window detailed minutes plus event-bounded exposure for known startXI appearances without a positive-minute statistics row,True,46,3761.0,45,45,0,0.0,0,0.0,1.0,exact_window_known_minutes_v2_event_bounded,False,False,0.0,0,3761.0,benchmark_and_avatar
R. Mahrez,Algeria,Midfielder,3891.0,True,635,pre_world_cup,52,52,1.0,0,42,3498.0,,1.0,1.0,True,exact-window detailed minutes plus event-bounded exposure for known startXI appearances without a positive-minute statistics row,True,42,3498.0,42,42,0,0.0,0,0.0,1.0,exact_window_known_minutes_v2_event_bounded,False,False,0.0,0,3498.0,benchmark_and_avatar
Bernardo Silva,Portugal,Midfielder,4452.0,True,636,annual_current,65,65,1.0,0,57,3967.0,,1.0,1.0,True,exact-window detailed minutes plus event-bounded exposure for known startXI appearances without a positive-minute statistics row,True,57,3967.0,46,46,0,0.0,0,0.0,1.0,exact_window_known_minutes_v2_event_bounded,False,False,0.0,0,3967.0,benchmark
Bernardo Silva,Portugal,Midfielder,4452.0,True,636,pre_world_cup,64,64,1.0,0,56,4133.0,,1.0,1.0,True,exact-window detailed minutes plus event-bounded exposure for known startXI appearances without a positive-minute statistics row,True,56,4133.0,48,48,0,0.0,0,0.0,1.0,exact_window_known_minutes_v2_event_bounded,False,False,0.0,0,4133.0,benchmark
F. Nmecha,Germany,Midfielder,4103.0,True,637,annual_current,51,51,1.0,0,46,3403.0,,1.0,1.0,True,exact-window detailed minutes plus event-bounded exposure for known startXI appearances without a positive-minute statistics row,True,46,3403.0,40,40,0,0.0,0,0.0,1.0,exact_window_known_minutes_v2_event_bounded,False,False,0.0,0,3403.0,benchmark
F. Nmecha,Germany,Midfielder,4103.0,True,637,pre_world_cup,52,52,1.0,0,47,3399.0,,1.0,1.0,True,exact-window detailed minutes plus event-bounded exposure for known startXI appearances without a positive-minute statistics row,True,47,3399.0,39,39,0,0.0,0,0.0,1.0,exact_window_known_minutes_v2_event_bounded,False,False,0.0,0,3399.0,benchmark
L. Sané,Germany,Midfielder,3782.0,True,644,annual_current,57,57,1.0,0,45,3580.0,,1.0,1.0,True,exact-window detailed minutes plus event-bounded exposure for known startXI appearances without a positive-minute statistics row,True,45,3580.0,41,41,0,0.0,0,0.0,1.0,exact_window_known_minutes_v2_event_bounded,False,False,0.0,0,3580.0,benchmark
L. Sané,Germany,Midfielder,3782.0,True,644,pre_world_cup,58,58,1.0,0,44,3397.0,,1.0,1.0,True,exact-window detailed minutes plus event-bounded exposure for known startXI appearances without a positive-minute statistics row,True,44,3397.0,38,38,0,0.0,0,0.0,1.0,exact_window_known_minutes_v2_event_bounded,False,False,0.0,0,3397.0,benchmark
H. Aouar,Algeria,Attacker,2930.0,True,658,annual_current,48,48,1.0,0,34,2736.0,,1.0,1.0,True,exact-window detailed minutes plus event-bounded exposure for known startXI appearances without a positive-minute statistics row,True,34,2736.0,32,32,0,0.0,0,0.0,1.0,exact_window_known_minutes_v2_event_bounded,False,False,0.0,0,2736.0,benchmark
H. Aouar,Algeria,Attacker,2930.0,True,658,pre_world_cup,44,44,1.0,0,31,2563.0,,1.0,1.0,True,exact-window detailed minutes plus event-bounded exposure for known startXI appearances without a positive-minute statistics row,True,31,2563.0,30,30,0,0.0,0,0.0,1.0,exact_window_known_minutes_v2_event_bounded,False,False,0.0,0,2563.0,benchmark
M. Depay,Netherlands,Attacker,4158.0,True,667,annual_current,70,70,1.0,0,37,2166.0,,1.0,1.0,True,exact-window detailed minutes plus event-bounded exposure for known startXI appearances without a positive-minute statistics row,False,37,2166.0,24,24,0,0.0,0,0.0,1.0,exact_window_known_minutes_v2_event_bounded,True,False,0.0,0,2166.0,benchmark
M. Depay,Netherlands,Attacker,4158.0,True,667,pre_world_cup,69,69,1.0,0,35,2205.0,,1.0,1.0,True,exact-window detailed minutes plus event-bounded exposure for known startXI appearances without a positive-minute statistics row,True,35,2205.0,25,25,0,0.0,0,0.0,1.0,exact_window_known_minutes_v2_event_bounded,False,False,0.0,0,2205.0,benchmark
O. Baumann,Germany,Goalkeeper,3540.0,True,702,annual_current,40,40,1.0,0,36,3270.0,,1.0,1.0,True,exact-window detailed minutes plus event-bounded exposure for known startXI appearances without a positive-minute statistics row,True,36,3270.0,36,36,0,0.0,0,0.0,1.0,exact_window_known_minutes_v2_event_bounded,False,False,0.0,0,3270.0,benchmark
O. Baumann,Germany,Goalkeeper,3540.0,True,702,pre_world_cup,36,36,1.0,0,36,3270.0,,1.0,1.0,True,exact-window detailed minutes plus event-bounded exposure for known startXI appearances without a positive-minute statistics row,True,36,3270.0,36,36,0,0.0,0,0.0,1.0,exact_window_known_minutes_v2_event_bounded,False,False,0.0,0,3270.0,benchmark
J. Brenet,Curaçao,Defender,2731.0,True,706,annual_current,81,81,1.0,0,29,1967.0,,1.0,1.0,True,exact-window detailed minutes plus event-bounded exposure for known startXI appearances without a positive-minute statistics row,False,29,1967.0,22,22,0,0.0,0,0.0,1.0,exact_window_known_minutes_v2_event_bounded,True,False,0.0,0,1967.0,benchmark
J. Brenet,Curaçao,Defender,2731.0,True,706,pre_world_cup,81,81,1.0,0,29,1973.0,,1.0,1.0,True,exact-window detailed minutes plus event-bounded exposure for known startXI appearances without a positive-minute statistics row,True,29,1973.0,22,22,0,0.0,0,0.0,1.0,exact_window_known_minutes_v2_event_bounded,False,False,0.0,0,1973.0,benchmark
S. Posch,Austria,Defender,2744.0,True,711,annual_current,130,130,1.0,0,39,2539.0,,1.0,1.0,True,exact-window detailed minutes plus event-bounded exposure for known startXI appearances without a positive-minute statistics row,True,39,2539.0,28,28,0,0.0,0,0.0,1.0,exact_window_known_minutes_v2_event_bounded,False,False,0.0,0,2539.0,benchmark
S. Posch,Austria,Defender,2744.0,True,711,pre_world_cup,126,126,1.0,0,35,2206.0,,1.0,1.0,True,exact-window detailed minutes plus event-bounded exposure for known startXI appearances without a positive-minute statistics row,True,35,2206.0,24,24,0,0.0,0,0.0,1.0,exact_window_known_minutes_v2_event_bounded,False,False,0.0,0,2206.0,benchmark
N. Amiri,Germany,Midfielder,2899.0,True,714,annual_current,52,52,1.0,0,37,2878.0,,1.0,1.0,True,exact-window detailed minutes plus event-bounded exposure for known startXI appearances without a positive-minute statistics row,True,37,2878.0,32,32,0,0.0,0,0.0,1.0,exact_window_known_minutes_v2_event_bounded,False,False,0.0,0,2878.0,benchmark
N. Amiri,Germany,Midfielder,2899.0,True,714,pre_world_cup,48,48,1.0,0,35,2838.0,,1.0,1.0,True,exact-window detailed minutes plus event-bounded exposure for known startXI appearances without a positive-minute statistics row,True,35,2838.0,32,32,0,0.0,0,0.0,1.0,exact_window_known_minutes_v2_event_bounded,False,False,0.0,0,2838.0,benchmark
F. Grillitsch,Austria,Midfielder,1951.0,True,719,annual_current,58,58,1.0,0,32,1894.0,,1.0,1.0,True,exact-window detailed minutes plus event-bounded exposure for known startXI appearances without a positive-minute statistics row,True,32,1894.0,20,20,0,0.0,0,0.0,1.0,exact_window_known_minutes_v2_event_bounded,False,False,0.0,0,1894.0,benchmark
F. Grillitsch,Austria,Midfielder,1951.0,True,719,pre_world_cup,54,54,1.0,0,30,1804.0,,1.0,1.0,True,exact-window detailed minutes plus event-bounded exposure for known startXI appearances without a positive-minute statistics row,True,30,1804.0,20,20,0,0.0,0,0.0,1.0,exact_window_known_minutes_v2_event_bounded,False,False,0.0,0,1804.0,benchmark
A. Kramaric,Croatia,Midfielder,2555.0,True,726,annual_current,40,40,1.0,0,39,2491.0,,1.0,1.0,True,exact-window detailed minutes plus event-bounded exposure for known startXI appearances without a positive-minute statistics row,True,39,2491.0,28,28,0,0.0,0,0.0,1.0,exact_window_known_minutes_v2_event_bounded,False,False,0.0,0,2491.0,benchmark
A. Kramaric,Croatia,Midfielder,2555.0,True,726,pre_world_cup,36,36,1.0,0,36,2421.0,,1.0,1.0,True,exact-window detailed minutes plus event-bounded exposure for known startXI appearances without a positive-minute statistics row,True,36,2421.0,28,28,0,0.0,0,0.0,1.0,exact_window_known_minutes_v2_event_bounded,False,False,0.0,0,2421.0,benchmark
T. Courtois,Belgium,Goalkeeper,5280.0,True,730,annual_current,60,60,1.0,0,51,4556.0,,1.0,1.0,True,exact-window detailed minutes plus event-bounded exposure for known startXI appearances without a positive-minute statistics row,True,51,4556.0,51,51,0,0.0,0,0.0,1.0,exact_window_known_minutes_v2_event_bounded,False,False,0.0,0,4556.0,benchmark
T. Courtois,Belgium,Goalkeeper,5280.0,True,730,pre_world_cup,60,60,1.0,0,51,4545.0,,1.0,1.0,True,exact-window detailed minutes plus event-bounded exposure for known startXI appearances without a positive-minute statistics row,True,51,4545.0,51,51,0,0.0,0,0.0,1.0,exact_window_known_minutes_v2_event_bounded,False,False,0.0,0,4545.0,benchmark
L. Zidane,Algeria,Goalkeeper,3273.0,True,732,annual_current,54,54,1.0,0,34,3089.0,,1.0,1.0,True,exact-window detailed minutes plus event-bounded exposure for known startXI appearances without a positive-minute statistics row,True,34,3089.0,34,34,0,0.0,0,0.0,1.0,exact_window_known_minutes_v2_event_bounded,False,False,0.0,0,3089.0,benchmark
L. Zidane,Algeria,Goalkeeper,3273.0,True,732,pre_world_cup,50,50,1.0,0,31,2819.0,,1.0,1.0,True,exact-window detailed minutes plus event-bounded exposure for known startXI appearances without a positive-minute statistics row,True,31,2819.0,31,31,0,0.0,0,0.0,1.0,exact_window_known_minutes_v2_event_bounded,False,False,0.0,0,2819.0,benchmark
Brahim Díaz,Morocco,Midfielder,3132.0,True,744,annual_current,67,67,1.0,0,55,2764.0,,1.0,1.0,True,exact-window detailed minutes plus event-bounded exposure for known startXI appearances without a positive-minute statistics row,True,55,2764.0,30,30,0,0.0,0,0.0,1.0,exact_window_known_minutes_v2_event_bounded,False,False,0.0,0,2764.0,benchmark
Brahim Díaz,Morocco,Midfielder,3132.0,True,744,pre_world_cup,67,67,1.0,0,53,2405.0,,1.0,1.0,True,exact-window detailed minutes plus event-bounded exposure for known startXI appearances without a positive-minute statistics row,True,53,2405.0,24,24,0,0.0,0,0.0,1.0,exact_window_known_minutes_v2_event_bounded,False,False,0.0,0,2405.0,benchmark
Casemiro,Brazil,Midfielder,4863.0,True,747,annual_current,47,47,1.0,0,41,3049.0,,1.0,1.0,True,exact-window detailed minutes plus event-bounded exposure for known startXI appearances without a positive-minute statistics row,False,41,3049.0,39,39,0,0.0,0,0.0,1.0,exact_window_known_minutes_v2_event_bounded,True,False,0.0,0,3049.0,benchmark_and_avatar
Casemiro,Brazil,Midfielder,4863.0,True,747,pre_world_cup,43,43,1.0,0,37,2765.0,,1.0,1.0,True,exact-window detailed minutes plus event-bounded exposure for known startXI appearances without a positive-minute statistics row,True,37,2765.0,35,35,0,0.0,0,0.0,1.0,exact_window_known_minutes_v2_event_bounded,False,False,0.0,0,2765.0,benchmark_and_avatar
Álvaro Fidalgo,Mexico,Midfielder,3372.0,True,750,annual_current,99,99,1.0,0,36,2338.0,,1.0,1.0,True,exact-window detailed minutes plus event-bounded exposure for known startXI appearances without a positive-minute statistics row,False,36,2338.0,28,28,0,0.0,0,0.0,1.0,exact_window_known_minutes_v2_event_bounded,True,False,0.0,0,2338.0,benchmark
Álvaro Fidalgo,Mexico,Midfielder,3372.0,True,750,pre_world_cup,96,96,1.0,0,35,2330.0,,1.0,1.0,True,exact-window detailed minutes plus event-bounded exposure for known startXI appearances without a positive-minute statistics row,True,35,2330.0,28,28,0,0.0,0,0.0,1.0,exact_window_known_minutes_v2_event_bounded,False,False,0.0,0,2330.0,benchmark
Marcos Llorente,Spain,Midfielder,4249.0,True,753,annual_current,68,68,1.0,0,52,4068.0,,1.0,1.0,True,exact-window detailed minutes plus event-bounded exposure for known startXI appearances without a positive-minute statistics row,True,52,4068.0,46,46,0,0.0,0,0.0,1.0,exact_window_known_minutes_v2_event_bounded,False,False,0.0,0,4068.0,benchmark
Marcos Llorente,Spain,Midfielder,4249.0,True,753,pre_world_cup,61,61,1.0,0,49,3875.0,,1.0,1.0,True,exact-window detailed minutes plus event-bounded exposure for known startXI appearances without a positive-minute statistics row,True,49,3875.0,44,44,0,0.0,0,0.0,1.0,exact_window_known_minutes_v2_event_bounded,False,False,0.0,0,3875.0,benchmark
L. Modric,Croatia,Midfielder,3574.0,True,754,annual_current,46,46,1.0,0,41,3193.0,,1.0,1.0,True,exact-window detailed minutes plus event-bounded exposure for known startXI appearances without a positive-minute statistics row,True,41,3193.0,36,36,0,0.0,0,0.0,1.0,exact_window_known_minutes_v2_event_bounded,False,False,0.0,0,3193.0,benchmark
L. Modric,Croatia,Midfielder,3574.0,True,754,pre_world_cup,48,48,1.0,0,43,3003.0,,1.0,1.0,True,exact-window detailed minutes plus event-bounded exposure for known startXI appearances without a positive-minute statistics row,True,43,3003.0,32,32,0,0.0,0,0.0,1.0,exact_window_known_minutes_v2_event_bounded,False,False,0.0,0,3003.0,benchmark
F. Valverde,Uruguay,Midfielder,5892.0,True,756,annual_current,61,61,1.0,0,54,4580.0,,1.0,1.0,True,exact-window detailed minutes plus event-bounded exposure for known startXI appearances without a positive-minute statistics row,False,54,4580.0,52,52,0,0.0,0,0.0,1.0,exact_window_known_minutes_v2_event_bounded,True,False,0.0,0,4580.0,benchmark
F. Valverde,Uruguay,Midfielder,5892.0,True,756,pre_world_cup,58,58,1.0,0,51,4343.0,,1.0,1.0,True,exact-window detailed minutes plus event-bounded exposure for known startXI appearances without a positive-minute statistics row,True,51,4343.0,49,49,0,0.0,0,0.0,1.0,exact_window_known_minutes_v2_event_bounded,False,False,0.0,0,4343.0,benchmark
Vinícius Júnior,Brazil,Midfielder,6562.0,True,762,annual_current,63,63,1.0,0,58,4696.0,,1.0,1.0,True,exact-window detailed minutes plus event-bounded exposure for known startXI appearances without a positive-minute statistics row,False,58,4696.0,53,53,0,0.0,0,0.0,1.0,exact_window_known_minutes_v2_event_bounded,True,False,0.0,0,4696.0,benchmark
Vinícius Júnior,Brazil,Midfielder,6562.0,True,762,pre_world_cup,65,65,1.0,0,60,4789.0,,1.0,1.0,True,exact-window detailed minutes plus event-bounded exposure for known startXI appearances without a positive-minute statistics row,True,60,4789.0,55,55,0,0.0,0,0.0,1.0,exact_window_known_minutes_v2_event_bounded,False,False,0.0,0,4789.0,benchmark
E. Dzeko,Bosnia & Herzegovina,Attacker,5088.0,True,790,annual_current,90,90,1.0,0,32,1516.0,,1.0,1.0,True,exact-window detailed minutes plus event-bounded exposure for known startXI appearances without a positive-minute statistics row,False,32,1516.0,17,17,0,0.0,0,0.0,1.0,exact_window_known_minutes_v2_event_bounded,True,False,0.0,0,1516.0,benchmark
E. Dzeko,Bosnia & Herzegovina,Attacker,5088.0,True,790,pre_world_cup,86,86,1.0,0,29,1337.0,,1.0,1.0,True,exact-window detailed minutes plus event-bounded exposure for known startXI appearances without a positive-minute statistics row,True,29,1337.0,14,14,0,0.0,0,0.0,1.0,exact_window_known_minutes_v2_event_bounded,False,False,0.0,0,1337.0,benchmark
P. Schick,Czech Republic,Attacker,3159.0,True,794,annual_current,54,54,1.0,0,45,3043.0,,1.0,1.0,True,exact-window detailed minutes plus event-bounded exposure for known startXI appearances without a positive-minute statistics row,True,45,3043.0,35,35,0,0.0,0,0.0,1.0,exact_window_known_minutes_v2_event_bounded,False,False,0.0,0,3043.0,benchmark
P. Schick,Czech Republic,Attacker,3159.0,True,794,pre_world_cup,51,51,1.0,0,42,2863.0,,1.0,1.0,True,exact-window detailed minutes plus event-bounded exposure for known startXI appearances without a positive-minute statistics row,True,42,2863.0,33,33,0,0.0,0,0.0,1.0,exact_window_known_minutes_v2_event_bounded,False,False,0.0,0,2863.0,benchmark
T. Chorý,Czech Republic,Attacker,2423.0,True,818,annual_current,45,45,1.0,0,32,2319.0,,1.0,1.0,True,exact-window detailed minutes plus event-bounded exposure for known startXI appearances without a positive-minute statistics row,True,32,2319.0,27,27,0,0.0,0,0.0,1.0,exact_window_known_minutes_v2_event_bounded,False,False,0.0,0,2319.0,benchmark
T. Chorý,Czech Republic,Attacker,2423.0,True,818,pre_world_cup,42,42,1.0,0,30,2283.0,,1.0,1.0,True,exact-window detailed minutes plus event-bounded exposure for known startXI appearances without a positive-minute statistics row,True,30,2283.0,27,27,0,0.0,0,0.0,1.0,exact_window_known_minutes_v2_event_bounded,False,False,0.0,0,2283.0,benchmark
N. Vlasic,Croatia,Midfielder,3616.0,True,842,annual_current,46,46,1.0,0,44,3544.0,,1.0,1.0,True,exact-window detailed minutes plus event-bounded exposure for known startXI appearances without a positive-minute statistics row,True,44,3544.0,41,41,0,0.0,0,0.0,1.0,exact_window_known_minutes_v2_event_bounded,False,False,0.0,0,3544.0,benchmark
N. Vlasic,Croatia,Midfielder,3616.0,True,842,pre_world_cup,42,42,1.0,0,41,3355.0,,1.0,1.0,True,exact-window detailed minutes plus event-bounded exposure for known startXI appearances without a positive-minute statistics row,True,41,3355.0,39,39,0,0.0,0,0.0,1.0,exact_window_known_minutes_v2_event_bounded,False,False,0.0,0,3355.0,benchmark
João Cancelo,Portugal,Defender,2865.0,True,855,annual_current,103,103,1.0,0,34,2230.0,,1.0,1.0,True,exact-window detailed minutes plus event-bounded exposure for known startXI appearances without a positive-minute statistics row,False,34,2230.0,28,28,0,0.0,0,0.0,1.0,exact_window_known_minutes_v2_event_bounded,True,False,0.0,0,2230.0,benchmark_and_avatar
João Cancelo,Portugal,Defender,2865.0,True,855,pre_world_cup,103,103,1.0,0,34,2323.0,,1.0,1.0,True,exact-window detailed minutes plus event-bounded exposure for known startXI appearances without a positive-minute statistics row,True,34,2323.0,28,28,0,0.0,0,0.0,1.0,exact_window_known_minutes_v2_event_bounded,False,False,0.0,0,2323.0,benchmark_and_avatar
R. Bentancur,Uruguay,Midfielder,3803.0,True,863,annual_current,56,56,1.0,0,39,3006.0,,1.0,1.0,True,exact-window detailed minutes plus event-bounded exposure for known startXI appearances without a positive-minute statistics row,False,39,3006.0,36,36,0,0.0,0,0.0,1.0,exact_window_known_minutes_v2_event_bounded,True,False,0.0,0,3006.0,benchmark
R. Bentancur,Uruguay,Midfielder,3803.0,True,863,pre_world_cup,53,53,1.0,0,36,2736.0,,1.0,1.0,True,exact-window detailed minutes plus event-bounded exposure for known startXI appearances without a positive-minute statistics row,True,36,2736.0,33,33,0,0.0,0,0.0,1.0,exact_window_known_minutes_v2_event_bounded,False,False,0.0,0,2736.0,benchmark
Cristiano Ronaldo,Portugal,Attacker,3861.0,True,874,annual_current,50,50,1.0,0,37,3180.0,,0.9724770642201837,0.9724770642201837,True,exact-window detailed minutes plus event-bounded exposure for known startXI appearances without a positive-minute statistics row,True,37,3180.0,38,37,1,90.0,0,0.0,0.9724770642201837,exact_window_known_minutes_v2_event_bounded,False,False,0.0,0,3180.0,benchmark
Cristiano Ronaldo,Portugal,Attacker,3861.0,True,874,pre_world_cup,45,45,1.0,0,32,2739.0,,0.968186638388123,0.968186638388123,True,exact-window detailed minutes plus event-bounded exposure for known startXI appearances without a positive-minute statistics row,True,32,2739.0,33,32,1,90.0,0,0.0,0.968186638388123,exact_window_known_minutes_v2_event_bounded,False,False,0.0,0,2739.0,benchmark
Diogo Dalot,Portugal,Defender,3039.0,True,886,annual_current,45,45,1.0,0,38,2861.0,,1.0,1.0,True,exact-window detailed minutes plus event-bounded exposure for known startXI appearances without a positive-minute statistics row,True,38,2861.0,31,31,0,0.0,0,0.0,1.0,exact_window_known_minutes_v2_event_bounded,False,False,0.0,0,2861.0,benchmark
Diogo Dalot,Portugal,Defender,3039.0,True,886,pre_world_cup,40,40,1.0,0,36,2797.0,,1.0,1.0,True,exact-window detailed minutes plus event-bounded exposure for known startXI appearances without a positive-minute statistics row,True,36,2797.0,31,31,0,0.0,0,0.0,1.0,exact_window_known_minutes_v2_event_bounded,False,False,0.0,0,2797.0,benchmark
V. Lindelöf,Sweden,Midfielder,2303.0,True,889,annual_current,59,59,1.0,0,32,2186.0,,1.0,1.0,True,exact-window detailed minutes plus event-bounded exposure for known startXI appearances without a positive-minute statistics row,True,32,2186.0,25,25,0,0.0,0,0.0,1.0,exact_window_known_minutes_v2_event_bounded,False,False,0.0,0,2186.0,benchmark
V. Lindelöf,Sweden,Midfielder,2303.0,True,889,pre_world_cup,55,55,1.0,0,28,1829.0,,1.0,1.0,True,exact-window detailed minutes plus event-bounded exposure for known startXI appearances without a positive-minute statistics row,True,28,1829.0,21,21,0,0.0,0,0.0,1.0,exact_window_known_minutes_v2_event_bounded,False,False,0.0,0,1829.0,benchmark
S. McTominay,Scotland,Attacker,4242.0,True,903,annual_current,53,53,1.0,0,47,3971.0,,1.0,1.0,True,exact-window detailed minutes plus event-bounded exposure for known startXI appearances without a positive-minute statistics row,True,47,3971.0,44,44,0,0.0,0,0.0,1.0,exact_window_known_minutes_v2_event_bounded,False,False,0.0,0,3971.0,benchmark
S. McTominay,Scotland,Attacker,4242.0,True,903,pre_world_cup,50,50,1.0,0,44,3701.0,,1.0,1.0,True,exact-window detailed minutes plus event-bounded exposure for known startXI appearances without a positive-minute statistics row,True,44,3701.0,41,41,0,0.0,0,0.0,1.0,exact_window_known_minutes_v2_event_bounded,False,False,0.0,0,3701.0,benchmark
M. Rashford,England,Attacker,3099.0,True,909,annual_current,64,64,1.0,0,54,2820.0,,1.0,1.0,True,exact-window detailed minutes plus event-bounded exposure for known startXI appearances without a positive-minute statistics row,True,54,2820.0,28,28,0,0.0,0,0.0,1.0,exact_window_known_minutes_v2_event_bounded,False,False,0.0,0,2820.0,benchmark_and_avatar
M. Rashford,England,Attacker,3099.0,True,909,pre_world_cup,57,57,1.0,0,49,2636.0,,1.0,1.0,True,exact-window detailed minutes plus event-bounded exposure for known startXI appearances without a positive-minute statistics row,True,49,2636.0,26,26,0,0.0,0,0.0,1.0,exact_window_known_minutes_v2_event_bounded,False,False,0.0,0,2636.0,benchmark_and_avatar
Gonçalo Guedes,Portugal,Attacker,2411.0,True,925,annual_current,51,51,1.0,0,38,2321.0,,1.0,1.0,True,exact-window detailed minutes plus event-bounded exposure for known startXI appearances without a positive-minute statistics row,True,38,2321.0,27,27,0,0.0,0,0.0,1.0,exact_window_known_minutes_v2_event_bounded,False,False,0.0,0,2321.0,benchmark_and_avatar
Gonçalo Guedes,Portugal,Attacker,2411.0,True,925,pre_world_cup,46,46,1.0,0,38,2321.0,,1.0,1.0,True,exact-window detailed minutes plus event-bounded exposure for known startXI appearances without a positive-minute statistics row,True,38,2321.0,27,27,0,0.0,0,0.0,1.0,exact_window_known_minutes_v2_event_bounded,False,False,0.0,0,2321.0,benchmark_and_avatar
Lee Kang-In,South Korea,Attacker,3738.0,True,927,annual_current,56,56,1.0,0,42,2119.0,,1.0,1.0,True,exact-window detailed minutes plus event-bounded exposure for known startXI appearances without a positive-minute statistics row,False,42,2119.0,22,22,0,0.0,0,0.0,1.0,exact_window_known_minutes_v2_event_bounded,True,False,0.0,0,2119.0,benchmark
Lee Kang-In,South Korea,Attacker,3738.0,True,927,pre_world_cup,60,60,1.0,0,43,1909.0,,1.0,1.0,True,exact-window detailed minutes plus event-bounded exposure for known startXI appearances without a positive-minute statistics row,True,43,1909.0,19,19,0,0.0,0,0.0,1.0,exact_window_known_minutes_v2_event_bounded,False,False,0.0,0,1909.0,benchmark
Ferran Torres,Spain,Midfielder,3088.0,True,931,annual_current,64,64,1.0,0,56,2933.0,,1.0,1.0,True,exact-window detailed minutes plus event-bounded exposure for known startXI appearances without a positive-minute statistics row,True,56,2933.0,32,32,0,0.0,0,0.0,1.0,exact_window_known_minutes_v2_event_bounded,False,False,0.0,0,2933.0,benchmark
Ferran Torres,Spain,Midfielder,3088.0,True,931,pre_world_cup,57,57,1.0,0,49,2708.0,,1.0,1.0,True,exact-window detailed minutes plus event-bounded exposure for known startXI appearances without a positive-minute statistics row,True,49,2708.0,31,31,0,0.0,0,0.0,1.0,exact_window_known_minutes_v2_event_bounded,False,False,0.0,0,2708.0,benchmark
M. Aebischer,Switzerland,Midfielder,3771.0,True,951,annual_current,82,82,1.0,0,40,3145.0,,1.0,1.0,True,exact-window detailed minutes plus event-bounded exposure for known startXI appearances without a positive-minute statistics row,True,40,3145.0,36,36,0,0.0,0,0.0,1.0,exact_window_known_minutes_v2_event_bounded,False,False,0.0,0,3145.0,benchmark
M. Aebischer,Switzerland,Midfielder,3771.0,True,951,pre_world_cup,76,76,1.0,0,36,2983.0,,1.0,1.0,True,exact-window detailed minutes plus event-bounded exposure for known startXI appearances without a positive-minute statistics row,True,36,2983.0,34,34,0,0.0,0,0.0,1.0,exact_window_known_minutes_v2_event_bounded,False,False,0.0,0,2983.0,benchmark
C. Fassnacht,Switzerland,Midfielder,2821.0,True,952,annual_current,54,54,1.0,0,41,2767.0,,1.0,1.0,True,exact-window detailed minutes plus event-bounded exposure for known startXI appearances without a positive-minute statistics row,True,41,2767.0,31,31,0,0.0,0,0.0,1.0,exact_window_known_minutes_v2_event_bounded,False,False,0.0,0,2767.0,benchmark_and_avatar
C. Fassnacht,Switzerland,Midfielder,2821.0,True,952,pre_world_cup,48,48,1.0,0,40,2755.0,,1.0,1.0,True,exact-window detailed minutes plus event-bounded exposure for known startXI appearances without a positive-minute statistics row,True,40,2755.0,31,31,0,0.0,0,0.0,1.0,exact_window_known_minutes_v2_event_bounded,False,False,0.0,0,2755.0,benchmark_and_avatar
D. Sow,Switzerland,Midfielder,2785.0,True,957,annual_current,47,47,1.0,0,39,2543.0,,1.0,1.0,True,exact-window detailed minutes plus event-bounded exposure for known startXI appearances without a positive-minute statistics row,True,39,2543.0,30,30,0,0.0,0,0.0,1.0,exact_window_known_minutes_v2_event_bounded,False,False,0.0,0,2543.0,benchmark
D. Sow,Switzerland,Midfielder,2785.0,True,957,pre_world_cup,41,41,1.0,0,35,2289.0,,1.0,1.0,True,exact-window detailed minutes plus event-bounded exposure for known startXI appearances without a positive-minute statistics row,True,35,2289.0,28,28,0,0.0,0,0.0,1.0,exact_window_known_minutes_v2_event_bounded,False,False,0.0,0,2289.0,benchmark
J. Tah,Germany,Defender,5066.0,True,972,annual_current,59,59,1.0,0,53,4147.0,,1.0,1.0,True,exact-window detailed minutes plus event-bounded exposure for known startXI appearances without a positive-minute statistics row,True,53,4147.0,47,47,0,0.0,0,0.0,1.0,exact_window_known_minutes_v2_event_bounded,False,False,0.0,0,4147.0,benchmark_and_avatar
J. Tah,Germany,Defender,5066.0,True,972,pre_world_cup,60,60,1.0,0,54,4166.0,,1.0,1.0,True,exact-window detailed minutes plus event-bounded exposure for known startXI appearances without a positive-minute statistics row,True,54,4166.0,47,47,0,0.0,0,0.0,1.0,exact_window_known_minutes_v2_event_bounded,False,False,0.0,0,4166.0,benchmark_and_avatar
M. Pongracic,Croatia,Defender,5594.0,True,1084,annual_current,57,57,1.0,0,51,4083.0,,1.0,1.0,True,exact-window detailed minutes plus event-bounded exposure for known startXI appearances without a positive-minute statistics row,False,51,4083.0,45,45,0,0.0,0,0.0,1.0,exact_window_known_minutes_v2_event_bounded,True,False,0.0,0,4083.0,benchmark
M. Pongracic,Croatia,Defender,5594.0,True,1084,pre_world_cup,53,53,1.0,0,48,3813.0,,1.0,1.0,True,exact-window detailed minutes plus event-bounded exposure for known startXI appearances without a positive-minute statistics row,True,48,3813.0,42,42,0,0.0,0,0.0,1.0,exact_window_known_minutes_v2_event_bounded,False,False,0.0,0,3813.0,benchmark
X. Schlager,Austria,Midfielder,2446.0,True,1095,annual_current,42,42,1.0,0,34,2306.0,,1.0,1.0,True,exact-window detailed minutes plus event-bounded exposure for known startXI appearances without a positive-minute statistics row,True,34,2306.0,27,27,0,0.0,0,0.0,1.0,exact_window_known_minutes_v2_event_bounded,False,False,0.0,0,2306.0,benchmark
X. Schlager,Austria,Midfielder,2446.0,True,1095,pre_world_cup,38,38,1.0,0,30,2067.0,,1.0,1.0,True,exact-window detailed minutes plus event-bounded exposure for known startXI appearances without a positive-minute statistics row,True,30,2067.0,23,23,0,0.0,0,0.0,1.0,exact_window_known_minutes_v2_event_bounded,False,False,0.0,0,2067.0,benchmark
E. Haaland,Norway,Attacker,5118.0,True,1100,annual_current,66,66,1.0,0,57,4608.0,,1.0,1.0,True,exact-window detailed minutes plus event-bounded exposure for known startXI appearances without a positive-minute statistics row,True,57,4608.0,53,53,0,0.0,0,0.0,1.0,exact_window_known_minutes_v2_event_bounded,False,False,0.0,0,4608.0,benchmark
E. Haaland,Norway,Attacker,5118.0,True,1100,pre_world_cup,64,64,1.0,0,56,4398.0,,1.0,1.0,True,exact-window detailed minutes plus event-bounded exposure for known startXI appearances without a positive-minute statistics row,True,56,4398.0,50,50,0,0.0,0,0.0,1.0,exact_window_known_minutes_v2_event_bounded,False,False,0.0,0,4398.0,benchmark
J. Hendry,Scotland,Defender,3103.0,True,1111,annual_current,37,37,1.0,0,33,2841.0,,1.0,1.0,True,exact-window detailed minutes plus event-bounded exposure for known startXI appearances without a positive-minute statistics row,True,33,2841.0,32,32,0,0.0,0,0.0,1.0,exact_window_known_minutes_v2_event_bounded,False,False,0.0,0,2841.0,benchmark
J. Hendry,Scotland,Defender,3103.0,True,1111,pre_world_cup,34,34,1.0,0,30,2571.0,,1.0,1.0,True,exact-window detailed minutes plus event-bounded exposure for known startXI appearances without a positive-minute statistics row,True,30,2571.0,29,29,0,0.0,0,0.0,1.0,exact_window_known_minutes_v2_event_bounded,False,False,0.0,0,2571.0,benchmark
K. Tierney,Scotland,Midfielder,3708.0,True,1117,annual_current,53,53,1.0,0,48,3486.0,,1.0,1.0,True,exact-window detailed minutes plus event-bounded exposure for known startXI appearances without a positive-minute statistics row,True,48,3486.0,41,41,0,0.0,0,0.0,1.0,exact_window_known_minutes_v2_event_bounded,False,False,0.0,0,3486.0,benchmark_and_avatar
K. Tierney,Scotland,Midfielder,3708.0,True,1117,pre_world_cup,50,50,1.0,0,46,3381.0,,1.0,1.0,True,exact-window detailed minutes plus event-bounded exposure for known startXI appearances without a positive-minute statistics row,True,46,3381.0,40,40,0,0.0,0,0.0,1.0,exact_window_known_minutes_v2_event_bounded,False,False,0.0,0,3381.0,benchmark_and_avatar
K. Ajer,Norway,Defender,3030.0,True,1119,annual_current,51,51,1.0,0,36,2635.0,,1.0,1.0,True,exact-window detailed minutes plus event-bounded exposure for known startXI appearances without a positive-minute statistics row,True,36,2635.0,29,29,0,0.0,0,0.0,1.0,exact_window_known_minutes_v2_event_bounded,False,False,0.0,0,2635.0,benchmark
K. Ajer,Norway,Defender,3030.0,True,1119,pre_world_cup,45,45,1.0,0,31,2155.0,,1.0,1.0,True,exact-window detailed minutes plus event-bounded exposure for known startXI appearances without a positive-minute statistics row,True,31,2155.0,24,24,0,0.0,0,0.0,1.0,exact_window_known_minutes_v2_event_bounded,False,False,0.0,0,2155.0,benchmark
R. Christie,Scotland,Midfielder,1956.0,True,1125,annual_current,42,42,1.0,0,30,1154.0,,1.0,1.0,True,exact-window detailed minutes plus event-bounded exposure for known startXI appearances without a positive-minute statistics row,False,30,1154.0,11,11,0,0.0,0,0.0,1.0,exact_window_known_minutes_v2_event_bounded,True,False,0.0,0,1154.0,benchmark_and_avatar
R. Christie,Scotland,Midfielder,1956.0,True,1125,pre_world_cup,39,39,1.0,0,27,1060.0,,1.0,1.0,True,exact-window detailed minutes plus event-bounded exposure for known startXI appearances without a positive-minute statistics row,True,27,1060.0,10,10,0,0.0,0,0.0,1.0,exact_window_known_minutes_v2_event_bounded,False,False,0.0,0,1060.0,benchmark_and_avatar
T. Weah,USA,Attacker,3633.0,True,1138,annual_current,90,90,1.0,0,43,3215.0,,1.0,1.0,True,exact-window detailed minutes plus event-bounded exposure for known startXI appearances without a positive-minute statistics row,True,43,3215.0,37,37,0,0.0,0,0.0,1.0,exact_window_known_minutes_v2_event_bounded,False,False,0.0,0,3215.0,benchmark
T. Weah,USA,Attacker,3633.0,True,1138,pre_world_cup,89,89,1.0,0,42,3184.0,,1.0,1.0,True,exact-window detailed minutes plus event-bounded exposure for known startXI appearances without a positive-minute statistics row,True,42,3184.0,36,36,0,0.0,0,0.0,1.0,exact_window_known_minutes_v2_event_bounded,False,False,0.0,0,3184.0,benchmark
Y. Mvogo,Switzerland,Goalkeeper,3015.0,True,1142,annual_current,44,44,1.0,0,31,2790.0,,1.0,1.0,True,exact-window detailed minutes plus event-bounded exposure for known startXI appearances without a positive-minute statistics row,True,31,2790.0,31,31,0,0.0,0,0.0,1.0,exact_window_known_minutes_v2_event_bounded,False,False,0.0,0,2790.0,benchmark
Y. Mvogo,Switzerland,Goalkeeper,3015.0,True,1142,pre_world_cup,38,38,1.0,0,31,2790.0,,1.0,1.0,True,exact-window detailed minutes plus event-bounded exposure for known startXI appearances without a positive-minute statistics row,True,31,2790.0,31,31,0,0.0,0,0.0,1.0,exact_window_known_minutes_v2_event_bounded,False,False,0.0,0,2790.0,benchmark
I. Konaté,France,Defender,4547.0,True,1145,annual_current,62,62,1.0,0,52,4294.0,,1.0,1.0,True,exact-window detailed minutes plus event-bounded exposure for known startXI appearances without a positive-minute statistics row,True,52,4294.0,49,49,0,0.0,0,0.0,1.0,exact_window_known_minutes_v2_event_bounded,False,False,0.0,0,4294.0,benchmark
I. Konaté,France,Defender,4547.0,True,1145,pre_world_cup,55,55,1.0,0,51,4280.0,,1.0,1.0,True,exact-window detailed minutes plus event-bounded exposure for known startXI appearances without a positive-minute statistics row,True,51,4280.0,49,49,0,0.0,0,0.0,1.0,exact_window_known_minutes_v2_event_bounded,False,False,0.0,0,4280.0,benchmark
D. Upamecano,France,Defender,4452.0,True,1149,annual_current,62,62,1.0,0,49,3956.0,,1.0,1.0,True,exact-window detailed minutes plus event-bounded exposure for known startXI appearances without a positive-minute statistics row,True,49,3956.0,46,46,0,0.0,0,0.0,1.0,exact_window_known_minutes_v2_event_bounded,False,False,0.0,0,3956.0,benchmark_and_avatar
D. Upamecano,France,Defender,4452.0,True,1149,pre_world_cup,60,60,1.0,0,47,3630.0,,1.0,1.0,True,exact-window detailed minutes plus event-bounded exposure for known startXI appearances without a positive-minute statistics row,True,47,3630.0,42,42,0,0.0,0,0.0,1.0,exact_window_known_minutes_v2_event_bounded,False,False,0.0,0,3630.0,benchmark_and_avatar
T. Adams,USA,Midfielder,2773.0,True,1150,annual_current,44,44,1.0,0,30,2142.0,,1.0,1.0,True,exact-window detailed minutes plus event-bounded exposure for known startXI appearances without a positive-minute statistics row,False,30,2142.0,25,25,0,0.0,0,0.0,1.0,exact_window_known_minutes_v2_event_bounded,True,False,0.0,0,2142.0,benchmark
T. Adams,USA,Midfielder,2773.0,True,1150,pre_world_cup,45,45,1.0,0,31,2169.0,,1.0,1.0,True,exact-window detailed minutes plus event-bounded exposure for known startXI appearances without a positive-minute statistics row,True,31,2169.0,25,25,0,0.0,0,0.0,1.0,exact_window_known_minutes_v2_event_bounded,False,False,0.0,0,2169.0,benchmark
K. Laimer,Austria,Defender,4131.0,True,1157,annual_current,59,59,1.0,0,51,3656.0,,1.0,1.0,True,exact-window detailed minutes plus event-bounded exposure for known startXI appearances without a positive-minute statistics row,True,51,3656.0,41,41,0,0.0,0,0.0,1.0,exact_window_known_minutes_v2_event_bounded,False,False,0.0,0,3656.0,benchmark
K. Laimer,Austria,Defender,4131.0,True,1157,pre_world_cup,60,60,1.0,0,51,3593.0,,1.0,1.0,True,exact-window detailed minutes plus event-bounded exposure for known startXI appearances without a positive-minute statistics row,True,51,3593.0,40,40,0,0.0,0,0.0,1.0,exact_window_known_minutes_v2_event_bounded,False,False,0.0,0,3593.0,benchmark
M. Sabitzer,Austria,Midfielder,3419.0,True,1159,annual_current,51,51,1.0,0,38,2709.0,,1.0,1.0,True,exact-window detailed minutes plus event-bounded exposure for known startXI appearances without a positive-minute statistics row,False,38,2709.0,31,31,0,0.0,0,0.0,1.0,exact_window_known_minutes_v2_event_bounded,True,False,0.0,0,2709.0,benchmark
M. Sabitzer,Austria,Midfielder,3419.0,True,1159,pre_world_cup,52,52,1.0,0,38,2578.0,,1.0,1.0,True,exact-window detailed minutes plus event-bounded exposure for known startXI appearances without a positive-minute statistics row,True,38,2578.0,29,29,0,0.0,0,0.0,1.0,exact_window_known_minutes_v2_event_bounded,False,False,0.0,0,2578.0,benchmark
Matheus Cunha,Brazil,Attacker,3681.0,True,1165,annual_current,47,47,1.0,0,40,2976.0,,1.0,1.0,True,exact-window detailed minutes plus event-bounded exposure for known startXI appearances without a positive-minute statistics row,True,40,2976.0,35,35,0,0.0,0,0.0,1.0,exact_window_known_minutes_v2_event_bounded,False,False,0.0,0,2976.0,benchmark
Matheus Cunha,Brazil,Attacker,3681.0,True,1165,pre_world_cup,43,43,1.0,0,36,2762.0,,1.0,1.0,True,exact-window detailed minutes plus event-bounded exposure for known startXI appearances without a positive-minute statistics row,True,36,2762.0,32,32,0,0.0,0,0.0,1.0,exact_window_known_minutes_v2_event_bounded,False,False,0.0,0,2762.0,benchmark
V. Coufal,Czech Republic,Midfielder,3727.0,True,1231,annual_current,39,39,1.0,0,38,3377.0,,1.0,1.0,True,exact-window detailed minutes plus event-bounded exposure for known startXI appearances without a positive-minute statistics row,True,38,3377.0,38,38,0,0.0,0,0.0,1.0,exact_window_known_minutes_v2_event_bounded,False,False,0.0,0,3377.0,benchmark
V. Coufal,Czech Republic,Midfielder,3727.0,True,1231,pre_world_cup,36,36,1.0,0,35,3107.0,,1.0,1.0,True,exact-window detailed minutes plus event-bounded exposure for known startXI appearances without a positive-minute statistics row,True,35,3107.0,35,35,0,0.0,0,0.0,1.0,exact_window_known_minutes_v2_event_bounded,False,False,0.0,0,3107.0,benchmark
J. Zelený,Czech Republic,Midfielder,2496.0,True,1237,annual_current,51,51,1.0,0,33,2430.0,,0.9310344827586208,0.9310344827586208,True,exact-window detailed minutes plus event-bounded exposure for known startXI appearances without a positive-minute statistics row,True,33,2430.0,30,28,2,180.0,0,0.0,0.9310344827586208,exact_window_known_minutes_v2_event_bounded,False,False,0.0,0,2430.0,benchmark
J. Zelený,Czech Republic,Midfielder,2496.0,True,1237,pre_world_cup,48,48,1.0,0,31,2305.0,,0.9275653923541248,0.9275653923541248,True,exact-window detailed minutes plus event-bounded exposure for known startXI appearances without a positive-minute statistics row,True,31,2305.0,29,27,2,180.0,0,0.0,0.9275653923541248,exact_window_known_minutes_v2_event_bounded,False,False,0.0,0,2305.0,benchmark
T. Soucek,Czech Republic,Midfielder,2700.0,True,1243,annual_current,46,44,0.9565217391304348,2,41,2643.0,,1.0,1.0,True,exact-window detailed minutes plus event-bounded exposure for known startXI appearances without a positive-minute statistics row,True,41,2643.0,27,27,0,0.0,0,0.0,1.0,exact_window_known_minutes_v2_event_bounded,False,False,0.0,0,2643.0,benchmark
T. Soucek,Czech Republic,Midfielder,2700.0,True,1243,pre_world_cup,43,41,0.9534883720930232,2,38,2507.0,,1.0,1.0,True,exact-window detailed minutes plus event-bounded exposure for known startXI appearances without a positive-minute statistics row,True,38,2507.0,26,26,0,0.0,0,0.0,1.0,exact_window_known_minutes_v2_event_bounded,False,False,0.0,0,2507.0,benchmark
J. Koundé,France,Defender,4340.0,True,1257,annual_current,64,64,1.0,0,54,4139.0,,1.0,1.0,True,exact-window detailed minutes plus event-bounded exposure for known startXI appearances without a positive-minute statistics row,True,54,4139.0,46,46,0,0.0,0,0.0,1.0,exact_window_known_minutes_v2_event_bounded,False,False,0.0,0,4139.0,benchmark
J. Koundé,France,Defender,4340.0,True,1257,pre_world_cup,57,57,1.0,0,47,3537.0,,1.0,1.0,True,exact-window detailed minutes plus event-bounded exposure for known startXI appearances without a positive-minute statistics row,True,47,3537.0,39,39,0,0.0,0,0.0,1.0,exact_window_known_minutes_v2_event_bounded,False,False,0.0,0,3537.0,benchmark
A. Tchouaméni,France,Midfielder,5020.0,True,1271,annual_current,63,63,1.0,0,53,4300.0,,1.0,1.0,True,exact-window detailed minutes plus event-bounded exposure for known startXI appearances without a positive-minute statistics row,True,53,4300.0,50,50,0,0.0,0,0.0,1.0,exact_window_known_minutes_v2_event_bounded,False,False,0.0,0,4300.0,benchmark
A. Tchouaméni,France,Midfielder,5020.0,True,1271,pre_world_cup,62,62,1.0,0,55,4475.0,,1.0,1.0,True,exact-window detailed minutes plus event-bounded exposure for known startXI appearances without a positive-minute statistics row,True,55,4475.0,52,52,0,0.0,0,0.0,1.0,exact_window_known_minutes_v2_event_bounded,False,False,0.0,0,4475.0,benchmark
G. Varela,Uruguay,Defender,5704.0,True,1290,annual_current,76,76,1.0,0,46,3574.0,,1.0,1.0,True,exact-window detailed minutes plus event-bounded exposure for known startXI appearances without a positive-minute statistics row,False,46,3574.0,37,37,0,0.0,0,0.0,1.0,exact_window_known_minutes_v2_event_bounded,True,False,0.0,0,3574.0,benchmark
G. Varela,Uruguay,Defender,5704.0,True,1290,pre_world_cup,79,77,0.9746835443037974,2,46,3440.0,,1.0,1.0,True,exact-window detailed minutes plus event-bounded exposure for known startXI appearances without a positive-minute statistics row,True,46,3440.0,35,35,0,0.0,0,0.0,1.0,exact_window_known_minutes_v2_event_bounded,False,False,0.0,0,3440.0,benchmark
D. Livakovic,Croatia,Goalkeeper,2271.0,True,1305,annual_current,128,126,0.984375,2,22,2010.0,,1.0,1.0,True,exact-window detailed minutes plus event-bounded exposure for known startXI appearances without a positive-minute statistics row,True,22,2010.0,22,22,0,0.0,0,0.0,1.0,exact_window_known_minutes_v2_event_bounded,False,False,0.0,0,2010.0,benchmark
D. Livakovic,Croatia,Goalkeeper,2271.0,True,1305,pre_world_cup,124,122,0.9838709677419356,2,18,1650.0,,1.0,1.0,True,exact-window detailed minutes plus event-bounded exposure for known startXI appearances without a positive-minute statistics row,True,18,1650.0,18,18,0,0.0,0,0.0,1.0,exact_window_known_minutes_v2_event_bounded,False,False,0.0,0,1650.0,benchmark
N. Moro,Croatia,Midfielder,2779.0,True,1322,annual_current,60,60,1.0,0,44,2733.0,,1.0,1.0,True,exact-window detailed minutes plus event-bounded exposure for known startXI appearances without a positive-minute statistics row,True,44,2733.0,29,29,0,0.0,0,0.0,1.0,exact_window_known_minutes_v2_event_bounded,False,False,0.0,0,2733.0,benchmark
N. Moro,Croatia,Midfielder,2779.0,True,1322,pre_world_cup,56,56,1.0,0,44,2733.0,,1.0,1.0,True,exact-window detailed minutes plus event-bounded exposure for known startXI appearances without a positive-minute statistics row,True,44,2733.0,29,29,0,0.0,0,0.0,1.0,exact_window_known_minutes_v2_event_bounded,False,False,0.0,0,2733.0,benchmark
Dani Olmo,Spain,Midfielder,3408.0,True,1323,annual_current,64,64,1.0,0,56,3265.0,,1.0,1.0,True,exact-window detailed minutes plus event-bounded exposure for known startXI appearances without a positive-minute statistics row,True,56,3265.0,36,36,0,0.0,0,0.0,1.0,exact_window_known_minutes_v2_event_bounded,False,False,0.0,0,3265.0,benchmark_and_avatar
Dani Olmo,Spain,Midfielder,3408.0,True,1323,pre_world_cup,57,57,1.0,0,49,2845.0,,1.0,1.0,True,exact-window detailed minutes plus event-bounded exposure for known startXI appearances without a positive-minute statistics row,True,49,2845.0,31,31,0,0.0,0,0.0,1.0,exact_window_known_minutes_v2_event_bounded,False,False,0.0,0,2845.0,benchmark_and_avatar
I. Sunjic,Bosnia & Herzegovina,Midfielder,2938.0,True,1324,annual_current,54,54,1.0,0,46,3821.0,,1.0,1.0,True,exact-window provider minutes plus deterministic exposure reconstructed from complete two-team lineups and substitution/red-card events; frozen 80% fixture and minute thresholds unchanged,False,46,3821.0,45,45,0,0.0,0,0.0,1.0,exact_window_known_minutes_v3_complete_lineup_event_reconstruction,True,False,1709.0,20,2112.0,benchmark
I. Sunjic,Bosnia & Herzegovina,Midfielder,2938.0,True,1324,pre_world_cup,50,50,1.0,0,42,3623.0,,1.0,1.0,True,exact-window provider minutes plus deterministic exposure reconstructed from complete two-team lineups and substitution/red-card events; frozen 80% fixture and minute thresholds unchanged,True,42,3623.0,42,42,0,0.0,0,0.0,1.0,exact_window_known_minutes_v3_complete_lineup_event_reconstruction,False,False,1709.0,20,1914.0,benchmark
F. Kadioglu,Türkiye,Defender,3676.0,True,1361,annual_current,46,46,1.0,0,44,3676.0,,1.0,1.0,True,exact-window detailed minutes plus event-bounded exposure for known startXI appearances without a positive-minute statistics row,True,44,3676.0,41,41,0,0.0,0,0.0,1.0,exact_window_known_minutes_v2_event_bounded,False,False,0.0,0,3676.0,benchmark
F. Kadioglu,Türkiye,Defender,3676.0,True,1361,pre_world_cup,43,43,1.0,0,42,3516.0,,1.0,1.0,True,exact-window detailed minutes plus event-bounded exposure for known startXI appearances without a positive-minute statistics row,True,42,3516.0,39,39,0,0.0,0,0.0,1.0,exact_window_known_minutes_v2_event_bounded,False,False,0.0,0,3516.0,benchmark
A. Saelemaekers,Belgium,Attacker,3316.0,True,1417,annual_current,48,48,1.0,0,43,3162.0,,1.0,1.0,True,exact-window detailed minutes plus event-bounded exposure for known startXI appearances without a positive-minute statistics row,True,43,3162.0,38,38,0,0.0,0,0.0,1.0,exact_window_known_minutes_v2_event_bounded,False,False,0.0,0,3162.0,benchmark
A. Saelemaekers,Belgium,Attacker,3316.0,True,1417,pre_world_cup,42,42,1.0,0,39,3073.0,,1.0,1.0,True,exact-window detailed minutes plus event-bounded exposure for known startXI appearances without a positive-minute statistics row,True,39,3073.0,37,37,0,0.0,0,0.0,1.0,exact_window_known_minutes_v2_event_bounded,False,False,0.0,0,3073.0,benchmark
J. Doku,Belgium,Midfielder,4019.0,True,1422,annual_current,66,66,1.0,0,52,3271.0,,1.0,1.0,True,exact-window detailed minutes plus event-bounded exposure for known startXI appearances without a positive-minute statistics row,True,52,3271.0,37,37,0,0.0,0,0.0,1.0,exact_window_known_minutes_v2_event_bounded,False,False,0.0,0,3271.0,benchmark_and_avatar
J. Doku,Belgium,Midfielder,4019.0,True,1422,pre_world_cup,64,64,1.0,0,50,3206.0,,1.0,1.0,True,exact-window detailed minutes plus event-bounded exposure for known startXI appearances without a positive-minute statistics row,True,50,3206.0,36,36,0,0.0,0,0.0,1.0,exact_window_known_minutes_v2_event_bounded,False,False,0.0,0,3206.0,benchmark_and_avatar
E. Kayembe,Congo DR,Midfielder,2973.0,True,1424,annual_current,56,56,1.0,0,45,2928.0,,1.0,1.0,True,exact-window detailed minutes plus event-bounded exposure for known startXI appearances without a positive-minute statistics row,True,45,2928.0,32,32,0,0.0,0,0.0,1.0,exact_window_known_minutes_v2_event_bounded,False,False,0.0,0,2928.0,benchmark
E. Kayembe,Congo DR,Midfielder,2973.0,True,1424,pre_world_cup,52,52,1.0,0,42,2768.0,,1.0,1.0,True,exact-window detailed minutes plus event-bounded exposure for known startXI appearances without a positive-minute statistics row,True,42,2768.0,30,30,0,0.0,0,0.0,1.0,exact_window_known_minutes_v2_event_bounded,False,False,0.0,0,2768.0,benchmark
S. Kolasinac,Bosnia & Herzegovina,Defender,2790.0,True,1442,annual_current,58,58,1.0,0,32,2151.0,,1.0,1.0,True,exact-window detailed minutes plus event-bounded exposure for known startXI appearances without a positive-minute statistics row,False,32,2151.0,27,27,0,0.0,0,0.0,1.0,exact_window_known_minutes_v2_event_bounded,True,False,0.0,0,2151.0,benchmark
S. Kolasinac,Bosnia & Herzegovina,Defender,2790.0,True,1442,pre_world_cup,54,54,1.0,0,28,1812.0,,1.0,1.0,True,exact-window detailed minutes plus event-bounded exposure for known startXI appearances without a positive-minute statistics row,True,28,1812.0,23,23,0,0.0,0,0.0,1.0,exact_window_known_minutes_v2_event_bounded,False,False,0.0,0,1812.0,benchmark
B. Saka,England,Midfielder,3928.0,True,1460,annual_current,70,70,1.0,0,55,3522.0,,1.0,1.0,True,exact-window detailed minutes plus event-bounded exposure for known startXI appearances without a positive-minute statistics row,True,55,3522.0,39,39,0,0.0,0,0.0,1.0,exact_window_known_minutes_v2_event_bounded,False,False,0.0,0,3522.0,benchmark_and_avatar
B. Saka,England,Midfielder,3928.0,True,1460,pre_world_cup,63,63,1.0,0,49,3255.0,,1.0,1.0,True,exact-window detailed minutes plus event-bounded exposure for known startXI appearances without a positive-minute statistics row,True,49,3255.0,37,37,0,0.0,0,0.0,1.0,exact_window_known_minutes_v2_event_bounded,False,False,0.0,0,3255.0,benchmark_and_avatar
G. Xhaka,Switzerland,Midfielder,3946.0,True,1464,annual_current,47,47,1.0,0,42,3637.0,,1.0,1.0,True,exact-window detailed minutes plus event-bounded exposure for known startXI appearances without a positive-minute statistics row,True,42,3637.0,39,39,0,0.0,0,0.0,1.0,exact_window_known_minutes_v2_event_bounded,False,False,0.0,0,3637.0,benchmark_and_avatar
G. Xhaka,Switzerland,Midfielder,3946.0,True,1464,pre_world_cup,41,41,1.0,0,36,3037.0,,1.0,1.0,True,exact-window detailed minutes plus event-bounded exposure for known startXI appearances without a positive-minute statistics row,True,36,3037.0,33,33,0,0.0,0,0.0,1.0,exact_window_known_minutes_v2_event_bounded,False,False,0.0,0,3037.0,benchmark_and_avatar
Bruno Fernandes,Portugal,Midfielder,4783.0,True,1485,annual_current,45,45,1.0,0,42,3624.0,,1.0,1.0,True,exact-window detailed minutes plus event-bounded exposure for known startXI appearances without a positive-minute statistics row,False,42,3624.0,41,41,0,0.0,0,0.0,1.0,exact_window_known_minutes_v2_event_bounded,True,False,0.0,0,3624.0,benchmark
Bruno Fernandes,Portugal,Midfielder,4783.0,True,1485,pre_world_cup,40,40,1.0,0,37,3201.0,,1.0,1.0,True,exact-window detailed minutes plus event-bounded exposure for known startXI appearances without a positive-minute statistics row,True,37,3201.0,36,36,0,0.0,0,0.0,1.0,exact_window_known_minutes_v2_event_bounded,False,False,0.0,0,3201.0,benchmark
Jovane Cabral,Cape Verde Islands,Midfielder,3320.0,True,1494,annual_current,38,38,1.0,0,29,1820.0,,1.0,1.0,True,exact-window detailed minutes plus event-bounded exposure for known startXI appearances without a positive-minute statistics row,False,29,1820.0,19,19,0,0.0,0,0.0,1.0,exact_window_known_minutes_v2_event_bounded,True,False,0.0,0,1820.0,benchmark_and_avatar
Jovane Cabral,Cape Verde Islands,Midfielder,3320.0,True,1494,pre_world_cup,34,34,1.0,0,27,1679.0,,1.0,1.0,True,exact-window detailed minutes plus event-bounded exposure for known startXI appearances without a positive-minute statistics row,True,27,1679.0,17,17,0,0.0,0,0.0,1.0,exact_window_known_minutes_v2_event_bounded,False,False,0.0,0,1679.0,benchmark_and_avatar
Raphinha,Brazil,Midfielder,3660.0,True,1496,annual_current,64,64,1.0,0,37,2438.0,,1.0,1.0,True,exact-window detailed minutes plus event-bounded exposure for known startXI appearances without a positive-minute statistics row,False,37,2438.0,30,30,0,0.0,0,0.0,1.0,exact_window_known_minutes_v2_event_bounded,True,False,0.0,0,2438.0,benchmark
Raphinha,Brazil,Midfielder,3660.0,True,1496,pre_world_cup,60,60,1.0,0,36,2403.0,,1.0,1.0,True,exact-window detailed minutes plus event-bounded exposure for known startXI appearances without a positive-minute statistics row,True,36,2403.0,29,29,0,0.0,0,0.0,1.0,exact_window_known_minutes_v2_event_bounded,False,False,0.0,0,2403.0,benchmark
A. Mandi,Algeria,Defender,4294.0,True,1567,annual_current,55,55,1.0,0,49,4069.0,,1.0,1.0,True,exact-window detailed minutes plus event-bounded exposure for known startXI appearances without a positive-minute statistics row,True,49,4069.0,44,44,0,0.0,0,0.0,1.0,exact_window_known_minutes_v2_event_bounded,False,False,0.0,0,4069.0,benchmark
A. Mandi,Algeria,Defender,4294.0,True,1567,pre_world_cup,51,51,1.0,0,45,3709.0,,1.0,1.0,True,exact-window detailed minutes plus event-bounded exposure for known startXI appearances without a positive-minute statistics row,True,45,3709.0,40,40,0,0.0,0,0.0,1.0,exact_window_known_minutes_v2_event_bounded,False,False,0.0,0,3709.0,benchmark
G. Lo Celso,Argentina,Midfielder,2394.0,True,1578,annual_current,64,64,1.0,0,34,1858.0,,1.0,1.0,True,exact-window detailed minutes plus event-bounded exposure for known startXI appearances without a positive-minute statistics row,False,34,1858.0,21,21,0,0.0,0,0.0,1.0,exact_window_known_minutes_v2_event_bounded,True,False,0.0,0,1858.0,benchmark_and_avatar
G. Lo Celso,Argentina,Midfielder,2394.0,True,1578,pre_world_cup,58,58,1.0,0,33,1798.0,,1.0,1.0,True,exact-window detailed minutes plus event-bounded exposure for known startXI appearances without a positive-minute statistics row,True,33,1798.0,20,20,0,0.0,0,0.0,1.0,exact_window_known_minutes_v2_event_bounded,False,False,0.0,0,1798.0,benchmark_and_avatar
José Sá,Portugal,Goalkeeper,2248.0,True,1590,annual_current,46,46,1.0,0,24,2160.0,,1.0,1.0,True,exact-window detailed minutes plus event-bounded exposure for known startXI appearances without a positive-minute statistics row,True,24,2160.0,24,24,0,0.0,0,0.0,1.0,exact_window_known_minutes_v2_event_bounded,False,False,0.0,0,2160.0,benchmark_and_avatar
José Sá,Portugal,Goalkeeper,2248.0,True,1590,pre_world_cup,41,41,1.0,0,24,2160.0,,1.0,1.0,True,exact-window detailed minutes plus event-bounded exposure for known startXI appearances without a positive-minute statistics row,True,24,2160.0,24,24,0,0.0,0,0.0,1.0,exact_window_known_minutes_v2_event_bounded,False,False,0.0,0,2160.0,benchmark_and_avatar
R. Rodríguez,Switzerland,Defender,3273.0,True,1631,annual_current,61,61,1.0,0,40,2889.0,,1.0,1.0,True,exact-window detailed minutes plus event-bounded exposure for known startXI appearances without a positive-minute statistics row,True,40,2889.0,32,32,0,0.0,0,0.0,1.0,exact_window_known_minutes_v2_event_bounded,False,False,0.0,0,2889.0,benchmark
R. Rodríguez,Switzerland,Defender,3273.0,True,1631,pre_world_cup,55,55,1.0,0,34,2370.0,,1.0,1.0,True,exact-window detailed minutes plus event-bounded exposure for known startXI appearances without a positive-minute statistics row,True,34,2370.0,26,26,0,0.0,0,0.0,1.0,exact_window_known_minutes_v2_event_bounded,False,False,0.0,0,2370.0,benchmark
H. Çalhanoglu,Türkiye,Midfielder,2898.0,True,1640,annual_current,57,57,1.0,0,32,2316.0,,1.0,1.0,True,exact-window detailed minutes plus event-bounded exposure for known startXI appearances without a positive-minute statistics row,False,32,2316.0,29,29,0,0.0,0,0.0,1.0,exact_window_known_minutes_v2_event_bounded,True,False,0.0,0,2316.0,benchmark_and_avatar
H. Çalhanoglu,Türkiye,Midfielder,2898.0,True,1640,pre_world_cup,58,58,1.0,0,30,2136.0,,1.0,1.0,True,exact-window detailed minutes plus event-bounded exposure for known startXI appearances without a positive-minute statistics row,True,30,2136.0,27,27,0,0.0,0,0.0,1.0,exact_window_known_minutes_v2_event_bounded,False,False,0.0,0,2136.0,benchmark_and_avatar
F. Kessié,Ivory Coast,Midfielder,4046.0,True,1642,annual_current,56,56,1.0,0,45,3798.0,,1.0,1.0,True,exact-window detailed minutes plus event-bounded exposure for known startXI appearances without a positive-minute statistics row,True,45,3798.0,44,44,0,0.0,0,0.0,1.0,exact_window_known_minutes_v2_event_bounded,False,False,0.0,0,3798.0,benchmark
F. Kessié,Ivory Coast,Midfielder,4046.0,True,1642,pre_world_cup,52,52,1.0,0,41,3451.0,,1.0,1.0,True,exact-window detailed minutes plus event-bounded exposure for known startXI appearances without a positive-minute statistics row,True,41,3451.0,40,40,0,0.0,0,0.0,1.0,exact_window_known_minutes_v2_event_bounded,False,False,0.0,0,3451.0,benchmark
Lucas Paquetá,Brazil,Midfielder,3851.0,True,1646,annual_current,78,78,1.0,0,45,3297.0,,1.0,1.0,True,exact-window detailed minutes plus event-bounded exposure for known startXI appearances without a positive-minute statistics row,True,45,3297.0,39,39,0,0.0,0,0.0,1.0,exact_window_known_minutes_v2_event_bounded,False,False,0.0,0,3297.0,benchmark_and_avatar
Lucas Paquetá,Brazil,Midfielder,3851.0,True,1646,pre_world_cup,74,74,1.0,0,41,3061.0,,1.0,1.0,True,exact-window detailed minutes plus event-bounded exposure for known startXI appearances without a positive-minute statistics row,True,41,3061.0,35,35,0,0.0,0,0.0,1.0,exact_window_known_minutes_v2_event_bounded,False,False,0.0,0,3061.0,benchmark_and_avatar
M. Müldür,Türkiye,Defender,2516.0,True,1719,annual_current,58,58,1.0,0,40,2261.0,,1.0,1.0,True,exact-window detailed minutes plus event-bounded exposure for known startXI appearances without a positive-minute statistics row,True,40,2261.0,23,23,0,0.0,0,0.0,1.0,exact_window_known_minutes_v2_event_bounded,False,False,0.0,0,2261.0,benchmark
M. Müldür,Türkiye,Defender,2516.0,True,1719,pre_world_cup,55,55,1.0,0,37,2161.0,,1.0,1.0,True,exact-window detailed minutes plus event-bounded exposure for known startXI appearances without a positive-minute statistics row,True,37,2161.0,22,22,0,0.0,0,0.0,1.0,exact_window_known_minutes_v2_event_bounded,False,False,0.0,0,2161.0,benchmark
D. Ljubičić,Austria,Midfielder,2706.0,True,1725,annual_current,84,84,1.0,0,37,2706.0,,1.0,1.0,True,exact-window detailed minutes plus event-bounded exposure for known startXI appearances without a positive-minute statistics row,True,37,2706.0,34,34,0,0.0,0,0.0,1.0,exact_window_known_minutes_v2_event_bounded,False,False,0.0,0,2706.0,benchmark
D. Ljubičić,Austria,Midfielder,2706.0,True,1725,pre_world_cup,80,80,1.0,0,37,2706.0,,1.0,1.0,True,exact-window detailed minutes plus event-bounded exposure for known startXI appearances without a positive-minute statistics row,True,37,2706.0,34,34,0,0.0,0,0.0,1.0,exact_window_known_minutes_v2_event_bounded,False,False,0.0,0,2706.0,benchmark
N. Katic,Bosnia & Herzegovina,Defender,3129.0,True,1741,annual_current,40,38,0.95,2,30,2586.0,,1.0,1.0,True,exact-window detailed minutes plus event-bounded exposure for known startXI appearances without a positive-minute statistics row,True,30,2586.0,29,29,0,0.0,0,0.0,1.0,exact_window_known_minutes_v2_event_bounded,False,False,0.0,0,2586.0,benchmark
N. Katic,Bosnia & Herzegovina,Defender,3129.0,True,1741,pre_world_cup,36,34,0.9444444444444444,2,26,2268.0,,1.0,1.0,True,exact-window detailed minutes plus event-bounded exposure for known startXI appearances without a positive-minute statistics row,True,26,2268.0,25,25,0,0.0,0,0.0,1.0,exact_window_known_minutes_v2_event_bounded,False,False,0.0,0,2268.0,benchmark
E. Ndicka,Ivory Coast,Defender,7332.0,True,1807,annual_current,58,58,1.0,0,46,3840.0,,1.0,1.0,True,exact-window detailed minutes plus event-bounded exposure for known startXI appearances without a positive-minute statistics row,False,46,3840.0,42,42,0,0.0,0,0.0,1.0,exact_window_known_minutes_v2_event_bounded,True,False,0.0,0,3840.0,benchmark
E. Ndicka,Ivory Coast,Defender,7332.0,True,1807,pre_world_cup,54,54,1.0,0,46,3840.0,,1.0,1.0,True,exact-window detailed minutes plus event-bounded exposure for known startXI appearances without a positive-minute statistics row,True,46,3840.0,42,42,0,0.0,0,0.0,1.0,exact_window_known_minutes_v2_event_bounded,False,False,0.0,0,3840.0,benchmark
Pedro Neto,Portugal,Midfielder,5367.0,True,1864,annual_current,64,64,1.0,0,57,4123.0,,1.0,1.0,True,exact-window detailed minutes plus event-bounded exposure for known startXI appearances without a positive-minute statistics row,False,57,4123.0,48,48,0,0.0,0,0.0,1.0,exact_window_known_minutes_v2_event_bounded,True,False,0.0,0,4123.0,benchmark
Pedro Neto,Portugal,Midfielder,5367.0,True,1864,pre_world_cup,66,66,1.0,0,58,4304.0,,1.0,1.0,True,exact-window detailed minutes plus event-bounded exposure for known startXI appearances without a positive-minute statistics row,True,58,4304.0,49,49,0,0.0,0,0.0,1.0,exact_window_known_minutes_v2_event_bounded,False,False,0.0,0,4304.0,benchmark
D. Caleta-Car,Croatia,Defender,2541.0,True,1902,annual_current,50,50,1.0,0,31,2541.0,,1.0,1.0,True,exact-window detailed minutes plus event-bounded exposure for known startXI appearances without a positive-minute statistics row,True,31,2541.0,28,28,0,0.0,0,0.0,1.0,exact_window_known_minutes_v2_event_bounded,False,False,0.0,0,2541.0,benchmark
D. Caleta-Car,Croatia,Defender,2541.0,True,1902,pre_world_cup,46,46,1.0,0,31,2541.0,,1.0,1.0,True,exact-window detailed minutes plus event-bounded exposure for known startXI appearances without a positive-minute statistics row,True,31,2541.0,28,28,0,0.0,0,0.0,1.0,exact_window_known_minutes_v2_event_bounded,False,False,0.0,0,2541.0,benchmark
J. Lucumí,Colombia,Defender,5780.0,True,1929,annual_current,63,63,1.0,0,49,4155.0,,1.0,1.0,True,exact-window detailed minutes plus event-bounded exposure for known startXI appearances without a positive-minute statistics row,False,49,4155.0,46,46,0,0.0,0,0.0,1.0,exact_window_known_minutes_v2_event_bounded,True,False,0.0,0,4155.0,benchmark
J. Lucumí,Colombia,Defender,5780.0,True,1929,pre_world_cup,59,59,1.0,0,45,3772.0,,1.0,1.0,True,exact-window detailed minutes plus event-bounded exposure for known startXI appearances without a positive-minute statistics row,True,45,3772.0,42,42,0,0.0,0,0.0,1.0,exact_window_known_minutes_v2_event_bounded,False,False,0.0,0,3772.0,benchmark
S. Berge,Norway,Midfielder,3916.0,True,1934,annual_current,51,51,1.0,0,44,3499.0,,1.0,1.0,True,exact-window detailed minutes plus event-bounded exposure for known startXI appearances without a positive-minute statistics row,True,44,3499.0,40,40,0,0.0,0,0.0,1.0,exact_window_known_minutes_v2_event_bounded,False,False,0.0,0,3499.0,benchmark_and_avatar
S. Berge,Norway,Midfielder,3916.0,True,1934,pre_world_cup,45,45,1.0,0,39,3019.0,,1.0,1.0,True,exact-window detailed minutes plus event-bounded exposure for known startXI appearances without a positive-minute statistics row,True,39,3019.0,35,35,0,0.0,0,0.0,1.0,exact_window_known_minutes_v2_event_bounded,False,False,0.0,0,3019.0,benchmark_and_avatar
J. Ito,Japan,Attacker,3139.0,True,1942,annual_current,59,59,1.0,0,38,2420.0,,1.0,1.0,True,exact-window detailed minutes plus event-bounded exposure for known startXI appearances without a positive-minute statistics row,False,38,2420.0,29,29,0,0.0,0,0.0,1.0,exact_window_known_minutes_v2_event_bounded,True,False,0.0,0,2420.0,benchmark
J. Ito,Japan,Attacker,3139.0,True,1942,pre_world_cup,55,55,1.0,0,34,2205.0,,1.0,1.0,True,exact-window detailed minutes plus event-bounded exposure for known startXI appearances without a positive-minute statistics row,True,34,2205.0,27,27,0,0.0,0,0.0,1.0,exact_window_known_minutes_v2_event_bounded,False,False,0.0,0,2205.0,benchmark
L. Trossard,Belgium,Midfielder,3560.0,True,1946,annual_current,69,69,1.0,0,56,3436.0,,1.0,1.0,True,exact-window detailed minutes plus event-bounded exposure for known startXI appearances without a positive-minute statistics row,True,56,3436.0,38,38,0,0.0,0,0.0,1.0,exact_window_known_minutes_v2_event_bounded,False,False,0.0,0,3436.0,benchmark_and_avatar
L. Trossard,Belgium,Midfielder,3560.0,True,1946,pre_world_cup,63,63,1.0,0,50,2926.0,,1.0,1.0,True,exact-window detailed minutes plus event-bounded exposure for known startXI appearances without a positive-minute statistics row,True,50,2926.0,32,32,0,0.0,0,0.0,1.0,exact_window_known_minutes_v2_event_bounded,False,False,0.0,0,2926.0,benchmark_and_avatar
C. Larin,Canada,Attacker,2043.0,True,2001,annual_current,139,139,1.0,0,41,1748.0,,1.0,1.0,True,exact-window detailed minutes plus event-bounded exposure for known startXI appearances without a positive-minute statistics row,True,41,1748.0,17,17,0,0.0,0,0.0,1.0,exact_window_known_minutes_v2_event_bounded,False,False,0.0,0,1748.0,benchmark
C. Larin,Canada,Attacker,2043.0,True,2001,pre_world_cup,138,138,1.0,0,41,1652.0,,1.0,1.0,True,exact-window detailed minutes plus event-bounded exposure for known startXI appearances without a positive-minute statistics row,True,41,1652.0,15,15,0,0.0,0,0.0,1.0,exact_window_known_minutes_v2_event_bounded,False,False,0.0,0,1652.0,benchmark
J. Strand Larsen,Norway,Attacker,3340.0,True,2032,annual_current,103,103,1.0,0,50,3074.0,,1.0,1.0,True,exact-window detailed minutes plus event-bounded exposure for known startXI appearances without a positive-minute statistics row,True,50,3074.0,33,33,0,0.0,0,0.0,1.0,exact_window_known_minutes_v2_event_bounded,False,False,0.0,0,3074.0,benchmark_and_avatar
J. Strand Larsen,Norway,Attacker,3340.0,True,2032,pre_world_cup,97,97,1.0,0,48,2969.0,,1.0,1.0,True,exact-window detailed minutes plus event-bounded exposure for known startXI appearances without a positive-minute statistics row,True,48,2969.0,32,32,0,0.0,0,0.0,1.0,exact_window_known_minutes_v2_event_bounded,False,False,0.0,0,2969.0,benchmark_and_avatar
R. Bensebaïni,Algeria,Defender,4235.0,True,2194,annual_current,56,56,1.0,0,40,3155.0,,1.0,1.0,True,exact-window detailed minutes plus event-bounded exposure for known startXI appearances without a positive-minute statistics row,False,40,3155.0,33,33,0,0.0,0,0.0,1.0,exact_window_known_minutes_v2_event_bounded,True,False,0.0,0,3155.0,benchmark_and_avatar
R. Bensebaïni,Algeria,Defender,4235.0,True,2194,pre_world_cup,57,57,1.0,0,41,3245.0,,1.0,1.0,True,exact-window detailed minutes plus event-bounded exposure for known startXI appearances without a positive-minute statistics row,True,41,3245.0,34,34,0,0.0,0,0.0,1.0,exact_window_known_minutes_v2_event_bounded,False,False,0.0,0,3245.0,benchmark_and_avatar
I. Sarr,Senegal,Midfielder,4521.0,True,2218,annual_current,70,70,1.0,0,54,4252.0,,1.0,1.0,True,exact-window detailed minutes plus event-bounded exposure for known startXI appearances without a positive-minute statistics row,True,54,4252.0,47,47,0,0.0,0,0.0,1.0,exact_window_known_minutes_v2_event_bounded,False,False,0.0,0,4252.0,benchmark
I. Sarr,Senegal,Midfielder,4521.0,True,2218,pre_world_cup,66,66,1.0,0,50,3886.0,,1.0,1.0,True,exact-window detailed minutes plus event-bounded exposure for known startXI appearances without a positive-minute statistics row,True,50,3886.0,43,43,0,0.0,0,0.0,1.0,exact_window_known_minutes_v2_event_bounded,False,False,0.0,0,3886.0,benchmark
T. Holes,Czech Republic,Defender,2436.0,True,2252,annual_current,45,45,1.0,0,30,2344.0,,1.0,1.0,True,exact-window detailed minutes plus event-bounded exposure for known startXI appearances without a positive-minute statistics row,True,30,2344.0,27,27,0,0.0,0,0.0,1.0,exact_window_known_minutes_v2_event_bounded,False,False,0.0,0,2344.0,benchmark
T. Holes,Czech Republic,Defender,2436.0,True,2252,pre_world_cup,42,42,1.0,0,28,2190.0,,1.0,1.0,True,exact-window detailed minutes plus event-bounded exposure for known startXI appearances without a positive-minute statistics row,True,28,2190.0,25,25,0,0.0,0,0.0,1.0,exact_window_known_minutes_v2_event_bounded,False,False,0.0,0,2190.0,benchmark
A. Rüdiger,Germany,Defender,2847.0,True,2285,annual_current,58,58,1.0,0,30,2453.0,,1.0,1.0,True,exact-window detailed minutes plus event-bounded exposure for known startXI appearances without a positive-minute statistics row,True,30,2453.0,26,26,0,0.0,0,0.0,1.0,exact_window_known_minutes_v2_event_bounded,False,False,0.0,0,2453.0,benchmark
A. Rüdiger,Germany,Defender,2847.0,True,2285,pre_world_cup,60,60,1.0,0,31,2540.0,,1.0,1.0,True,exact-window detailed minutes plus event-bounded exposure for known startXI appearances without a positive-minute statistics row,True,31,2540.0,28,28,0,0.0,0,0.0,1.0,exact_window_known_minutes_v2_event_bounded,False,False,0.0,0,2540.0,benchmark
N. Kanté,France,Midfielder,4147.0,True,2290,annual_current,100,100,1.0,0,40,3453.0,,1.0,1.0,True,exact-window detailed minutes plus event-bounded exposure for known startXI appearances without a positive-minute statistics row,True,40,3453.0,39,39,0,0.0,0,0.0,1.0,exact_window_known_minutes_v2_event_bounded,False,False,0.0,0,3453.0,benchmark
N. Kanté,France,Midfielder,4147.0,True,2290,pre_world_cup,93,93,1.0,0,40,3453.0,,1.0,1.0,True,exact-window detailed minutes plus event-bounded exposure for known startXI appearances without a positive-minute statistics row,True,40,3453.0,39,39,0,0.0,0,0.0,1.0,exact_window_known_minutes_v2_event_bounded,False,False,0.0,0,3453.0,benchmark
Weverton,Brazil,Goalkeeper,7181.0,True,2410,annual_current,81,81,1.0,0,45,4117.0,,1.0,1.0,True,exact-window detailed minutes plus event-bounded exposure for known startXI appearances without a positive-minute statistics row,False,45,4117.0,45,45,0,0.0,0,0.0,1.0,exact_window_known_minutes_v2_event_bounded,True,False,0.0,0,4117.0,benchmark_and_avatar
Weverton,Brazil,Goalkeeper,7181.0,True,2410,pre_world_cup,82,82,1.0,0,50,4597.0,,1.0,1.0,True,exact-window detailed minutes plus event-bounded exposure for known startXI appearances without a positive-minute statistics row,True,50,4597.0,50,50,0,0.0,0,0.0,1.0,exact_window_known_minutes_v2_event_bounded,False,False,0.0,0,4597.0,benchmark_and_avatar
Lisandro Martínez,Argentina,Defender,2534.0,True,2467,annual_current,48,48,1.0,0,25,1898.0,,1.0,1.0,True,exact-window detailed minutes plus event-bounded exposure for known startXI appearances without a positive-minute statistics row,False,25,1898.0,20,20,0,0.0,0,0.0,1.0,exact_window_known_minutes_v2_event_bounded,True,False,0.0,0,1898.0,benchmark_and_avatar
Lisandro Martínez,Argentina,Defender,2534.0,True,2467,pre_world_cup,42,42,1.0,0,19,1316.0,,1.0,1.0,True,exact-window detailed minutes plus event-bounded exposure for known startXI appearances without a positive-minute statistics row,True,19,1316.0,14,14,0,0.0,0,0.0,1.0,exact_window_known_minutes_v2_event_bounded,False,False,0.0,0,1316.0,benchmark_and_avatar
G. Montiel,Argentina,Defender,4694.0,True,2468,annual_current,55,55,1.0,0,36,2823.0,,1.0,1.0,True,exact-window detailed minutes plus event-bounded exposure for known startXI appearances without a positive-minute statistics row,False,36,2823.0,30,30,0,0.0,0,0.0,1.0,exact_window_known_minutes_v2_event_bounded,True,False,0.0,0,2823.0,benchmark
G. Montiel,Argentina,Defender,4694.0,True,2468,pre_world_cup,53,51,0.9622641509433962,2,33,2872.0,,1.0,1.0,True,exact-window detailed minutes plus event-bounded exposure for known startXI appearances without a positive-minute statistics row,True,33,2872.0,31,31,0,0.0,0,0.0,1.0,exact_window_known_minutes_v2_event_bounded,False,False,0.0,0,2872.0,benchmark
R. De Paul,Argentina,Midfielder,5168.0,True,2472,annual_current,52,52,1.0,0,43,3650.0,,0.9759358288770054,0.9759358288770054,True,exact-window detailed minutes plus event-bounded exposure for known startXI appearances without a positive-minute statistics row,False,43,3650.0,41,40,1,90.0,0,0.0,0.9759358288770054,exact_window_known_minutes_v2_event_bounded,True,False,0.0,0,3650.0,benchmark_and_avatar
R. De Paul,Argentina,Midfielder,5168.0,True,2472,pre_world_cup,53,52,0.981132075471698,1,40,3398.0,,0.974197247706422,0.974197247706422,True,exact-window detailed minutes plus event-bounded exposure for known startXI appearances without a positive-minute statistics row,True,40,3398.0,39,38,1,90.0,0,0.0,0.974197247706422,exact_window_known_minutes_v2_event_bounded,False,False,0.0,0,3398.0,benchmark_and_avatar
Á. Montero,Colombia,Goalkeeper,4277.0,True,2481,annual_current,64,64,1.0,0,19,1727.0,,1.0,1.0,True,exact-window detailed minutes plus event-bounded exposure for known startXI appearances without a positive-minute statistics row,False,19,1727.0,18,18,0,0.0,0,0.0,1.0,exact_window_known_minutes_v2_event_bounded,True,False,0.0,0,1727.0,benchmark
Á. Montero,Colombia,Goalkeeper,4277.0,True,2481,pre_world_cup,64,64,1.0,0,21,1907.0,,1.0,1.0,True,exact-window detailed minutes plus event-bounded exposure for known startXI appearances without a positive-minute statistics row,True,21,1907.0,20,20,0,0.0,0,0.0,1.0,exact_window_known_minutes_v2_event_bounded,False,False,0.0,0,1907.0,benchmark
C. Vargas,Colombia,Goalkeeper,4992.0,True,2482,annual_current,45,45,1.0,0,40,3655.0,,0.9759679572763684,0.9759679572763684,True,exact-window detailed minutes plus event-bounded exposure for known startXI appearances without a positive-minute statistics row,False,40,3655.0,41,40,1,90.0,0,0.0,0.9759679572763684,exact_window_known_minutes_v2_event_bounded,True,False,0.0,0,3655.0,benchmark
C. Vargas,Colombia,Goalkeeper,4992.0,True,2482,pre_world_cup,42,42,1.0,0,35,3175.0,,0.9724349157733536,0.9724349157733536,True,exact-window detailed minutes plus event-bounded exposure for known startXI appearances without a positive-minute statistics row,True,35,3175.0,36,35,1,90.0,0,0.0,0.9724349157733536,exact_window_known_minutes_v2_event_bounded,False,False,0.0,0,3175.0,benchmark
D. Machado,Colombia,Defender,2026.0,True,2483,annual_current,74,74,1.0,0,22,1399.0,,1.0,1.0,True,exact-window detailed minutes plus event-bounded exposure for known startXI appearances without a positive-minute statistics row,False,22,1399.0,18,18,0,0.0,0,0.0,1.0,exact_window_known_minutes_v2_event_bounded,True,False,0.0,0,1399.0,benchmark
D. Machado,Colombia,Defender,2026.0,True,2483,pre_world_cup,70,70,1.0,0,22,1405.0,,1.0,1.0,True,exact-window detailed minutes plus event-bounded exposure for known startXI appearances without a positive-minute statistics row,True,22,1405.0,18,18,0,0.0,0,0.0,1.0,exact_window_known_minutes_v2_event_bounded,False,False,0.0,0,1405.0,benchmark
Y. Mina,Colombia,Defender,2834.0,True,2484,annual_current,48,48,1.0,0,29,2343.0,,1.0,1.0,True,exact-window detailed minutes plus event-bounded exposure for known startXI appearances without a positive-minute statistics row,True,29,2343.0,28,28,0,0.0,0,0.0,1.0,exact_window_known_minutes_v2_event_bounded,False,False,0.0,0,2343.0,benchmark
Y. Mina,Colombia,Defender,2834.0,True,2484,pre_world_cup,44,44,1.0,0,28,2342.0,,1.0,1.0,True,exact-window detailed minutes plus event-bounded exposure for known startXI appearances without a positive-minute statistics row,True,28,2342.0,28,28,0,0.0,0,0.0,1.0,exact_window_known_minutes_v2_event_bounded,False,False,0.0,0,2342.0,benchmark
L. Díaz,Colombia,Midfielder,6514.0,True,2489,annual_current,62,62,1.0,0,58,4720.0,,1.0,1.0,True,exact-window detailed minutes plus event-bounded exposure for known startXI appearances without a positive-minute statistics row,False,58,4720.0,53,53,0,0.0,0,0.0,1.0,exact_window_known_minutes_v2_event_bounded,True,False,0.0,0,4720.0,benchmark_and_avatar
L. Díaz,Colombia,Midfielder,6514.0,True,2489,pre_world_cup,58,58,1.0,0,54,4338.0,,1.0,1.0,True,exact-window detailed minutes plus event-bounded exposure for known startXI appearances without a positive-minute statistics row,True,54,4338.0,49,49,0,0.0,0,0.0,1.0,exact_window_known_minutes_v2_event_bounded,False,False,0.0,0,4338.0,benchmark_and_avatar
J. Lerma,Colombia,Midfielder,4489.0,True,2490,annual_current,66,66,1.0,0,55,3137.0,,1.0,1.0,True,exact-window detailed minutes plus event-bounded exposure for known startXI appearances without a positive-minute statistics row,False,55,3137.0,32,32,0,0.0,0,0.0,1.0,exact_window_known_minutes_v2_event_bounded,True,False,0.0,0,3137.0,benchmark
J. Lerma,Colombia,Midfielder,4489.0,True,2490,pre_world_cup,62,62,1.0,0,51,2821.0,,1.0,1.0,True,exact-window detailed minutes plus event-bounded exposure for known startXI appearances without a positive-minute statistics row,True,51,2821.0,28,28,0,0.0,0,0.0,1.0,exact_window_known_minutes_v2_event_bounded,False,False,0.0,0,2821.0,benchmark
J. Alonso,Paraguay,Defender,8456.0,True,2499,annual_current,71,71,1.0,0,50,4420.0,,1.0,1.0,True,exact-window detailed minutes plus event-bounded exposure for known startXI appearances without a positive-minute statistics row,False,50,4420.0,49,49,0,0.0,0,0.0,1.0,exact_window_known_minutes_v2_event_bounded,True,False,0.0,0,4420.0,benchmark
J. Alonso,Paraguay,Defender,8456.0,True,2499,pre_world_cup,69,69,1.0,0,48,4291.0,,1.0,1.0,True,exact-window detailed minutes plus event-bounded exposure for known startXI appearances without a positive-minute statistics row,True,48,4291.0,48,48,0,0.0,0,0.0,1.0,exact_window_known_minutes_v2_event_bounded,False,False,0.0,0,4291.0,benchmark
F. Balbuena,Paraguay,Defender,1843.0,True,2500,annual_current,59,59,1.0,0,14,1086.0,,1.0,1.0,True,exact-window detailed minutes plus event-bounded exposure for known startXI appearances without a positive-minute statistics row,False,14,1086.0,12,12,0,0.0,0,0.0,1.0,exact_window_known_minutes_v2_event_bounded,True,False,0.0,0,1086.0,benchmark
F. Balbuena,Paraguay,Defender,1843.0,True,2500,pre_world_cup,56,56,1.0,0,13,1085.0,,1.0,1.0,True,exact-window detailed minutes plus event-bounded exposure for known startXI appearances without a positive-minute statistics row,True,13,1085.0,12,12,0,0.0,0,0.0,1.0,exact_window_known_minutes_v2_event_bounded,False,False,0.0,0,1085.0,benchmark
G. Gómez,Paraguay,Defender,9607.0,True,2502,annual_current,80,80,1.0,0,66,5750.0,,1.0,1.0,True,exact-window detailed minutes plus event-bounded exposure for known startXI appearances without a positive-minute statistics row,False,66,5750.0,65,65,0,0.0,0,0.0,1.0,exact_window_known_minutes_v2_event_bounded,True,False,0.0,0,5750.0,benchmark
G. Gómez,Paraguay,Defender,9607.0,True,2502,pre_world_cup,82,82,1.0,0,67,5841.0,,1.0,1.0,True,exact-window detailed minutes plus event-bounded exposure for known startXI appearances without a positive-minute statistics row,True,67,5841.0,66,66,0,0.0,0,0.0,1.0,exact_window_known_minutes_v2_event_bounded,False,False,0.0,0,5841.0,benchmark
M. Almirón,Paraguay,Midfielder,5522.0,True,2507,annual_current,36,36,1.0,0,26,2192.0,,1.0,1.0,True,exact-window detailed minutes plus event-bounded exposure for known startXI appearances without a positive-minute statistics row,False,26,2192.0,25,25,0,0.0,0,0.0,1.0,exact_window_known_minutes_v2_event_bounded,True,False,0.0,0,2192.0,benchmark
M. Almirón,Paraguay,Midfielder,5522.0,True,2507,pre_world_cup,37,37,1.0,0,27,2347.0,,1.0,1.0,True,exact-window detailed minutes plus event-bounded exposure for known startXI appearances without a positive-minute statistics row,True,27,2347.0,26,26,0,0.0,0,0.0,1.0,exact_window_known_minutes_v2_event_bounded,False,False,0.0,0,2347.0,benchmark
A. Sanabria,Paraguay,Attacker,1912.0,True,2522,annual_current,45,45,1.0,0,29,1177.0,,1.0,1.0,True,exact-window detailed minutes plus event-bounded exposure for known startXI appearances without a positive-minute statistics row,False,29,1177.0,13,13,0,0.0,0,0.0,1.0,exact_window_known_minutes_v2_event_bounded,True,False,0.0,0,1177.0,benchmark
A. Sanabria,Paraguay,Attacker,1912.0,True,2522,pre_world_cup,41,41,1.0,0,28,1163.0,,1.0,1.0,True,exact-window detailed minutes plus event-bounded exposure for known startXI appearances without a positive-minute statistics row,True,28,1163.0,13,13,0,0.0,0,0.0,1.0,exact_window_known_minutes_v2_event_bounded,False,False,0.0,0,1163.0,benchmark
Pedro Miguel,Qatar,Defender,2728.0,True,2530,annual_current,37,37,1.0,0,21,1777.0,,1.0,1.0,True,exact-window detailed minutes plus event-bounded exposure for known startXI appearances without a positive-minute statistics row,False,21,1777.0,20,20,0,0.0,0,0.0,1.0,exact_window_known_minutes_v2_event_bounded,True,False,0.0,0,1777.0,benchmark
Pedro Miguel,Qatar,Defender,2728.0,True,2530,pre_world_cup,34,34,1.0,0,18,1507.0,,1.0,1.0,True,exact-window detailed minutes plus event-bounded exposure for known startXI appearances without a positive-minute statistics row,True,18,1507.0,17,17,0,0.0,0,0.0,1.0,exact_window_known_minutes_v2_event_bounded,False,False,0.0,0,1507.0,benchmark
Boualem Khoukhi,Qatar,Defender,2697.0,True,2532,annual_current,37,37,1.0,0,21,1869.0,,1.0,1.0,True,exact-window detailed minutes plus event-bounded exposure for known startXI appearances without a positive-minute statistics row,False,21,1869.0,21,21,0,0.0,0,0.0,1.0,exact_window_known_minutes_v2_event_bounded,True,False,0.0,0,1869.0,benchmark
Boualem Khoukhi,Qatar,Defender,2697.0,True,2532,pre_world_cup,34,34,1.0,0,18,1599.0,,1.0,1.0,True,exact-window detailed minutes plus event-bounded exposure for known startXI appearances without a positive-minute statistics row,True,18,1599.0,18,18,0,0.0,0,0.0,1.0,exact_window_known_minutes_v2_event_bounded,False,False,0.0,0,1599.0,benchmark
Ahmed Fathi,Qatar,Midfielder,2174.0,True,2539,annual_current,27,27,1.0,0,18,1477.0,,1.0,1.0,True,exact-window provider minutes plus deterministic exposure reconstructed from complete two-team lineups and substitution/red-card events; frozen 80% fixture and minute thresholds unchanged,False,18,1477.0,16,16,0,0.0,0,0.0,1.0,exact_window_known_minutes_v3_complete_lineup_event_reconstruction,True,False,450.0,5,1027.0,benchmark
Ahmed Fathi,Qatar,Midfielder,2174.0,True,2539,pre_world_cup,24,24,1.0,0,15,1326.0,,1.0,1.0,True,exact-window provider minutes plus deterministic exposure reconstructed from complete two-team lineups and substitution/red-card events; frozen 80% fixture and minute thresholds unchanged,True,15,1326.0,15,15,0,0.0,0,0.0,1.0,exact_window_known_minutes_v3_complete_lineup_event_reconstruction,False,False,450.0,5,876.0,benchmark
Almoez Ali,Qatar,Attacker,1920.0,True,2543,annual_current,37,37,1.0,0,8,340.0,,1.0,1.0,True,exact-window detailed minutes plus event-bounded exposure for known startXI appearances without a positive-minute statistics row,False,8,340.0,2,2,0,0.0,0,0.0,1.0,exact_window_known_minutes_v2_event_bounded,True,False,0.0,0,340.0,benchmark
Almoez Ali,Qatar,Attacker,1920.0,True,2543,pre_world_cup,34,34,1.0,0,7,322.0,,1.0,1.0,True,exact-window detailed minutes plus event-bounded exposure for known startXI appearances without a positive-minute statistics row,True,7,322.0,2,2,0,0.0,0,0.0,1.0,exact_window_known_minutes_v2_event_bounded,False,False,0.0,0,322.0,benchmark
Akram Afif,Qatar,Attacker,3842.0,True,2544,annual_current,37,37,1.0,0,26,2306.0,,1.0,1.0,True,exact-window detailed minutes plus event-bounded exposure for known startXI appearances without a positive-minute statistics row,False,26,2306.0,26,26,0,0.0,0,0.0,1.0,exact_window_known_minutes_v2_event_bounded,True,False,0.0,0,2306.0,benchmark_and_avatar
Akram Afif,Qatar,Attacker,3842.0,True,2544,pre_world_cup,34,34,1.0,0,23,2067.0,,1.0,1.0,True,exact-window detailed minutes plus event-bounded exposure for known startXI appearances without a positive-minute statistics row,True,23,2067.0,23,23,0,0.0,0,0.0,1.0,exact_window_known_minutes_v2_event_bounded,False,False,0.0,0,2067.0,benchmark_and_avatar
J. Porozo,Ecuador,Defender,3784.0,True,2575,annual_current,45,45,1.0,0,37,3244.0,,1.0,1.0,True,exact-window detailed minutes plus event-bounded exposure for known startXI appearances without a positive-minute statistics row,True,37,3244.0,36,36,0,0.0,0,0.0,1.0,exact_window_known_minutes_v2_event_bounded,False,False,0.0,0,3244.0,benchmark
J. Porozo,Ecuador,Defender,3784.0,True,2575,pre_world_cup,43,43,1.0,0,37,3306.0,,1.0,1.0,True,exact-window detailed minutes plus event-bounded exposure for known startXI appearances without a positive-minute statistics row,True,37,3306.0,37,37,0,0.0,0,0.0,1.0,exact_window_known_minutes_v2_event_bounded,False,False,0.0,0,3306.0,benchmark
A. Preciado,Ecuador,Defender,3039.0,True,2583,annual_current,80,80,1.0,0,34,2132.0,,0.85553772070626,0.85553772070626,True,exact-window detailed minutes plus event-bounded exposure for known startXI appearances without a positive-minute statistics row,False,34,2132.0,26,22,4,360.0,0,0.0,0.85553772070626,exact_window_known_minutes_v2_event_bounded,True,False,0.0,0,2132.0,benchmark
A. Preciado,Ecuador,Defender,3039.0,True,2583,pre_world_cup,77,77,1.0,0,31,2033.0,,0.8495612202256582,0.8495612202256582,True,exact-window detailed minutes plus event-bounded exposure for known startXI appearances without a positive-minute statistics row,True,31,2033.0,26,22,4,360.0,0,0.0,0.8495612202256582,exact_window_known_minutes_v2_event_bounded,False,False,0.0,0,2033.0,benchmark
R. Doan,Japan,Attacker,4566.0,True,2598,annual_current,48,48,1.0,0,44,3339.0,,1.0,1.0,True,exact-window detailed minutes plus event-bounded exposure for known startXI appearances without a positive-minute statistics row,False,44,3339.0,40,40,0,0.0,0,0.0,1.0,exact_window_known_minutes_v2_event_bounded,True,False,0.0,0,3339.0,benchmark
R. Doan,Japan,Attacker,4566.0,True,2598,pre_world_cup,44,44,1.0,0,40,3057.0,,1.0,1.0,True,exact-window detailed minutes plus event-bounded exposure for known startXI appearances without a positive-minute statistics row,True,40,3057.0,36,36,0,0.0,0,0.0,1.0,exact_window_known_minutes_v2_event_bounded,False,False,0.0,0,3057.0,benchmark
D. Kamada,Japan,Attacker,4544.0,True,2601,annual_current,63,63,1.0,0,50,3539.0,,1.0,1.0,True,exact-window detailed minutes plus event-bounded exposure for known startXI appearances without a positive-minute statistics row,False,50,3539.0,41,41,0,0.0,0,0.0,1.0,exact_window_known_minutes_v2_event_bounded,True,False,0.0,0,3539.0,benchmark_and_avatar
D. Kamada,Japan,Attacker,4544.0,True,2601,pre_world_cup,59,59,1.0,0,46,3208.0,,1.0,1.0,True,exact-window detailed minutes plus event-bounded exposure for known startXI appearances without a positive-minute statistics row,True,46,3208.0,37,37,0,0.0,0,0.0,1.0,exact_window_known_minutes_v2_event_bounded,False,False,0.0,0,3208.0,benchmark_and_avatar
Ahmed Fatouh,Egypt,Defender,2382.0,True,2649,annual_current,52,52,1.0,0,33,2141.0,,1.0,1.0,True,exact-window detailed minutes plus event-bounded exposure for known startXI appearances without a positive-minute statistics row,True,33,2141.0,23,23,0,0.0,0,0.0,1.0,exact_window_known_minutes_v2_event_bounded,False,False,0.0,0,2141.0,benchmark
Ahmed Fatouh,Egypt,Defender,2382.0,True,2649,pre_world_cup,47,47,1.0,0,30,1873.0,,1.0,1.0,True,exact-window detailed minutes plus event-bounded exposure for known startXI appearances without a positive-minute statistics row,True,30,1873.0,20,20,0,0.0,0,0.0,1.0,exact_window_known_minutes_v2_event_bounded,False,False,0.0,0,1873.0,benchmark
Mohamed Hany,Egypt,Defender,4015.0,True,2654,annual_current,48,48,1.0,0,42,3689.0,,1.0,1.0,True,exact-window detailed minutes plus event-bounded exposure for known startXI appearances without a positive-minute statistics row,True,42,3689.0,40,40,0,0.0,0,0.0,1.0,exact_window_known_minutes_v2_event_bounded,False,False,0.0,0,3689.0,benchmark
Mohamed Hany,Egypt,Defender,4015.0,True,2654,pre_world_cup,43,43,1.0,0,37,3209.0,,1.0,1.0,True,exact-window detailed minutes plus event-bounded exposure for known startXI appearances without a positive-minute statistics row,True,37,3209.0,35,35,0,0.0,0,0.0,1.0,exact_window_known_minutes_v2_event_bounded,False,False,0.0,0,3209.0,benchmark
Karim Hafez,Egypt,Defender,1824.0,True,2656,annual_current,46,46,1.0,0,29,1806.0,,1.0,1.0,True,exact-window detailed minutes plus event-bounded exposure for known startXI appearances without a positive-minute statistics row,True,29,1806.0,20,20,0,0.0,0,0.0,1.0,exact_window_known_minutes_v2_event_bounded,False,False,0.0,0,1806.0,benchmark
Karim Hafez,Egypt,Defender,1824.0,True,2656,pre_world_cup,41,41,1.0,0,26,1634.0,,1.0,1.0,True,exact-window detailed minutes plus event-bounded exposure for known startXI appearances without a positive-minute statistics row,True,26,1634.0,18,18,0,0.0,0,0.0,1.0,exact_window_known_minutes_v2_event_bounded,False,False,0.0,0,1634.0,benchmark
Nabil Emad Dunga,Egypt,Midfielder,1817.0,True,2660,annual_current,79,79,1.0,0,25,1799.0,,1.0,1.0,True,exact-window detailed minutes plus event-bounded exposure for known startXI appearances without a positive-minute statistics row,True,25,1799.0,22,22,0,0.0,0,0.0,1.0,exact_window_known_minutes_v2_event_bounded,False,False,0.0,0,1799.0,benchmark
Nabil Emad Dunga,Egypt,Midfielder,1817.0,True,2660,pre_world_cup,74,74,1.0,0,25,1799.0,,1.0,1.0,True,exact-window detailed minutes plus event-bounded exposure for known startXI appearances without a positive-minute statistics row,True,25,1799.0,22,22,0,0.0,0,0.0,1.0,exact_window_known_minutes_v2_event_bounded,False,False,0.0,0,1799.0,benchmark
Trézéguet,Egypt,Attacker,3042.0,True,2664,annual_current,48,48,1.0,0,38,2752.0,,1.0,1.0,True,exact-window detailed minutes plus event-bounded exposure for known startXI appearances without a positive-minute statistics row,True,38,2752.0,32,32,0,0.0,0,0.0,1.0,exact_window_known_minutes_v2_event_bounded,False,False,0.0,0,2752.0,benchmark
Trézéguet,Egypt,Attacker,3042.0,True,2664,pre_world_cup,46,44,0.9565217391304348,2,36,2718.0,,1.0,1.0,True,exact-window detailed minutes plus event-bounded exposure for known startXI appearances without a positive-minute statistics row,True,36,2718.0,33,33,0,0.0,0,0.0,1.0,exact_window_known_minutes_v2_event_bounded,False,False,0.0,0,2718.0,benchmark
Rúben Neves,Portugal,Midfielder,4096.0,True,2676,annual_current,48,48,1.0,0,41,3476.0,,1.0,1.0,True,exact-window detailed minutes plus event-bounded exposure for known startXI appearances without a positive-minute statistics row,True,41,3476.0,39,39,0,0.0,0,0.0,1.0,exact_window_known_minutes_v2_event_bounded,False,False,0.0,0,3476.0,benchmark_and_avatar
Rúben Neves,Portugal,Midfielder,4096.0,True,2676,pre_world_cup,48,48,1.0,0,44,3902.0,,1.0,1.0,True,exact-window detailed minutes plus event-bounded exposure for known startXI appearances without a positive-minute statistics row,True,44,3902.0,43,43,0,0.0,0,0.0,1.0,exact_window_known_minutes_v2_event_bounded,False,False,0.0,0,3902.0,benchmark_and_avatar
A. Beiranvand,Iran,Goalkeeper,1946.0,True,2682,annual_current,12,12,1.0,0,12,1042.0,,1.0,1.0,True,exact-window detailed minutes plus event-bounded exposure for known startXI appearances without a positive-minute statistics row,False,12,1042.0,12,12,0,0.0,0,0.0,1.0,exact_window_known_minutes_v2_event_bounded,True,False,0.0,0,1042.0,benchmark
A. Beiranvand,Iran,Goalkeeper,1946.0,True,2682,pre_world_cup,9,9,1.0,0,9,772.0,,1.0,1.0,True,exact-window detailed minutes plus event-bounded exposure for known startXI appearances without a positive-minute statistics row,True,9,772.0,9,9,0,0.0,0,0.0,1.0,exact_window_known_minutes_v2_event_bounded,False,False,0.0,0,772.0,benchmark
M. Mohammadi,Iran,Defender,1372.0,False,2688,annual_current,3,3,1.0,0,3,204.0,,1.0,1.0,True,exact-window detailed minutes plus event-bounded exposure for known startXI appearances without a positive-minute statistics row,False,3,204.0,2,2,0,0.0,0,0.0,1.0,exact_window_known_minutes_v2_event_bounded,True,False,0.0,0,204.0,avatar_top30_pool
M. Mohammadi,Iran,Defender,1372.0,False,2688,pre_world_cup,0,0,,0,0,0.0,,1.0,1.0,False,exact-window detailed minutes plus event-bounded exposure for known startXI appearances without a positive-minute statistics row,False,0,0.0,0,0,0,0.0,0,0.0,1.0,exact_window_known_minutes_v2_event_bounded,False,False,0.0,0,0.0,avatar_top30_pool
S. Ghoddos,Iran,Midfielder,1842.0,True,2699,annual_current,29,29,1.0,0,26,1973.0,,1.0,1.0,True,exact-window provider minutes plus deterministic exposure reconstructed from complete two-team lineups and substitution/red-card events; frozen 80% fixture and minute thresholds unchanged,False,26,1973.0,25,25,0,0.0,0,0.0,1.0,exact_window_known_minutes_v3_complete_lineup_event_reconstruction,True,False,709.0,9,1264.0,benchmark
S. Ghoddos,Iran,Midfielder,1842.0,True,2699,pre_world_cup,26,26,1.0,0,23,1762.0,,1.0,1.0,True,exact-window provider minutes plus deterministic exposure reconstructed from complete two-team lineups and substitution/red-card events; frozen 80% fixture and minute thresholds unchanged,True,23,1762.0,22,22,0,0.0,0,0.0,1.0,exact_window_known_minutes_v3_complete_lineup_event_reconstruction,False,False,709.0,9,1053.0,benchmark
Y. Bounou,Morocco,Goalkeeper,5213.0,True,2701,annual_current,56,56,1.0,0,44,4091.0,,1.0,1.0,True,exact-window detailed minutes plus event-bounded exposure for known startXI appearances without a positive-minute statistics row,False,44,4091.0,44,44,0,0.0,0,0.0,1.0,exact_window_known_minutes_v2_event_bounded,True,False,0.0,0,4091.0,benchmark
Y. Bounou,Morocco,Goalkeeper,5213.0,True,2701,pre_world_cup,55,55,1.0,0,43,4001.0,,1.0,1.0,True,exact-window detailed minutes plus event-bounded exposure for known startXI appearances without a positive-minute statistics row,True,43,4001.0,43,43,0,0.0,0,0.0,1.0,exact_window_known_minutes_v2_event_bounded,False,False,0.0,0,4001.0,benchmark
A. El Kaabi,Morocco,Attacker,3622.0,True,2722,annual_current,55,55,1.0,0,46,3378.0,,1.0,1.0,True,exact-window detailed minutes plus event-bounded exposure for known startXI appearances without a positive-minute statistics row,True,46,3378.0,40,40,0,0.0,0,0.0,1.0,exact_window_known_minutes_v2_event_bounded,False,False,0.0,0,3378.0,benchmark
A. El Kaabi,Morocco,Attacker,3622.0,True,2722,pre_world_cup,49,49,1.0,0,45,3308.0,,1.0,1.0,True,exact-window detailed minutes plus event-bounded exposure for known startXI appearances without a positive-minute statistics row,True,45,3308.0,39,39,0,0.0,0,0.0,1.0,exact_window_known_minutes_v2_event_bounded,False,False,0.0,0,3308.0,benchmark
L. Digne,France,Defender,3617.0,True,2724,annual_current,63,63,1.0,0,49,3205.0,,1.0,1.0,True,exact-window detailed minutes plus event-bounded exposure for known startXI appearances without a positive-minute statistics row,True,49,3205.0,36,36,0,0.0,0,0.0,1.0,exact_window_known_minutes_v2_event_bounded,False,False,0.0,0,3205.0,benchmark
L. Digne,France,Defender,3617.0,True,2724,pre_world_cup,56,56,1.0,0,44,2785.0,,1.0,1.0,True,exact-window detailed minutes plus event-bounded exposure for known startXI appearances without a positive-minute statistics row,True,44,2785.0,31,31,0,0.0,0,0.0,1.0,exact_window_known_minutes_v2_event_bounded,False,False,0.0,0,2785.0,benchmark
M. Ryan,Australia,Goalkeeper,4411.0,True,2741,annual_current,45,45,1.0,0,37,3241.0,,1.0,1.0,True,exact-window detailed minutes plus event-bounded exposure for known startXI appearances without a positive-minute statistics row,False,37,3241.0,36,36,0,0.0,0,0.0,1.0,exact_window_known_minutes_v2_event_bounded,True,False,0.0,0,3241.0,benchmark
M. Ryan,Australia,Goalkeeper,4411.0,True,2741,pre_world_cup,41,41,1.0,0,36,3240.0,,1.0,1.0,True,exact-window detailed minutes plus event-bounded exposure for known startXI appearances without a positive-minute statistics row,True,36,3240.0,36,36,0,0.0,0,0.0,1.0,exact_window_known_minutes_v2_event_bounded,False,False,0.0,0,3240.0,benchmark
M. Degenek,Australia,Defender,2452.0,True,2742,annual_current,77,77,1.0,0,22,1706.0,,0.9498886414253898,0.9498886414253898,True,exact-window detailed minutes plus event-bounded exposure for known startXI appearances without a positive-minute statistics row,False,22,1706.0,19,18,1,90.0,0,0.0,0.9498886414253898,exact_window_known_minutes_v2_event_bounded,True,False,0.0,0,1706.0,benchmark
M. Degenek,Australia,Defender,2452.0,True,2742,pre_world_cup,73,73,1.0,0,22,1706.0,,0.9498886414253898,0.9498886414253898,True,exact-window detailed minutes plus event-bounded exposure for known startXI appearances without a positive-minute statistics row,True,22,1706.0,19,18,1,90.0,0,0.0,0.9498886414253898,exact_window_known_minutes_v2_event_bounded,False,False,0.0,0,1706.0,benchmark
J. Irvine,Australia,Midfielder,3334.0,True,2749,annual_current,42,42,1.0,0,30,1973.0,,1.0,1.0,True,exact-window detailed minutes plus event-bounded exposure for known startXI appearances without a positive-minute statistics row,False,30,1973.0,21,21,0,0.0,0,0.0,1.0,exact_window_known_minutes_v2_event_bounded,True,False,0.0,0,1973.0,benchmark
J. Irvine,Australia,Midfielder,3334.0,True,2749,pre_world_cup,38,38,1.0,0,26,1744.0,,1.0,1.0,True,exact-window detailed minutes plus event-bounded exposure for known startXI appearances without a positive-minute statistics row,True,26,1744.0,19,19,0,0.0,0,0.0,1.0,exact_window_known_minutes_v2_event_bounded,False,False,0.0,0,1744.0,benchmark
Mario Pasalic,Croatia,Midfielder,2983.0,True,2763,annual_current,58,58,1.0,0,50,2897.0,,1.0,1.0,True,exact-window detailed minutes plus event-bounded exposure for known startXI appearances without a positive-minute statistics row,True,50,2897.0,30,30,0,0.0,0,0.0,1.0,exact_window_known_minutes_v2_event_bounded,False,False,0.0,0,2897.0,benchmark
Mario Pasalic,Croatia,Midfielder,2983.0,True,2763,pre_world_cup,54,54,1.0,0,46,2776.0,,1.0,1.0,True,exact-window detailed minutes plus event-bounded exposure for known startXI appearances without a positive-minute statistics row,True,46,2776.0,29,29,0,0.0,0,0.0,1.0,exact_window_known_minutes_v2_event_bounded,False,False,0.0,0,2776.0,benchmark
N. Elvedi,Switzerland,Defender,4148.0,True,2803,annual_current,43,43,1.0,0,42,3837.0,,1.0,1.0,True,exact-window detailed minutes plus event-bounded exposure for known startXI appearances without a positive-minute statistics row,True,42,3837.0,42,42,0,0.0,0,0.0,1.0,exact_window_known_minutes_v2_event_bounded,False,False,0.0,0,3837.0,benchmark
N. Elvedi,Switzerland,Defender,4148.0,True,2803,pre_world_cup,37,37,1.0,0,36,3237.0,,1.0,1.0,True,exact-window detailed minutes plus event-bounded exposure for known startXI appearances without a positive-minute statistics row,True,36,3237.0,36,36,0,0.0,0,0.0,1.0,exact_window_known_minutes_v2_event_bounded,False,False,0.0,0,3237.0,benchmark
R. Freuler,Switzerland,Midfielder,4049.0,True,2807,annual_current,60,60,1.0,0,46,3701.0,,1.0,1.0,True,exact-window detailed minutes plus event-bounded exposure for known startXI appearances without a positive-minute statistics row,True,46,3701.0,42,42,0,0.0,0,0.0,1.0,exact_window_known_minutes_v2_event_bounded,False,False,0.0,0,3701.0,benchmark
R. Freuler,Switzerland,Midfielder,4049.0,True,2807,pre_world_cup,54,54,1.0,0,40,3107.0,,1.0,1.0,True,exact-window detailed minutes plus event-bounded exposure for known startXI appearances without a positive-minute statistics row,True,40,3107.0,36,36,0,0.0,0,0.0,1.0,exact_window_known_minutes_v2_event_bounded,False,False,0.0,0,3107.0,benchmark
D. Zakaria,Switzerland,Defender,5608.0,True,2810,annual_current,53,53,1.0,0,37,3170.0,,1.0,1.0,True,exact-window detailed minutes plus event-bounded exposure for known startXI appearances without a positive-minute statistics row,False,37,3170.0,36,36,0,0.0,0,0.0,1.0,exact_window_known_minutes_v2_event_bounded,True,False,0.0,0,3170.0,benchmark
D. Zakaria,Switzerland,Defender,5608.0,True,2810,pre_world_cup,47,47,1.0,0,33,2810.0,,1.0,1.0,True,exact-window detailed minutes plus event-bounded exposure for known startXI appearances without a positive-minute statistics row,True,33,2810.0,32,32,0,0.0,0,0.0,1.0,exact_window_known_minutes_v2_event_bounded,False,False,0.0,0,2810.0,benchmark
K. Nordfeldt,Sweden,Goalkeeper,3870.0,True,2851,annual_current,34,34,1.0,0,27,2430.0,,0.9310344827586208,0.9310344827586208,True,exact-window detailed minutes plus event-bounded exposure for known startXI appearances without a positive-minute statistics row,False,27,2430.0,29,27,2,180.0,0,0.0,0.9310344827586208,exact_window_known_minutes_v2_event_bounded,True,False,0.0,0,2430.0,benchmark
K. Nordfeldt,Sweden,Goalkeeper,3870.0,True,2851,pre_world_cup,31,31,1.0,0,27,2430.0,,0.9310344827586208,0.9310344827586208,True,exact-window detailed minutes plus event-bounded exposure for known startXI appearances without a positive-minute statistics row,True,27,2430.0,29,27,2,180.0,0,0.0,0.9310344827586208,exact_window_known_minutes_v2_event_bounded,False,False,0.0,0,2430.0,benchmark
E. Álvarez,Mexico,Defender,2102.0,True,2869,annual_current,87,87,1.0,0,21,1333.0,,1.0,1.0,True,exact-window detailed minutes plus event-bounded exposure for known startXI appearances without a positive-minute statistics row,False,21,1333.0,15,15,0,0.0,0,0.0,1.0,exact_window_known_minutes_v2_event_bounded,True,False,0.0,0,1333.0,benchmark_and_avatar
E. Álvarez,Mexico,Defender,2102.0,True,2869,pre_world_cup,88,88,1.0,0,23,1629.0,,1.0,1.0,True,exact-window detailed minutes plus event-bounded exposure for known startXI appearances without a positive-minute statistics row,True,23,1629.0,19,19,0,0.0,0,0.0,1.0,exact_window_known_minutes_v2_event_bounded,False,False,0.0,0,1629.0,benchmark_and_avatar
C. Montes,Mexico,Defender,3588.0,True,2873,annual_current,35,35,1.0,0,30,2523.0,,1.0,1.0,True,exact-window detailed minutes plus event-bounded exposure for known startXI appearances without a positive-minute statistics row,False,30,2523.0,30,30,0,0.0,0,0.0,1.0,exact_window_known_minutes_v2_event_bounded,True,False,0.0,0,2523.0,benchmark
C. Montes,Mexico,Defender,3588.0,True,2873,pre_world_cup,36,36,1.0,0,31,2659.0,,1.0,1.0,True,exact-window detailed minutes plus event-bounded exposure for known startXI appearances without a positive-minute statistics row,True,31,2659.0,31,31,0,0.0,0,0.0,1.0,exact_window_known_minutes_v2_event_bounded,False,False,0.0,0,2659.0,benchmark
J. Sánchez,Mexico,Defender,3941.0,True,2878,annual_current,98,98,1.0,0,36,2686.0,,1.0,1.0,True,exact-window detailed minutes plus event-bounded exposure for known startXI appearances without a positive-minute statistics row,False,36,2686.0,30,30,0,0.0,0,0.0,1.0,exact_window_known_minutes_v2_event_bounded,True,False,0.0,0,2686.0,benchmark
J. Sánchez,Mexico,Defender,3941.0,True,2878,pre_world_cup,100,100,1.0,0,35,2603.0,,1.0,1.0,True,exact-window detailed minutes plus event-bounded exposure for known startXI appearances without a positive-minute statistics row,True,35,2603.0,29,29,0,0.0,0,0.0,1.0,exact_window_known_minutes_v2_event_bounded,False,False,0.0,0,2603.0,benchmark
R. Alvarado,Mexico,Attacker,4012.0,True,2879,annual_current,48,48,1.0,0,37,2903.0,,0.9699298362846642,0.9699298362846642,True,exact-window detailed minutes plus event-bounded exposure for known startXI appearances without a positive-minute statistics row,False,37,2903.0,34,33,1,90.0,0,0.0,0.9699298362846642,exact_window_known_minutes_v2_event_bounded,True,False,0.0,0,2903.0,benchmark
R. Alvarado,Mexico,Attacker,4012.0,True,2879,pre_world_cup,49,49,1.0,0,38,2958.0,,0.970472440944882,0.970472440944882,True,exact-window detailed minutes plus event-bounded exposure for known startXI appearances without a positive-minute statistics row,True,38,2958.0,35,34,1,90.0,0,0.0,0.970472440944882,exact_window_known_minutes_v2_event_bounded,False,False,0.0,0,2958.0,benchmark
J. Gallardo,Mexico,Defender,5035.0,True,2881,annual_current,56,56,1.0,0,45,3742.0,,1.0,1.0,True,exact-window detailed minutes plus event-bounded exposure for known startXI appearances without a positive-minute statistics row,False,45,3742.0,40,40,0,0.0,0,0.0,1.0,exact_window_known_minutes_v2_event_bounded,True,False,0.0,0,3742.0,benchmark_and_avatar
J. Gallardo,Mexico,Defender,5035.0,True,2881,pre_world_cup,59,59,1.0,0,46,3805.0,,1.0,1.0,True,exact-window detailed minutes plus event-bounded exposure for known startXI appearances without a positive-minute statistics row,True,46,3805.0,41,41,0,0.0,0,0.0,1.0,exact_window_known_minutes_v2_event_bounded,False,False,0.0,0,3805.0,benchmark_and_avatar
R. Jiménez,Mexico,Attacker,3693.0,True,2887,annual_current,50,50,1.0,0,47,2903.0,,1.0,1.0,True,exact-window detailed minutes plus event-bounded exposure for known startXI appearances without a positive-minute statistics row,False,47,2903.0,35,35,0,0.0,0,0.0,1.0,exact_window_known_minutes_v2_event_bounded,True,False,0.0,0,2903.0,benchmark_and_avatar
R. Jiménez,Mexico,Attacker,3693.0,True,2887,pre_world_cup,51,51,1.0,0,49,3021.0,,1.0,1.0,True,exact-window detailed minutes plus event-bounded exposure for known startXI appearances without a positive-minute statistics row,True,49,3021.0,37,37,0,0.0,0,0.0,1.0,exact_window_known_minutes_v2_event_bounded,False,False,0.0,0,3021.0,benchmark_and_avatar
A. Vega,Mexico,Attacker,2659.0,True,2889,annual_current,56,56,1.0,0,28,1826.0,,1.0,1.0,True,exact-window detailed minutes plus event-bounded exposure for known startXI appearances without a positive-minute statistics row,False,28,1826.0,20,20,0,0.0,0,0.0,1.0,exact_window_known_minutes_v2_event_bounded,True,False,0.0,0,1826.0,benchmark_and_avatar
A. Vega,Mexico,Attacker,2659.0,True,2889,pre_world_cup,59,59,1.0,0,35,2382.0,,1.0,1.0,True,exact-window detailed minutes plus event-bounded exposure for known startXI appearances without a positive-minute statistics row,True,35,2382.0,26,26,0,0.0,0,0.0,1.0,exact_window_known_minutes_v2_event_bounded,False,False,0.0,0,2382.0,benchmark_and_avatar
Jo Hyeon-Woo,South Korea,Goalkeeper,4702.0,True,2890,annual_current,46,46,1.0,0,39,3510.0,,1.0,1.0,True,exact-window provider minutes plus deterministic exposure reconstructed from complete two-team lineups and substitution/red-card events; frozen 80% fixture and minute thresholds unchanged,False,39,3510.0,39,39,0,0.0,0,0.0,1.0,exact_window_known_minutes_v3_complete_lineup_event_reconstruction,True,False,1080.0,12,2430.0,benchmark_and_avatar
Jo Hyeon-Woo,South Korea,Goalkeeper,4702.0,True,2890,pre_world_cup,45,45,1.0,0,40,3600.0,,1.0,1.0,True,exact-window provider minutes plus deterministic exposure reconstructed from complete two-team lineups and substitution/red-card events; frozen 80% fixture and minute thresholds unchanged,True,40,3600.0,40,40,0,0.0,0,0.0,1.0,exact_window_known_minutes_v3_complete_lineup_event_reconstruction,False,False,990.0,11,2610.0,benchmark_and_avatar
Kim Seung-Gyu,South Korea,Goalkeeper,3475.0,True,2892,annual_current,38,38,1.0,0,32,2886.0,,1.0,1.0,True,exact-window detailed minutes plus event-bounded exposure for known startXI appearances without a positive-minute statistics row,True,32,2886.0,32,32,0,0.0,0,0.0,1.0,exact_window_known_minutes_v2_event_bounded,False,False,0.0,0,2886.0,benchmark
Kim Seung-Gyu,South Korea,Goalkeeper,3475.0,True,2892,pre_world_cup,40,40,1.0,0,30,2706.0,,1.0,1.0,True,exact-window detailed minutes plus event-bounded exposure for known startXI appearances without a positive-minute statistics row,True,30,2706.0,30,30,0,0.0,0,0.0,1.0,exact_window_known_minutes_v2_event_bounded,False,False,0.0,0,2706.0,benchmark
Kim Min-Jae,South Korea,Defender,3693.0,True,2897,annual_current,58,58,1.0,0,40,2324.0,,1.0,1.0,True,exact-window detailed minutes plus event-bounded exposure for known startXI appearances without a positive-minute statistics row,False,40,2324.0,26,26,0,0.0,0,0.0,1.0,exact_window_known_minutes_v2_event_bounded,True,False,0.0,0,2324.0,benchmark_and_avatar
Kim Min-Jae,South Korea,Defender,3693.0,True,2897,pre_world_cup,60,60,1.0,0,37,2079.0,,1.0,1.0,True,exact-window detailed minutes plus event-bounded exposure for known startXI appearances without a positive-minute statistics row,True,37,2079.0,23,23,0,0.0,0,0.0,1.0,exact_window_known_minutes_v2_event_bounded,False,False,0.0,0,2079.0,benchmark_and_avatar
Hwang In-Beom,South Korea,Midfielder,3073.0,True,2901,annual_current,48,48,1.0,0,27,1656.0,,1.0,1.0,True,exact-window detailed minutes plus event-bounded exposure for known startXI appearances without a positive-minute statistics row,False,27,1656.0,21,21,0,0.0,0,0.0,1.0,exact_window_known_minutes_v2_event_bounded,True,False,0.0,0,1656.0,benchmark
Hwang In-Beom,South Korea,Midfielder,3073.0,True,2901,pre_world_cup,45,45,1.0,0,24,1392.0,,1.0,1.0,True,exact-window detailed minutes plus event-bounded exposure for known startXI appearances without a positive-minute statistics row,True,24,1392.0,18,18,0,0.0,0,0.0,1.0,exact_window_known_minutes_v2_event_bounded,False,False,0.0,0,1392.0,benchmark
Lee Jae-Sung,South Korea,Attacker,4217.0,True,2906,annual_current,51,51,1.0,0,41,2906.0,,1.0,1.0,True,exact-window detailed minutes plus event-bounded exposure for known startXI appearances without a positive-minute statistics row,False,41,2906.0,34,34,0,0.0,0,0.0,1.0,exact_window_known_minutes_v2_event_bounded,True,False,0.0,0,2906.0,benchmark
Lee Jae-Sung,South Korea,Attacker,4217.0,True,2906,pre_world_cup,48,48,1.0,0,39,2787.0,,1.0,1.0,True,exact-window detailed minutes plus event-bounded exposure for known startXI appearances without a positive-minute statistics row,True,39,2787.0,32,32,0,0.0,0,0.0,1.0,exact_window_known_minutes_v2_event_bounded,False,False,0.0,0,2787.0,benchmark
Paik Seung-Ho,South Korea,Midfielder,4329.0,True,2909,annual_current,53,53,1.0,0,49,3739.0,,1.0,1.0,True,exact-window detailed minutes plus event-bounded exposure for known startXI appearances without a positive-minute statistics row,True,49,3739.0,42,42,0,0.0,0,0.0,1.0,exact_window_known_minutes_v2_event_bounded,False,False,0.0,0,3739.0,benchmark
Paik Seung-Ho,South Korea,Midfielder,4329.0,True,2909,pre_world_cup,50,50,1.0,0,46,3533.0,,1.0,1.0,True,exact-window detailed minutes plus event-bounded exposure for known startXI appearances without a positive-minute statistics row,True,46,3533.0,39,39,0,0.0,0,0.0,1.0,exact_window_known_minutes_v2_event_bounded,False,False,0.0,0,3533.0,benchmark
Kim Moon-Hwan,South Korea,Midfielder,2198.0,True,2912,annual_current,37,37,1.0,0,32,2493.0,,1.0,1.0,True,exact-window provider minutes plus deterministic exposure reconstructed from complete two-team lineups and substitution/red-card events; frozen 80% fixture and minute thresholds unchanged,False,32,2493.0,28,28,0,0.0,0,0.0,1.0,exact_window_known_minutes_v3_complete_lineup_event_reconstruction,True,False,950.0,11,1543.0,benchmark
Kim Moon-Hwan,South Korea,Midfielder,2198.0,True,2912,pre_world_cup,35,35,1.0,0,31,2442.0,,1.0,1.0,True,exact-window provider minutes plus deterministic exposure reconstructed from complete two-team lineups and substitution/red-card events; frozen 80% fixture and minute thresholds unchanged,True,31,2442.0,27,27,0,0.0,0,0.0,1.0,exact_window_known_minutes_v3_complete_lineup_event_reconstruction,False,False,970.0,11,1472.0,benchmark
T. Castagne,Belgium,Defender,3035.0,True,2920,annual_current,51,51,1.0,0,42,2870.0,,1.0,1.0,True,exact-window detailed minutes plus event-bounded exposure for known startXI appearances without a positive-minute statistics row,True,42,2870.0,31,31,0,0.0,0,0.0,1.0,exact_window_known_minutes_v2_event_bounded,False,False,0.0,0,2870.0,benchmark
T. Castagne,Belgium,Defender,3035.0,True,2920,pre_world_cup,45,45,1.0,0,36,2392.0,,1.0,1.0,True,exact-window detailed minutes plus event-bounded exposure for known startXI appearances without a positive-minute statistics row,True,36,2392.0,26,26,0,0.0,0,0.0,1.0,exact_window_known_minutes_v2_event_bounded,False,False,0.0,0,2392.0,benchmark
Y. Tielemans,Belgium,Midfielder,3751.0,True,2926,annual_current,61,61,1.0,0,40,3059.0,,1.0,1.0,True,exact-window detailed minutes plus event-bounded exposure for known startXI appearances without a positive-minute statistics row,True,40,3059.0,33,33,0,0.0,0,0.0,1.0,exact_window_known_minutes_v2_event_bounded,False,False,0.0,0,3059.0,benchmark_and_avatar
Y. Tielemans,Belgium,Midfielder,3751.0,True,2926,pre_world_cup,55,55,1.0,0,35,2584.0,,1.0,1.0,True,exact-window detailed minutes plus event-bounded exposure for known startXI appearances without a positive-minute statistics row,True,35,2584.0,28,28,0,0.0,0,0.0,1.0,exact_window_known_minutes_v2_event_bounded,False,False,0.0,0,2584.0,benchmark_and_avatar
J. Pickford,England,Goalkeeper,5413.0,True,2932,annual_current,46,46,1.0,0,46,4213.0,,1.0,1.0,True,exact-window detailed minutes plus event-bounded exposure for known startXI appearances without a positive-minute statistics row,False,46,4213.0,46,46,0,0.0,0,0.0,1.0,exact_window_known_minutes_v2_event_bounded,True,False,0.0,0,4213.0,benchmark
J. Pickford,England,Goalkeeper,5413.0,True,2932,pre_world_cup,39,39,1.0,0,39,3540.0,,1.0,1.0,True,exact-window detailed minutes plus event-bounded exposure for known startXI appearances without a positive-minute statistics row,True,39,3540.0,39,39,0,0.0,0,0.0,1.0,exact_window_known_minutes_v2_event_bounded,False,False,0.0,0,3540.0,benchmark
D. Rice,England,Midfielder,5332.0,True,2937,annual_current,70,70,1.0,0,61,4949.0,,1.0,1.0,True,exact-window detailed minutes plus event-bounded exposure for known startXI appearances without a positive-minute statistics row,True,61,4949.0,55,55,0,0.0,0,0.0,1.0,exact_window_known_minutes_v2_event_bounded,False,False,0.0,0,4949.0,benchmark
D. Rice,England,Midfielder,5332.0,True,2937,pre_world_cup,63,63,1.0,0,55,4468.0,,1.0,1.0,True,exact-window detailed minutes plus event-bounded exposure for known startXI appearances without a positive-minute statistics row,True,55,4468.0,49,49,0,0.0,0,0.0,1.0,exact_window_known_minutes_v2_event_bounded,False,False,0.0,0,4468.0,benchmark
D. Bronn,Tunisia,Defender,1880.0,True,2945,annual_current,49,47,0.9591836734693876,2,21,1575.0,,1.0,1.0,True,exact-window detailed minutes plus event-bounded exposure for known startXI appearances without a positive-minute statistics row,True,21,1575.0,19,19,0,0.0,0,0.0,1.0,exact_window_known_minutes_v2_event_bounded,False,False,0.0,0,1575.0,benchmark
D. Bronn,Tunisia,Defender,1880.0,True,2945,pre_world_cup,46,44,0.9565217391304348,2,20,1530.0,,1.0,1.0,True,exact-window detailed minutes plus event-bounded exposure for known startXI appearances without a positive-minute statistics row,True,20,1530.0,18,18,0,0.0,0,0.0,1.0,exact_window_known_minutes_v2_event_bounded,False,False,0.0,0,1530.0,benchmark
O. Mosquera,Panama,Goalkeeper,4112.0,True,2968,annual_current,43,43,1.0,0,41,3699.0,,1.0,1.0,True,exact-window detailed minutes plus event-bounded exposure for known startXI appearances without a positive-minute statistics row,True,41,3699.0,41,41,0,0.0,0,0.0,1.0,exact_window_known_minutes_v2_event_bounded,False,False,0.0,0,3699.0,benchmark
O. Mosquera,Panama,Goalkeeper,4112.0,True,2968,pre_world_cup,45,45,1.0,0,42,3795.0,,1.0,1.0,True,exact-window detailed minutes plus event-bounded exposure for known startXI appearances without a positive-minute statistics row,True,42,3795.0,42,42,0,0.0,0,0.0,1.0,exact_window_known_minutes_v2_event_bounded,False,False,0.0,0,3795.0,benchmark
A. Murillo,Panama,Midfielder,3931.0,True,2973,annual_current,96,94,0.9791666666666666,2,46,3262.0,,1.0,1.0,True,exact-window detailed minutes plus event-bounded exposure for known startXI appearances without a positive-minute statistics row,True,46,3262.0,36,36,0,0.0,0,0.0,1.0,exact_window_known_minutes_v2_event_bounded,False,False,0.0,0,3262.0,benchmark
A. Murillo,Panama,Midfielder,3931.0,True,2973,pre_world_cup,98,96,0.979591836734694,2,47,3358.0,,1.0,1.0,True,exact-window detailed minutes plus event-bounded exposure for known startXI appearances without a positive-minute statistics row,True,47,3358.0,37,37,0,0.0,0,0.0,1.0,exact_window_known_minutes_v2_event_bounded,False,False,0.0,0,3358.0,benchmark
C. Blackman,Panama,Midfielder,2655.0,True,2975,annual_current,51,51,1.0,0,40,3355.0,,1.0,1.0,True,exact-window provider minutes plus deterministic exposure reconstructed from complete two-team lineups and substitution/red-card events; frozen 80% fixture and minute thresholds unchanged,True,40,3355.0,37,37,0,0.0,0,0.0,1.0,exact_window_known_minutes_v3_complete_lineup_event_reconstruction,False,False,978.0,11,2377.0,benchmark
C. Blackman,Panama,Midfielder,2655.0,True,2975,pre_world_cup,53,53,1.0,0,39,3267.0,,1.0,1.0,True,exact-window provider minutes plus deterministic exposure reconstructed from complete two-team lineups and substitution/red-card events; frozen 80% fixture and minute thresholds unchanged,True,39,3267.0,36,36,0,0.0,0,0.0,1.0,exact_window_known_minutes_v3_complete_lineup_event_reconstruction,False,False,978.0,11,2289.0,benchmark
A. Godoy,Panama,Midfielder,3987.0,True,2977,annual_current,60,60,1.0,0,38,2314.0,,0.9625623960066556,0.9625623960066556,True,exact-window detailed minutes plus event-bounded exposure for known startXI appearances without a positive-minute statistics row,False,38,2314.0,30,29,1,90.0,0,0.0,0.9625623960066556,exact_window_known_minutes_v2_event_bounded,True,False,0.0,0,2314.0,benchmark
A. Godoy,Panama,Midfielder,3987.0,True,2977,pre_world_cup,74,74,1.0,0,42,2716.0,,0.9679258731290092,0.9679258731290092,True,exact-window detailed minutes plus event-bounded exposure for known startXI appearances without a positive-minute statistics row,True,42,2716.0,35,34,1,90.0,0,0.0,0.9679258731290092,exact_window_known_minutes_v2_event_bounded,False,False,0.0,0,2716.0,benchmark
J. Rodríguez,Panama,Attacker,4088.0,True,2979,annual_current,49,49,1.0,0,46,3480.0,,0.943089430894309,0.943089430894309,True,exact-window detailed minutes plus event-bounded exposure for known startXI appearances without a positive-minute statistics row,True,46,3480.0,42,40,2,210.0,0,0.0,0.943089430894309,exact_window_known_minutes_v2_event_bounded,False,False,0.0,0,3480.0,benchmark_and_avatar
J. Rodríguez,Panama,Attacker,4088.0,True,2979,pre_world_cup,52,52,1.0,0,48,3654.0,,0.9456521739130436,0.9456521739130436,True,exact-window detailed minutes plus event-bounded exposure for known startXI appearances without a positive-minute statistics row,True,48,3654.0,43,41,2,210.0,0,0.0,0.9456521739130436,exact_window_known_minutes_v2_event_bounded,False,False,0.0,0,3654.0,benchmark_and_avatar
J. Fajardo,Panama,Attacker,3495.0,True,2983,annual_current,52,52,1.0,0,46,2278.0,,0.9619932432432432,0.9619932432432432,True,exact-window detailed minutes plus event-bounded exposure for known startXI appearances without a positive-minute statistics row,False,46,2278.0,22,21,1,90.0,0,0.0,0.9619932432432432,exact_window_known_minutes_v2_event_bounded,True,False,0.0,0,2278.0,benchmark
J. Fajardo,Panama,Attacker,3495.0,True,2983,pre_world_cup,56,56,1.0,0,42,2091.0,,1.0,1.0,True,exact-window detailed minutes plus event-bounded exposure for known startXI appearances without a positive-minute statistics row,True,42,2091.0,20,20,0,0.0,0,0.0,1.0,exact_window_known_minutes_v2_event_bounded,False,False,0.0,0,2091.0,benchmark
É. Mendy,Senegal,Goalkeeper,4203.0,True,2986,annual_current,58,58,1.0,0,44,4023.0,,1.0,1.0,True,exact-window detailed minutes plus event-bounded exposure for known startXI appearances without a positive-minute statistics row,True,44,4023.0,44,44,0,0.0,0,0.0,1.0,exact_window_known_minutes_v2_event_bounded,False,False,0.0,0,4023.0,benchmark
É. Mendy,Senegal,Goalkeeper,4203.0,True,2986,pre_world_cup,54,54,1.0,0,42,3870.0,,1.0,1.0,True,exact-window detailed minutes plus event-bounded exposure for known startXI appearances without a positive-minute statistics row,True,42,3870.0,42,42,0,0.0,0,0.0,1.0,exact_window_known_minutes_v2_event_bounded,False,False,0.0,0,3870.0,benchmark
I. Gueye,Senegal,Midfielder,3395.0,True,2990,annual_current,51,50,0.9803921568627452,1,36,3125.0,,1.0,1.0,True,exact-window detailed minutes plus event-bounded exposure for known startXI appearances without a positive-minute statistics row,True,36,3125.0,36,36,0,0.0,0,0.0,1.0,exact_window_known_minutes_v2_event_bounded,False,False,0.0,0,3125.0,benchmark
I. Gueye,Senegal,Midfielder,3395.0,True,2990,pre_world_cup,47,46,0.9787234042553192,1,32,2761.0,,1.0,1.0,True,exact-window detailed minutes plus event-bounded exposure for known startXI appearances without a positive-minute statistics row,True,32,2761.0,32,32,0,0.0,0,0.0,1.0,exact_window_known_minutes_v2_event_bounded,False,False,0.0,0,2761.0,benchmark
M. Elia,Congo DR,Attacker,1221.0,False,3034,annual_current,50,50,1.0,0,30,1176.0,,0.9289099526066352,0.9289099526066352,True,exact-window detailed minutes plus event-bounded exposure for known startXI appearances without a positive-minute statistics row,True,30,1176.0,13,12,1,90.0,0,0.0,0.9289099526066352,exact_window_known_minutes_v2_event_bounded,False,False,0.0,0,1176.0,avatar_top30_pool
M. Elia,Congo DR,Attacker,1221.0,False,3034,pre_world_cup,46,46,1.0,0,28,1132.0,,0.9263502454991815,0.9263502454991815,True,exact-window detailed minutes plus event-bounded exposure for known startXI appearances without a positive-minute statistics row,True,28,1132.0,13,12,1,90.0,0,0.0,0.9263502454991815,exact_window_known_minutes_v2_event_bounded,False,False,0.0,0,1132.0,avatar_top30_pool
N. Pépé,Ivory Coast,Midfielder,3709.0,True,3246,annual_current,53,53,1.0,0,50,3426.0,,1.0,1.0,True,exact-window detailed minutes plus event-bounded exposure for known startXI appearances without a positive-minute statistics row,True,50,3426.0,39,39,0,0.0,0,0.0,1.0,exact_window_known_minutes_v2_event_bounded,False,False,0.0,0,3426.0,benchmark
N. Pépé,Ivory Coast,Midfielder,3709.0,True,3246,pre_world_cup,49,49,1.0,0,46,3182.0,,1.0,1.0,True,exact-window detailed minutes plus event-bounded exposure for known startXI appearances without a positive-minute statistics row,True,46,3182.0,36,36,0,0.0,0,0.0,1.0,exact_window_known_minutes_v2_event_bounded,False,False,0.0,0,3182.0,benchmark
R. Williams,South Africa,Goalkeeper,5506.0,True,3275,annual_current,52,52,1.0,0,48,4336.0,,1.0,1.0,True,exact-window detailed minutes plus event-bounded exposure for known startXI appearances without a positive-minute statistics row,False,48,4336.0,48,48,0,0.0,0,0.0,1.0,exact_window_known_minutes_v2_event_bounded,True,False,0.0,0,4336.0,benchmark
R. Williams,South Africa,Goalkeeper,5506.0,True,3275,pre_world_cup,48,48,1.0,0,44,3969.0,,1.0,1.0,True,exact-window detailed minutes plus event-bounded exposure for known startXI appearances without a positive-minute statistics row,True,44,3969.0,44,44,0,0.0,0,0.0,1.0,exact_window_known_minutes_v2_event_bounded,False,False,0.0,0,3969.0,benchmark
T. Mokoena,South Africa,Midfielder,4078.0,True,3287,annual_current,52,52,1.0,0,42,3348.0,,1.0,1.0,True,exact-window detailed minutes plus event-bounded exposure for known startXI appearances without a positive-minute statistics row,True,42,3348.0,37,37,0,0.0,0,0.0,1.0,exact_window_known_minutes_v2_event_bounded,False,False,0.0,0,3348.0,benchmark
T. Mokoena,South Africa,Midfielder,4078.0,True,3287,pre_world_cup,48,48,1.0,0,39,3071.0,,1.0,1.0,True,exact-window detailed minutes plus event-bounded exposure for known startXI appearances without a positive-minute statistics row,True,39,3071.0,34,34,0,0.0,0,0.0,1.0,exact_window_known_minutes_v2_event_bounded,False,False,0.0,0,3071.0,benchmark
J. Ayew,Ghana,Attacker,2952.0,True,3428,annual_current,53,53,1.0,0,49,2692.0,,1.0,1.0,True,exact-window detailed minutes plus event-bounded exposure for known startXI appearances without a positive-minute statistics row,True,49,2692.0,29,29,0,0.0,0,0.0,1.0,exact_window_known_minutes_v2_event_bounded,False,False,0.0,0,2692.0,benchmark
J. Ayew,Ghana,Attacker,2952.0,True,3428,pre_world_cup,49,49,1.0,0,45,2388.0,,1.0,1.0,True,exact-window detailed minutes plus event-bounded exposure for known startXI appearances without a positive-minute statistics row,True,45,2388.0,25,25,0,0.0,0,0.0,1.0,exact_window_known_minutes_v2_event_bounded,False,False,0.0,0,2388.0,benchmark
K. Sibo,Ghana,Midfielder,2397.0,True,3608,annual_current,43,43,1.0,0,31,2058.0,,1.0,1.0,True,exact-window detailed minutes plus event-bounded exposure for known startXI appearances without a positive-minute statistics row,True,31,2058.0,25,25,0,0.0,0,0.0,1.0,exact_window_known_minutes_v2_event_bounded,False,False,0.0,0,2058.0,benchmark
K. Sibo,Ghana,Midfielder,2397.0,True,3608,pre_world_cup,39,39,1.0,0,27,1809.0,,1.0,1.0,True,exact-window detailed minutes plus event-bounded exposure for known startXI appearances without a positive-minute statistics row,True,27,1809.0,22,22,0,0.0,0,0.0,1.0,exact_window_known_minutes_v2_event_bounded,False,False,0.0,0,1809.0,benchmark
H. Boudaoui,Algeria,Midfielder,2797.0,True,4399,annual_current,61,61,1.0,0,39,2583.0,,1.0,1.0,True,exact-window detailed minutes plus event-bounded exposure for known startXI appearances without a positive-minute statistics row,True,39,2583.0,29,29,0,0.0,0,0.0,1.0,exact_window_known_minutes_v2_event_bounded,False,False,0.0,0,2583.0,benchmark
H. Boudaoui,Algeria,Midfielder,2797.0,True,4399,pre_world_cup,57,57,1.0,0,36,2455.0,,1.0,1.0,True,exact-window detailed minutes plus event-bounded exposure for known startXI appearances without a positive-minute statistics row,True,36,2455.0,27,27,0,0.0,0,0.0,1.0,exact_window_known_minutes_v2_event_bounded,False,False,0.0,0,2455.0,benchmark
J. Carrascal,Colombia,Midfielder,3100.0,True,5994,annual_current,106,106,1.0,0,49,2743.0,,1.0,1.0,True,exact-window detailed minutes plus event-bounded exposure for known startXI appearances without a positive-minute statistics row,True,49,2743.0,34,34,0,0.0,0,0.0,1.0,exact_window_known_minutes_v2_event_bounded,False,False,0.0,0,2743.0,benchmark_and_avatar
J. Carrascal,Colombia,Midfielder,3100.0,True,5994,pre_world_cup,104,104,1.0,0,49,2743.0,,1.0,1.0,True,exact-window detailed minutes plus event-bounded exposure for known startXI appearances without a positive-minute statistics row,True,49,2743.0,34,34,0,0.0,0,0.0,1.0,exact_window_known_minutes_v2_event_bounded,False,False,0.0,0,2743.0,benchmark_and_avatar
E. Fernández,Argentina,Midfielder,7468.0,True,5996,annual_current,68,68,1.0,0,60,4949.0,,1.0,1.0,True,exact-window detailed minutes plus event-bounded exposure for known startXI appearances without a positive-minute statistics row,False,60,4949.0,55,55,0,0.0,0,0.0,1.0,exact_window_known_minutes_v2_event_bounded,True,False,0.0,0,4949.0,benchmark_and_avatar
E. Fernández,Argentina,Midfielder,7468.0,True,5996,pre_world_cup,69,69,1.0,0,62,4962.0,,1.0,1.0,True,exact-window detailed minutes plus event-bounded exposure for known startXI appearances without a positive-minute statistics row,True,62,4962.0,56,56,0,0.0,0,0.0,1.0,exact_window_known_minutes_v2_event_bounded,False,False,0.0,0,4962.0,benchmark_and_avatar
E. Palacios,Argentina,Defender,2009.0,True,6002,annual_current,60,60,1.0,0,27,1686.0,,1.0,1.0,True,exact-window detailed minutes plus event-bounded exposure for known startXI appearances without a positive-minute statistics row,True,27,1686.0,19,19,0,0.0,0,0.0,1.0,exact_window_known_minutes_v2_event_bounded,False,False,0.0,0,1686.0,benchmark
E. Palacios,Argentina,Defender,2009.0,True,6002,pre_world_cup,54,54,1.0,0,27,1614.0,,1.0,1.0,True,exact-window detailed minutes plus event-bounded exposure for known startXI appearances without a positive-minute statistics row,True,27,1614.0,18,18,0,0.0,0,0.0,1.0,exact_window_known_minutes_v2_event_bounded,False,False,0.0,0,1614.0,benchmark
J. Quintero,Colombia,Midfielder,3936.0,True,6005,annual_current,99,99,1.0,0,41,1988.0,,1.0,1.0,True,exact-window detailed minutes plus event-bounded exposure for known startXI appearances without a positive-minute statistics row,False,41,1988.0,19,19,0,0.0,0,0.0,1.0,exact_window_known_minutes_v2_event_bounded,True,False,0.0,0,1988.0,benchmark_and_avatar
J. Quintero,Colombia,Midfielder,3936.0,True,6005,pre_world_cup,102,102,1.0,0,39,2051.0,,1.0,1.0,True,exact-window detailed minutes plus event-bounded exposure for known startXI appearances without a positive-minute statistics row,True,39,2051.0,21,21,0,0.0,0,0.0,1.0,exact_window_known_minutes_v2_event_bounded,False,False,0.0,0,2051.0,benchmark_and_avatar
J. Álvarez,Argentina,Midfielder,5662.0,True,6009,annual_current,70,70,1.0,0,58,4147.0,,1.0,1.0,True,exact-window detailed minutes plus event-bounded exposure for known startXI appearances without a positive-minute statistics row,False,58,4147.0,47,47,0,0.0,0,0.0,1.0,exact_window_known_minutes_v2_event_bounded,True,False,0.0,0,4147.0,benchmark
J. Álvarez,Argentina,Midfielder,5662.0,True,6009,pre_world_cup,64,64,1.0,0,52,3744.0,,1.0,1.0,True,exact-window detailed minutes plus event-bounded exposure for known startXI appearances without a positive-minute statistics row,True,52,3744.0,44,44,0,0.0,0,0.0,1.0,exact_window_known_minutes_v2_event_bounded,False,False,0.0,0,3744.0,benchmark
T. Almada,Argentina,Midfielder,2644.0,True,6067,annual_current,74,74,1.0,0,46,2028.0,,1.0,1.0,True,exact-window detailed minutes plus event-bounded exposure for known startXI appearances without a positive-minute statistics row,False,46,2028.0,22,22,0,0.0,0,0.0,1.0,exact_window_known_minutes_v2_event_bounded,True,False,0.0,0,2028.0,benchmark_and_avatar
T. Almada,Argentina,Midfielder,2644.0,True,6067,pre_world_cup,68,68,1.0,0,42,1876.0,,1.0,1.0,True,exact-window detailed minutes plus event-bounded exposure for known startXI appearances without a positive-minute statistics row,True,42,1876.0,20,20,0,0.0,0,0.0,1.0,exact_window_known_minutes_v2_event_bounded,False,False,0.0,0,1876.0,benchmark_and_avatar
O. Alderete,Paraguay,Defender,4731.0,True,6168,annual_current,48,48,1.0,0,40,3402.0,,1.0,1.0,True,exact-window detailed minutes plus event-bounded exposure for known startXI appearances without a positive-minute statistics row,False,40,3402.0,39,39,0,0.0,0,0.0,1.0,exact_window_known_minutes_v2_event_bounded,True,False,0.0,0,3402.0,benchmark
O. Alderete,Paraguay,Defender,4731.0,True,6168,pre_world_cup,44,44,1.0,0,37,3175.0,,1.0,1.0,True,exact-window detailed minutes plus event-bounded exposure for known startXI appearances without a positive-minute statistics row,True,37,3175.0,36,36,0,0.0,0,0.0,1.0,exact_window_known_minutes_v2_event_bounded,False,False,0.0,0,3175.0,benchmark
F. Medina,Argentina,Defender,2601.0,True,6231,annual_current,88,88,1.0,0,30,2291.0,,1.0,1.0,True,exact-window detailed minutes plus event-bounded exposure for known startXI appearances without a positive-minute statistics row,True,30,2291.0,27,27,0,0.0,0,0.0,1.0,exact_window_known_minutes_v2_event_bounded,False,False,0.0,0,2291.0,benchmark
F. Medina,Argentina,Defender,2601.0,True,6231,pre_world_cup,82,82,1.0,0,27,2110.0,,1.0,1.0,True,exact-window detailed minutes plus event-bounded exposure for known startXI appearances without a positive-minute statistics row,True,27,2110.0,25,25,0,0.0,0,0.0,1.0,exact_window_known_minutes_v2_event_bounded,False,False,0.0,0,2110.0,benchmark
A. Cubas,Paraguay,Midfielder,5691.0,True,6236,annual_current,42,42,1.0,0,35,2805.0,,1.0,1.0,True,exact-window detailed minutes plus event-bounded exposure for known startXI appearances without a positive-minute statistics row,False,35,2805.0,33,33,0,0.0,0,0.0,1.0,exact_window_known_minutes_v2_event_bounded,True,False,0.0,0,2805.0,benchmark
A. Cubas,Paraguay,Midfielder,5691.0,True,6236,pre_world_cup,44,44,1.0,0,35,2633.0,,1.0,1.0,True,exact-window detailed minutes plus event-bounded exposure for known startXI appearances without a positive-minute statistics row,True,35,2633.0,32,32,0,0.0,0,0.0,1.0,exact_window_known_minutes_v2_event_bounded,False,False,0.0,0,2633.0,benchmark
N. Molina,Argentina,Defender,4360.0,True,6503,annual_current,70,70,1.0,0,54,2996.0,,1.0,1.0,True,exact-window detailed minutes plus event-bounded exposure for known startXI appearances without a positive-minute statistics row,False,54,2996.0,30,30,0,0.0,0,0.0,1.0,exact_window_known_minutes_v2_event_bounded,True,False,0.0,0,2996.0,benchmark
N. Molina,Argentina,Defender,4360.0,True,6503,pre_world_cup,64,64,1.0,0,49,2572.0,,1.0,1.0,True,exact-window detailed minutes plus event-bounded exposure for known startXI appearances without a positive-minute statistics row,True,49,2572.0,26,26,0,0.0,0,0.0,1.0,exact_window_known_minutes_v2_event_bounded,False,False,0.0,0,2572.0,benchmark
M. Senesi,Argentina,Midfielder,3677.0,True,6610,annual_current,49,49,1.0,0,40,3461.0,,1.0,1.0,True,exact-window detailed minutes plus event-bounded exposure for known startXI appearances without a positive-minute statistics row,True,40,3461.0,38,38,0,0.0,0,0.0,1.0,exact_window_known_minutes_v2_event_bounded,False,False,0.0,0,3461.0,benchmark
M. Senesi,Argentina,Midfielder,3677.0,True,6610,pre_world_cup,43,43,1.0,0,39,3371.0,,1.0,1.0,True,exact-window detailed minutes plus event-bounded exposure for known startXI appearances without a positive-minute statistics row,True,39,3371.0,37,37,0,0.0,0,0.0,1.0,exact_window_known_minutes_v2_event_bounded,False,False,0.0,0,3371.0,benchmark
A. Mac Allister,Argentina,Midfielder,5945.0,True,6716,annual_current,66,66,1.0,0,63,4617.0,,1.0,1.0,True,exact-window detailed minutes plus event-bounded exposure for known startXI appearances without a positive-minute statistics row,False,63,4617.0,51,51,0,0.0,0,0.0,1.0,exact_window_known_minutes_v2_event_bounded,True,False,0.0,0,4617.0,benchmark
A. Mac Allister,Argentina,Midfielder,5945.0,True,6716,pre_world_cup,60,60,1.0,0,56,3988.0,,1.0,1.0,True,exact-window detailed minutes plus event-bounded exposure for known startXI appearances without a positive-minute statistics row,True,56,3988.0,45,45,0,0.0,0,0.0,1.0,exact_window_known_minutes_v2_event_bounded,False,False,0.0,0,3988.0,benchmark
J. Italiano,Australia,Defender,2476.0,True,6808,annual_current,36,36,1.0,0,26,2229.0,,1.0,1.0,True,exact-window detailed minutes plus event-bounded exposure for known startXI appearances without a positive-minute statistics row,True,26,2229.0,26,26,0,0.0,0,0.0,1.0,exact_window_known_minutes_v2_event_bounded,False,False,0.0,0,2229.0,benchmark
J. Italiano,Australia,Defender,2476.0,True,6808,pre_world_cup,32,32,1.0,0,24,2065.0,,1.0,1.0,True,exact-window detailed minutes plus event-bounded exposure for known startXI appearances without a positive-minute statistics row,True,24,2065.0,24,24,0,0.0,0,0.0,1.0,exact_window_known_minutes_v2_event_bounded,False,False,0.0,0,2065.0,benchmark
P. Izzo,Australia,Goalkeeper,2703.0,True,6870,annual_current,36,36,1.0,0,26,2340.0,,1.0,1.0,True,exact-window detailed minutes plus event-bounded exposure for known startXI appearances without a positive-minute statistics row,True,26,2340.0,26,26,0,0.0,0,0.0,1.0,exact_window_known_minutes_v2_event_bounded,False,False,0.0,0,2340.0,benchmark
P. Izzo,Australia,Goalkeeper,2703.0,True,6870,pre_world_cup,32,32,1.0,0,26,2340.0,,1.0,1.0,True,exact-window detailed minutes plus event-bounded exposure for known startXI appearances without a positive-minute statistics row,True,26,2340.0,26,26,0,0.0,0,0.0,1.0,exact_window_known_minutes_v2_event_bounded,False,False,0.0,0,2340.0,benchmark
C. Metcalfe,Australia,Midfielder,2254.0,True,6904,annual_current,42,42,1.0,0,32,1027.0,,1.0,1.0,True,exact-window detailed minutes plus event-bounded exposure for known startXI appearances without a positive-minute statistics row,False,32,1027.0,7,7,0,0.0,0,0.0,1.0,exact_window_known_minutes_v2_event_bounded,True,False,0.0,0,1027.0,benchmark
C. Metcalfe,Australia,Midfielder,2254.0,True,6904,pre_world_cup,38,38,1.0,0,28,712.0,,1.0,1.0,True,exact-window detailed minutes plus event-bounded exposure for known startXI appearances without a positive-minute statistics row,True,28,712.0,4,4,0,0.0,0,0.0,1.0,exact_window_known_minutes_v2_event_bounded,False,False,0.0,0,712.0,benchmark
C. Elliot,New Zealand,Defender,1834.0,True,6932,annual_current,33,33,1.0,0,28,1774.0,,1.0,1.0,True,exact-window detailed minutes plus event-bounded exposure for known startXI appearances without a positive-minute statistics row,True,28,1774.0,20,20,0,0.0,0,0.0,1.0,exact_window_known_minutes_v2_event_bounded,False,False,0.0,0,1774.0,benchmark
C. Elliot,New Zealand,Defender,1834.0,True,6932,pre_world_cup,30,30,1.0,0,27,1762.0,,1.0,1.0,True,exact-window detailed minutes plus event-bounded exposure for known startXI appearances without a positive-minute statistics row,True,27,1762.0,20,20,0,0.0,0,0.0,1.0,exact_window_known_minutes_v2_event_bounded,False,False,0.0,0,1762.0,benchmark
A. Rufer,New Zealand,Midfielder,2486.0,True,6934,annual_current,29,29,1.0,0,23,2044.0,,1.0,1.0,True,exact-window detailed minutes plus event-bounded exposure for known startXI appearances without a positive-minute statistics row,True,23,2044.0,23,23,0,0.0,0,0.0,1.0,exact_window_known_minutes_v2_event_bounded,False,False,0.0,0,2044.0,benchmark
A. Rufer,New Zealand,Midfielder,2486.0,True,6934,pre_world_cup,26,26,1.0,0,23,2044.0,,1.0,1.0,True,exact-window detailed minutes plus event-bounded exposure for known startXI appearances without a positive-minute statistics row,True,23,2044.0,23,23,0,0.0,0,0.0,1.0,exact_window_known_minutes_v2_event_bounded,False,False,0.0,0,2044.0,benchmark
S. Singh,New Zealand,Midfielder,2011.0,True,6935,annual_current,66,66,1.0,0,20,1170.0,,1.0,1.0,True,exact-window detailed minutes plus event-bounded exposure for known startXI appearances without a positive-minute statistics row,False,20,1170.0,14,14,0,0.0,0,0.0,1.0,exact_window_known_minutes_v2_event_bounded,True,False,0.0,0,1170.0,benchmark
S. Singh,New Zealand,Midfielder,2011.0,True,6935,pre_world_cup,63,63,1.0,0,17,960.0,,1.0,1.0,True,exact-window detailed minutes plus event-bounded exposure for known startXI appearances without a positive-minute statistics row,True,17,960.0,11,11,0,0.0,0,0.0,1.0,exact_window_known_minutes_v2_event_bounded,False,False,0.0,0,960.0,benchmark
B. Waine,New Zealand,Attacker,2078.0,True,6938,annual_current,64,64,1.0,0,35,1779.0,,0.916065911431514,0.916065911431514,True,exact-window detailed minutes plus event-bounded exposure for known startXI appearances without a positive-minute statistics row,True,35,1779.0,23,21,2,163.0,1,73.0,0.916065911431514,exact_window_known_minutes_v2_event_bounded,False,False,0.0,0,1779.0,benchmark
B. Waine,New Zealand,Attacker,2078.0,True,6938,pre_world_cup,61,61,1.0,0,35,1779.0,,0.916065911431514,0.916065911431514,True,exact-window detailed minutes plus event-bounded exposure for known startXI appearances without a positive-minute statistics row,True,35,1779.0,23,21,2,163.0,1,73.0,0.916065911431514,exact_window_known_minutes_v2_event_bounded,False,False,0.0,0,1779.0,benchmark
A. O Neill,Australia,Midfielder,4547.0,True,7050,annual_current,39,39,1.0,0,33,2722.0,,1.0,1.0,True,exact-window detailed minutes plus event-bounded exposure for known startXI appearances without a positive-minute statistics row,False,33,2722.0,31,31,0,0.0,0,0.0,1.0,exact_window_known_minutes_v2_event_bounded,True,False,0.0,0,2722.0,benchmark
A. O Neill,Australia,Midfielder,4547.0,True,7050,pre_world_cup,40,40,1.0,0,32,2618.0,,1.0,1.0,True,exact-window detailed minutes plus event-bounded exposure for known startXI appearances without a positive-minute statistics row,True,32,2618.0,30,30,0,0.0,0,0.0,1.0,exact_window_known_minutes_v2_event_bounded,False,False,0.0,0,2618.0,benchmark
M. Svoboda,Austria,Defender,2613.0,True,7090,annual_current,45,45,1.0,0,30,2552.0,,1.0,1.0,True,exact-window detailed minutes plus event-bounded exposure for known startXI appearances without a positive-minute statistics row,True,30,2552.0,28,28,0,0.0,0,0.0,1.0,exact_window_known_minutes_v2_event_bounded,False,False,0.0,0,2552.0,benchmark
M. Svoboda,Austria,Defender,2613.0,True,7090,pre_world_cup,41,41,1.0,0,30,2552.0,,1.0,1.0,True,exact-window detailed minutes plus event-bounded exposure for known startXI appearances without a positive-minute statistics row,True,30,2552.0,28,28,0,0.0,0,0.0,1.0,exact_window_known_minutes_v2_event_bounded,False,False,0.0,0,2552.0,benchmark
A. Andrade,Panama,Defender,3958.0,True,7197,annual_current,41,41,1.0,0,39,3516.0,,1.0,1.0,True,exact-window detailed minutes plus event-bounded exposure for known startXI appearances without a positive-minute statistics row,True,39,3516.0,39,39,0,0.0,0,0.0,1.0,exact_window_known_minutes_v2_event_bounded,False,False,0.0,0,3516.0,benchmark
A. Andrade,Panama,Defender,3958.0,True,7197,pre_world_cup,43,43,1.0,0,40,3611.0,,1.0,1.0,True,exact-window detailed minutes plus event-bounded exposure for known startXI appearances without a positive-minute statistics row,True,40,3611.0,40,40,0,0.0,0,0.0,1.0,exact_window_known_minutes_v2_event_bounded,False,False,0.0,0,3611.0,benchmark
A. Dedic,Bosnia & Herzegovina,Defender,4567.0,True,7318,annual_current,56,56,1.0,0,43,3532.0,,1.0,1.0,True,exact-window detailed minutes plus event-bounded exposure for known startXI appearances without a positive-minute statistics row,False,43,3532.0,39,39,0,0.0,0,0.0,1.0,exact_window_known_minutes_v2_event_bounded,True,False,0.0,0,3532.0,benchmark
A. Dedic,Bosnia & Herzegovina,Defender,4567.0,True,7318,pre_world_cup,52,52,1.0,0,40,3262.0,,1.0,1.0,True,exact-window detailed minutes plus event-bounded exposure for known startXI appearances without a positive-minute statistics row,True,40,3262.0,36,36,0,0.0,0,0.0,1.0,exact_window_known_minutes_v2_event_bounded,False,False,0.0,0,3262.0,benchmark
N. Seiwald,Austria,Midfielder,3584.0,True,7328,annual_current,42,42,1.0,0,41,3367.0,,1.0,1.0,True,exact-window detailed minutes plus event-bounded exposure for known startXI appearances without a positive-minute statistics row,True,41,3367.0,39,39,0,0.0,0,0.0,1.0,exact_window_known_minutes_v2_event_bounded,False,False,0.0,0,3367.0,benchmark
N. Seiwald,Austria,Midfielder,3584.0,True,7328,pre_world_cup,38,38,1.0,0,37,3052.0,,1.0,1.0,True,exact-window detailed minutes plus event-bounded exposure for known startXI appearances without a positive-minute statistics row,True,37,3052.0,35,35,0,0.0,0,0.0,1.0,exact_window_known_minutes_v2_event_bounded,False,False,0.0,0,3052.0,benchmark
A. Schlager,Austria,Goalkeeper,4324.0,True,7525,annual_current,48,48,1.0,0,46,4140.0,,1.0,1.0,True,exact-window detailed minutes plus event-bounded exposure for known startXI appearances without a positive-minute statistics row,True,46,4140.0,46,46,0,0.0,0,0.0,1.0,exact_window_known_minutes_v2_event_bounded,False,False,0.0,0,4140.0,benchmark
A. Schlager,Austria,Goalkeeper,4324.0,True,7525,pre_world_cup,44,44,1.0,0,42,3780.0,,1.0,1.0,True,exact-window detailed minutes plus event-bounded exposure for known startXI appearances without a positive-minute statistics row,True,42,3780.0,42,42,0,0.0,0,0.0,1.0,exact_window_known_minutes_v2_event_bounded,False,False,0.0,0,3780.0,benchmark
R. Schmid,Austria,Midfielder,3446.0,True,7562,annual_current,39,38,0.9743589743589745,1,38,3254.0,,1.0,1.0,True,exact-window detailed minutes plus event-bounded exposure for known startXI appearances without a positive-minute statistics row,True,38,3254.0,38,38,0,0.0,0,0.0,1.0,exact_window_known_minutes_v2_event_bounded,False,False,0.0,0,3254.0,benchmark
R. Schmid,Austria,Midfielder,3446.0,True,7562,pre_world_cup,35,34,0.9714285714285714,1,34,2988.0,,1.0,1.0,True,exact-window detailed minutes plus event-bounded exposure for known startXI appearances without a positive-minute statistics row,True,34,2988.0,34,34,0,0.0,0,0.0,1.0,exact_window_known_minutes_v2_event_bounded,False,False,0.0,0,2988.0,benchmark
G. Mensah,Ghana,Defender,2998.0,True,7578,annual_current,39,39,1.0,0,35,2783.0,,1.0,1.0,True,exact-window detailed minutes plus event-bounded exposure for known startXI appearances without a positive-minute statistics row,True,35,2783.0,31,31,0,0.0,0,0.0,1.0,exact_window_known_minutes_v2_event_bounded,False,False,0.0,0,2783.0,benchmark
G. Mensah,Ghana,Defender,2998.0,True,7578,pre_world_cup,35,35,1.0,0,31,2423.0,,1.0,1.0,True,exact-window detailed minutes plus event-bounded exposure for known startXI appearances without a positive-minute statistics row,True,31,2423.0,27,27,0,0.0,0,0.0,1.0,exact_window_known_minutes_v2_event_bounded,False,False,0.0,0,2423.0,benchmark
P. Pentz,Austria,Goalkeeper,3448.0,True,7598,annual_current,43,43,1.0,0,37,3358.0,,1.0,1.0,True,exact-window detailed minutes plus event-bounded exposure for known startXI appearances without a positive-minute statistics row,True,37,3358.0,37,37,0,0.0,0,0.0,1.0,exact_window_known_minutes_v2_event_bounded,False,False,0.0,0,3358.0,benchmark
P. Pentz,Austria,Goalkeeper,3448.0,True,7598,pre_world_cup,39,39,1.0,0,37,3358.0,,1.0,1.0,True,exact-window detailed minutes plus event-bounded exposure for known startXI appearances without a positive-minute statistics row,True,37,3358.0,37,37,0,0.0,0,0.0,1.0,exact_window_known_minutes_v2_event_bounded,False,False,0.0,0,3358.0,benchmark
S. Kalajdzic,Austria,Attacker,1505.0,False,7722,annual_current,77,77,1.0,0,28,1430.0,,1.0,1.0,True,exact-window detailed minutes plus event-bounded exposure for known startXI appearances without a positive-minute statistics row,True,28,1430.0,16,16,0,0.0,0,0.0,1.0,exact_window_known_minutes_v2_event_bounded,False,False,0.0,0,1430.0,avatar_top30_pool
S. Kalajdzic,Austria,Attacker,1505.0,False,7722,pre_world_cup,73,73,1.0,0,25,1353.0,,1.0,1.0,True,exact-window detailed minutes plus event-bounded exposure for known startXI appearances without a positive-minute statistics row,True,25,1353.0,15,15,0,0.0,0,0.0,1.0,exact_window_known_minutes_v2_event_bounded,False,False,0.0,0,1353.0,avatar_top30_pool
A. Seck,Senegal,Defender,2094.0,True,8450,annual_current,51,51,1.0,0,34,2836.0,,1.0,1.0,True,exact-window provider minutes plus deterministic exposure reconstructed from complete two-team lineups and substitution/red-card events; frozen 80% fixture and minute thresholds unchanged,True,34,2836.0,31,31,0,0.0,0,0.0,1.0,exact_window_known_minutes_v3_complete_lineup_event_reconstruction,False,False,971.0,11,1865.0,benchmark
A. Seck,Senegal,Defender,2094.0,True,8450,pre_world_cup,47,47,1.0,0,33,2778.0,,1.0,1.0,True,exact-window provider minutes plus deterministic exposure reconstructed from complete two-team lineups and substitution/red-card events; frozen 80% fixture and minute thresholds unchanged,True,33,2778.0,30,30,0,0.0,0,0.0,1.0,exact_window_known_minutes_v3_complete_lineup_event_reconstruction,False,False,971.0,11,1807.0,benchmark
E. Smith,Sweden,Defender,2707.0,True,8486,annual_current,42,42,1.0,0,30,2636.0,,1.0,1.0,True,exact-window detailed minutes plus event-bounded exposure for known startXI appearances without a positive-minute statistics row,True,30,2636.0,29,29,0,0.0,0,0.0,1.0,exact_window_known_minutes_v2_event_bounded,False,False,0.0,0,2636.0,benchmark
E. Smith,Sweden,Defender,2707.0,True,8486,pre_world_cup,38,38,1.0,0,30,2636.0,,1.0,1.0,True,exact-window detailed minutes plus event-bounded exposure for known startXI appearances without a positive-minute statistics row,True,30,2636.0,29,29,0,0.0,0,0.0,1.0,exact_window_known_minutes_v2_event_bounded,False,False,0.0,0,2636.0,benchmark
J. David,Canada,Attacker,3667.0,True,8489,annual_current,55,55,1.0,0,51,2777.0,,1.0,1.0,True,exact-window detailed minutes plus event-bounded exposure for known startXI appearances without a positive-minute statistics row,False,51,2777.0,32,32,0,0.0,0,0.0,1.0,exact_window_known_minutes_v2_event_bounded,True,False,0.0,0,2777.0,benchmark
J. David,Canada,Attacker,3667.0,True,8489,pre_world_cup,54,54,1.0,0,50,2650.0,,1.0,1.0,True,exact-window detailed minutes plus event-bounded exposure for known startXI appearances without a positive-minute statistics row,True,50,2650.0,31,31,0,0.0,0,0.0,1.0,exact_window_known_minutes_v2_event_bounded,False,False,0.0,0,2650.0,benchmark
A. Sørloth,Norway,Attacker,3528.0,True,8492,annual_current,67,67,1.0,0,59,3164.0,,1.0,1.0,True,exact-window detailed minutes plus event-bounded exposure for known startXI appearances without a positive-minute statistics row,True,59,3164.0,31,31,0,0.0,0,0.0,1.0,exact_window_known_minutes_v2_event_bounded,False,False,0.0,0,3164.0,benchmark_and_avatar
A. Sørloth,Norway,Attacker,3528.0,True,8492,pre_world_cup,64,63,0.984375,1,56,2909.0,,1.0,1.0,True,exact-window detailed minutes plus event-bounded exposure for known startXI appearances without a positive-minute statistics row,True,56,2909.0,27,27,0,0.0,0,0.0,1.0,exact_window_known_minutes_v2_event_bounded,False,False,0.0,0,2909.0,benchmark_and_avatar
F. Pierrot,Haiti,Attacker,3111.0,True,8601,annual_current,91,91,1.0,0,33,1440.0,,0.8275862068965517,0.8275862068965517,True,exact-window detailed minutes plus event-bounded exposure for known startXI appearances without a positive-minute statistics row,False,33,1440.0,18,15,3,300.0,0,0.0,0.8275862068965517,exact_window_known_minutes_v2_event_bounded,True,False,0.0,0,1440.0,benchmark
F. Pierrot,Haiti,Attacker,3111.0,True,8601,pre_world_cup,91,91,1.0,0,33,1550.0,,0.8378378378378378,0.8378378378378378,True,exact-window detailed minutes plus event-bounded exposure for known startXI appearances without a positive-minute statistics row,True,33,1550.0,19,16,3,300.0,0,0.0,0.8378378378378378,exact_window_known_minutes_v2_event_bounded,False,False,0.0,0,1550.0,benchmark
G. Hirst,Scotland,Attacker,2535.0,True,8794,annual_current,52,52,1.0,0,44,2222.0,,1.0,1.0,True,exact-window detailed minutes plus event-bounded exposure for known startXI appearances without a positive-minute statistics row,True,44,2222.0,26,26,0,0.0,0,0.0,1.0,exact_window_known_minutes_v2_event_bounded,False,False,0.0,0,2222.0,benchmark
G. Hirst,Scotland,Attacker,2535.0,True,8794,pre_world_cup,49,49,1.0,0,44,2222.0,,1.0,1.0,True,exact-window detailed minutes plus event-bounded exposure for known startXI appearances without a positive-minute statistics row,True,44,2222.0,26,26,0,0.0,0,0.0,1.0,exact_window_known_minutes_v2_event_bounded,False,False,0.0,0,2222.0,benchmark
N. Vasilj,Bosnia & Herzegovina,Goalkeeper,3840.0,True,9026,annual_current,42,42,1.0,0,40,3630.0,,1.0,1.0,True,exact-window detailed minutes plus event-bounded exposure for known startXI appearances without a positive-minute statistics row,True,40,3630.0,40,40,0,0.0,0,0.0,1.0,exact_window_known_minutes_v2_event_bounded,False,False,0.0,0,3630.0,benchmark
N. Vasilj,Bosnia & Herzegovina,Goalkeeper,3840.0,True,9026,pre_world_cup,38,38,1.0,0,36,3270.0,,1.0,1.0,True,exact-window detailed minutes plus event-bounded exposure for known startXI appearances without a positive-minute statistics row,True,36,3270.0,36,36,0,0.0,0,0.0,1.0,exact_window_known_minutes_v2_event_bounded,False,False,0.0,0,3270.0,benchmark
Éderson Silva,Brazil,Midfielder,3199.0,True,10097,annual_current,61,61,1.0,0,43,3189.0,,1.0,1.0,True,exact-window detailed minutes plus event-bounded exposure for known startXI appearances without a positive-minute statistics row,True,43,3189.0,37,37,0,0.0,0,0.0,1.0,exact_window_known_minutes_v2_event_bounded,False,False,0.0,0,3189.0,benchmark
Éderson Silva,Brazil,Midfielder,3199.0,True,10097,pre_world_cup,57,57,1.0,0,41,3169.0,,1.0,1.0,True,exact-window detailed minutes plus event-bounded exposure for known startXI appearances without a positive-minute statistics row,True,41,3169.0,37,37,0,0.0,0,0.0,1.0,exact_window_known_minutes_v2_event_bounded,False,False,0.0,0,3169.0,benchmark
Bruno Guimarães,Brazil,Midfielder,5540.0,True,10135,annual_current,65,65,1.0,0,48,3921.0,,1.0,1.0,True,exact-window detailed minutes plus event-bounded exposure for known startXI appearances without a positive-minute statistics row,False,48,3921.0,44,44,0,0.0,0,0.0,1.0,exact_window_known_minutes_v2_event_bounded,True,False,0.0,0,3921.0,benchmark_and_avatar
Bruno Guimarães,Brazil,Midfielder,5540.0,True,10135,pre_world_cup,61,61,1.0,0,44,3597.0,,1.0,1.0,True,exact-window detailed minutes plus event-bounded exposure for known startXI appearances without a positive-minute statistics row,True,44,3597.0,40,40,0,0.0,0,0.0,1.0,exact_window_known_minutes_v2_event_bounded,False,False,0.0,0,3597.0,benchmark_and_avatar
Ricardo Ade,Haiti,Defender,7111.0,True,12303,annual_current,60,60,1.0,0,46,3760.0,,0.9543147208121828,0.9543147208121828,True,exact-window detailed minutes plus event-bounded exposure for known startXI appearances without a positive-minute statistics row,False,46,3760.0,44,42,2,180.0,0,0.0,0.9543147208121828,exact_window_known_minutes_v2_event_bounded,True,False,0.0,0,3760.0,benchmark
Ricardo Ade,Haiti,Defender,7111.0,True,12303,pre_world_cup,62,62,1.0,0,47,3976.0,,0.9778652238071815,0.9778652238071815,True,exact-window detailed minutes plus event-bounded exposure for known startXI appearances without a positive-minute statistics row,True,47,3976.0,46,45,1,90.0,0,0.0,0.9778652238071815,exact_window_known_minutes_v2_event_bounded,False,False,0.0,0,3976.0,benchmark
J. Portilla,Colombia,Midfielder,3408.0,True,13151,annual_current,43,43,1.0,0,30,1714.0,,1.0,1.0,True,exact-window detailed minutes plus event-bounded exposure for known startXI appearances without a positive-minute statistics row,False,30,1714.0,22,22,0,0.0,0,0.0,1.0,exact_window_known_minutes_v2_event_bounded,True,False,0.0,0,1714.0,benchmark
J. Portilla,Colombia,Midfielder,3408.0,True,13151,pre_world_cup,40,40,1.0,0,31,1804.0,,1.0,1.0,True,exact-window detailed minutes plus event-bounded exposure for known startXI appearances without a positive-minute statistics row,True,31,1804.0,23,23,0,0.0,0,0.0,1.0,exact_window_known_minutes_v2_event_bounded,False,False,0.0,0,1804.0,benchmark
J. Campaz,Colombia,Midfielder,3722.0,True,13376,annual_current,48,48,1.0,0,36,2319.0,,1.0,1.0,True,exact-window detailed minutes plus event-bounded exposure for known startXI appearances without a positive-minute statistics row,False,36,2319.0,25,25,0,0.0,0,0.0,1.0,exact_window_known_minutes_v2_event_bounded,True,False,0.0,0,2319.0,benchmark
J. Campaz,Colombia,Midfielder,3722.0,True,13376,pre_world_cup,45,45,1.0,0,35,2377.0,,1.0,1.0,True,exact-window detailed minutes plus event-bounded exposure for known startXI appearances without a positive-minute statistics row,True,35,2377.0,27,27,0,0.0,0,0.0,1.0,exact_window_known_minutes_v2_event_bounded,False,False,0.0,0,2377.0,benchmark
W. Ditta,Colombia,Defender,5555.0,True,13571,annual_current,60,60,1.0,0,51,4500.0,,1.0,1.0,True,exact-window detailed minutes plus event-bounded exposure for known startXI appearances without a positive-minute statistics row,True,51,4500.0,50,50,0,0.0,0,0.0,1.0,exact_window_known_minutes_v2_event_bounded,False,False,0.0,0,4500.0,benchmark
W. Ditta,Colombia,Defender,5555.0,True,13571,pre_world_cup,57,57,1.0,0,52,4590.0,,1.0,1.0,True,exact-window detailed minutes plus event-bounded exposure for known startXI appearances without a positive-minute statistics row,True,52,4590.0,51,51,0,0.0,0,0.0,1.0,exact_window_known_minutes_v2_event_bounded,False,False,0.0,0,4590.0,benchmark
J. Arias,Colombia,Midfielder,7572.0,True,13708,annual_current,125,125,1.0,0,58,3503.0,,1.0,1.0,True,exact-window detailed minutes plus event-bounded exposure for known startXI appearances without a positive-minute statistics row,False,58,3503.0,42,42,0,0.0,0,0.0,1.0,exact_window_known_minutes_v2_event_bounded,True,False,0.0,0,3503.0,benchmark
J. Arias,Colombia,Midfielder,7572.0,True,13708,pre_world_cup,128,128,1.0,0,61,3775.0,,1.0,1.0,True,exact-window detailed minutes plus event-bounded exposure for known startXI appearances without a positive-minute statistics row,True,61,3775.0,44,44,0,0.0,0,0.0,1.0,exact_window_known_minutes_v2_event_bounded,False,False,0.0,0,3775.0,benchmark
D. Muñoz,Colombia,Defender,5749.0,True,13736,annual_current,66,66,1.0,0,52,4369.0,,1.0,1.0,True,exact-window detailed minutes plus event-bounded exposure for known startXI appearances without a positive-minute statistics row,False,52,4369.0,50,50,0,0.0,0,0.0,1.0,exact_window_known_minutes_v2_event_bounded,True,False,0.0,0,4369.0,benchmark_and_avatar
D. Muñoz,Colombia,Defender,5749.0,True,13736,pre_world_cup,62,62,1.0,0,48,4066.0,,1.0,1.0,True,exact-window detailed minutes plus event-bounded exposure for known startXI appearances without a positive-minute statistics row,True,48,4066.0,47,47,0,0.0,0,0.0,1.0,exact_window_known_minutes_v2_event_bounded,False,False,0.0,0,4066.0,benchmark_and_avatar
I. Pandur,Croatia,Goalkeeper,4320.0,True,14268,annual_current,56,56,1.0,0,48,4320.0,,1.0,1.0,True,exact-window detailed minutes plus event-bounded exposure for known startXI appearances without a positive-minute statistics row,True,48,4320.0,48,48,0,0.0,0,0.0,1.0,exact_window_known_minutes_v2_event_bounded,False,False,0.0,0,4320.0,benchmark
I. Pandur,Croatia,Goalkeeper,4320.0,True,14268,pre_world_cup,52,52,1.0,0,48,4320.0,,1.0,1.0,True,exact-window detailed minutes plus event-bounded exposure for known startXI appearances without a positive-minute statistics row,True,48,4320.0,48,48,0,0.0,0,0.0,1.0,exact_window_known_minutes_v2_event_bounded,False,False,0.0,0,4320.0,benchmark
S. Radeljic,Bosnia & Herzegovina,Defender,3766.0,True,14301,annual_current,50,50,1.0,0,34,2804.0,,1.0,1.0,True,exact-window detailed minutes plus event-bounded exposure for known startXI appearances without a positive-minute statistics row,False,34,2804.0,31,31,0,0.0,0,0.0,1.0,exact_window_known_minutes_v2_event_bounded,True,False,0.0,0,2804.0,benchmark
S. Radeljic,Bosnia & Herzegovina,Defender,3766.0,True,14301,pre_world_cup,46,46,1.0,0,32,2624.0,,1.0,1.0,True,exact-window detailed minutes plus event-bounded exposure for known startXI appearances without a positive-minute statistics row,True,32,2624.0,29,29,0,0.0,0,0.0,1.0,exact_window_known_minutes_v2_event_bounded,False,False,0.0,0,2624.0,benchmark
C. Ndiaye,Senegal,Attacker,2241.0,True,14379,annual_current,103,103,1.0,0,39,2196.0,,0.9606299212598424,0.9606299212598424,True,exact-window detailed minutes plus event-bounded exposure for known startXI appearances without a positive-minute statistics row,True,39,2196.0,25,24,1,90.0,0,0.0,0.9606299212598424,exact_window_known_minutes_v2_event_bounded,False,False,0.0,0,2196.0,benchmark
C. Ndiaye,Senegal,Attacker,2241.0,True,14379,pre_world_cup,99,99,1.0,0,39,2196.0,,0.9606299212598424,0.9606299212598424,True,exact-window detailed minutes plus event-bounded exposure for known startXI appearances without a positive-minute statistics row,True,39,2196.0,25,24,1,90.0,0,0.0,0.9606299212598424,exact_window_known_minutes_v2_event_bounded,False,False,0.0,0,2196.0,benchmark
K. Jakic,Croatia,Midfielder,1860.0,True,14395,annual_current,40,40,1.0,0,28,1841.0,,1.0,1.0,True,exact-window detailed minutes plus event-bounded exposure for known startXI appearances without a positive-minute statistics row,True,28,1841.0,20,20,0,0.0,0,0.0,1.0,exact_window_known_minutes_v2_event_bounded,False,False,0.0,0,1841.0,benchmark
K. Jakic,Croatia,Midfielder,1860.0,True,14395,pre_world_cup,36,36,1.0,0,28,1841.0,,1.0,1.0,True,exact-window detailed minutes plus event-bounded exposure for known startXI appearances without a positive-minute statistics row,True,28,1841.0,20,20,0,0.0,0,0.0,1.0,exact_window_known_minutes_v2_event_bounded,False,False,0.0,0,1841.0,benchmark
J. Sutalo,Croatia,Defender,2742.0,True,14701,annual_current,50,50,1.0,0,35,2653.0,,1.0,1.0,True,exact-window detailed minutes plus event-bounded exposure for known startXI appearances without a positive-minute statistics row,True,35,2653.0,28,28,0,0.0,0,0.0,1.0,exact_window_known_minutes_v2_event_bounded,False,False,0.0,0,2653.0,benchmark
J. Sutalo,Croatia,Defender,2742.0,True,14701,pre_world_cup,46,46,1.0,0,31,2293.0,,1.0,1.0,True,exact-window detailed minutes plus event-bounded exposure for known startXI appearances without a positive-minute statistics row,True,31,2293.0,24,24,0,0.0,0,0.0,1.0,exact_window_known_minutes_v2_event_bounded,False,False,0.0,0,2293.0,benchmark
Mousa Tamari,Jordan,Midfielder,3584.0,True,15286,annual_current,40,40,1.0,0,39,2706.0,,1.0,1.0,True,exact-window detailed minutes plus event-bounded exposure for known startXI appearances without a positive-minute statistics row,False,39,2706.0,30,30,0,0.0,0,0.0,1.0,exact_window_known_minutes_v2_event_bounded,True,False,0.0,0,2706.0,benchmark
Mousa Tamari,Jordan,Midfielder,3584.0,True,15286,pre_world_cup,37,37,1.0,0,36,2489.0,,1.0,1.0,True,exact-window detailed minutes plus event-bounded exposure for known startXI appearances without a positive-minute statistics row,True,36,2489.0,28,28,0,0.0,0,0.0,1.0,exact_window_known_minutes_v2_event_bounded,False,False,0.0,0,2489.0,benchmark
A. Franco,Ecuador,Defender,8477.0,True,16360,annual_current,70,70,1.0,0,59,4997.0,,1.0,1.0,True,exact-window detailed minutes plus event-bounded exposure for known startXI appearances without a positive-minute statistics row,False,59,4997.0,56,56,0,0.0,0,0.0,1.0,exact_window_known_minutes_v2_event_bounded,True,False,0.0,0,4997.0,benchmark
A. Franco,Ecuador,Defender,8477.0,True,16360,pre_world_cup,69,69,1.0,0,58,4998.0,,1.0,1.0,True,exact-window detailed minutes plus event-bounded exposure for known startXI appearances without a positive-minute statistics row,True,58,4998.0,55,55,0,0.0,0,0.0,1.0,exact_window_known_minutes_v2_event_bounded,False,False,0.0,0,4998.0,benchmark
W. Pacho,Ecuador,Defender,6579.0,True,16367,annual_current,62,62,1.0,0,50,4396.0,,1.0,1.0,True,exact-window detailed minutes plus event-bounded exposure for known startXI appearances without a positive-minute statistics row,False,50,4396.0,48,48,0,0.0,0,0.0,1.0,exact_window_known_minutes_v2_event_bounded,True,False,0.0,0,4396.0,benchmark_and_avatar
W. Pacho,Ecuador,Defender,6579.0,True,16367,pre_world_cup,66,66,1.0,0,52,4568.0,,1.0,1.0,True,exact-window detailed minutes plus event-bounded exposure for known startXI appearances without a positive-minute statistics row,True,52,4568.0,50,50,0,0.0,0,0.0,1.0,exact_window_known_minutes_v2_event_bounded,False,False,0.0,0,4568.0,benchmark_and_avatar
G. Plata,Ecuador,Attacker,5764.0,True,16369,annual_current,77,77,1.0,0,58,3298.0,,1.0,1.0,True,exact-window detailed minutes plus event-bounded exposure for known startXI appearances without a positive-minute statistics row,False,58,3298.0,37,37,0,0.0,0,0.0,1.0,exact_window_known_minutes_v2_event_bounded,True,False,0.0,0,3298.0,benchmark
G. Plata,Ecuador,Attacker,5764.0,True,16369,pre_world_cup,80,78,0.975,2,58,3297.0,,1.0,1.0,True,exact-window detailed minutes plus event-bounded exposure for known startXI appearances without a positive-minute statistics row,True,58,3297.0,37,37,0,0.0,0,0.0,1.0,exact_window_known_minutes_v2_event_bounded,False,False,0.0,0,3297.0,benchmark
J. Alcívar,Ecuador,Midfielder,4452.0,True,16470,annual_current,58,58,1.0,0,39,2645.0,,0.9670932358318098,0.9670932358318098,True,exact-window detailed minutes plus event-bounded exposure for known startXI appearances without a positive-minute statistics row,False,39,2645.0,32,31,1,90.0,0,0.0,0.9670932358318098,exact_window_known_minutes_v2_event_bounded,True,False,0.0,0,2645.0,benchmark
J. Alcívar,Ecuador,Midfielder,4452.0,True,16470,pre_world_cup,58,58,1.0,0,44,3006.0,,1.0,1.0,True,exact-window detailed minutes plus event-bounded exposure for known startXI appearances without a positive-minute statistics row,True,44,3006.0,36,36,0,0.0,0,0.0,1.0,exact_window_known_minutes_v2_event_bounded,False,False,0.0,0,3006.0,benchmark
R. Aguirre,Uruguay,Attacker,3664.0,True,16482,annual_current,94,94,1.0,0,43,2656.0,,1.0,1.0,True,exact-window detailed minutes plus event-bounded exposure for known startXI appearances without a positive-minute statistics row,False,43,2656.0,32,32,0,0.0,0,0.0,1.0,exact_window_known_minutes_v2_event_bounded,True,False,0.0,0,2656.0,benchmark
R. Aguirre,Uruguay,Attacker,3664.0,True,16482,pre_world_cup,92,92,1.0,0,43,2765.0,,1.0,1.0,True,exact-window detailed minutes plus event-bounded exposure for known startXI appearances without a positive-minute statistics row,True,43,2765.0,33,33,0,0.0,0,0.0,1.0,exact_window_known_minutes_v2_event_bounded,False,False,0.0,0,2765.0,benchmark
J. Caicedo,Ecuador,Attacker,1886.0,True,16590,annual_current,69,69,1.0,0,31,1772.0,,0.9077868852459016,0.9077868852459016,True,exact-window detailed minutes plus event-bounded exposure for known startXI appearances without a positive-minute statistics row,True,31,1772.0,20,18,2,180.0,0,0.0,0.9077868852459016,exact_window_known_minutes_v2_event_bounded,False,False,0.0,0,1772.0,benchmark
J. Caicedo,Ecuador,Attacker,1886.0,True,16590,pre_world_cup,66,66,1.0,0,28,1747.0,,0.9065905552672548,0.9065905552672548,True,exact-window detailed minutes plus event-bounded exposure for known startXI appearances without a positive-minute statistics row,True,28,1747.0,20,18,2,180.0,0,0.0,0.9065905552672548,exact_window_known_minutes_v2_event_bounded,False,False,0.0,0,1747.0,benchmark
G. Valle,Ecuador,Goalkeeper,3830.0,True,16642,annual_current,57,57,1.0,0,31,2821.0,,0.912649627952119,0.912649627952119,True,exact-window detailed minutes plus event-bounded exposure for known startXI appearances without a positive-minute statistics row,False,31,2821.0,34,31,3,270.0,0,0.0,0.912649627952119,exact_window_known_minutes_v2_event_bounded,True,False,0.0,0,2821.0,benchmark
G. Valle,Ecuador,Goalkeeper,3830.0,True,16642,pre_world_cup,56,56,1.0,0,35,2961.0,,0.9164345403899722,0.9164345403899722,True,exact-window detailed minutes plus event-bounded exposure for known startXI appearances without a positive-minute statistics row,True,35,2961.0,38,35,3,270.0,0,0.0,0.9164345403899722,exact_window_known_minutes_v2_event_bounded,False,False,0.0,0,2961.0,benchmark
Mohamed El Shenawy,Egypt,Goalkeeper,1991.0,True,16797,annual_current,48,48,1.0,0,21,1909.0,,1.0,1.0,True,exact-window detailed minutes plus event-bounded exposure for known startXI appearances without a positive-minute statistics row,True,21,1909.0,21,21,0,0.0,0,0.0,1.0,exact_window_known_minutes_v2_event_bounded,False,False,0.0,0,1909.0,benchmark
Mohamed El Shenawy,Egypt,Goalkeeper,1991.0,True,16797,pre_world_cup,43,43,1.0,0,21,1909.0,,1.0,1.0,True,exact-window detailed minutes plus event-bounded exposure for known startXI appearances without a positive-minute statistics row,True,21,1909.0,21,21,0,0.0,0,0.0,1.0,exact_window_known_minutes_v2_event_bounded,False,False,0.0,0,1909.0,benchmark
Yasser Ibrahim,Egypt,Defender,3591.0,True,16804,annual_current,48,48,1.0,0,37,3267.0,,1.0,1.0,True,exact-window detailed minutes plus event-bounded exposure for known startXI appearances without a positive-minute statistics row,True,37,3267.0,35,35,0,0.0,0,0.0,1.0,exact_window_known_minutes_v2_event_bounded,False,False,0.0,0,3267.0,benchmark_and_avatar
Yasser Ibrahim,Egypt,Defender,3591.0,True,16804,pre_world_cup,43,43,1.0,0,32,2801.0,,1.0,1.0,True,exact-window detailed minutes plus event-bounded exposure for known startXI appearances without a positive-minute statistics row,True,32,2801.0,31,31,0,0.0,0,0.0,1.0,exact_window_known_minutes_v2_event_bounded,False,False,0.0,0,2801.0,benchmark_and_avatar
Hamdi Fathy,Egypt,Defender,1853.0,True,16813,annual_current,34,34,1.0,0,26,2117.0,,1.0,1.0,True,exact-window provider minutes plus deterministic exposure reconstructed from complete two-team lineups and substitution/red-card events; frozen 80% fixture and minute thresholds unchanged,True,26,2117.0,24,24,0,0.0,0,0.0,1.0,exact_window_known_minutes_v3_complete_lineup_event_reconstruction,False,False,524.0,6,1593.0,benchmark
Hamdi Fathy,Egypt,Defender,1853.0,True,16813,pre_world_cup,29,29,1.0,0,22,1876.0,,1.0,1.0,True,exact-window provider minutes plus deterministic exposure reconstructed from complete two-team lineups and substitution/red-card events; frozen 80% fixture and minute thresholds unchanged,True,22,1876.0,21,21,0,0.0,0,0.0,1.0,exact_window_known_minutes_v3_complete_lineup_event_reconstruction,False,False,524.0,6,1352.0,benchmark
Mohanad Lasheen,Egypt,Midfielder,3638.0,True,16841,annual_current,54,53,0.9814814814814816,1,41,3335.0,,1.0,1.0,True,exact-window detailed minutes plus event-bounded exposure for known startXI appearances without a positive-minute statistics row,True,41,3335.0,38,38,0,0.0,0,0.0,1.0,exact_window_known_minutes_v2_event_bounded,False,False,0.0,0,3335.0,benchmark
Mohanad Lasheen,Egypt,Midfielder,3638.0,True,16841,pre_world_cup,49,48,0.979591836734694,1,37,2976.0,,1.0,1.0,True,exact-window detailed minutes plus event-bounded exposure for known startXI appearances without a positive-minute statistics row,True,37,2976.0,34,34,0,0.0,0,0.0,1.0,exact_window_known_minutes_v2_event_bounded,False,False,0.0,0,2976.0,benchmark
Ahmed Zizo,Egypt,Attacker,2298.0,True,16871,annual_current,48,48,1.0,0,36,2120.0,,1.0,1.0,True,exact-window detailed minutes plus event-bounded exposure for known startXI appearances without a positive-minute statistics row,True,36,2120.0,24,24,0,0.0,0,0.0,1.0,exact_window_known_minutes_v2_event_bounded,False,False,0.0,0,2120.0,benchmark
Ahmed Zizo,Egypt,Attacker,2298.0,True,16871,pre_world_cup,43,43,1.0,0,32,2056.0,,1.0,1.0,True,exact-window detailed minutes plus event-bounded exposure for known startXI appearances without a positive-minute statistics row,True,32,2056.0,24,24,0,0.0,0,0.0,1.0,exact_window_known_minutes_v2_event_bounded,False,False,0.0,0,2056.0,benchmark
Emam Ashour,Egypt,Midfielder,2153.0,True,17269,annual_current,48,48,1.0,0,29,2015.0,,1.0,1.0,True,exact-window detailed minutes plus event-bounded exposure for known startXI appearances without a positive-minute statistics row,True,29,2015.0,23,23,0,0.0,0,0.0,1.0,exact_window_known_minutes_v2_event_bounded,False,False,0.0,0,2015.0,benchmark
Emam Ashour,Egypt,Midfielder,2153.0,True,17269,pre_world_cup,43,43,1.0,0,24,1649.0,,1.0,1.0,True,exact-window detailed minutes plus event-bounded exposure for known startXI appearances without a positive-minute statistics row,True,24,1649.0,18,18,0,0.0,0,0.0,1.0,exact_window_known_minutes_v2_event_bounded,False,False,0.0,0,1649.0,benchmark
M. Crocombe,New Zealand,Goalkeeper,3338.0,True,18110,annual_current,54,54,1.0,0,28,2525.0,,0.9546313799621928,0.9546313799621928,True,exact-window detailed minutes plus event-bounded exposure for known startXI appearances without a positive-minute statistics row,False,28,2525.0,29,28,1,120.0,0,0.0,0.9546313799621928,exact_window_known_minutes_v2_event_bounded,True,False,0.0,0,2525.0,benchmark_and_avatar
M. Crocombe,New Zealand,Goalkeeper,3338.0,True,18110,pre_world_cup,51,51,1.0,0,25,2255.0,,0.9494736842105264,0.9494736842105264,True,exact-window detailed minutes plus event-bounded exposure for known startXI appearances without a positive-minute statistics row,True,25,2255.0,26,25,1,120.0,0,0.0,0.9494736842105264,exact_window_known_minutes_v2_event_bounded,False,False,0.0,0,2255.0,benchmark_and_avatar
I. Ndiaye,Senegal,Midfielder,3765.0,True,18592,annual_current,51,50,0.9803921568627452,1,42,3381.0,,1.0,1.0,True,exact-window detailed minutes plus event-bounded exposure for known startXI appearances without a positive-minute statistics row,True,42,3381.0,39,39,0,0.0,0,0.0,1.0,exact_window_known_minutes_v2_event_bounded,False,False,0.0,0,3381.0,benchmark
I. Ndiaye,Senegal,Midfielder,3765.0,True,18592,pre_world_cup,47,46,0.9787234042553192,1,39,3258.0,,1.0,1.0,True,exact-window detailed minutes plus event-bounded exposure for known startXI appearances without a positive-minute statistics row,True,39,3258.0,38,38,0,0.0,0,0.0,1.0,exact_window_known_minutes_v2_event_bounded,False,False,0.0,0,3258.0,benchmark
I. Diop,Morocco,Defender,2064.0,True,18814,annual_current,51,51,1.0,0,23,1754.0,,1.0,1.0,True,exact-window detailed minutes plus event-bounded exposure for known startXI appearances without a positive-minute statistics row,True,23,1754.0,18,18,0,0.0,0,0.0,1.0,exact_window_known_minutes_v2_event_bounded,False,False,0.0,0,1754.0,benchmark
I. Diop,Morocco,Defender,2064.0,True,18814,pre_world_cup,45,45,1.0,0,18,1277.0,,1.0,1.0,True,exact-window detailed minutes plus event-bounded exposure for known startXI appearances without a positive-minute statistics row,True,18,1277.0,13,13,0,0.0,0,0.0,1.0,exact_window_known_minutes_v2_event_bounded,False,False,0.0,0,1277.0,benchmark
A. Masuaku,Congo DR,Defender,1062.0,False,18816,annual_current,88,88,1.0,0,17,1062.0,,1.0,1.0,True,exact-window detailed minutes plus event-bounded exposure for known startXI appearances without a positive-minute statistics row,True,17,1062.0,13,13,0,0.0,0,0.0,1.0,exact_window_known_minutes_v2_event_bounded,False,False,0.0,0,1062.0,avatar_top30_pool
A. Masuaku,Congo DR,Defender,1062.0,False,18816,pre_world_cup,84,84,1.0,0,13,744.0,,1.0,1.0,True,exact-window detailed minutes plus event-bounded exposure for known startXI appearances without a positive-minute statistics row,True,13,744.0,9,9,0,0.0,0,0.0,1.0,exact_window_known_minutes_v2_event_bounded,False,False,0.0,0,744.0,avatar_top30_pool
M. Arnautovic,Austria,Attacker,1986.0,True,18830,annual_current,57,57,1.0,0,32,1848.0,,1.0,1.0,True,exact-window detailed minutes plus event-bounded exposure for known startXI appearances without a positive-minute statistics row,True,32,1848.0,23,23,0,0.0,0,0.0,1.0,exact_window_known_minutes_v2_event_bounded,False,False,0.0,0,1848.0,benchmark
M. Arnautovic,Austria,Attacker,1986.0,True,18830,pre_world_cup,53,53,1.0,0,28,1706.0,,1.0,1.0,True,exact-window detailed minutes plus event-bounded exposure for known startXI appearances without a positive-minute statistics row,True,28,1706.0,22,22,0,0.0,0,0.0,1.0,exact_window_known_minutes_v2_event_bounded,False,False,0.0,0,1706.0,benchmark
A. Wan-Bissaka,Congo DR,Defender,3249.0,True,18846,annual_current,51,49,0.9607843137254902,2,34,2889.0,,1.0,1.0,True,exact-window detailed minutes plus event-bounded exposure for known startXI appearances without a positive-minute statistics row,True,34,2889.0,31,31,0,0.0,0,0.0,1.0,exact_window_known_minutes_v2_event_bounded,False,False,0.0,0,2889.0,benchmark
A. Wan-Bissaka,Congo DR,Defender,3249.0,True,18846,pre_world_cup,47,45,0.9574468085106383,2,30,2534.0,,1.0,1.0,True,exact-window detailed minutes plus event-bounded exposure for known startXI appearances without a positive-minute statistics row,True,30,2534.0,27,27,0,0.0,0,0.0,1.0,exact_window_known_minutes_v2_event_bounded,False,False,0.0,0,2534.0,benchmark
N. Aké,Netherlands,Defender,2274.0,True,18861,annual_current,64,64,1.0,0,35,1834.0,,1.0,1.0,True,exact-window detailed minutes plus event-bounded exposure for known startXI appearances without a positive-minute statistics row,True,35,1834.0,19,19,0,0.0,0,0.0,1.0,exact_window_known_minutes_v2_event_bounded,False,False,0.0,0,1834.0,benchmark
N. Aké,Netherlands,Defender,2274.0,True,18861,pre_world_cup,64,64,1.0,0,34,1821.0,,1.0,1.0,True,exact-window detailed minutes plus event-bounded exposure for known startXI appearances without a positive-minute statistics row,True,34,1821.0,18,18,0,0.0,0,0.0,1.0,exact_window_known_minutes_v2_event_bounded,False,False,0.0,0,1821.0,benchmark
C. Wood,New Zealand,Attacker,2020.0,True,18931,annual_current,57,57,1.0,0,23,1413.0,,1.0,1.0,True,exact-window detailed minutes plus event-bounded exposure for known startXI appearances without a positive-minute statistics row,False,23,1413.0,18,18,0,0.0,0,0.0,1.0,exact_window_known_minutes_v2_event_bounded,True,False,0.0,0,1413.0,benchmark
C. Wood,New Zealand,Attacker,2020.0,True,18931,pre_world_cup,54,54,1.0,0,20,1143.0,,1.0,1.0,True,exact-window detailed minutes plus event-bounded exposure for known startXI appearances without a positive-minute statistics row,True,20,1143.0,15,15,0,0.0,0,0.0,1.0,exact_window_known_minutes_v2_event_bounded,False,False,0.0,0,1143.0,benchmark
A. Jones,Canada,Defender,1996.0,True,18938,annual_current,55,54,0.9818181818181818,1,22,1886.0,,1.0,1.0,True,exact-window detailed minutes plus event-bounded exposure for known startXI appearances without a positive-minute statistics row,True,22,1886.0,22,22,0,0.0,0,0.0,1.0,exact_window_known_minutes_v2_event_bounded,False,False,0.0,0,1886.0,benchmark
A. Jones,Canada,Defender,1996.0,True,18938,pre_world_cup,50,49,0.98,1,22,1886.0,,1.0,1.0,True,exact-window detailed minutes plus event-bounded exposure for known startXI appearances without a positive-minute statistics row,True,22,1886.0,22,22,0,0.0,0,0.0,1.0,exact_window_known_minutes_v2_event_bounded,False,False,0.0,0,1886.0,benchmark
Y. Valery,Tunisia,Midfielder,3912.0,True,18942,annual_current,91,91,1.0,0,44,3626.0,,1.0,1.0,True,exact-window detailed minutes plus event-bounded exposure for known startXI appearances without a positive-minute statistics row,True,44,3626.0,41,41,0,0.0,0,0.0,1.0,exact_window_known_minutes_v2_event_bounded,False,False,0.0,0,3626.0,benchmark
Y. Valery,Tunisia,Midfielder,3912.0,True,18942,pre_world_cup,88,88,1.0,0,41,3374.0,,1.0,1.0,True,exact-window detailed minutes plus event-bounded exposure for known startXI appearances without a positive-minute statistics row,True,41,3374.0,38,38,0,0.0,0,0.0,1.0,exact_window_known_minutes_v2_event_bounded,False,False,0.0,0,3374.0,benchmark
D. Burn,England,Defender,3682.0,True,18961,annual_current,65,65,1.0,0,47,3516.0,,1.0,1.0,True,exact-window detailed minutes plus event-bounded exposure for known startXI appearances without a positive-minute statistics row,True,47,3516.0,39,39,0,0.0,0,0.0,1.0,exact_window_known_minutes_v2_event_bounded,False,False,0.0,0,3516.0,benchmark
D. Burn,England,Defender,3682.0,True,18961,pre_world_cup,58,58,1.0,0,44,3471.0,,1.0,1.0,True,exact-window detailed minutes plus event-bounded exposure for known startXI appearances without a positive-minute statistics row,True,44,3471.0,39,39,0,0.0,0,0.0,1.0,exact_window_known_minutes_v2_event_bounded,False,False,0.0,0,3471.0,benchmark
L. Østigård,Norway,Defender,3041.0,True,18967,annual_current,47,47,1.0,0,36,2799.0,,1.0,1.0,True,exact-window detailed minutes plus event-bounded exposure for known startXI appearances without a positive-minute statistics row,True,36,2799.0,31,31,0,0.0,0,0.0,1.0,exact_window_known_minutes_v2_event_bounded,False,False,0.0,0,2799.0,benchmark
L. Østigård,Norway,Defender,3041.0,True,18967,pre_world_cup,41,41,1.0,0,31,2644.0,,1.0,1.0,True,exact-window detailed minutes plus event-bounded exposure for known startXI appearances without a positive-minute statistics row,True,31,2644.0,30,30,0,0.0,0,0.0,1.0,exact_window_known_minutes_v2_event_bounded,False,False,0.0,0,2644.0,benchmark
P. Groß,Germany,Midfielder,3363.0,True,18970,annual_current,91,91,1.0,0,38,2568.0,,1.0,1.0,True,exact-window detailed minutes plus event-bounded exposure for known startXI appearances without a positive-minute statistics row,False,38,2568.0,28,28,0,0.0,0,0.0,1.0,exact_window_known_minutes_v2_event_bounded,True,False,0.0,0,2568.0,benchmark_and_avatar
P. Groß,Germany,Midfielder,3363.0,True,18970,pre_world_cup,92,92,1.0,0,42,2913.0,,1.0,1.0,True,exact-window detailed minutes plus event-bounded exposure for known startXI appearances without a positive-minute statistics row,True,42,2913.0,33,33,0,0.0,0,0.0,1.0,exact_window_known_minutes_v2_event_bounded,False,False,0.0,0,2913.0,benchmark_and_avatar
V. Gyökeres,Sweden,Attacker,4662.0,True,18979,annual_current,67,67,1.0,0,59,3863.0,,1.0,1.0,True,exact-window detailed minutes plus event-bounded exposure for known startXI appearances without a positive-minute statistics row,True,59,3863.0,44,44,0,0.0,0,0.0,1.0,exact_window_known_minutes_v2_event_bounded,False,False,0.0,0,3863.0,benchmark
V. Gyökeres,Sweden,Attacker,4662.0,True,18979,pre_world_cup,63,63,1.0,0,55,3503.0,,1.0,1.0,True,exact-window detailed minutes plus event-bounded exposure for known startXI appearances without a positive-minute statistics row,True,55,3503.0,40,40,0,0.0,0,0.0,1.0,exact_window_known_minutes_v2_event_bounded,False,False,0.0,0,3503.0,benchmark
L. Bacuna,Curaçao,Midfielder,4039.0,True,18997,annual_current,83,83,1.0,0,44,3695.0,,1.0,1.0,True,exact-window detailed minutes plus event-bounded exposure for known startXI appearances without a positive-minute statistics row,True,44,3695.0,42,42,0,0.0,0,0.0,1.0,exact_window_known_minutes_v2_event_bounded,False,False,0.0,0,3695.0,benchmark
L. Bacuna,Curaçao,Midfielder,4039.0,True,18997,pre_world_cup,83,83,1.0,0,43,3575.0,,1.0,1.0,True,exact-window detailed minutes plus event-bounded exposure for known startXI appearances without a positive-minute statistics row,True,43,3575.0,41,41,0,0.0,0,0.0,1.0,exact_window_known_minutes_v2_event_bounded,False,False,0.0,0,3575.0,benchmark
J. Bacuna,Curaçao,Midfielder,2296.0,True,19047,annual_current,83,83,1.0,0,31,1720.0,,0.915380521554018,0.915380521554018,True,exact-window detailed minutes plus event-bounded exposure for known startXI appearances without a positive-minute statistics row,False,31,1720.0,21,19,2,159.0,1,69.0,0.915380521554018,exact_window_known_minutes_v2_event_bounded,True,False,0.0,0,1720.0,benchmark
J. Bacuna,Curaçao,Midfielder,2296.0,True,19047,pre_world_cup,83,83,1.0,0,30,1645.0,,0.9118625277161864,0.9118625277161864,True,exact-window detailed minutes plus event-bounded exposure for known startXI appearances without a positive-minute statistics row,True,30,1645.0,20,18,2,159.0,1,69.0,0.9118625277161864,exact_window_known_minutes_v2_event_bounded,False,False,0.0,0,1645.0,benchmark
G. Hanley,Scotland,Defender,2385.0,True,19066,annual_current,45,45,1.0,0,26,2112.0,,1.0,1.0,True,exact-window detailed minutes plus event-bounded exposure for known startXI appearances without a positive-minute statistics row,True,26,2112.0,25,25,0,0.0,0,0.0,1.0,exact_window_known_minutes_v2_event_bounded,False,False,0.0,0,2112.0,benchmark
G. Hanley,Scotland,Defender,2385.0,True,19066,pre_world_cup,42,42,1.0,0,24,1932.0,,1.0,1.0,True,exact-window detailed minutes plus event-bounded exposure for known startXI appearances without a positive-minute statistics row,True,24,1932.0,23,23,0,0.0,0,0.0,1.0,exact_window_known_minutes_v2_event_bounded,False,False,0.0,0,1932.0,benchmark
K. McLean,Scotland,Midfielder,4702.0,True,19077,annual_current,54,54,1.0,0,48,3869.0,,1.0,1.0,True,exact-window detailed minutes plus event-bounded exposure for known startXI appearances without a positive-minute statistics row,True,48,3869.0,43,43,0,0.0,0,0.0,1.0,exact_window_known_minutes_v2_event_bounded,False,False,0.0,0,3869.0,benchmark
K. McLean,Scotland,Midfielder,4702.0,True,19077,pre_world_cup,51,51,1.0,0,45,3745.0,,1.0,1.0,True,exact-window detailed minutes plus event-bounded exposure for known startXI appearances without a positive-minute statistics row,True,45,3745.0,42,42,0,0.0,0,0.0,1.0,exact_window_known_minutes_v2_event_bounded,False,False,0.0,0,3745.0,benchmark
D. Henderson,England,Goalkeeper,4803.0,True,19088,annual_current,67,67,1.0,0,52,4680.0,,1.0,1.0,True,exact-window detailed minutes plus event-bounded exposure for known startXI appearances without a positive-minute statistics row,True,52,4680.0,52,52,0,0.0,0,0.0,1.0,exact_window_known_minutes_v2_event_bounded,False,False,0.0,0,4680.0,benchmark
D. Henderson,England,Goalkeeper,4803.0,True,19088,pre_world_cup,60,60,1.0,0,52,4680.0,,1.0,1.0,True,exact-window detailed minutes plus event-bounded exposure for known startXI appearances without a positive-minute statistics row,True,52,4680.0,52,52,0,0.0,0,0.0,1.0,exact_window_known_minutes_v2_event_bounded,False,False,0.0,0,4680.0,benchmark
M. Rogers,England,Midfielder,5719.0,True,19170,annual_current,63,63,1.0,0,61,4821.0,,1.0,1.0,True,exact-window detailed minutes plus event-bounded exposure for known startXI appearances without a positive-minute statistics row,True,61,4821.0,53,53,0,0.0,0,0.0,1.0,exact_window_known_minutes_v2_event_bounded,False,False,0.0,0,4821.0,benchmark_and_avatar
M. Rogers,England,Midfielder,5719.0,True,19170,pre_world_cup,56,56,1.0,0,55,4562.0,,1.0,1.0,True,exact-window detailed minutes plus event-bounded exposure for known startXI appearances without a positive-minute statistics row,True,55,4562.0,51,51,0,0.0,0,0.0,1.0,exact_window_known_minutes_v2_event_bounded,False,False,0.0,0,4562.0,benchmark_and_avatar
A. Tuanzebe,Congo DR,Defender,2207.0,True,19182,annual_current,51,51,1.0,0,24,2117.0,,1.0,1.0,True,exact-window detailed minutes plus event-bounded exposure for known startXI appearances without a positive-minute statistics row,True,24,2117.0,23,23,0,0.0,0,0.0,1.0,exact_window_known_minutes_v2_event_bounded,False,False,0.0,0,2117.0,benchmark
A. Tuanzebe,Congo DR,Defender,2207.0,True,19182,pre_world_cup,47,47,1.0,0,20,1757.0,,1.0,1.0,True,exact-window detailed minutes plus event-bounded exposure for known startXI appearances without a positive-minute statistics row,True,20,1757.0,19,19,0,0.0,0,0.0,1.0,exact_window_known_minutes_v2_event_bounded,False,False,0.0,0,1757.0,benchmark
J.  McGinn,Scotland,Midfielder,3656.0,True,19191,annual_current,59,59,1.0,0,47,3300.0,,1.0,1.0,True,exact-window detailed minutes plus event-bounded exposure for known startXI appearances without a positive-minute statistics row,True,47,3300.0,41,41,0,0.0,0,0.0,1.0,exact_window_known_minutes_v2_event_bounded,False,False,0.0,0,3300.0,benchmark
J.  McGinn,Scotland,Midfielder,3656.0,True,19191,pre_world_cup,56,56,1.0,0,44,3039.0,,1.0,1.0,True,exact-window detailed minutes plus event-bounded exposure for known startXI appearances without a positive-minute statistics row,True,44,3039.0,38,38,0,0.0,0,0.0,1.0,exact_window_known_minutes_v2_event_bounded,False,False,0.0,0,3039.0,benchmark
D. Spence,England,Defender,3627.0,True,19235,annual_current,59,59,1.0,0,51,3384.0,,1.0,1.0,True,exact-window detailed minutes plus event-bounded exposure for known startXI appearances without a positive-minute statistics row,True,51,3384.0,37,37,0,0.0,0,0.0,1.0,exact_window_known_minutes_v2_event_bounded,False,False,0.0,0,3384.0,benchmark
D. Spence,England,Defender,3627.0,True,19235,pre_world_cup,52,52,1.0,0,44,3059.0,,1.0,1.0,True,exact-window detailed minutes plus event-bounded exposure for known startXI appearances without a positive-minute statistics row,True,44,3059.0,34,34,0,0.0,0,0.0,1.0,exact_window_known_minutes_v2_event_bounded,False,False,0.0,0,3059.0,benchmark
A. Semenyo,Ghana,Midfielder,4485.0,True,19281,annual_current,101,101,1.0,0,52,4231.0,,1.0,1.0,True,exact-window detailed minutes plus event-bounded exposure for known startXI appearances without a positive-minute statistics row,True,52,4231.0,48,48,0,0.0,0,0.0,1.0,exact_window_known_minutes_v2_event_bounded,False,False,0.0,0,4231.0,benchmark
A. Semenyo,Ghana,Midfielder,4485.0,True,19281,pre_world_cup,97,97,1.0,0,48,3871.0,,1.0,1.0,True,exact-window detailed minutes plus event-bounded exposure for known startXI appearances without a positive-minute statistics row,True,48,3871.0,44,44,0,0.0,0,0.0,1.0,exact_window_known_minutes_v2_event_bounded,False,False,0.0,0,3871.0,benchmark
E. Konsa,England,Defender,5416.0,True,19354,annual_current,63,63,1.0,0,55,4740.0,,1.0,1.0,True,exact-window detailed minutes plus event-bounded exposure for known startXI appearances without a positive-minute statistics row,True,55,4740.0,52,52,0,0.0,0,0.0,1.0,exact_window_known_minutes_v2_event_bounded,False,False,0.0,0,4740.0,benchmark
E. Konsa,England,Defender,5416.0,True,19354,pre_world_cup,56,56,1.0,0,48,4170.0,,1.0,1.0,True,exact-window detailed minutes plus event-bounded exposure for known startXI appearances without a positive-minute statistics row,True,48,4170.0,46,46,0,0.0,0,0.0,1.0,exact_window_known_minutes_v2_event_bounded,False,False,0.0,0,4170.0,benchmark
O. Watkins,England,Midfielder,4241.0,True,19366,annual_current,63,63,1.0,0,56,3849.0,,1.0,1.0,True,exact-window detailed minutes plus event-bounded exposure for known startXI appearances without a positive-minute statistics row,True,56,3849.0,43,43,0,0.0,0,0.0,1.0,exact_window_known_minutes_v2_event_bounded,False,False,0.0,0,3849.0,benchmark
O. Watkins,England,Midfielder,4241.0,True,19366,pre_world_cup,56,56,1.0,0,55,3837.0,,1.0,1.0,True,exact-window detailed minutes plus event-bounded exposure for known startXI appearances without a positive-minute statistics row,True,55,3837.0,43,43,0,0.0,0,0.0,1.0,exact_window_known_minutes_v2_event_bounded,False,False,0.0,0,3837.0,benchmark
David Raya,Spain,Goalkeeper,4682.0,True,19465,annual_current,70,70,1.0,0,51,4620.0,,1.0,1.0,True,exact-window detailed minutes plus event-bounded exposure for known startXI appearances without a positive-minute statistics row,True,51,4620.0,51,51,0,0.0,0,0.0,1.0,exact_window_known_minutes_v2_event_bounded,False,False,0.0,0,4620.0,benchmark
David Raya,Spain,Goalkeeper,4682.0,True,19465,pre_world_cup,63,63,1.0,0,51,4620.0,,1.0,1.0,True,exact-window detailed minutes plus event-bounded exposure for known startXI appearances without a positive-minute statistics row,True,51,4620.0,51,51,0,0.0,0,0.0,1.0,exact_window_known_minutes_v2_event_bounded,False,False,0.0,0,4620.0,benchmark
C. Adams,Scotland,Attacker,2515.0,True,19524,annual_current,45,45,1.0,0,39,2256.0,,1.0,1.0,True,exact-window detailed minutes plus event-bounded exposure for known startXI appearances without a positive-minute statistics row,True,39,2256.0,24,24,0,0.0,0,0.0,1.0,exact_window_known_minutes_v2_event_bounded,False,False,0.0,0,2256.0,benchmark
C. Adams,Scotland,Attacker,2515.0,True,19524,pre_world_cup,42,42,1.0,0,36,2109.0,,1.0,1.0,True,exact-window detailed minutes plus event-bounded exposure for known startXI appearances without a positive-minute statistics row,True,36,2109.0,22,22,0,0.0,0,0.0,1.0,exact_window_known_minutes_v2_event_bounded,False,False,0.0,0,2109.0,benchmark
R. James,England,Defender,3675.0,True,19545,annual_current,66,66,1.0,0,43,2979.0,,1.0,1.0,True,exact-window detailed minutes plus event-bounded exposure for known startXI appearances without a positive-minute statistics row,True,43,2979.0,32,32,0,0.0,0,0.0,1.0,exact_window_known_minutes_v2_event_bounded,False,False,0.0,0,2979.0,benchmark
R. James,England,Defender,3675.0,True,19545,pre_world_cup,66,66,1.0,0,44,2956.0,,1.0,1.0,True,exact-window detailed minutes plus event-bounded exposure for known startXI appearances without a positive-minute statistics row,True,44,2956.0,33,33,0,0.0,0,0.0,1.0,exact_window_known_minutes_v2_event_bounded,False,False,0.0,0,2956.0,benchmark
A. Robinson,USA,Midfielder,2360.0,True,19549,annual_current,50,50,1.0,0,30,2136.0,,1.0,1.0,True,exact-window detailed minutes plus event-bounded exposure for known startXI appearances without a positive-minute statistics row,True,30,2136.0,24,24,0,0.0,0,0.0,1.0,exact_window_known_minutes_v2_event_bounded,False,False,0.0,0,2136.0,benchmark_and_avatar
A. Robinson,USA,Midfielder,2360.0,True,19549,pre_world_cup,45,45,1.0,0,26,1787.0,,1.0,1.0,True,exact-window detailed minutes plus event-bounded exposure for known startXI appearances without a positive-minute statistics row,True,26,1787.0,20,20,0,0.0,0,0.0,1.0,exact_window_known_minutes_v2_event_bounded,False,False,0.0,0,1787.0,benchmark_and_avatar
E. Eze,England,Midfielder,3544.0,True,19586,annual_current,107,107,1.0,0,58,3421.0,,1.0,1.0,True,exact-window detailed minutes plus event-bounded exposure for known startXI appearances without a positive-minute statistics row,True,58,3421.0,38,38,0,0.0,0,0.0,1.0,exact_window_known_minutes_v2_event_bounded,False,False,0.0,0,3421.0,benchmark
E. Eze,England,Midfielder,3544.0,True,19586,pre_world_cup,100,100,1.0,0,54,3291.0,,1.0,1.0,True,exact-window detailed minutes plus event-bounded exposure for known startXI appearances without a positive-minute statistics row,True,54,3291.0,38,38,0,0.0,0,0.0,1.0,exact_window_known_minutes_v2_event_bounded,False,False,0.0,0,3291.0,benchmark
E. Martínez,Argentina,Goalkeeper,6597.0,True,19599,annual_current,64,64,1.0,0,53,4741.0,,1.0,1.0,True,exact-window detailed minutes plus event-bounded exposure for known startXI appearances without a positive-minute statistics row,False,53,4741.0,52,52,0,0.0,0,0.0,1.0,exact_window_known_minutes_v2_event_bounded,True,False,0.0,0,4741.0,benchmark_and_avatar
E. Martínez,Argentina,Goalkeeper,6597.0,True,19599,pre_world_cup,58,58,1.0,0,47,4147.0,,1.0,1.0,True,exact-window detailed minutes plus event-bounded exposure for known startXI appearances without a positive-minute statistics row,True,47,4147.0,46,46,0,0.0,0,0.0,1.0,exact_window_known_minutes_v2_event_bounded,False,False,0.0,0,4147.0,benchmark_and_avatar
S. Ezatolahi,Iran,Midfielder,2565.0,True,19614,annual_current,40,40,1.0,0,34,2728.0,,1.0,1.0,True,exact-window provider minutes plus deterministic exposure reconstructed from complete two-team lineups and substitution/red-card events; frozen 80% fixture and minute thresholds unchanged,False,34,2728.0,32,32,0,0.0,0,0.0,1.0,exact_window_known_minutes_v3_complete_lineup_event_reconstruction,True,False,938.0,11,1790.0,benchmark
S. Ezatolahi,Iran,Midfielder,2565.0,True,19614,pre_world_cup,37,37,1.0,0,31,2463.0,,1.0,1.0,True,exact-window provider minutes plus deterministic exposure reconstructed from complete two-team lineups and substitution/red-card events; frozen 80% fixture and minute thresholds unchanged,True,31,2463.0,29,29,0,0.0,0,0.0,1.0,exact_window_known_minutes_v3_complete_lineup_event_reconstruction,False,False,938.0,11,1525.0,benchmark
M. Olise,France,Midfielder,5181.0,True,19617,annual_current,62,62,1.0,0,59,4569.0,,1.0,1.0,True,exact-window detailed minutes plus event-bounded exposure for known startXI appearances without a positive-minute statistics row,True,59,4569.0,49,49,0,0.0,0,0.0,1.0,exact_window_known_minutes_v2_event_bounded,False,False,0.0,0,4569.0,benchmark_and_avatar
M. Olise,France,Midfielder,5181.0,True,19617,pre_world_cup,60,60,1.0,0,57,4369.0,,1.0,1.0,True,exact-window detailed minutes plus event-bounded exposure for known startXI appearances without a positive-minute statistics row,True,57,4369.0,46,46,0,0.0,0,0.0,1.0,exact_window_known_minutes_v2_event_bounded,False,False,0.0,0,4369.0,benchmark_and_avatar
T. Chalobah,England,Defender,4219.0,True,19720,annual_current,66,66,1.0,0,47,3722.0,,1.0,1.0,True,exact-window detailed minutes plus event-bounded exposure for known startXI appearances without a positive-minute statistics row,True,47,3722.0,41,41,0,0.0,0,0.0,1.0,exact_window_known_minutes_v2_event_bounded,False,False,0.0,0,3722.0,benchmark
T. Chalobah,England,Defender,4219.0,True,19720,pre_world_cup,66,66,1.0,0,52,4116.0,,1.0,1.0,True,exact-window detailed minutes plus event-bounded exposure for known startXI appearances without a positive-minute statistics row,True,52,4116.0,45,45,0,0.0,0,0.0,1.0,exact_window_known_minutes_v2_event_bounded,False,False,0.0,0,4116.0,benchmark
I. Toney,England,Attacker,3612.0,True,19974,annual_current,54,54,1.0,0,43,3559.0,,1.0,1.0,True,exact-window detailed minutes plus event-bounded exposure for known startXI appearances without a positive-minute statistics row,True,43,3559.0,39,39,0,0.0,0,0.0,1.0,exact_window_known_minutes_v2_event_bounded,False,False,0.0,0,3559.0,benchmark
I. Toney,England,Attacker,3612.0,True,19974,pre_world_cup,47,47,1.0,0,42,3558.0,,1.0,1.0,True,exact-window detailed minutes plus event-bounded exposure for known startXI appearances without a positive-minute statistics row,True,42,3558.0,39,39,0,0.0,0,0.0,1.0,exact_window_known_minutes_v2_event_bounded,False,False,0.0,0,3558.0,benchmark
D. Hyam,Scotland,Defender,4425.0,True,19987,annual_current,100,100,1.0,0,47,4280.0,,1.0,1.0,True,exact-window detailed minutes plus event-bounded exposure for known startXI appearances without a positive-minute statistics row,True,47,4280.0,47,47,0,0.0,0,0.0,1.0,exact_window_known_minutes_v2_event_bounded,False,False,0.0,0,4280.0,benchmark
D. Hyam,Scotland,Defender,4425.0,True,19987,pre_world_cup,97,97,1.0,0,47,4280.0,,1.0,1.0,True,exact-window detailed minutes plus event-bounded exposure for known startXI appearances without a positive-minute statistics row,True,47,4280.0,47,47,0,0.0,0,0.0,1.0,exact_window_known_minutes_v2_event_bounded,False,False,0.0,0,4280.0,benchmark
H. Souttar,Australia,Defender,1737.0,False,20079,annual_current,50,50,1.0,0,6,568.0,,1.0,1.0,True,exact-window detailed minutes plus event-bounded exposure for known startXI appearances without a positive-minute statistics row,False,6,568.0,6,6,0,0.0,0,0.0,1.0,exact_window_known_minutes_v2_event_bounded,True,False,0.0,0,568.0,avatar_top30_pool
H. Souttar,Australia,Defender,1737.0,False,20079,pre_world_cup,46,46,1.0,0,2,178.0,,1.0,1.0,True,exact-window detailed minutes plus event-bounded exposure for known startXI appearances without a positive-minute statistics row,True,2,178.0,2,2,0,0.0,0,0.0,1.0,exact_window_known_minutes_v2_event_bounded,False,False,0.0,0,178.0,avatar_top30_pool
C. Burgess,Australia,Defender,6296.0,True,20457,annual_current,55,55,1.0,0,53,4666.0,,1.0,1.0,True,exact-window detailed minutes plus event-bounded exposure for known startXI appearances without a positive-minute statistics row,False,53,4666.0,52,52,0,0.0,0,0.0,1.0,exact_window_known_minutes_v2_event_bounded,True,False,0.0,0,4666.0,benchmark
C. Burgess,Australia,Defender,6296.0,True,20457,pre_world_cup,51,51,1.0,0,51,4531.0,,1.0,1.0,True,exact-window detailed minutes plus event-bounded exposure for known startXI appearances without a positive-minute statistics row,True,51,4531.0,50,50,0,0.0,0,0.0,1.0,exact_window_known_minutes_v2_event_bounded,False,False,0.0,0,4531.0,benchmark
Y. Diouf,Senegal,Goalkeeper,3784.0,True,20566,annual_current,63,63,1.0,0,38,3420.0,,1.0,1.0,True,exact-window detailed minutes plus event-bounded exposure for known startXI appearances without a positive-minute statistics row,True,38,3420.0,38,38,0,0.0,0,0.0,1.0,exact_window_known_minutes_v2_event_bounded,False,False,0.0,0,3420.0,benchmark
Y. Diouf,Senegal,Goalkeeper,3784.0,True,20566,pre_world_cup,59,59,1.0,0,38,3420.0,,1.0,1.0,True,exact-window detailed minutes plus event-bounded exposure for known startXI appearances without a positive-minute statistics row,True,38,3420.0,38,38,0,0.0,0,0.0,1.0,exact_window_known_minutes_v2_event_bounded,False,False,0.0,0,3420.0,benchmark
J. Duverne,Haiti,Defender,2329.0,True,20655,annual_current,83,83,1.0,0,27,1619.0,,1.0,1.0,True,exact-window detailed minutes plus event-bounded exposure for known startXI appearances without a positive-minute statistics row,False,27,1619.0,17,17,0,0.0,0,0.0,1.0,exact_window_known_minutes_v2_event_bounded,True,False,0.0,0,1619.0,benchmark
J. Duverne,Haiti,Defender,2329.0,True,20655,pre_world_cup,83,83,1.0,0,27,1578.0,,1.0,1.0,True,exact-window detailed minutes plus event-bounded exposure for known startXI appearances without a positive-minute statistics row,True,27,1578.0,17,17,0,0.0,0,0.0,1.0,exact_window_known_minutes_v2_event_bounded,False,False,0.0,0,1578.0,benchmark
J. Bellegarde,Haiti,Midfielder,2346.0,True,20665,annual_current,53,53,1.0,0,40,2246.0,,1.0,1.0,True,exact-window detailed minutes plus event-bounded exposure for known startXI appearances without a positive-minute statistics row,True,40,2246.0,27,27,0,0.0,0,0.0,1.0,exact_window_known_minutes_v2_event_bounded,False,False,0.0,0,2246.0,benchmark
J. Bellegarde,Haiti,Midfielder,2346.0,True,20665,pre_world_cup,50,50,1.0,0,37,1985.0,,1.0,1.0,True,exact-window detailed minutes plus event-bounded exposure for known startXI appearances without a positive-minute statistics row,True,37,1985.0,24,24,0,0.0,0,0.0,1.0,exact_window_known_minutes_v2_event_bounded,False,False,0.0,0,1985.0,benchmark
P. Gueye,Senegal,Midfielder,3871.0,True,20696,annual_current,60,60,1.0,0,49,3582.0,,1.0,1.0,True,exact-window detailed minutes plus event-bounded exposure for known startXI appearances without a positive-minute statistics row,True,49,3582.0,43,43,0,0.0,0,0.0,1.0,exact_window_known_minutes_v2_event_bounded,False,False,0.0,0,3582.0,benchmark
P. Gueye,Senegal,Midfielder,3871.0,True,20696,pre_world_cup,56,56,1.0,0,45,3346.0,,1.0,1.0,True,exact-window detailed minutes plus event-bounded exposure for known startXI appearances without a positive-minute statistics row,True,45,3346.0,40,40,0,0.0,0,0.0,1.0,exact_window_known_minutes_v2_event_bounded,False,False,0.0,0,3346.0,benchmark
C. Operi,Ivory Coast,Defender,2466.0,True,20836,annual_current,53,53,1.0,0,29,2444.0,,0.9005158437730287,0.9005158437730287,True,exact-window detailed minutes plus event-bounded exposure for known startXI appearances without a positive-minute statistics row,True,29,2444.0,32,29,3,270.0,0,0.0,0.9005158437730287,exact_window_known_minutes_v2_event_bounded,False,False,0.0,0,2444.0,benchmark_and_avatar
C. Operi,Ivory Coast,Defender,2466.0,True,20836,pre_world_cup,49,49,1.0,0,28,2354.0,,0.8971036585365854,0.8971036585365854,True,exact-window detailed minutes plus event-bounded exposure for known startXI appearances without a positive-minute statistics row,True,28,2354.0,31,28,3,270.0,0,0.0,0.8971036585365854,exact_window_known_minutes_v2_event_bounded,False,False,0.0,0,2354.0,benchmark_and_avatar
H. Hassan,Egypt,Midfielder,2318.0,True,20844,annual_current,44,44,1.0,0,40,2150.0,,1.0,1.0,True,exact-window detailed minutes plus event-bounded exposure for known startXI appearances without a positive-minute statistics row,True,40,2150.0,22,22,0,0.0,0,0.0,1.0,exact_window_known_minutes_v2_event_bounded,False,False,0.0,0,2150.0,benchmark
H. Hassan,Egypt,Midfielder,2318.0,True,20844,pre_world_cup,39,39,1.0,0,38,2024.0,,1.0,1.0,True,exact-window detailed minutes plus event-bounded exposure for known startXI appearances without a positive-minute statistics row,True,38,2024.0,21,21,0,0.0,0,0.0,1.0,exact_window_known_minutes_v2_event_bounded,False,False,0.0,0,2024.0,benchmark
C. Arcus,Haiti,Defender,3327.0,True,20850,annual_current,45,45,1.0,0,36,2688.0,,1.0,1.0,True,exact-window detailed minutes plus event-bounded exposure for known startXI appearances without a positive-minute statistics row,True,36,2688.0,32,32,0,0.0,0,0.0,1.0,exact_window_known_minutes_v2_event_bounded,False,False,0.0,0,2688.0,benchmark
C. Arcus,Haiti,Defender,3327.0,True,20850,pre_world_cup,45,45,1.0,0,36,2791.0,,1.0,1.0,True,exact-window detailed minutes plus event-bounded exposure for known startXI appearances without a positive-minute statistics row,True,36,2791.0,33,33,0,0.0,0,0.0,1.0,exact_window_known_minutes_v2_event_bounded,False,False,0.0,0,2791.0,benchmark
M. Lacroix,France,Defender,5216.0,True,20995,annual_current,67,67,1.0,0,57,4992.0,,1.0,1.0,True,exact-window detailed minutes plus event-bounded exposure for known startXI appearances without a positive-minute statistics row,True,57,4992.0,56,56,0,0.0,0,0.0,1.0,exact_window_known_minutes_v2_event_bounded,False,False,0.0,0,4992.0,benchmark_and_avatar
M. Lacroix,France,Defender,5216.0,True,20995,pre_world_cup,60,60,1.0,0,55,4842.0,,1.0,1.0,True,exact-window detailed minutes plus event-bounded exposure for known startXI appearances without a positive-minute statistics row,True,55,4842.0,55,55,0,0.0,0,0.0,1.0,exact_window_known_minutes_v2_event_bounded,False,False,0.0,0,4842.0,benchmark_and_avatar
E. Owusu,Ghana,Midfielder,2694.0,True,21010,annual_current,38,38,1.0,0,32,2504.0,,1.0,1.0,True,exact-window detailed minutes plus event-bounded exposure for known startXI appearances without a positive-minute statistics row,True,32,2504.0,29,29,0,0.0,0,0.0,1.0,exact_window_known_minutes_v2_event_bounded,False,False,0.0,0,2504.0,benchmark
E. Owusu,Ghana,Midfielder,2694.0,True,21010,pre_world_cup,34,34,1.0,0,29,2353.0,,1.0,1.0,True,exact-window detailed minutes plus event-bounded exposure for known startXI appearances without a positive-minute statistics row,True,29,2353.0,27,27,0,0.0,0,0.0,1.0,exact_window_known_minutes_v2_event_bounded,False,False,0.0,0,2353.0,benchmark
J. Kayembe,Congo DR,Defender,3210.0,True,21098,annual_current,64,64,1.0,0,46,3120.0,,1.0,1.0,True,exact-window detailed minutes plus event-bounded exposure for known startXI appearances without a positive-minute statistics row,True,46,3120.0,33,33,0,0.0,0,0.0,1.0,exact_window_known_minutes_v2_event_bounded,False,False,0.0,0,3120.0,benchmark_and_avatar
J. Kayembe,Congo DR,Defender,3210.0,True,21098,pre_world_cup,60,60,1.0,0,42,3062.0,,1.0,1.0,True,exact-window detailed minutes plus event-bounded exposure for known startXI appearances without a positive-minute statistics row,True,42,3062.0,33,33,0,0.0,0,0.0,1.0,exact_window_known_minutes_v2_event_bounded,False,False,0.0,0,3062.0,benchmark_and_avatar
S. Moutoussamy,Congo DR,Midfielder,3357.0,True,21101,annual_current,82,82,1.0,0,40,3285.0,,1.0,1.0,True,exact-window detailed minutes plus event-bounded exposure for known startXI appearances without a positive-minute statistics row,True,40,3285.0,37,37,0,0.0,0,0.0,1.0,exact_window_known_minutes_v2_event_bounded,False,False,0.0,0,3285.0,benchmark
S. Moutoussamy,Congo DR,Midfielder,3357.0,True,21101,pre_world_cup,78,78,1.0,0,36,2952.0,,1.0,1.0,True,exact-window detailed minutes plus event-bounded exposure for known startXI appearances without a positive-minute statistics row,True,36,2952.0,33,33,0,0.0,0,0.0,1.0,exact_window_known_minutes_v2_event_bounded,False,False,0.0,0,2952.0,benchmark
R. Aït-Nouri,Algeria,Defender,2887.0,True,21138,annual_current,69,69,1.0,0,37,2260.0,,1.0,1.0,True,exact-window detailed minutes plus event-bounded exposure for known startXI appearances without a positive-minute statistics row,False,37,2260.0,28,28,0,0.0,0,0.0,1.0,exact_window_known_minutes_v2_event_bounded,True,False,0.0,0,2260.0,benchmark_and_avatar
R. Aït-Nouri,Algeria,Defender,2887.0,True,21138,pre_world_cup,69,69,1.0,0,36,2261.0,,1.0,1.0,True,exact-window detailed minutes plus event-bounded exposure for known startXI appearances without a positive-minute statistics row,True,36,2261.0,28,28,0,0.0,0,0.0,1.0,exact_window_known_minutes_v2_event_bounded,False,False,0.0,0,2261.0,benchmark_and_avatar
M. Thuram,France,Midfielder,3269.0,True,21509,annual_current,61,61,1.0,0,45,2882.0,,1.0,1.0,True,exact-window detailed minutes plus event-bounded exposure for known startXI appearances without a positive-minute statistics row,True,45,2882.0,35,35,0,0.0,0,0.0,1.0,exact_window_known_minutes_v2_event_bounded,False,False,0.0,0,2882.0,benchmark
M. Thuram,France,Midfielder,3269.0,True,21509,pre_world_cup,58,58,1.0,0,46,2979.0,,1.0,1.0,True,exact-window detailed minutes plus event-bounded exposure for known startXI appearances without a positive-minute statistics row,True,46,2979.0,36,36,0,0.0,0,0.0,1.0,exact_window_known_minutes_v2_event_bounded,False,False,0.0,0,2979.0,benchmark
E. Skhiri,Tunisia,Defender,2786.0,True,21587,annual_current,51,51,1.0,0,41,2503.0,,1.0,1.0,True,exact-window detailed minutes plus event-bounded exposure for known startXI appearances without a positive-minute statistics row,True,41,2503.0,27,27,0,0.0,0,0.0,1.0,exact_window_known_minutes_v2_event_bounded,False,False,0.0,0,2503.0,benchmark
E. Skhiri,Tunisia,Defender,2786.0,True,21587,pre_world_cup,48,48,1.0,0,38,2252.0,,1.0,1.0,True,exact-window detailed minutes plus event-bounded exposure for known startXI appearances without a positive-minute statistics row,True,38,2252.0,24,24,0,0.0,0,0.0,1.0,exact_window_known_minutes_v2_event_bounded,False,False,0.0,0,2252.0,benchmark
L. Joseph,Haiti,Attacker,1976.0,True,21613,annual_current,54,54,1.0,0,39,1941.0,,0.8778833107191316,0.8778833107191316,True,exact-window detailed minutes plus event-bounded exposure for known startXI appearances without a positive-minute statistics row,True,39,1941.0,23,20,3,270.0,0,0.0,0.8778833107191316,exact_window_known_minutes_v2_event_bounded,False,False,0.0,0,1941.0,benchmark
L. Joseph,Haiti,Attacker,1976.0,True,21613,pre_world_cup,51,51,1.0,0,36,1825.0,,0.8711217183770883,0.8711217183770883,True,exact-window detailed minutes plus event-bounded exposure for known startXI appearances without a positive-minute statistics row,True,36,1825.0,22,19,3,270.0,0,0.0,0.8711217183770883,exact_window_known_minutes_v2_event_bounded,False,False,0.0,0,1825.0,benchmark
B. Samba,France,Goalkeeper,3156.0,True,21628,annual_current,44,44,1.0,0,34,3060.0,,1.0,1.0,True,exact-window detailed minutes plus event-bounded exposure for known startXI appearances without a positive-minute statistics row,True,34,3060.0,34,34,0,0.0,0,0.0,1.0,exact_window_known_minutes_v2_event_bounded,False,False,0.0,0,3060.0,benchmark
B. Samba,France,Goalkeeper,3156.0,True,21628,pre_world_cup,37,37,1.0,0,34,3060.0,,1.0,1.0,True,exact-window detailed minutes plus event-bounded exposure for known startXI appearances without a positive-minute statistics row,True,34,3060.0,34,34,0,0.0,0,0.0,1.0,exact_window_known_minutes_v2_event_bounded,False,False,0.0,0,3060.0,benchmark
A. Baba,Ghana,Defender,2760.0,True,21996,annual_current,50,50,1.0,0,36,2749.0,,0.875756610385473,0.875756610385473,True,exact-window detailed minutes plus event-bounded exposure for known startXI appearances without a positive-minute statistics row,True,36,2749.0,33,29,4,390.0,0,0.0,0.875756610385473,exact_window_known_minutes_v2_event_bounded,False,False,0.0,0,2749.0,benchmark
A. Baba,Ghana,Defender,2760.0,True,21996,pre_world_cup,46,46,1.0,0,35,2748.0,,0.875717017208413,0.875717017208413,True,exact-window detailed minutes plus event-bounded exposure for known startXI appearances without a positive-minute statistics row,True,35,2748.0,33,29,4,390.0,0,0.0,0.875717017208413,exact_window_known_minutes_v2_event_bounded,False,False,0.0,0,2748.0,benchmark
G. Konan,Ivory Coast,Defender,3521.0,True,22002,annual_current,43,43,1.0,0,37,3290.0,,1.0,1.0,True,exact-window detailed minutes plus event-bounded exposure for known startXI appearances without a positive-minute statistics row,True,37,3290.0,37,37,0,0.0,0,0.0,1.0,exact_window_known_minutes_v2_event_bounded,False,False,0.0,0,3290.0,benchmark
G. Konan,Ivory Coast,Defender,3521.0,True,22002,pre_world_cup,39,39,1.0,0,34,3021.0,,1.0,1.0,True,exact-window detailed minutes plus event-bounded exposure for known startXI appearances without a positive-minute statistics row,True,34,3021.0,34,34,0,0.0,0,0.0,1.0,exact_window_known_minutes_v2_event_bounded,False,False,0.0,0,3021.0,benchmark
W. Saliba,France,Defender,4779.0,True,22090,annual_current,70,70,1.0,0,56,4734.0,,1.0,1.0,True,exact-window detailed minutes plus event-bounded exposure for known startXI appearances without a positive-minute statistics row,True,56,4734.0,54,54,0,0.0,0,0.0,1.0,exact_window_known_minutes_v2_event_bounded,False,False,0.0,0,4734.0,benchmark
W. Saliba,France,Defender,4779.0,True,22090,pre_world_cup,63,63,1.0,0,50,4254.0,,1.0,1.0,True,exact-window detailed minutes plus event-bounded exposure for known startXI appearances without a positive-minute statistics row,True,50,4254.0,48,48,0,0.0,0,0.0,1.0,exact_window_known_minutes_v2_event_bounded,False,False,0.0,0,4254.0,benchmark
S. Moreira,Cape Verde Islands,Defender,8049.0,True,22139,annual_current,36,36,1.0,0,35,2921.0,,1.0,1.0,True,exact-window detailed minutes plus event-bounded exposure for known startXI appearances without a positive-minute statistics row,False,35,2921.0,33,33,0,0.0,0,0.0,1.0,exact_window_known_minutes_v2_event_bounded,True,False,0.0,0,2921.0,benchmark
S. Moreira,Cape Verde Islands,Defender,8049.0,True,22139,pre_world_cup,38,38,1.0,0,36,3041.0,,1.0,1.0,True,exact-window detailed minutes plus event-bounded exposure for known startXI appearances without a positive-minute statistics row,True,36,3041.0,35,35,0,0.0,0,0.0,1.0,exact_window_known_minutes_v2_event_bounded,False,False,0.0,0,3041.0,benchmark
M. Koné,France,Midfielder,3182.0,True,22147,annual_current,56,56,1.0,0,42,3144.0,,1.0,1.0,True,exact-window detailed minutes plus event-bounded exposure for known startXI appearances without a positive-minute statistics row,True,42,3144.0,37,37,0,0.0,0,0.0,1.0,exact_window_known_minutes_v2_event_bounded,False,False,0.0,0,3144.0,benchmark
M. Koné,France,Midfielder,3182.0,True,22147,pre_world_cup,49,49,1.0,0,37,2758.0,,1.0,1.0,True,exact-window detailed minutes plus event-bounded exposure for known startXI appearances without a positive-minute statistics row,True,37,2758.0,33,33,0,0.0,0,0.0,1.0,exact_window_known_minutes_v2_event_bounded,False,False,0.0,0,2758.0,benchmark
I. Sangaré,Ivory Coast,Midfielder,3566.0,True,22149,annual_current,64,64,1.0,0,51,3440.0,,1.0,1.0,True,exact-window detailed minutes plus event-bounded exposure for known startXI appearances without a positive-minute statistics row,True,51,3440.0,39,39,0,0.0,0,0.0,1.0,exact_window_known_minutes_v2_event_bounded,False,False,0.0,0,3440.0,benchmark
I. Sangaré,Ivory Coast,Midfielder,3566.0,True,22149,pre_world_cup,60,60,1.0,0,47,3172.0,,1.0,1.0,True,exact-window detailed minutes plus event-bounded exposure for known startXI appearances without a positive-minute statistics row,True,47,3172.0,36,36,0,0.0,0,0.0,1.0,exact_window_known_minutes_v2_event_bounded,False,False,0.0,0,3172.0,benchmark
M. Maignan,France,Goalkeeper,4748.0,True,22221,annual_current,49,49,1.0,0,48,4291.0,,1.0,1.0,True,exact-window detailed minutes plus event-bounded exposure for known startXI appearances without a positive-minute statistics row,True,48,4291.0,48,48,0,0.0,0,0.0,1.0,exact_window_known_minutes_v2_event_bounded,False,False,0.0,0,4291.0,benchmark
M. Maignan,France,Goalkeeper,4748.0,True,22221,pre_world_cup,42,42,1.0,0,41,3661.0,,1.0,1.0,True,exact-window detailed minutes plus event-bounded exposure for known startXI appearances without a positive-minute statistics row,True,41,3661.0,41,41,0,0.0,0,0.0,1.0,exact_window_known_minutes_v2_event_bounded,False,False,0.0,0,3661.0,benchmark
Z. Çelik,Türkiye,Defender,5541.0,True,22222,annual_current,52,52,1.0,0,47,3801.0,,1.0,1.0,True,exact-window detailed minutes plus event-bounded exposure for known startXI appearances without a positive-minute statistics row,False,47,3801.0,45,45,0,0.0,0,0.0,1.0,exact_window_known_minutes_v2_event_bounded,True,False,0.0,0,3801.0,benchmark
Z. Çelik,Türkiye,Defender,5541.0,True,22222,pre_world_cup,49,49,1.0,0,45,3636.0,,1.0,1.0,True,exact-window detailed minutes plus event-bounded exposure for known startXI appearances without a positive-minute statistics row,True,45,3636.0,43,43,0,0.0,0,0.0,1.0,exact_window_known_minutes_v2_event_bounded,False,False,0.0,0,3636.0,benchmark
Gabriel Magalhães,Brazil,Defender,6241.0,True,22224,annual_current,70,70,1.0,0,57,4750.0,,1.0,1.0,True,exact-window detailed minutes plus event-bounded exposure for known startXI appearances without a positive-minute statistics row,False,57,4750.0,52,52,0,0.0,0,0.0,1.0,exact_window_known_minutes_v2_event_bounded,True,False,0.0,0,4750.0,benchmark_and_avatar
Gabriel Magalhães,Brazil,Defender,6241.0,True,22224,pre_world_cup,66,66,1.0,0,52,4300.0,,1.0,1.0,True,exact-window detailed minutes plus event-bounded exposure for known startXI appearances without a positive-minute statistics row,True,52,4300.0,47,47,0,0.0,0,0.0,1.0,exact_window_known_minutes_v2_event_bounded,False,False,0.0,0,4300.0,benchmark_and_avatar
Rafael Leão,Portugal,Midfielder,2271.0,True,22236,annual_current,46,46,1.0,0,36,2127.0,,1.0,1.0,True,exact-window detailed minutes plus event-bounded exposure for known startXI appearances without a positive-minute statistics row,True,36,2127.0,26,26,0,0.0,0,0.0,1.0,exact_window_known_minutes_v2_event_bounded,False,False,0.0,0,2127.0,benchmark
Rafael Leão,Portugal,Midfielder,2271.0,True,22236,pre_world_cup,41,41,1.0,0,31,1966.0,,1.0,1.0,True,exact-window detailed minutes plus event-bounded exposure for known startXI appearances without a positive-minute statistics row,True,31,1966.0,25,25,0,0.0,0,0.0,1.0,exact_window_known_minutes_v2_event_bounded,False,False,0.0,0,1966.0,benchmark
J. Córdoba,Colombia,Attacker,3377.0,True,24810,annual_current,37,37,1.0,0,33,2687.0,,1.0,1.0,True,exact-window detailed minutes plus event-bounded exposure for known startXI appearances without a positive-minute statistics row,False,33,2687.0,31,31,0,0.0,0,0.0,1.0,exact_window_known_minutes_v2_event_bounded,True,False,0.0,0,2687.0,benchmark
J. Córdoba,Colombia,Attacker,3377.0,True,24810,pre_world_cup,33,33,1.0,0,30,2587.0,,1.0,1.0,True,exact-window detailed minutes plus event-bounded exposure for known startXI appearances without a positive-minute statistics row,True,30,2587.0,29,29,0,0.0,0,0.0,1.0,exact_window_known_minutes_v2_event_bounded,False,False,0.0,0,2587.0,benchmark
J. Ryerson,Norway,Defender,4416.0,True,24845,annual_current,53,53,1.0,0,46,3290.0,,1.0,1.0,True,exact-window detailed minutes plus event-bounded exposure for known startXI appearances without a positive-minute statistics row,False,46,3290.0,38,38,0,0.0,0,0.0,1.0,exact_window_known_minutes_v2_event_bounded,True,False,0.0,0,3290.0,benchmark_and_avatar
J. Ryerson,Norway,Defender,4416.0,True,24845,pre_world_cup,52,52,1.0,0,47,3435.0,,1.0,1.0,True,exact-window detailed minutes plus event-bounded exposure for known startXI appearances without a positive-minute statistics row,True,47,3435.0,38,38,0,0.0,0,0.0,1.0,exact_window_known_minutes_v2_event_bounded,False,False,0.0,0,3435.0,benchmark_and_avatar
Douglas Santos,Brazil,Defender,2733.0,True,24866,annual_current,37,37,1.0,0,29,2453.0,,1.0,1.0,True,exact-window detailed minutes plus event-bounded exposure for known startXI appearances without a positive-minute statistics row,True,29,2453.0,28,28,0,0.0,0,0.0,1.0,exact_window_known_minutes_v2_event_bounded,False,False,0.0,0,2453.0,benchmark_and_avatar
Douglas Santos,Brazil,Defender,2733.0,True,24866,pre_world_cup,33,33,1.0,0,24,2011.0,,1.0,1.0,True,exact-window detailed minutes plus event-bounded exposure for known startXI appearances without a positive-minute statistics row,True,24,2011.0,23,23,0,0.0,0,0.0,1.0,exact_window_known_minutes_v2_event_bounded,False,False,0.0,0,2011.0,benchmark_and_avatar
Hwang Hee-Chan,South Korea,Attacker,2665.0,True,24888,annual_current,47,47,1.0,0,34,1873.0,,1.0,1.0,True,exact-window detailed minutes plus event-bounded exposure for known startXI appearances without a positive-minute statistics row,False,34,1873.0,23,23,0,0.0,0,0.0,1.0,exact_window_known_minutes_v2_event_bounded,True,False,0.0,0,1873.0,benchmark
Hwang Hee-Chan,South Korea,Attacker,2665.0,True,24888,pre_world_cup,44,44,1.0,0,31,1767.0,,1.0,1.0,True,exact-window detailed minutes plus event-bounded exposure for known startXI appearances without a positive-minute statistics row,True,31,1767.0,22,22,0,0.0,0,0.0,1.0,exact_window_known_minutes_v2_event_bounded,False,False,0.0,0,1767.0,benchmark
D. Burnic,Bosnia & Herzegovina,Midfielder,2366.0,True,25129,annual_current,38,38,1.0,0,34,2118.0,,1.0,1.0,True,exact-window detailed minutes plus event-bounded exposure for known startXI appearances without a positive-minute statistics row,True,34,2118.0,24,24,0,0.0,0,0.0,1.0,exact_window_known_minutes_v2_event_bounded,False,False,0.0,0,2118.0,benchmark
D. Burnic,Bosnia & Herzegovina,Midfielder,2366.0,True,25129,pre_world_cup,34,34,1.0,0,32,2097.0,,1.0,1.0,True,exact-window detailed minutes plus event-bounded exposure for known startXI appearances without a positive-minute statistics row,True,32,2097.0,24,24,0,0.0,0,0.0,1.0,exact_window_known_minutes_v2_event_bounded,False,False,0.0,0,2097.0,benchmark
D. Raum,Germany,Midfielder,3178.0,True,25158,annual_current,42,42,1.0,0,36,3030.0,,1.0,1.0,True,exact-window detailed minutes plus event-bounded exposure for known startXI appearances without a positive-minute statistics row,True,36,3030.0,34,34,0,0.0,0,0.0,1.0,exact_window_known_minutes_v2_event_bounded,False,False,0.0,0,3030.0,benchmark_and_avatar
D. Raum,Germany,Midfielder,3178.0,True,25158,pre_world_cup,38,38,1.0,0,34,2923.0,,1.0,1.0,True,exact-window detailed minutes plus event-bounded exposure for known startXI appearances without a positive-minute statistics row,True,34,2923.0,33,33,0,0.0,0,0.0,1.0,exact_window_known_minutes_v2_event_bounded,False,False,0.0,0,2923.0,benchmark_and_avatar
G. Kobel,Switzerland,Goalkeeper,6210.0,True,25282,annual_current,53,53,1.0,0,53,4860.0,,1.0,1.0,True,exact-window detailed minutes plus event-bounded exposure for known startXI appearances without a positive-minute statistics row,False,53,4860.0,53,53,0,0.0,0,0.0,1.0,exact_window_known_minutes_v2_event_bounded,True,False,0.0,0,4860.0,benchmark
G. Kobel,Switzerland,Goalkeeper,6210.0,True,25282,pre_world_cup,52,52,1.0,0,52,4710.0,,1.0,1.0,True,exact-window detailed minutes plus event-bounded exposure for known startXI appearances without a positive-minute statistics row,True,52,4710.0,52,52,0,0.0,0,0.0,1.0,exact_window_known_minutes_v2_event_bounded,False,False,0.0,0,4710.0,benchmark
K. Danso,Austria,Defender,2696.0,True,25287,annual_current,56,56,1.0,0,40,2590.0,,1.0,1.0,True,exact-window detailed minutes plus event-bounded exposure for known startXI appearances without a positive-minute statistics row,True,40,2590.0,28,28,0,0.0,0,0.0,1.0,exact_window_known_minutes_v2_event_bounded,False,False,0.0,0,2590.0,benchmark_and_avatar
K. Danso,Austria,Defender,2696.0,True,25287,pre_world_cup,52,52,1.0,0,36,2351.0,,1.0,1.0,True,exact-window detailed minutes plus event-bounded exposure for known startXI appearances without a positive-minute statistics row,True,36,2351.0,26,26,0,0.0,0,0.0,1.0,exact_window_known_minutes_v2_event_bounded,False,False,0.0,0,2351.0,benchmark_and_avatar
R. Khedira,Tunisia,Midfielder,3368.0,True,25300,annual_current,40,34,0.85,6,33,2808.0,,1.0,1.0,True,exact-window detailed minutes plus event-bounded exposure for known startXI appearances without a positive-minute statistics row,True,33,2808.0,32,32,0,0.0,0,0.0,1.0,exact_window_known_minutes_v2_event_bounded,False,False,0.0,0,2808.0,benchmark
R. Khedira,Tunisia,Midfielder,3368.0,True,25300,pre_world_cup,37,31,0.8378378378378378,6,30,2657.0,,1.0,1.0,True,exact-window detailed minutes plus event-bounded exposure for known startXI appearances without a positive-minute statistics row,True,30,2657.0,30,30,0,0.0,0,0.0,1.0,exact_window_known_minutes_v2_event_bounded,False,False,0.0,0,2657.0,benchmark
M. Friedl,Austria,Defender,2834.0,True,25314,annual_current,39,38,0.9743589743589745,1,31,2572.0,,1.0,1.0,True,exact-window detailed minutes plus event-bounded exposure for known startXI appearances without a positive-minute statistics row,True,31,2572.0,29,29,0,0.0,0,0.0,1.0,exact_window_known_minutes_v2_event_bounded,False,False,0.0,0,2572.0,benchmark
M. Friedl,Austria,Defender,2834.0,True,25314,pre_world_cup,35,34,0.9714285714285714,1,30,2549.0,,1.0,1.0,True,exact-window detailed minutes plus event-bounded exposure for known startXI appearances without a positive-minute statistics row,True,30,2549.0,29,29,0,0.0,0,0.0,1.0,exact_window_known_minutes_v2_event_bounded,False,False,0.0,0,2549.0,benchmark
D. Luckassen,Ghana,Defender,3512.0,True,25341,annual_current,54,54,1.0,0,44,3864.0,,1.0,1.0,True,exact-window provider minutes plus deterministic exposure reconstructed from complete two-team lineups and substitution/red-card events; frozen 80% fixture and minute thresholds unchanged,False,44,3864.0,44,44,0,0.0,0,0.0,1.0,exact_window_known_minutes_v3_complete_lineup_event_reconstruction,True,False,1736.0,20,2128.0,benchmark
D. Luckassen,Ghana,Defender,3512.0,True,25341,pre_world_cup,50,50,1.0,0,42,3684.0,,1.0,1.0,True,exact-window provider minutes plus deterministic exposure reconstructed from complete two-team lineups and substitution/red-card events; frozen 80% fixture and minute thresholds unchanged,True,42,3684.0,42,42,0,0.0,0,0.0,1.0,exact_window_known_minutes_v3_complete_lineup_event_reconstruction,False,False,1736.0,20,1948.0,benchmark
V. Darida,Czech Republic,Midfielder,2830.0,True,25348,annual_current,38,38,1.0,0,33,2830.0,,1.0,1.0,True,exact-window detailed minutes plus event-bounded exposure for known startXI appearances without a positive-minute statistics row,True,33,2830.0,33,33,0,0.0,0,0.0,1.0,exact_window_known_minutes_v2_event_bounded,False,False,0.0,0,2830.0,benchmark_and_avatar
V. Darida,Czech Republic,Midfielder,2830.0,True,25348,pre_world_cup,35,35,1.0,0,32,2775.0,,1.0,1.0,True,exact-window detailed minutes plus event-bounded exposure for known startXI appearances without a positive-minute statistics row,True,32,2775.0,32,32,0,0.0,0,0.0,1.0,exact_window_known_minutes_v2_event_bounded,False,False,0.0,0,2775.0,benchmark_and_avatar
W. Anton,Germany,Defender,4910.0,True,25368,annual_current,51,51,1.0,0,46,3981.0,,1.0,1.0,True,exact-window detailed minutes plus event-bounded exposure for known startXI appearances without a positive-minute statistics row,True,46,3981.0,44,44,0,0.0,0,0.0,1.0,exact_window_known_minutes_v2_event_bounded,False,False,0.0,0,3981.0,benchmark
W. Anton,Germany,Defender,4910.0,True,25368,pre_world_cup,52,52,1.0,0,49,4377.0,,1.0,1.0,True,exact-window detailed minutes plus event-bounded exposure for known startXI appearances without a positive-minute statistics row,True,49,4377.0,49,49,0,0.0,0,0.0,1.0,exact_window_known_minutes_v2_event_bounded,False,False,0.0,0,4377.0,benchmark
J. Yeboah,Ecuador,Attacker,3950.0,True,25414,annual_current,47,47,1.0,0,41,3079.0,,1.0,1.0,True,exact-window detailed minutes plus event-bounded exposure for known startXI appearances without a positive-minute statistics row,False,41,3079.0,36,36,0,0.0,0,0.0,1.0,exact_window_known_minutes_v2_event_bounded,True,False,0.0,0,3079.0,benchmark
J. Yeboah,Ecuador,Attacker,3950.0,True,25414,pre_world_cup,44,44,1.0,0,38,2841.0,,1.0,1.0,True,exact-window detailed minutes plus event-bounded exposure for known startXI appearances without a positive-minute statistics row,True,38,2841.0,33,33,0,0.0,0,0.0,1.0,exact_window_known_minutes_v2_event_bounded,False,False,0.0,0,2841.0,benchmark
W. Weghorst,Netherlands,Attacker,2332.0,True,25416,annual_current,48,48,1.0,0,35,2250.0,,1.0,1.0,True,exact-window detailed minutes plus event-bounded exposure for known startXI appearances without a positive-minute statistics row,True,35,2250.0,25,25,0,0.0,0,0.0,1.0,exact_window_known_minutes_v2_event_bounded,False,False,0.0,0,2250.0,benchmark
W. Weghorst,Netherlands,Attacker,2332.0,True,25416,pre_world_cup,44,44,1.0,0,34,2201.0,,1.0,1.0,True,exact-window detailed minutes plus event-bounded exposure for known startXI appearances without a positive-minute statistics row,True,34,2201.0,25,25,0,0.0,0,0.0,1.0,exact_window_known_minutes_v2_event_bounded,False,False,0.0,0,2201.0,benchmark
P. Mwene,Austria,Defender,3100.0,True,25915,annual_current,52,52,1.0,0,41,2928.0,,1.0,1.0,True,exact-window detailed minutes plus event-bounded exposure for known startXI appearances without a positive-minute statistics row,True,41,2928.0,35,35,0,0.0,0,0.0,1.0,exact_window_known_minutes_v2_event_bounded,False,False,0.0,0,2928.0,benchmark
P. Mwene,Austria,Defender,3100.0,True,25915,pre_world_cup,48,48,1.0,0,39,2780.0,,1.0,1.0,True,exact-window detailed minutes plus event-bounded exposure for known startXI appearances without a positive-minute statistics row,True,39,2780.0,33,33,0,0.0,0,0.0,1.0,exact_window_known_minutes_v2_event_bounded,False,False,0.0,0,2780.0,benchmark
M. Niakhaté,Senegal,Defender,5020.0,True,25916,annual_current,59,59,1.0,0,53,4637.0,,1.0,1.0,True,exact-window detailed minutes plus event-bounded exposure for known startXI appearances without a positive-minute statistics row,True,53,4637.0,51,51,0,0.0,0,0.0,1.0,exact_window_known_minutes_v2_event_bounded,False,False,0.0,0,4637.0,benchmark
M. Niakhaté,Senegal,Defender,5020.0,True,25916,pre_world_cup,55,55,1.0,0,49,4247.0,,1.0,1.0,True,exact-window detailed minutes plus event-bounded exposure for known startXI appearances without a positive-minute statistics row,True,49,4247.0,47,47,0,0.0,0,0.0,1.0,exact_window_known_minutes_v2_event_bounded,False,False,0.0,0,4247.0,benchmark
J. Mateta,France,Attacker,3481.0,True,25927,annual_current,66,66,1.0,0,53,3430.0,,1.0,1.0,True,exact-window detailed minutes plus event-bounded exposure for known startXI appearances without a positive-minute statistics row,True,53,3430.0,39,39,0,0.0,0,0.0,1.0,exact_window_known_minutes_v2_event_bounded,False,False,0.0,0,3430.0,benchmark
J. Mateta,France,Attacker,3481.0,True,25927,pre_world_cup,59,59,1.0,0,50,3399.0,,1.0,1.0,True,exact-window detailed minutes plus event-bounded exposure for known startXI appearances without a positive-minute statistics row,True,50,3399.0,39,39,0,0.0,0,0.0,1.0,exact_window_known_minutes_v2_event_bounded,False,False,0.0,0,3399.0,benchmark
M. Flekken,Netherlands,Goalkeeper,3263.0,True,26232,annual_current,55,55,1.0,0,34,3060.0,,1.0,1.0,True,exact-window detailed minutes plus event-bounded exposure for known startXI appearances without a positive-minute statistics row,True,34,3060.0,34,34,0,0.0,0,0.0,1.0,exact_window_known_minutes_v2_event_bounded,False,False,0.0,0,3060.0,benchmark
M. Flekken,Netherlands,Goalkeeper,3263.0,True,26232,pre_world_cup,51,51,1.0,0,34,3060.0,,1.0,1.0,True,exact-window detailed minutes plus event-bounded exposure for known startXI appearances without a positive-minute statistics row,True,34,3060.0,34,34,0,0.0,0,0.0,1.0,exact_window_known_minutes_v2_event_bounded,False,False,0.0,0,3060.0,benchmark
P. Lienhart,Austria,Defender,2789.0,True,26240,annual_current,58,55,0.9482758620689656,3,34,2454.0,,1.0,1.0,True,exact-window detailed minutes plus event-bounded exposure for known startXI appearances without a positive-minute statistics row,True,34,2454.0,27,27,0,0.0,0,0.0,1.0,exact_window_known_minutes_v2_event_bounded,False,False,0.0,0,2454.0,benchmark
P. Lienhart,Austria,Defender,2789.0,True,26240,pre_world_cup,54,51,0.9444444444444444,3,32,2274.0,,1.0,1.0,True,exact-window detailed minutes plus event-bounded exposure for known startXI appearances without a positive-minute statistics row,True,32,2274.0,25,25,0,0.0,0,0.0,1.0,exact_window_known_minutes_v2_event_bounded,False,False,0.0,0,2274.0,benchmark
N. Schlotterbeck,Germany,Defender,3995.0,True,26243,annual_current,51,51,1.0,0,39,3425.0,,1.0,1.0,True,exact-window detailed minutes plus event-bounded exposure for known startXI appearances without a positive-minute statistics row,True,39,3425.0,38,38,0,0.0,0,0.0,1.0,exact_window_known_minutes_v2_event_bounded,False,False,0.0,0,3425.0,benchmark
N. Schlotterbeck,Germany,Defender,3995.0,True,26243,pre_world_cup,52,52,1.0,0,37,3290.0,,1.0,1.0,True,exact-window detailed minutes plus event-bounded exposure for known startXI appearances without a positive-minute statistics row,True,37,3290.0,36,36,0,0.0,0,0.0,1.0,exact_window_known_minutes_v2_event_bounded,False,False,0.0,0,3290.0,benchmark
O. Kabak,Türkiye,Defender,2023.0,True,26300,annual_current,39,39,1.0,0,27,1888.0,,1.0,1.0,True,exact-window detailed minutes plus event-bounded exposure for known startXI appearances without a positive-minute statistics row,True,27,1888.0,19,19,0,0.0,0,0.0,1.0,exact_window_known_minutes_v2_event_bounded,False,False,0.0,0,1888.0,benchmark
O. Kabak,Türkiye,Defender,2023.0,True,26300,pre_world_cup,36,36,1.0,0,26,1798.0,,1.0,1.0,True,exact-window detailed minutes plus event-bounded exposure for known startXI appearances without a positive-minute statistics row,True,26,1798.0,18,18,0,0.0,0,0.0,1.0,exact_window_known_minutes_v2_event_bounded,False,False,0.0,0,1798.0,benchmark
N. González,Argentina,Attacker,3465.0,True,26315,annual_current,107,107,1.0,0,47,2275.0,,1.0,1.0,True,exact-window detailed minutes plus event-bounded exposure for known startXI appearances without a positive-minute statistics row,False,47,2275.0,23,23,0,0.0,0,0.0,1.0,exact_window_known_minutes_v2_event_bounded,True,False,0.0,0,2275.0,benchmark_and_avatar
N. González,Argentina,Attacker,3465.0,True,26315,pre_world_cup,105,105,1.0,0,45,2256.0,,1.0,1.0,True,exact-window detailed minutes plus event-bounded exposure for known startXI appearances without a positive-minute statistics row,True,45,2256.0,24,24,0,0.0,0,0.0,1.0,exact_window_known_minutes_v2_event_bounded,False,False,0.0,0,2256.0,benchmark_and_avatar
D. Undav,Germany,Attacker,3927.0,True,26475,annual_current,57,57,1.0,0,50,3792.0,,1.0,1.0,True,exact-window detailed minutes plus event-bounded exposure for known startXI appearances without a positive-minute statistics row,True,50,3792.0,42,42,0,0.0,0,0.0,1.0,exact_window_known_minutes_v2_event_bounded,False,False,0.0,0,3792.0,benchmark_and_avatar
D. Undav,Germany,Attacker,3927.0,True,26475,pre_world_cup,53,53,1.0,0,46,3643.0,,1.0,1.0,True,exact-window detailed minutes plus event-bounded exposure for known startXI appearances without a positive-minute statistics row,True,46,3643.0,41,41,0,0.0,0,0.0,1.0,exact_window_known_minutes_v2_event_bounded,False,False,0.0,0,3643.0,benchmark_and_avatar
H. Tabakovic,Bosnia & Herzegovina,Attacker,2806.0,True,28382,annual_current,41,41,1.0,0,36,2674.0,,1.0,1.0,True,exact-window detailed minutes plus event-bounded exposure for known startXI appearances without a positive-minute statistics row,True,36,2674.0,31,31,0,0.0,0,0.0,1.0,exact_window_known_minutes_v2_event_bounded,False,False,0.0,0,2674.0,benchmark
H. Tabakovic,Bosnia & Herzegovina,Attacker,2806.0,True,28382,pre_world_cup,37,37,1.0,0,35,2659.0,,1.0,1.0,True,exact-window detailed minutes plus event-bounded exposure for known startXI appearances without a positive-minute statistics row,True,35,2659.0,31,31,0,0.0,0,0.0,1.0,exact_window_known_minutes_v2_event_bounded,False,False,0.0,0,2659.0,benchmark
S. Khalilzadeh,Iran,Defender,1850.0,True,29704,annual_current,12,12,1.0,0,12,1075.0,,1.0,1.0,True,exact-window detailed minutes plus event-bounded exposure for known startXI appearances without a positive-minute statistics row,False,12,1075.0,12,12,0,0.0,0,0.0,1.0,exact_window_known_minutes_v2_event_bounded,True,False,0.0,0,1075.0,benchmark
S. Khalilzadeh,Iran,Defender,1850.0,True,29704,pre_world_cup,9,9,1.0,0,9,805.0,,1.0,1.0,True,exact-window detailed minutes plus event-bounded exposure for known startXI appearances without a positive-minute statistics row,True,9,805.0,9,9,0,0.0,0,0.0,1.0,exact_window_known_minutes_v2_event_bounded,False,False,0.0,0,805.0,benchmark
A. Lafont,Ivory Coast,Goalkeeper,3053.0,True,30393,annual_current,59,59,1.0,0,33,2963.0,,1.0,1.0,True,exact-window detailed minutes plus event-bounded exposure for known startXI appearances without a positive-minute statistics row,True,33,2963.0,33,33,0,0.0,0,0.0,1.0,exact_window_known_minutes_v2_event_bounded,False,False,0.0,0,2963.0,benchmark
A. Lafont,Ivory Coast,Goalkeeper,3053.0,True,30393,pre_world_cup,55,55,1.0,0,33,2963.0,,1.0,1.0,True,exact-window detailed minutes plus event-bounded exposure for known startXI appearances without a positive-minute statistics row,True,33,2963.0,33,33,0,0.0,0,0.0,1.0,exact_window_known_minutes_v2_event_bounded,False,False,0.0,0,2963.0,benchmark
Ibañez,Brazil,Defender,3602.0,True,30424,annual_current,54,54,1.0,0,40,3476.0,,1.0,1.0,True,exact-window detailed minutes plus event-bounded exposure for known startXI appearances without a positive-minute statistics row,True,40,3476.0,40,40,0,0.0,0,0.0,1.0,exact_window_known_minutes_v2_event_bounded,False,False,0.0,0,3476.0,benchmark_and_avatar
Ibañez,Brazil,Defender,3602.0,True,30424,pre_world_cup,50,50,1.0,0,39,3431.0,,1.0,1.0,True,exact-window detailed minutes plus event-bounded exposure for known startXI appearances without a positive-minute statistics row,True,39,3431.0,39,39,0,0.0,0,0.0,1.0,exact_window_known_minutes_v2_event_bounded,False,False,0.0,0,3431.0,benchmark_and_avatar
M. de Roon,Netherlands,Midfielder,3953.0,True,30432,annual_current,58,58,1.0,0,51,3928.0,,1.0,1.0,True,exact-window detailed minutes plus event-bounded exposure for known startXI appearances without a positive-minute statistics row,True,51,3928.0,46,46,0,0.0,0,0.0,1.0,exact_window_known_minutes_v2_event_bounded,False,False,0.0,0,3928.0,benchmark
M. de Roon,Netherlands,Midfielder,3953.0,True,30432,pre_world_cup,54,54,1.0,0,50,3918.0,,1.0,1.0,True,exact-window detailed minutes plus event-bounded exposure for known startXI appearances without a positive-minute statistics row,True,50,3918.0,46,46,0,0.0,0,0.0,1.0,exact_window_known_minutes_v2_event_bounded,False,False,0.0,0,3918.0,benchmark
Bremer,Brazil,Defender,2748.0,True,30497,annual_current,57,57,1.0,0,31,2569.0,,1.0,1.0,True,exact-window detailed minutes plus event-bounded exposure for known startXI appearances without a positive-minute statistics row,True,31,2569.0,30,30,0,0.0,0,0.0,1.0,exact_window_known_minutes_v2_event_bounded,False,False,0.0,0,2569.0,benchmark
Bremer,Brazil,Defender,2748.0,True,30497,pre_world_cup,57,57,1.0,0,31,2569.0,,1.0,1.0,True,exact-window detailed minutes plus event-bounded exposure for known startXI appearances without a positive-minute statistics row,True,31,2569.0,30,30,0,0.0,0,0.0,1.0,exact_window_known_minutes_v2_event_bounded,False,False,0.0,0,2569.0,benchmark
W. Singo,Ivory Coast,Defender,2053.0,True,30504,annual_current,89,89,1.0,0,29,1697.0,,1.0,1.0,True,exact-window detailed minutes plus event-bounded exposure for known startXI appearances without a positive-minute statistics row,True,29,1697.0,19,19,0,0.0,0,0.0,1.0,exact_window_known_minutes_v2_event_bounded,False,False,0.0,0,1697.0,benchmark
W. Singo,Ivory Coast,Defender,2053.0,True,30504,pre_world_cup,85,85,1.0,0,27,1525.0,,1.0,1.0,True,exact-window detailed minutes plus event-bounded exposure for known startXI appearances without a positive-minute statistics row,True,27,1525.0,17,17,0,0.0,0,0.0,1.0,exact_window_known_minutes_v2_event_bounded,False,False,0.0,0,1525.0,benchmark
M. Demiral,Türkiye,Defender,2392.0,True,30521,annual_current,50,50,1.0,0,28,2229.0,,1.0,1.0,True,exact-window detailed minutes plus event-bounded exposure for known startXI appearances without a positive-minute statistics row,True,28,2229.0,27,27,0,0.0,0,0.0,1.0,exact_window_known_minutes_v2_event_bounded,False,False,0.0,0,2229.0,benchmark
M. Demiral,Türkiye,Defender,2392.0,True,30521,pre_world_cup,47,47,1.0,0,26,2049.0,,1.0,1.0,True,exact-window detailed minutes plus event-bounded exposure for known startXI appearances without a positive-minute statistics row,True,26,2049.0,25,25,0,0.0,0,0.0,1.0,exact_window_known_minutes_v2_event_bounded,False,False,0.0,0,2049.0,benchmark
C. Romero,Argentina,Defender,4796.0,True,30776,annual_current,58,58,1.0,0,39,3294.0,,1.0,1.0,True,exact-window detailed minutes plus event-bounded exposure for known startXI appearances without a positive-minute statistics row,False,39,3294.0,38,38,0,0.0,0,0.0,1.0,exact_window_known_minutes_v2_event_bounded,True,False,0.0,0,3294.0,benchmark_and_avatar
C. Romero,Argentina,Defender,4796.0,True,30776,pre_world_cup,52,52,1.0,0,34,2849.0,,1.0,1.0,True,exact-window detailed minutes plus event-bounded exposure for known startXI appearances without a positive-minute statistics row,True,34,2849.0,33,33,0,0.0,0,0.0,1.0,exact_window_known_minutes_v2_event_bounded,False,False,0.0,0,2849.0,benchmark_and_avatar
S. Fofana,Ivory Coast,Midfielder,1947.0,True,30807,annual_current,95,95,1.0,0,36,1567.0,,1.0,1.0,True,exact-window detailed minutes plus event-bounded exposure for known startXI appearances without a positive-minute statistics row,True,36,1567.0,15,15,0,0.0,0,0.0,1.0,exact_window_known_minutes_v2_event_bounded,False,False,0.0,0,1567.0,benchmark
S. Fofana,Ivory Coast,Midfielder,1947.0,True,30807,pre_world_cup,91,91,1.0,0,34,1475.0,,1.0,1.0,True,exact-window detailed minutes plus event-bounded exposure for known startXI appearances without a positive-minute statistics row,True,34,1475.0,14,14,0,0.0,0,0.0,1.0,exact_window_known_minutes_v2_event_bounded,False,False,0.0,0,1475.0,benchmark
M. Erlic,Croatia,Defender,2260.0,True,30827,annual_current,52,52,1.0,0,26,2156.0,,0.8887056883759274,0.8887056883759274,True,exact-window detailed minutes plus event-bounded exposure for known startXI appearances without a positive-minute statistics row,True,26,2156.0,27,24,3,270.0,0,0.0,0.8887056883759274,exact_window_known_minutes_v2_event_bounded,False,False,0.0,0,2156.0,benchmark
M. Erlic,Croatia,Defender,2260.0,True,30827,pre_world_cup,48,48,1.0,0,26,2156.0,,0.8887056883759274,0.8887056883759274,True,exact-window detailed minutes plus event-bounded exposure for known startXI appearances without a positive-minute statistics row,True,26,2156.0,27,24,3,270.0,0,0.0,0.8887056883759274,exact_window_known_minutes_v2_event_bounded,False,False,0.0,0,2156.0,benchmark
T. Watanabe,Japan,Defender,4127.0,True,32858,annual_current,49,49,1.0,0,41,3410.0,,1.0,1.0,True,exact-window detailed minutes plus event-bounded exposure for known startXI appearances without a positive-minute statistics row,True,41,3410.0,38,38,0,0.0,0,0.0,1.0,exact_window_known_minutes_v2_event_bounded,False,False,0.0,0,3410.0,benchmark
T. Watanabe,Japan,Defender,4127.0,True,32858,pre_world_cup,45,45,1.0,0,39,3320.0,,1.0,1.0,True,exact-window detailed minutes plus event-bounded exposure for known startXI appearances without a positive-minute statistics row,True,39,3320.0,37,37,0,0.0,0,0.0,1.0,exact_window_known_minutes_v2_event_bounded,False,False,0.0,0,3320.0,benchmark
T. Kubo,Japan,Attacker,2833.0,True,32862,annual_current,50,50,1.0,0,28,1820.0,,1.0,1.0,True,exact-window detailed minutes plus event-bounded exposure for known startXI appearances without a positive-minute statistics row,False,28,1820.0,20,20,0,0.0,0,0.0,1.0,exact_window_known_minutes_v2_event_bounded,True,False,0.0,0,1820.0,benchmark
T. Kubo,Japan,Attacker,2833.0,True,32862,pre_world_cup,46,46,1.0,0,27,1745.0,,1.0,1.0,True,exact-window detailed minutes plus event-bounded exposure for known startXI appearances without a positive-minute statistics row,True,27,1745.0,19,19,0,0.0,0,0.0,1.0,exact_window_known_minutes_v2_event_bounded,False,False,0.0,0,1745.0,benchmark
Y. Sugawara,Japan,Midfielder,3238.0,True,32887,annual_current,89,89,1.0,0,38,2735.0,,1.0,1.0,True,exact-window detailed minutes plus event-bounded exposure for known startXI appearances without a positive-minute statistics row,True,38,2735.0,32,32,0,0.0,0,0.0,1.0,exact_window_known_minutes_v2_event_bounded,False,False,0.0,0,2735.0,benchmark
Y. Sugawara,Japan,Midfielder,3238.0,True,32887,pre_world_cup,85,85,1.0,0,34,2590.0,,1.0,1.0,True,exact-window detailed minutes plus event-bounded exposure for known startXI appearances without a positive-minute statistics row,True,34,2590.0,31,31,0,0.0,0,0.0,1.0,exact_window_known_minutes_v2_event_bounded,False,False,0.0,0,2590.0,benchmark
H. Ito,Japan,Defender,4890.0,True,32893,annual_current,58,58,1.0,0,27,1431.0,,1.0,1.0,True,exact-window detailed minutes plus event-bounded exposure for known startXI appearances without a positive-minute statistics row,False,27,1431.0,15,15,0,0.0,0,0.0,1.0,exact_window_known_minutes_v2_event_bounded,True,False,0.0,0,1431.0,benchmark
H. Ito,Japan,Defender,4890.0,True,32893,pre_world_cup,59,59,1.0,0,23,1071.0,,1.0,1.0,True,exact-window detailed minutes plus event-bounded exposure for known startXI appearances without a positive-minute statistics row,True,23,1071.0,11,11,0,0.0,0,0.0,1.0,exact_window_known_minutes_v2_event_bounded,False,False,0.0,0,1071.0,benchmark
S. Taniguchi,Japan,Defender,4218.0,True,32954,annual_current,44,44,1.0,0,41,3193.0,,1.0,1.0,True,exact-window detailed minutes plus event-bounded exposure for known startXI appearances without a positive-minute statistics row,False,41,3193.0,34,34,0,0.0,0,0.0,1.0,exact_window_known_minutes_v2_event_bounded,True,False,0.0,0,3193.0,benchmark
S. Taniguchi,Japan,Defender,4218.0,True,32954,pre_world_cup,40,40,1.0,0,38,2962.0,,1.0,1.0,True,exact-window detailed minutes plus event-bounded exposure for known startXI appearances without a positive-minute statistics row,True,38,2962.0,32,32,0,0.0,0,0.0,1.0,exact_window_known_minutes_v2_event_bounded,False,False,0.0,0,2962.0,benchmark
A. Tanaka,Japan,Midfielder,2987.0,True,32966,annual_current,47,47,1.0,0,36,1899.0,,1.0,1.0,True,exact-window detailed minutes plus event-bounded exposure for known startXI appearances without a positive-minute statistics row,False,36,1899.0,21,21,0,0.0,0,0.0,1.0,exact_window_known_minutes_v2_event_bounded,True,False,0.0,0,1899.0,benchmark
A. Tanaka,Japan,Midfielder,2987.0,True,32966,pre_world_cup,43,43,1.0,0,33,1707.0,,1.0,1.0,True,exact-window detailed minutes plus event-bounded exposure for known startXI appearances without a positive-minute statistics row,True,33,1707.0,19,19,0,0.0,0,0.0,1.0,exact_window_known_minutes_v2_event_bounded,False,False,0.0,0,1707.0,benchmark
A. Seko,Japan,Defender,3442.0,True,33165,annual_current,38,38,1.0,0,32,2711.0,,1.0,1.0,True,exact-window detailed minutes plus event-bounded exposure for known startXI appearances without a positive-minute statistics row,False,32,2711.0,30,30,0,0.0,0,0.0,1.0,exact_window_known_minutes_v2_event_bounded,True,False,0.0,0,2711.0,benchmark
A. Seko,Japan,Defender,3442.0,True,33165,pre_world_cup,34,34,1.0,0,30,2625.0,,1.0,1.0,True,exact-window detailed minutes plus event-bounded exposure for known startXI appearances without a positive-minute statistics row,True,30,2625.0,29,29,0,0.0,0,0.0,1.0,exact_window_known_minutes_v2_event_bounded,False,False,0.0,0,2625.0,benchmark
D. Maeda,Japan,Attacker,4394.0,True,33224,annual_current,54,54,1.0,0,50,3904.0,,1.0,1.0,True,exact-window detailed minutes plus event-bounded exposure for known startXI appearances without a positive-minute statistics row,True,50,3904.0,45,45,0,0.0,0,0.0,1.0,exact_window_known_minutes_v2_event_bounded,False,False,0.0,0,3904.0,benchmark
D. Maeda,Japan,Attacker,4394.0,True,33224,pre_world_cup,50,50,1.0,0,47,3659.0,,1.0,1.0,True,exact-window detailed minutes plus event-bounded exposure for known startXI appearances without a positive-minute statistics row,True,47,3659.0,42,42,0,0.0,0,0.0,1.0,exact_window_known_minutes_v2_event_bounded,False,False,0.0,0,3659.0,benchmark
Koki Ogawa,Japan,Attacker,2004.0,True,33289,annual_current,44,44,1.0,0,32,1426.0,,1.0,1.0,True,exact-window detailed minutes plus event-bounded exposure for known startXI appearances without a positive-minute statistics row,False,32,1426.0,18,18,0,0.0,0,0.0,1.0,exact_window_known_minutes_v2_event_bounded,True,False,0.0,0,1426.0,benchmark
Koki Ogawa,Japan,Attacker,2004.0,True,33289,pre_world_cup,40,40,1.0,0,29,1386.0,,1.0,1.0,True,exact-window detailed minutes plus event-bounded exposure for known startXI appearances without a positive-minute statistics row,True,29,1386.0,18,18,0,0.0,0,0.0,1.0,exact_window_known_minutes_v2_event_bounded,False,False,0.0,0,1386.0,benchmark
Keito Nakamura,Japan,Midfielder,3648.0,True,33321,annual_current,44,44,1.0,0,36,2801.0,,1.0,1.0,True,exact-window detailed minutes plus event-bounded exposure for known startXI appearances without a positive-minute statistics row,False,36,2801.0,33,33,0,0.0,0,0.0,1.0,exact_window_known_minutes_v2_event_bounded,True,False,0.0,0,2801.0,benchmark_and_avatar
Keito Nakamura,Japan,Midfielder,3648.0,True,33321,pre_world_cup,40,40,1.0,0,32,2491.0,,1.0,1.0,True,exact-window detailed minutes plus event-bounded exposure for known startXI appearances without a positive-minute statistics row,True,32,2491.0,29,29,0,0.0,0,0.0,1.0,exact_window_known_minutes_v2_event_bounded,False,False,0.0,0,2491.0,benchmark_and_avatar
J. Geria,Australia,Defender,2245.0,True,33847,annual_current,19,19,1.0,0,7,360.0,,1.0,1.0,True,exact-window detailed minutes plus event-bounded exposure for known startXI appearances without a positive-minute statistics row,False,7,360.0,3,3,0,0.0,0,0.0,1.0,exact_window_known_minutes_v2_event_bounded,True,False,0.0,0,360.0,benchmark
J. Geria,Australia,Defender,2245.0,True,33847,pre_world_cup,20,20,1.0,0,6,389.0,,1.0,1.0,True,exact-window detailed minutes plus event-bounded exposure for known startXI appearances without a positive-minute statistics row,True,6,389.0,4,4,0,0.0,0,0.0,1.0,exact_window_known_minutes_v2_event_bounded,False,False,0.0,0,389.0,benchmark
K. Sano,Japan,Midfielder,5049.0,True,33889,annual_current,52,52,1.0,0,51,4433.0,,1.0,1.0,True,exact-window detailed minutes plus event-bounded exposure for known startXI appearances without a positive-minute statistics row,True,51,4433.0,49,49,0,0.0,0,0.0,1.0,exact_window_known_minutes_v2_event_bounded,False,False,0.0,0,4433.0,benchmark
K. Sano,Japan,Midfielder,5049.0,True,33889,pre_world_cup,48,48,1.0,0,48,4163.0,,1.0,1.0,True,exact-window detailed minutes plus event-bounded exposure for known startXI appearances without a positive-minute statistics row,True,48,4163.0,46,46,0,0.0,0,0.0,1.0,exact_window_known_minutes_v2_event_bounded,False,False,0.0,0,4163.0,benchmark
Kim Jin-Gyu,South Korea,Midfielder,2665.0,True,34168,annual_current,37,37,1.0,0,34,2402.0,,1.0,1.0,True,exact-window provider minutes plus deterministic exposure reconstructed from complete two-team lineups and substitution/red-card events; frozen 80% fixture and minute thresholds unchanged,False,34,2402.0,30,30,0,0.0,0,0.0,1.0,exact_window_known_minutes_v3_complete_lineup_event_reconstruction,True,False,746.0,10,1656.0,benchmark_and_avatar
Kim Jin-Gyu,South Korea,Midfielder,2665.0,True,34168,pre_world_cup,36,36,1.0,0,35,2573.0,,1.0,1.0,True,exact-window provider minutes plus deterministic exposure reconstructed from complete two-team lineups and substitution/red-card events; frozen 80% fixture and minute thresholds unchanged,True,35,2573.0,33,33,0,0.0,0,0.0,1.0,exact_window_known_minutes_v3_complete_lineup_event_reconstruction,False,False,980.0,13,1593.0,benchmark_and_avatar
Cho Gue-Sung,South Korea,Attacker,2327.0,True,34211,annual_current,51,51,1.0,0,37,2009.0,,1.0,1.0,True,exact-window detailed minutes plus event-bounded exposure for known startXI appearances without a positive-minute statistics row,True,37,2009.0,22,22,0,0.0,0,0.0,1.0,exact_window_known_minutes_v2_event_bounded,False,False,0.0,0,2009.0,benchmark
Cho Gue-Sung,South Korea,Attacker,2327.0,True,34211,pre_world_cup,48,48,1.0,0,35,1980.0,,1.0,1.0,True,exact-window detailed minutes plus event-bounded exposure for known startXI appearances without a positive-minute statistics row,True,35,1980.0,22,22,0,0.0,0,0.0,1.0,exact_window_known_minutes_v2_event_bounded,False,False,0.0,0,1980.0,benchmark
Song Bum-Keun,South Korea,Goalkeeper,2475.0,True,34374,annual_current,37,37,1.0,0,32,2880.0,,1.0,1.0,True,exact-window provider minutes plus deterministic exposure reconstructed from complete two-team lineups and substitution/red-card events; frozen 80% fixture and minute thresholds unchanged,True,32,2880.0,32,32,0,0.0,0,0.0,1.0,exact_window_known_minutes_v3_complete_lineup_event_reconstruction,False,False,900.0,10,1980.0,benchmark
Song Bum-Keun,South Korea,Goalkeeper,2475.0,True,34374,pre_world_cup,36,36,1.0,0,35,3150.0,,1.0,1.0,True,exact-window provider minutes plus deterministic exposure reconstructed from complete two-team lineups and substitution/red-card events; frozen 80% fixture and minute thresholds unchanged,True,35,3150.0,35,35,0,0.0,0,0.0,1.0,exact_window_known_minutes_v3_complete_lineup_event_reconstruction,False,False,1170.0,13,1980.0,benchmark
Kim Tae-Hyeon,South Korea,Defender,4204.0,True,34418,annual_current,38,38,1.0,0,29,2616.0,,1.0,1.0,True,exact-window detailed minutes plus event-bounded exposure for known startXI appearances without a positive-minute statistics row,False,29,2616.0,29,29,0,0.0,0,0.0,1.0,exact_window_known_minutes_v2_event_bounded,True,False,0.0,0,2616.0,benchmark
Kim Tae-Hyeon,South Korea,Defender,4204.0,True,34418,pre_world_cup,39,39,1.0,0,33,2976.0,,1.0,1.0,True,exact-window detailed minutes plus event-bounded exposure for known startXI appearances without a positive-minute statistics row,True,33,2976.0,33,33,0,0.0,0,0.0,1.0,exact_window_known_minutes_v2_event_bounded,False,False,0.0,0,2976.0,benchmark
Lee Dong-Gyeong,South Korea,Attacker,2714.0,True,34431,annual_current,62,62,1.0,0,32,2463.0,,1.0,1.0,True,exact-window provider minutes plus deterministic exposure reconstructed from complete two-team lineups and substitution/red-card events; frozen 80% fixture and minute thresholds unchanged,False,32,2463.0,24,24,0,0.0,0,0.0,1.0,exact_window_known_minutes_v3_complete_lineup_event_reconstruction,True,False,593.0,7,1870.0,benchmark_and_avatar
Lee Dong-Gyeong,South Korea,Attacker,2714.0,True,34431,pre_world_cup,62,62,1.0,0,35,2748.0,,1.0,1.0,True,exact-window provider minutes plus deterministic exposure reconstructed from complete two-team lineups and substitution/red-card events; frozen 80% fixture and minute thresholds unchanged,True,35,2748.0,27,27,0,0.0,0,0.0,1.0,exact_window_known_minutes_v3_complete_lineup_event_reconstruction,False,False,850.0,10,1898.0,benchmark_and_avatar
Oh Hyeon-Gyu,South Korea,Attacker,3676.0,True,34710,annual_current,98,96,0.979591836734694,2,46,3098.0,,1.0,1.0,True,exact-window detailed minutes plus event-bounded exposure for known startXI appearances without a positive-minute statistics row,True,46,3098.0,35,35,0,0.0,0,0.0,1.0,exact_window_known_minutes_v2_event_bounded,False,False,0.0,0,3098.0,benchmark
Oh Hyeon-Gyu,South Korea,Attacker,3676.0,True,34710,pre_world_cup,95,93,0.9789473684210528,2,43,2970.0,,1.0,1.0,True,exact-window detailed minutes plus event-bounded exposure for known startXI appearances without a positive-minute statistics row,True,43,2970.0,34,34,0,0.0,0,0.0,1.0,exact_window_known_minutes_v2_event_bounded,False,False,0.0,0,2970.0,benchmark
J. Quiñones,Mexico,Midfielder,3625.0,True,35532,annual_current,39,39,1.0,0,36,3138.0,,1.0,1.0,True,exact-window detailed minutes plus event-bounded exposure for known startXI appearances without a positive-minute statistics row,True,36,3138.0,36,36,0,0.0,0,0.0,1.0,exact_window_known_minutes_v2_event_bounded,False,False,0.0,0,3138.0,benchmark_and_avatar
J. Quiñones,Mexico,Midfielder,3625.0,True,35532,pre_world_cup,40,40,1.0,0,35,2841.0,,1.0,1.0,True,exact-window detailed minutes plus event-bounded exposure for known startXI appearances without a positive-minute statistics row,True,35,2841.0,32,32,0,0.0,0,0.0,1.0,exact_window_known_minutes_v2_event_bounded,False,False,0.0,0,2841.0,benchmark_and_avatar
E. Valencia,Ecuador,Attacker,3881.0,True,35533,annual_current,74,74,1.0,0,35,2010.0,,1.0,1.0,True,exact-window detailed minutes plus event-bounded exposure for known startXI appearances without a positive-minute statistics row,False,35,2010.0,23,23,0,0.0,0,0.0,1.0,exact_window_known_minutes_v2_event_bounded,True,False,0.0,0,2010.0,benchmark
E. Valencia,Ecuador,Attacker,3881.0,True,35533,pre_world_cup,74,74,1.0,0,34,1792.0,,1.0,1.0,True,exact-window detailed minutes plus event-bounded exposure for known startXI appearances without a positive-minute statistics row,True,34,1792.0,19,19,0,0.0,0,0.0,1.0,exact_window_known_minutes_v2_event_bounded,False,False,0.0,0,1792.0,benchmark
J. Vásquez,Mexico,Defender,4844.0,True,35544,annual_current,46,46,1.0,0,43,3864.0,,1.0,1.0,True,exact-window detailed minutes plus event-bounded exposure for known startXI appearances without a positive-minute statistics row,False,43,3864.0,43,43,0,0.0,0,0.0,1.0,exact_window_known_minutes_v2_event_bounded,True,False,0.0,0,3864.0,benchmark
J. Vásquez,Mexico,Defender,4844.0,True,35544,pre_world_cup,47,47,1.0,0,44,3935.0,,1.0,1.0,True,exact-window detailed minutes plus event-bounded exposure for known startXI appearances without a positive-minute statistics row,True,44,3935.0,44,44,0,0.0,0,0.0,1.0,exact_window_known_minutes_v2_event_bounded,False,False,0.0,0,3935.0,benchmark
S. Eustáquio,Canada,Midfielder,2087.0,True,35570,annual_current,80,80,1.0,0,32,1542.0,,0.9448529411764706,0.9448529411764706,True,exact-window detailed minutes plus event-bounded exposure for known startXI appearances without a positive-minute statistics row,False,32,1542.0,16,15,1,90.0,0,0.0,0.9448529411764706,exact_window_known_minutes_v2_event_bounded,True,False,0.0,0,1542.0,benchmark
S. Eustáquio,Canada,Midfielder,2087.0,True,35570,pre_world_cup,82,80,0.975609756097561,2,28,1156.0,,0.92776886035313,0.92776886035313,True,exact-window detailed minutes plus event-bounded exposure for known startXI appearances without a positive-minute statistics row,True,28,1156.0,12,11,1,90.0,0,0.0,0.92776886035313,exact_window_known_minutes_v2_event_bounded,False,False,0.0,0,1156.0,benchmark
O. Pineda,Mexico,Midfielder,4052.0,True,35576,annual_current,53,53,1.0,0,45,3543.0,,0.921935987509758,0.921935987509758,True,exact-window detailed minutes plus event-bounded exposure for known startXI appearances without a positive-minute statistics row,True,45,3543.0,43,40,3,300.0,0,0.0,0.921935987509758,exact_window_known_minutes_v2_event_bounded,False,False,0.0,0,3543.0,benchmark
O. Pineda,Mexico,Midfielder,4052.0,True,35576,pre_world_cup,54,54,1.0,0,47,3600.0,,0.9230769230769232,0.9230769230769232,True,exact-window detailed minutes plus event-bounded exposure for known startXI appearances without a positive-minute statistics row,True,47,3600.0,44,41,3,300.0,0,0.0,0.9230769230769232,exact_window_known_minutes_v2_event_bounded,False,False,0.0,0,3600.0,benchmark
C. Acevedo,Mexico,Goalkeeper,3081.0,True,35769,annual_current,40,40,1.0,0,32,2856.0,,1.0,1.0,True,exact-window detailed minutes plus event-bounded exposure for known startXI appearances without a positive-minute statistics row,True,32,2856.0,32,32,0,0.0,0,0.0,1.0,exact_window_known_minutes_v2_event_bounded,False,False,0.0,0,2856.0,benchmark
C. Acevedo,Mexico,Goalkeeper,3081.0,True,35769,pre_world_cup,37,37,1.0,0,34,3036.0,,1.0,1.0,True,exact-window detailed minutes plus event-bounded exposure for known startXI appearances without a positive-minute statistics row,True,34,3036.0,34,34,0,0.0,0,0.0,1.0,exact_window_known_minutes_v2_event_bounded,False,False,0.0,0,3036.0,benchmark
A. Zendejas,USA,Attacker,3234.0,True,35885,annual_current,50,50,1.0,0,33,2378.0,,1.0,1.0,True,exact-window detailed minutes plus event-bounded exposure for known startXI appearances without a positive-minute statistics row,False,33,2378.0,26,26,0,0.0,0,0.0,1.0,exact_window_known_minutes_v2_event_bounded,True,False,0.0,0,2378.0,benchmark_and_avatar
A. Zendejas,USA,Attacker,3234.0,True,35885,pre_world_cup,47,47,1.0,0,34,2544.0,,1.0,1.0,True,exact-window detailed minutes plus event-bounded exposure for known startXI appearances without a positive-minute statistics row,True,34,2544.0,28,28,0,0.0,0,0.0,1.0,exact_window_known_minutes_v2_event_bounded,False,False,0.0,0,2544.0,benchmark_and_avatar
L. Romo,Mexico,Midfielder,3586.0,True,35970,annual_current,48,48,1.0,0,34,2918.0,,0.9700797872340424,0.9700797872340424,True,exact-window detailed minutes plus event-bounded exposure for known startXI appearances without a positive-minute statistics row,True,34,2918.0,35,34,1,90.0,0,0.0,0.9700797872340424,exact_window_known_minutes_v2_event_bounded,False,False,0.0,0,2918.0,benchmark
L. Romo,Mexico,Midfielder,3586.0,True,35970,pre_world_cup,43,43,1.0,0,30,2650.0,,0.9671532846715328,0.9671532846715328,True,exact-window detailed minutes plus event-bounded exposure for known startXI appearances without a positive-minute statistics row,True,30,2650.0,31,30,1,90.0,0,0.0,0.9671532846715328,exact_window_known_minutes_v2_event_bounded,False,False,0.0,0,2650.0,benchmark
G. Martínez,Mexico,Attacker,2041.0,True,36088,annual_current,50,50,1.0,0,30,1501.0,,1.0,1.0,True,exact-window detailed minutes plus event-bounded exposure for known startXI appearances without a positive-minute statistics row,False,30,1501.0,14,14,0,0.0,0,0.0,1.0,exact_window_known_minutes_v2_event_bounded,True,False,0.0,0,1501.0,benchmark
G. Martínez,Mexico,Attacker,2041.0,True,36088,pre_world_cup,46,46,1.0,0,29,1506.0,,1.0,1.0,True,exact-window detailed minutes plus event-bounded exposure for known startXI appearances without a positive-minute statistics row,True,29,1506.0,14,14,0,0.0,0,0.0,1.0,exact_window_known_minutes_v2_event_bounded,False,False,0.0,0,1506.0,benchmark
S. Rahimi,Morocco,Attacker,2185.0,True,36579,annual_current,39,39,1.0,0,25,1605.0,,1.0,1.0,True,exact-window provider minutes plus deterministic exposure reconstructed from complete two-team lineups and substitution/red-card events; frozen 80% fixture and minute thresholds unchanged,False,25,1605.0,17,17,0,0.0,0,0.0,1.0,exact_window_known_minutes_v3_complete_lineup_event_reconstruction,True,False,462.0,6,1143.0,benchmark
S. Rahimi,Morocco,Attacker,2185.0,True,36579,pre_world_cup,36,36,1.0,0,22,1653.0,,1.0,1.0,True,exact-window provider minutes plus deterministic exposure reconstructed from complete two-team lineups and substitution/red-card events; frozen 80% fixture and minute thresholds unchanged,True,22,1653.0,20,20,0,0.0,0,0.0,1.0,exact_window_known_minutes_v3_complete_lineup_event_reconstruction,False,False,462.0,6,1191.0,benchmark
M. Woud,New Zealand,Goalkeeper,2481.0,True,36777,annual_current,33,33,1.0,0,28,2481.0,,1.0,1.0,True,exact-window detailed minutes plus event-bounded exposure for known startXI appearances without a positive-minute statistics row,True,28,2481.0,27,27,0,0.0,0,0.0,1.0,exact_window_known_minutes_v2_event_bounded,False,False,0.0,0,2481.0,benchmark
M. Woud,New Zealand,Goalkeeper,2481.0,True,36777,pre_world_cup,30,30,1.0,0,28,2481.0,,1.0,1.0,True,exact-window detailed minutes plus event-bounded exposure for known startXI appearances without a positive-minute statistics row,True,28,2481.0,27,27,0,0.0,0,0.0,1.0,exact_window_known_minutes_v2_event_bounded,False,False,0.0,0,2481.0,benchmark
G. Roemeratoe,Curaçao,Midfielder,2769.0,True,36842,annual_current,54,54,1.0,0,39,2518.0,,0.9654907975460124,0.9654907975460124,True,exact-window detailed minutes plus event-bounded exposure for known startXI appearances without a positive-minute statistics row,True,39,2518.0,31,30,1,90.0,0,0.0,0.9654907975460124,exact_window_known_minutes_v2_event_bounded,False,False,0.0,0,2518.0,benchmark
G. Roemeratoe,Curaçao,Midfielder,2769.0,True,36842,pre_world_cup,54,54,1.0,0,41,2640.0,,0.967032967032967,0.967032967032967,True,exact-window detailed minutes plus event-bounded exposure for known startXI appearances without a positive-minute statistics row,True,41,2640.0,32,31,1,90.0,0,0.0,0.967032967032967,exact_window_known_minutes_v2_event_bounded,False,False,0.0,0,2640.0,benchmark
T. Koopmeiners,Netherlands,Midfielder,3238.0,True,36899,annual_current,54,54,1.0,0,49,2803.0,,1.0,1.0,True,exact-window detailed minutes plus event-bounded exposure for known startXI appearances without a positive-minute statistics row,True,49,2803.0,28,28,0,0.0,0,0.0,1.0,exact_window_known_minutes_v2_event_bounded,False,False,0.0,0,2803.0,benchmark
T. Koopmeiners,Netherlands,Midfielder,3238.0,True,36899,pre_world_cup,54,54,1.0,0,49,2834.0,,1.0,1.0,True,exact-window detailed minutes plus event-bounded exposure for known startXI appearances without a positive-minute statistics row,True,49,2834.0,29,29,0,0.0,0,0.0,1.0,exact_window_known_minutes_v2_event_bounded,False,False,0.0,0,2834.0,benchmark
T. Reijnders,Netherlands,Midfielder,3807.0,True,36902,annual_current,64,64,1.0,0,50,3015.0,,1.0,1.0,True,exact-window detailed minutes plus event-bounded exposure for known startXI appearances without a positive-minute statistics row,False,50,3015.0,34,34,0,0.0,0,0.0,1.0,exact_window_known_minutes_v2_event_bounded,True,False,0.0,0,3015.0,benchmark
T. Reijnders,Netherlands,Midfielder,3807.0,True,36902,pre_world_cup,64,64,1.0,0,50,3084.0,,1.0,1.0,True,exact-window detailed minutes plus event-bounded exposure for known startXI appearances without a positive-minute statistics row,True,50,3084.0,34,34,0,0.0,0,0.0,1.0,exact_window_known_minutes_v2_event_bounded,False,False,0.0,0,3084.0,benchmark
G. Til,Netherlands,Midfielder,3050.0,True,36905,annual_current,50,50,1.0,0,40,2990.0,,1.0,1.0,True,exact-window detailed minutes plus event-bounded exposure for known startXI appearances without a positive-minute statistics row,True,40,2990.0,34,34,0,0.0,0,0.0,1.0,exact_window_known_minutes_v2_event_bounded,False,False,0.0,0,2990.0,benchmark
G. Til,Netherlands,Midfielder,3050.0,True,36905,pre_world_cup,46,46,1.0,0,39,2959.0,,1.0,1.0,True,exact-window detailed minutes plus event-bounded exposure for known startXI appearances without a positive-minute statistics row,True,39,2959.0,34,34,0,0.0,0,0.0,1.0,exact_window_known_minutes_v2_event_bounded,False,False,0.0,0,2959.0,benchmark
S. Floranus,Curaçao,Defender,4349.0,True,36970,annual_current,45,45,1.0,0,42,3711.0,,1.0,1.0,True,exact-window detailed minutes plus event-bounded exposure for known startXI appearances without a positive-minute statistics row,True,42,3711.0,42,42,0,0.0,0,0.0,1.0,exact_window_known_minutes_v2_event_bounded,False,False,0.0,0,3711.0,benchmark
S. Floranus,Curaçao,Defender,4349.0,True,36970,pre_world_cup,45,45,1.0,0,42,3716.0,,1.0,1.0,True,exact-window detailed minutes plus event-bounded exposure for known startXI appearances without a positive-minute statistics row,True,42,3716.0,42,42,0,0.0,0,0.0,1.0,exact_window_known_minutes_v2_event_bounded,False,False,0.0,0,3716.0,benchmark
R. van Eijma,Curaçao,Defender,2941.0,True,37066,annual_current,54,54,1.0,0,34,2442.0,,0.920814479638009,0.920814479638009,True,exact-window detailed minutes plus event-bounded exposure for known startXI appearances without a positive-minute statistics row,True,34,2442.0,28,26,2,210.0,0,0.0,0.920814479638009,exact_window_known_minutes_v2_event_bounded,False,False,0.0,0,2442.0,benchmark
R. van Eijma,Curaçao,Defender,2941.0,True,37066,pre_world_cup,54,54,1.0,0,36,2703.0,,0.9279093717816684,0.9279093717816684,True,exact-window detailed minutes plus event-bounded exposure for known startXI appearances without a positive-minute statistics row,True,36,2703.0,31,29,2,210.0,0,0.0,0.9279093717816684,exact_window_known_minutes_v2_event_bounded,False,False,0.0,0,2703.0,benchmark
M. Ødegaard,Norway,Midfielder,2911.0,True,37127,annual_current,69,69,1.0,0,41,2454.0,,1.0,1.0,True,exact-window detailed minutes plus event-bounded exposure for known startXI appearances without a positive-minute statistics row,True,41,2454.0,28,28,0,0.0,0,0.0,1.0,exact_window_known_minutes_v2_event_bounded,False,False,0.0,0,2454.0,benchmark
M. Ødegaard,Norway,Midfielder,2911.0,True,37127,pre_world_cup,63,63,1.0,0,36,1983.0,,1.0,1.0,True,exact-window detailed minutes plus event-bounded exposure for known startXI appearances without a positive-minute statistics row,True,36,1983.0,23,23,0,0.0,0,0.0,1.0,exact_window_known_minutes_v2_event_bounded,False,False,0.0,0,1983.0,benchmark
L. Geertruida,Netherlands,Defender,1993.0,True,37143,annual_current,83,83,1.0,0,30,1882.0,,1.0,1.0,True,exact-window detailed minutes plus event-bounded exposure for known startXI appearances without a positive-minute statistics row,True,30,1882.0,19,19,0,0.0,0,0.0,1.0,exact_window_known_minutes_v2_event_bounded,False,False,0.0,0,1882.0,benchmark
L. Geertruida,Netherlands,Defender,1993.0,True,37143,pre_world_cup,79,79,1.0,0,30,1882.0,,1.0,1.0,True,exact-window detailed minutes plus event-bounded exposure for known startXI appearances without a positive-minute statistics row,True,30,1882.0,19,19,0,0.0,0,0.0,1.0,exact_window_known_minutes_v2_event_bounded,False,False,0.0,0,1882.0,benchmark
O. Kokçu,Türkiye,Midfielder,3582.0,True,37155,annual_current,49,47,0.9591836734693876,2,39,3163.0,,0.9813838039094012,0.9813838039094012,True,exact-window detailed minutes plus event-bounded exposure for known startXI appearances without a positive-minute statistics row,True,39,3163.0,38,37,1,60.0,1,60.0,0.9813838039094012,exact_window_known_minutes_v2_event_bounded,False,False,0.0,0,3163.0,benchmark_and_avatar
O. Kokçu,Türkiye,Midfielder,3582.0,True,37155,pre_world_cup,50,48,0.96,2,40,3210.0,,0.981651376146789,0.981651376146789,True,exact-window detailed minutes plus event-bounded exposure for known startXI appearances without a positive-minute statistics row,True,40,3210.0,38,37,1,60.0,1,60.0,0.981651376146789,exact_window_known_minutes_v2_event_bounded,False,False,0.0,0,3210.0,benchmark_and_avatar
B. Kuwas,Curaçao,Attacker,2376.0,True,37272,annual_current,47,47,1.0,0,36,2299.0,,1.0,1.0,True,exact-window detailed minutes plus event-bounded exposure for known startXI appearances without a positive-minute statistics row,True,36,2299.0,26,26,0,0.0,0,0.0,1.0,exact_window_known_minutes_v2_event_bounded,False,False,0.0,0,2299.0,benchmark
B. Kuwas,Curaçao,Attacker,2376.0,True,37272,pre_world_cup,47,47,1.0,0,37,2316.0,,1.0,1.0,True,exact-window detailed minutes plus event-bounded exposure for known startXI appearances without a positive-minute statistics row,True,37,2316.0,26,26,0,0.0,0,0.0,1.0,exact_window_known_minutes_v2_event_bounded,False,False,0.0,0,2316.0,benchmark
Deroy Duarte,Cape Verde Islands,Midfielder,3100.0,True,37435,annual_current,57,57,1.0,0,48,3685.0,,1.0,1.0,True,exact-window provider minutes plus deterministic exposure reconstructed from complete two-team lineups and substitution/red-card events; frozen 80% fixture and minute thresholds unchanged,True,48,3685.0,42,42,0,0.0,0,0.0,1.0,exact_window_known_minutes_v3_complete_lineup_event_reconstruction,False,False,882.0,11,2803.0,benchmark
Deroy Duarte,Cape Verde Islands,Midfielder,3100.0,True,37435,pre_world_cup,55,55,1.0,0,44,3421.0,,1.0,1.0,True,exact-window provider minutes plus deterministic exposure reconstructed from complete two-team lineups and substitution/red-card events; frozen 80% fixture and minute thresholds unchanged,True,44,3421.0,40,40,0,0.0,0,0.0,1.0,exact_window_known_minutes_v3_complete_lineup_event_reconstruction,False,False,882.0,11,2539.0,benchmark
L. Duarte,Cape Verde Islands,Midfielder,4102.0,True,37436,annual_current,39,39,1.0,0,30,2298.0,,0.8175026680896478,0.8175026680896478,True,exact-window detailed minutes plus event-bounded exposure for known startXI appearances without a positive-minute statistics row,False,30,2298.0,32,26,6,513.0,3,243.0,0.8175026680896478,exact_window_known_minutes_v2_event_bounded,True,False,0.0,0,2298.0,benchmark
L. Duarte,Cape Verde Islands,Midfielder,4102.0,True,37436,pre_world_cup,35,35,1.0,0,26,2132.0,,0.8060491493383742,0.8060491493383742,True,exact-window detailed minutes plus event-bounded exposure for known startXI appearances without a positive-minute statistics row,True,26,2132.0,30,24,6,513.0,3,243.0,0.8060491493383742,exact_window_known_minutes_v2_event_bounded,False,False,0.0,0,2132.0,benchmark
K. Felida,Curaçao,Midfielder,3449.0,True,37461,annual_current,52,52,1.0,0,37,3213.0,,0.946949602122016,0.946949602122016,True,exact-window detailed minutes plus event-bounded exposure for known startXI appearances without a positive-minute statistics row,True,37,3213.0,37,35,2,180.0,0,0.0,0.946949602122016,exact_window_known_minutes_v2_event_bounded,False,False,0.0,0,3213.0,benchmark
K. Felida,Curaçao,Midfielder,3449.0,True,37461,pre_world_cup,52,52,1.0,0,37,3213.0,,0.946949602122016,0.946949602122016,True,exact-window detailed minutes plus event-bounded exposure for known startXI appearances without a positive-minute statistics row,True,37,3213.0,37,35,2,180.0,0,0.0,0.946949602122016,exact_window_known_minutes_v2_event_bounded,False,False,0.0,0,3213.0,benchmark
C. Summerville,Netherlands,Attacker,3252.0,True,37724,annual_current,46,44,0.9565217391304348,2,36,2808.0,,1.0,1.0,True,exact-window detailed minutes plus event-bounded exposure for known startXI appearances without a positive-minute statistics row,True,36,2808.0,31,31,0,0.0,0,0.0,1.0,exact_window_known_minutes_v2_event_bounded,False,False,0.0,0,2808.0,benchmark
C. Summerville,Netherlands,Attacker,3252.0,True,37724,pre_world_cup,42,40,0.9523809523809524,2,32,2555.0,,1.0,1.0,True,exact-window detailed minutes plus event-bounded exposure for known startXI appearances without a positive-minute statistics row,True,32,2555.0,29,29,0,0.0,0,0.0,1.0,exact_window_known_minutes_v2_event_bounded,False,False,0.0,0,2555.0,benchmark
D. Eckert Ayensa,Iran,Attacker,1987.0,True,37892,annual_current,43,43,1.0,0,35,1987.0,,1.0,1.0,True,exact-window detailed minutes plus event-bounded exposure for known startXI appearances without a positive-minute statistics row,True,35,1987.0,23,23,0,0.0,0,0.0,1.0,exact_window_known_minutes_v2_event_bounded,False,False,0.0,0,1987.0,benchmark
D. Eckert Ayensa,Iran,Attacker,1987.0,True,37892,pre_world_cup,40,40,1.0,0,35,1987.0,,1.0,1.0,True,exact-window detailed minutes plus event-bounded exposure for known startXI appearances without a positive-minute statistics row,True,35,1987.0,23,23,0,0.0,0,0.0,1.0,exact_window_known_minutes_v2_event_bounded,False,False,0.0,0,1987.0,benchmark
K. Itakura,Japan,Defender,3158.0,True,38114,annual_current,50,50,1.0,0,28,2044.0,,1.0,1.0,True,exact-window detailed minutes plus event-bounded exposure for known startXI appearances without a positive-minute statistics row,False,28,2044.0,24,24,0,0.0,0,0.0,1.0,exact_window_known_minutes_v2_event_bounded,True,False,0.0,0,2044.0,benchmark
K. Itakura,Japan,Defender,3158.0,True,38114,pre_world_cup,46,46,1.0,0,26,1915.0,,1.0,1.0,True,exact-window detailed minutes plus event-bounded exposure for known startXI appearances without a positive-minute statistics row,True,26,1915.0,22,22,0,0.0,0,0.0,1.0,exact_window_known_minutes_v2_event_bounded,False,False,0.0,0,1915.0,benchmark
A. Hrustic,Australia,Midfielder,3042.0,True,38123,annual_current,41,41,1.0,0,32,2600.0,,1.0,1.0,True,exact-window detailed minutes plus event-bounded exposure for known startXI appearances without a positive-minute statistics row,True,32,2600.0,28,28,0,0.0,0,0.0,1.0,exact_window_known_minutes_v2_event_bounded,False,False,0.0,0,2600.0,benchmark
A. Hrustic,Australia,Midfielder,3042.0,True,38123,pre_world_cup,37,37,1.0,0,30,2522.0,,1.0,1.0,True,exact-window detailed minutes plus event-bounded exposure for known startXI appearances without a positive-minute statistics row,True,30,2522.0,28,28,0,0.0,0,0.0,1.0,exact_window_known_minutes_v2_event_bounded,False,False,0.0,0,2522.0,benchmark
J. van Hecke,Netherlands,Defender,4093.0,True,38695,annual_current,47,47,1.0,0,44,3801.0,,1.0,1.0,True,exact-window detailed minutes plus event-bounded exposure for known startXI appearances without a positive-minute statistics row,True,44,3801.0,42,42,0,0.0,0,0.0,1.0,exact_window_known_minutes_v2_event_bounded,False,False,0.0,0,3801.0,benchmark_and_avatar
J. van Hecke,Netherlands,Defender,4093.0,True,38695,pre_world_cup,43,43,1.0,0,40,3411.0,,1.0,1.0,True,exact-window detailed minutes plus event-bounded exposure for known startXI appearances without a positive-minute statistics row,True,40,3411.0,38,38,0,0.0,0,0.0,1.0,exact_window_known_minutes_v2_event_bounded,False,False,0.0,0,3411.0,benchmark_and_avatar
S. Dest,USA,Attacker,3524.0,True,38735,annual_current,51,51,1.0,0,42,3217.0,,1.0,1.0,True,exact-window detailed minutes plus event-bounded exposure for known startXI appearances without a positive-minute statistics row,True,42,3217.0,39,39,0,0.0,0,0.0,1.0,exact_window_known_minutes_v2_event_bounded,False,False,0.0,0,3217.0,benchmark
S. Dest,USA,Attacker,3524.0,True,38735,pre_world_cup,46,46,1.0,0,37,2919.0,,1.0,1.0,True,exact-window detailed minutes plus event-bounded exposure for known startXI appearances without a positive-minute statistics row,True,37,2919.0,35,35,0,0.0,0,0.0,1.0,exact_window_known_minutes_v2_event_bounded,False,False,0.0,0,2919.0,benchmark
Q. Timber,Netherlands,Midfielder,3247.0,True,38747,annual_current,87,87,1.0,0,42,3032.0,,1.0,1.0,True,exact-window detailed minutes plus event-bounded exposure for known startXI appearances without a positive-minute statistics row,True,42,3032.0,35,35,0,0.0,0,0.0,1.0,exact_window_known_minutes_v2_event_bounded,False,False,0.0,0,3032.0,benchmark
Q. Timber,Netherlands,Midfielder,3247.0,True,38747,pre_world_cup,83,83,1.0,0,40,2978.0,,1.0,1.0,True,exact-window detailed minutes plus event-bounded exposure for known startXI appearances without a positive-minute statistics row,True,40,2978.0,35,35,0,0.0,0,0.0,1.0,exact_window_known_minutes_v2_event_bounded,False,False,0.0,0,2978.0,benchmark
B. Brobbey,Netherlands,Attacker,2387.0,True,38750,annual_current,81,81,1.0,0,36,2210.0,,1.0,1.0,True,exact-window detailed minutes plus event-bounded exposure for known startXI appearances without a positive-minute statistics row,True,36,2210.0,25,25,0,0.0,0,0.0,1.0,exact_window_known_minutes_v2_event_bounded,False,False,0.0,0,2210.0,benchmark
B. Brobbey,Netherlands,Attacker,2387.0,True,38750,pre_world_cup,77,77,1.0,0,32,1978.0,,1.0,1.0,True,exact-window detailed minutes plus event-bounded exposure for known startXI appearances without a positive-minute statistics row,True,32,1978.0,22,22,0,0.0,0,0.0,1.0,exact_window_known_minutes_v2_event_bounded,False,False,0.0,0,1978.0,benchmark
F. Aursnes,Norway,Defender,4870.0,True,39043,annual_current,58,58,1.0,0,51,4061.0,,1.0,1.0,True,exact-window detailed minutes plus event-bounded exposure for known startXI appearances without a positive-minute statistics row,True,51,4061.0,45,45,0,0.0,0,0.0,1.0,exact_window_known_minutes_v2_event_bounded,False,False,0.0,0,4061.0,benchmark_and_avatar
F. Aursnes,Norway,Defender,4870.0,True,39043,pre_world_cup,56,56,1.0,0,49,4088.0,,1.0,1.0,True,exact-window detailed minutes plus event-bounded exposure for known startXI appearances without a positive-minute statistics row,True,49,4088.0,46,46,0,0.0,0,0.0,1.0,exact_window_known_minutes_v2_event_bounded,False,False,0.0,0,4088.0,benchmark_and_avatar
F. Bjørkan,Norway,Defender,4308.0,True,39058,annual_current,50,50,1.0,0,40,3086.0,,1.0,1.0,True,exact-window detailed minutes plus event-bounded exposure for known startXI appearances without a positive-minute statistics row,False,40,3086.0,36,36,0,0.0,0,0.0,1.0,exact_window_known_minutes_v2_event_bounded,True,False,0.0,0,3086.0,benchmark
F. Bjørkan,Norway,Defender,4308.0,True,39058,pre_world_cup,47,43,0.9148936170212766,4,40,3203.0,,1.0,1.0,True,exact-window detailed minutes plus event-bounded exposure for known startXI appearances without a positive-minute statistics row,True,40,3203.0,37,37,0,0.0,0,0.0,1.0,exact_window_known_minutes_v2_event_bounded,False,False,0.0,0,3203.0,benchmark
P. Berg,Norway,Midfielder,5174.0,True,39064,annual_current,50,50,1.0,0,48,3911.0,,1.0,1.0,True,exact-window detailed minutes plus event-bounded exposure for known startXI appearances without a positive-minute statistics row,False,48,3911.0,42,42,0,0.0,0,0.0,1.0,exact_window_known_minutes_v2_event_bounded,True,False,0.0,0,3911.0,benchmark_and_avatar
P. Berg,Norway,Midfielder,5174.0,True,39064,pre_world_cup,47,43,0.9148936170212766,4,43,3626.0,,1.0,1.0,True,exact-window detailed minutes plus event-bounded exposure for known startXI appearances without a positive-minute statistics row,True,43,3626.0,40,40,0,0.0,0,0.0,1.0,exact_window_known_minutes_v2_event_bounded,False,False,0.0,0,3626.0,benchmark_and_avatar
J. Hauge,Norway,Midfielder,4267.0,True,39073,annual_current,50,50,1.0,0,42,3211.0,,1.0,1.0,True,exact-window detailed minutes plus event-bounded exposure for known startXI appearances without a positive-minute statistics row,False,42,3211.0,39,39,0,0.0,0,0.0,1.0,exact_window_known_minutes_v2_event_bounded,True,False,0.0,0,3211.0,benchmark
J. Hauge,Norway,Midfielder,4267.0,True,39073,pre_world_cup,47,43,0.9148936170212766,4,42,3357.0,,1.0,1.0,True,exact-window detailed minutes plus event-bounded exposure for known startXI appearances without a positive-minute statistics row,True,42,3357.0,41,41,0,0.0,0,0.0,1.0,exact_window_known_minutes_v2_event_bounded,False,False,0.0,0,3357.0,benchmark
E. Selvik,Norway,Goalkeeper,3891.0,True,39082,annual_current,70,70,1.0,0,42,3735.0,,1.0,1.0,True,exact-window detailed minutes plus event-bounded exposure for known startXI appearances without a positive-minute statistics row,True,42,3735.0,42,42,0,0.0,0,0.0,1.0,exact_window_known_minutes_v2_event_bounded,False,False,0.0,0,3735.0,benchmark
E. Selvik,Norway,Goalkeeper,3891.0,True,39082,pre_world_cup,68,68,1.0,0,41,3645.0,,1.0,1.0,True,exact-window detailed minutes plus event-bounded exposure for known startXI appearances without a positive-minute statistics row,True,41,3645.0,41,41,0,0.0,0,0.0,1.0,exact_window_known_minutes_v2_event_bounded,False,False,0.0,0,3645.0,benchmark
K. Thorstvedt,Norway,Midfielder,3787.0,True,39143,annual_current,46,46,1.0,0,35,2541.0,,1.0,1.0,True,exact-window detailed minutes plus event-bounded exposure for known startXI appearances without a positive-minute statistics row,False,35,2541.0,28,28,0,0.0,0,0.0,1.0,exact_window_known_minutes_v2_event_bounded,True,False,0.0,0,2541.0,benchmark
K. Thorstvedt,Norway,Midfielder,3787.0,True,39143,pre_world_cup,40,40,1.0,0,33,2479.0,,1.0,1.0,True,exact-window detailed minutes plus event-bounded exposure for known startXI appearances without a positive-minute statistics row,True,33,2479.0,27,27,0,0.0,0,0.0,1.0,exact_window_known_minutes_v2_event_bounded,False,False,0.0,0,2479.0,benchmark
T. Heggem,Norway,Defender,3666.0,True,39254,annual_current,108,108,1.0,0,44,3414.0,,1.0,1.0,True,exact-window detailed minutes plus event-bounded exposure for known startXI appearances without a positive-minute statistics row,True,44,3414.0,38,38,0,0.0,0,0.0,1.0,exact_window_known_minutes_v2_event_bounded,False,False,0.0,0,3414.0,benchmark
T. Heggem,Norway,Defender,3666.0,True,39254,pre_world_cup,102,102,1.0,0,39,2970.0,,1.0,1.0,True,exact-window detailed minutes plus event-bounded exposure for known startXI appearances without a positive-minute statistics row,True,39,2970.0,33,33,0,0.0,0,0.0,1.0,exact_window_known_minutes_v2_event_bounded,False,False,0.0,0,2970.0,benchmark
M. Pedersen,Norway,Defender,2713.0,True,39362,annual_current,48,48,1.0,0,36,2577.0,,1.0,1.0,True,exact-window detailed minutes plus event-bounded exposure for known startXI appearances without a positive-minute statistics row,True,36,2577.0,27,27,0,0.0,0,0.0,1.0,exact_window_known_minutes_v2_event_bounded,False,False,0.0,0,2577.0,benchmark
M. Pedersen,Norway,Defender,2713.0,True,39362,pre_world_cup,42,42,1.0,0,32,2341.0,,1.0,1.0,True,exact-window detailed minutes plus event-bounded exposure for known startXI appearances without a positive-minute statistics row,True,32,2341.0,26,26,0,0.0,0,0.0,1.0,exact_window_known_minutes_v2_event_bounded,False,False,0.0,0,2341.0,benchmark
Trincão,Portugal,Midfielder,4291.0,True,41112,annual_current,58,58,1.0,0,50,4194.0,,1.0,1.0,True,exact-window detailed minutes plus event-bounded exposure for known startXI appearances without a positive-minute statistics row,True,50,4194.0,47,47,0,0.0,0,0.0,1.0,exact_window_known_minutes_v2_event_bounded,False,False,0.0,0,4194.0,benchmark_and_avatar
Trincão,Portugal,Midfielder,4291.0,True,41112,pre_world_cup,53,53,1.0,0,49,4167.0,,1.0,1.0,True,exact-window detailed minutes plus event-bounded exposure for known startXI appearances without a positive-minute statistics row,True,49,4167.0,47,47,0,0.0,0,0.0,1.0,exact_window_known_minutes_v2_event_bounded,False,False,0.0,0,4167.0,benchmark_and_avatar
P. Ciss,Senegal,Defender,3321.0,True,41552,annual_current,68,68,1.0,0,51,3307.0,,0.9735060347365322,0.9735060347365322,True,exact-window detailed minutes plus event-bounded exposure for known startXI appearances without a positive-minute statistics row,True,51,3307.0,34,33,1,90.0,0,0.0,0.9735060347365322,exact_window_known_minutes_v2_event_bounded,False,False,0.0,0,3307.0,benchmark
P. Ciss,Senegal,Defender,3321.0,True,41552,pre_world_cup,64,64,1.0,0,47,3116.0,,0.971927635683094,0.971927635683094,True,exact-window detailed minutes plus event-bounded exposure for known startXI appearances without a positive-minute statistics row,True,47,3116.0,33,32,1,90.0,0,0.0,0.971927635683094,exact_window_known_minutes_v2_event_bounded,False,False,0.0,0,3116.0,benchmark
Gonçalo Ramos,Portugal,Attacker,1906.0,True,41585,annual_current,61,61,1.0,0,47,1769.0,,1.0,1.0,True,exact-window detailed minutes plus event-bounded exposure for known startXI appearances without a positive-minute statistics row,True,47,1769.0,15,15,0,0.0,0,0.0,1.0,exact_window_known_minutes_v2_event_bounded,False,False,0.0,0,1769.0,benchmark
Gonçalo Ramos,Portugal,Attacker,1906.0,True,41585,pre_world_cup,56,56,1.0,0,45,1730.0,,1.0,1.0,True,exact-window detailed minutes plus event-bounded exposure for known startXI appearances without a positive-minute statistics row,True,45,1730.0,15,15,0,0.0,0,0.0,1.0,exact_window_known_minutes_v2_event_bounded,False,False,0.0,0,1730.0,benchmark
Matheus Nunes,Portugal,Midfielder,4364.0,True,41621,annual_current,65,65,1.0,0,50,4016.0,,1.0,1.0,True,exact-window detailed minutes plus event-bounded exposure for known startXI appearances without a positive-minute statistics row,True,50,4016.0,45,45,0,0.0,0,0.0,1.0,exact_window_known_minutes_v2_event_bounded,False,False,0.0,0,4016.0,benchmark
Matheus Nunes,Portugal,Midfielder,4364.0,True,41621,pre_world_cup,64,64,1.0,0,53,4249.0,,1.0,1.0,True,exact-window detailed minutes plus event-bounded exposure for known startXI appearances without a positive-minute statistics row,True,53,4249.0,48,48,0,0.0,0,0.0,1.0,exact_window_known_minutes_v2_event_bounded,False,False,0.0,0,4249.0,benchmark
K. Gorré,Curaçao,Attacker,2007.0,True,41627,annual_current,45,45,1.0,0,29,1871.0,,1.0,1.0,True,exact-window provider minutes plus deterministic exposure reconstructed from complete two-team lineups and substitution/red-card events; frozen 80% fixture and minute thresholds unchanged,False,29,1871.0,21,21,0,0.0,0,0.0,1.0,exact_window_known_minutes_v3_complete_lineup_event_reconstruction,True,False,436.0,6,1435.0,benchmark_and_avatar
K. Gorré,Curaçao,Attacker,2007.0,True,41627,pre_world_cup,45,45,1.0,0,31,2084.0,,1.0,1.0,True,exact-window provider minutes plus deterministic exposure reconstructed from complete two-team lineups and substitution/red-card events; frozen 80% fixture and minute thresholds unchanged,True,31,2084.0,24,24,0,0.0,0,0.0,1.0,exact_window_known_minutes_v3_complete_lineup_event_reconstruction,False,False,436.0,6,1648.0,benchmark_and_avatar
Márcio Rosa,Cape Verde Islands,Goalkeeper,1170.0,False,41764,annual_current,41,41,1.0,0,19,1710.0,,1.0,1.0,True,exact-window provider minutes plus deterministic exposure reconstructed from complete two-team lineups and substitution/red-card events; frozen 80% fixture and minute thresholds unchanged,True,19,1710.0,19,19,0,0.0,0,0.0,1.0,exact_window_known_minutes_v3_complete_lineup_event_reconstruction,False,False,540.0,6,1170.0,avatar_top30_pool
Márcio Rosa,Cape Verde Islands,Goalkeeper,1170.0,False,41764,pre_world_cup,37,37,1.0,0,19,1710.0,,1.0,1.0,True,exact-window provider minutes plus deterministic exposure reconstructed from complete two-team lineups and substitution/red-card events; frozen 80% fixture and minute thresholds unchanged,True,19,1710.0,19,19,0,0.0,0,0.0,1.0,exact_window_known_minutes_v3_complete_lineup_event_reconstruction,False,False,540.0,6,1170.0,avatar_top30_pool
E. Achouri,Tunisia,Midfielder,2586.0,True,42012,annual_current,54,54,1.0,0,39,2422.0,,1.0,1.0,True,exact-window detailed minutes plus event-bounded exposure for known startXI appearances without a positive-minute statistics row,True,39,2422.0,27,27,0,0.0,0,0.0,1.0,exact_window_known_minutes_v2_event_bounded,False,False,0.0,0,2422.0,benchmark
E. Achouri,Tunisia,Midfielder,2586.0,True,42012,pre_world_cup,51,51,1.0,0,36,2381.0,,1.0,1.0,True,exact-window detailed minutes plus event-bounded exposure for known startXI appearances without a positive-minute statistics row,True,36,2381.0,27,27,0,0.0,0,0.0,1.0,exact_window_known_minutes_v2_event_bounded,False,False,0.0,0,2381.0,benchmark
Meshaal Barsham,Qatar,Goalkeeper,3149.0,True,42021,annual_current,37,37,1.0,0,20,1860.0,,1.0,1.0,True,exact-window detailed minutes plus event-bounded exposure for known startXI appearances without a positive-minute statistics row,False,20,1860.0,20,20,0,0.0,0,0.0,1.0,exact_window_known_minutes_v2_event_bounded,True,False,0.0,0,1860.0,benchmark
Meshaal Barsham,Qatar,Goalkeeper,3149.0,True,42021,pre_world_cup,34,34,1.0,0,20,1860.0,,1.0,1.0,True,exact-window detailed minutes plus event-bounded exposure for known startXI appearances without a positive-minute statistics row,True,20,1860.0,20,20,0,0.0,0,0.0,1.0,exact_window_known_minutes_v2_event_bounded,False,False,0.0,0,1860.0,benchmark
Edmilson Junior,Qatar,Attacker,2489.0,True,42075,annual_current,37,37,1.0,0,23,1945.0,,0.8526961858833845,0.8526961858833845,True,exact-window detailed minutes plus event-bounded exposure for known startXI appearances without a positive-minute statistics row,False,23,1945.0,27,23,4,336.0,1,66.0,0.8526961858833845,exact_window_known_minutes_v2_event_bounded,True,False,0.0,0,1945.0,benchmark
Edmilson Junior,Qatar,Attacker,2489.0,True,42075,pre_world_cup,34,34,1.0,0,20,1733.0,,0.8376027066215563,0.8376027066215563,True,exact-window detailed minutes plus event-bounded exposure for known startXI appearances without a positive-minute statistics row,True,20,1733.0,24,20,4,336.0,1,66.0,0.8376027066215563,exact_window_known_minutes_v2_event_bounded,False,False,0.0,0,1733.0,benchmark
Mahmud Abunada,Qatar,Goalkeeper,1665.0,False,42207,annual_current,27,27,1.0,0,24,2160.0,,1.0,1.0,True,exact-window provider minutes plus deterministic exposure reconstructed from complete two-team lineups and substitution/red-card events; frozen 80% fixture and minute thresholds unchanged,True,24,2160.0,24,24,0,0.0,0,0.0,1.0,exact_window_known_minutes_v3_complete_lineup_event_reconstruction,False,False,720.0,8,1440.0,avatar_top30_pool
Mahmud Abunada,Qatar,Goalkeeper,1665.0,False,42207,pre_world_cup,24,24,1.0,0,21,1890.0,,1.0,1.0,True,exact-window provider minutes plus deterministic exposure reconstructed from complete two-team lineups and substitution/red-card events; frozen 80% fixture and minute thresholds unchanged,True,21,1890.0,21,21,0,0.0,0,0.0,1.0,exact_window_known_minutes_v3_complete_lineup_event_reconstruction,False,False,720.0,8,1170.0,avatar_top30_pool
Rebin Solaka,Iraq,Defender,1886.0,True,42261,annual_current,37,37,1.0,0,28,2045.0,,1.0,1.0,True,exact-window provider minutes plus deterministic exposure reconstructed from complete two-team lineups and substitution/red-card events; frozen 80% fixture and minute thresholds unchanged,False,28,2045.0,24,24,0,0.0,0,0.0,1.0,exact_window_known_minutes_v3_complete_lineup_event_reconstruction,True,False,899.0,11,1146.0,benchmark
Rebin Solaka,Iraq,Defender,1886.0,True,42261,pre_world_cup,34,34,1.0,0,26,2002.0,,1.0,1.0,True,exact-window provider minutes plus deterministic exposure reconstructed from complete two-team lineups and substitution/red-card events; frozen 80% fixture and minute thresholds unchanged,True,26,2002.0,23,23,0,0.0,0,0.0,1.0,exact_window_known_minutes_v3_complete_lineup_event_reconstruction,False,False,899.0,11,1103.0,benchmark
Lucas Mendes,Qatar,Defender,2005.0,True,42288,annual_current,27,27,1.0,0,18,1381.0,,1.0,1.0,True,exact-window provider minutes plus deterministic exposure reconstructed from complete two-team lineups and substitution/red-card events; frozen 80% fixture and minute thresholds unchanged,False,18,1381.0,15,15,0,0.0,0,0.0,1.0,exact_window_known_minutes_v3_complete_lineup_event_reconstruction,True,False,360.0,4,1021.0,benchmark
Lucas Mendes,Qatar,Defender,2005.0,True,42288,pre_world_cup,24,24,1.0,0,17,1368.0,,1.0,1.0,True,exact-window provider minutes plus deterministic exposure reconstructed from complete two-team lineups and substitution/red-card events; frozen 80% fixture and minute thresholds unchanged,True,17,1368.0,15,15,0,0.0,0,0.0,1.0,exact_window_known_minutes_v3_complete_lineup_event_reconstruction,False,False,360.0,4,1008.0,benchmark
M. Taremi,Iran,Attacker,2944.0,True,42315,annual_current,83,83,1.0,0,37,2006.0,,1.0,1.0,True,exact-window detailed minutes plus event-bounded exposure for known startXI appearances without a positive-minute statistics row,False,37,2006.0,21,21,0,0.0,0,0.0,1.0,exact_window_known_minutes_v2_event_bounded,True,False,0.0,0,2006.0,benchmark
M. Taremi,Iran,Attacker,2944.0,True,42315,pre_world_cup,84,84,1.0,0,34,1746.0,,1.0,1.0,True,exact-window detailed minutes plus event-bounded exposure for known startXI appearances without a positive-minute statistics row,True,34,1746.0,18,18,0,0.0,0,0.0,1.0,exact_window_known_minutes_v2_event_bounded,False,False,0.0,0,1746.0,benchmark
Abdullah Al Khaibari,Saudi Arabia,Midfielder,3489.0,True,44315,annual_current,50,50,1.0,0,44,2388.0,,1.0,1.0,True,exact-window detailed minutes plus event-bounded exposure for known startXI appearances without a positive-minute statistics row,False,44,2388.0,22,22,0,0.0,0,0.0,1.0,exact_window_known_minutes_v2_event_bounded,True,False,0.0,0,2388.0,benchmark
Abdullah Al Khaibari,Saudi Arabia,Midfielder,3489.0,True,44315,pre_world_cup,51,51,1.0,0,41,2208.0,,1.0,1.0,True,exact-window detailed minutes plus event-bounded exposure for known startXI appearances without a positive-minute statistics row,True,41,2208.0,19,19,0,0.0,0,0.0,1.0,exact_window_known_minutes_v2_event_bounded,False,False,0.0,0,2208.0,benchmark
Feras Al Brikan,Saudi Arabia,Attacker,4130.0,True,44324,annual_current,52,52,1.0,0,50,2637.0,,1.0,1.0,True,exact-window detailed minutes plus event-bounded exposure for known startXI appearances without a positive-minute statistics row,False,50,2637.0,25,25,0,0.0,0,0.0,1.0,exact_window_known_minutes_v2_event_bounded,True,False,0.0,0,2637.0,benchmark
Feras Al Brikan,Saudi Arabia,Attacker,4130.0,True,44324,pre_world_cup,53,53,1.0,0,51,2691.0,,1.0,1.0,True,exact-window detailed minutes plus event-bounded exposure for known startXI appearances without a positive-minute statistics row,True,51,2691.0,25,25,0,0.0,0,0.0,1.0,exact_window_known_minutes_v2_event_bounded,False,False,0.0,0,2691.0,benchmark
Hassan Kadesh,Saudi Arabia,Defender,3617.0,True,44335,annual_current,49,49,1.0,0,33,2745.0,,1.0,1.0,True,exact-window detailed minutes plus event-bounded exposure for known startXI appearances without a positive-minute statistics row,False,33,2745.0,32,32,0,0.0,0,0.0,1.0,exact_window_known_minutes_v2_event_bounded,True,False,0.0,0,2745.0,benchmark_and_avatar
Hassan Kadesh,Saudi Arabia,Defender,3617.0,True,44335,pre_world_cup,50,50,1.0,0,34,2777.0,,1.0,1.0,True,exact-window detailed minutes plus event-bounded exposure for known startXI appearances without a positive-minute statistics row,True,34,2777.0,33,33,0,0.0,0,0.0,1.0,exact_window_known_minutes_v2_event_bounded,False,False,0.0,0,2777.0,benchmark_and_avatar
Nasser Al Dawsari,Saudi Arabia,Midfielder,3505.0,True,44339,annual_current,48,48,1.0,0,39,2246.0,,1.0,1.0,True,exact-window detailed minutes plus event-bounded exposure for known startXI appearances without a positive-minute statistics row,False,39,2246.0,22,22,0,0.0,0,0.0,1.0,exact_window_known_minutes_v2_event_bounded,True,False,0.0,0,2246.0,benchmark
Nasser Al Dawsari,Saudi Arabia,Midfielder,3505.0,True,44339,pre_world_cup,54,54,1.0,0,41,2482.0,,1.0,1.0,True,exact-window detailed minutes plus event-bounded exposure for known startXI appearances without a positive-minute statistics row,True,41,2482.0,25,25,0,0.0,0,0.0,1.0,exact_window_known_minutes_v2_event_bounded,False,False,0.0,0,2482.0,benchmark
Salem Al Dawsari,Saudi Arabia,Midfielder,4080.0,True,44340,annual_current,48,48,1.0,0,36,2597.0,,1.0,1.0,True,exact-window detailed minutes plus event-bounded exposure for known startXI appearances without a positive-minute statistics row,False,36,2597.0,30,30,0,0.0,0,0.0,1.0,exact_window_known_minutes_v2_event_bounded,True,False,0.0,0,2597.0,benchmark
Salem Al Dawsari,Saudi Arabia,Midfielder,4080.0,True,44340,pre_world_cup,54,54,1.0,0,36,2607.0,,1.0,1.0,True,exact-window detailed minutes plus event-bounded exposure for known startXI appearances without a positive-minute statistics row,True,36,2607.0,30,30,0,0.0,0,0.0,1.0,exact_window_known_minutes_v2_event_bounded,False,False,0.0,0,2607.0,benchmark
Mohamed Kanno,Saudi Arabia,Attacker,4754.0,True,44349,annual_current,48,48,1.0,0,43,2856.0,,1.0,1.0,True,exact-window detailed minutes plus event-bounded exposure for known startXI appearances without a positive-minute statistics row,False,43,2856.0,33,33,0,0.0,0,0.0,1.0,exact_window_known_minutes_v2_event_bounded,True,False,0.0,0,2856.0,benchmark
Mohamed Kanno,Saudi Arabia,Attacker,4754.0,True,44349,pre_world_cup,54,54,1.0,0,45,2839.0,,1.0,1.0,True,exact-window detailed minutes plus event-bounded exposure for known startXI appearances without a positive-minute statistics row,True,45,2839.0,33,33,0,0.0,0,0.0,1.0,exact_window_known_minutes_v2_event_bounded,False,False,0.0,0,2839.0,benchmark
Hassan Tambakti,Saudi Arabia,Defender,5068.0,True,44362,annual_current,48,48,1.0,0,38,3102.0,,1.0,1.0,True,exact-window detailed minutes plus event-bounded exposure for known startXI appearances without a positive-minute statistics row,False,38,3102.0,37,37,0,0.0,0,0.0,1.0,exact_window_known_minutes_v2_event_bounded,True,False,0.0,0,3102.0,benchmark_and_avatar
Hassan Tambakti,Saudi Arabia,Defender,5068.0,True,44362,pre_world_cup,54,54,1.0,0,38,3144.0,,1.0,1.0,True,exact-window detailed minutes plus event-bounded exposure for known startXI appearances without a positive-minute statistics row,True,38,3144.0,37,37,0,0.0,0,0.0,1.0,exact_window_known_minutes_v2_event_bounded,False,False,0.0,0,3144.0,benchmark_and_avatar
Ali Majrashi,Saudi Arabia,Defender,3223.0,True,44367,annual_current,52,52,1.0,0,36,2723.0,,1.0,1.0,True,exact-window detailed minutes plus event-bounded exposure for known startXI appearances without a positive-minute statistics row,True,36,2723.0,33,33,0,0.0,0,0.0,1.0,exact_window_known_minutes_v2_event_bounded,False,False,0.0,0,2723.0,benchmark_and_avatar
Ali Majrashi,Saudi Arabia,Defender,3223.0,True,44367,pre_world_cup,53,53,1.0,0,39,2972.0,,1.0,1.0,True,exact-window detailed minutes plus event-bounded exposure for known startXI appearances without a positive-minute statistics row,True,39,2972.0,36,36,0,0.0,0,0.0,1.0,exact_window_known_minutes_v2_event_bounded,False,False,0.0,0,2972.0,benchmark_and_avatar
Abdulelah Al Amri,Saudi Arabia,Defender,3149.0,True,44475,annual_current,50,50,1.0,0,36,2682.0,,1.0,1.0,True,exact-window detailed minutes plus event-bounded exposure for known startXI appearances without a positive-minute statistics row,True,36,2682.0,30,30,0,0.0,0,0.0,1.0,exact_window_known_minutes_v2_event_bounded,False,False,0.0,0,2682.0,benchmark_and_avatar
Abdulelah Al Amri,Saudi Arabia,Defender,3149.0,True,44475,pre_world_cup,51,51,1.0,0,37,2765.0,,1.0,1.0,True,exact-window detailed minutes plus event-bounded exposure for known startXI appearances without a positive-minute statistics row,True,37,2765.0,31,31,0,0.0,0,0.0,1.0,exact_window_known_minutes_v2_event_bounded,False,False,0.0,0,2765.0,benchmark_and_avatar
Ali Lajami,Saudi Arabia,Defender,2139.0,True,44507,annual_current,48,48,1.0,0,36,1189.0,,1.0,1.0,True,exact-window detailed minutes plus event-bounded exposure for known startXI appearances without a positive-minute statistics row,False,36,1189.0,10,10,0,0.0,0,0.0,1.0,exact_window_known_minutes_v2_event_bounded,True,False,0.0,0,1189.0,benchmark_and_avatar
Ali Lajami,Saudi Arabia,Defender,2139.0,True,44507,pre_world_cup,50,50,1.0,0,36,1100.0,,1.0,1.0,True,exact-window detailed minutes plus event-bounded exposure for known startXI appearances without a positive-minute statistics row,True,36,1100.0,9,9,0,0.0,0,0.0,1.0,exact_window_known_minutes_v2_event_bounded,False,False,0.0,0,1100.0,benchmark_and_avatar
Saleh Al Shehri,Saudi Arabia,Attacker,1179.0,False,44551,annual_current,49,49,1.0,0,24,564.0,,1.0,1.0,True,exact-window detailed minutes plus event-bounded exposure for known startXI appearances without a positive-minute statistics row,False,24,564.0,5,5,0,0.0,0,0.0,1.0,exact_window_known_minutes_v2_event_bounded,True,False,0.0,0,564.0,avatar_top30_pool
Saleh Al Shehri,Saudi Arabia,Attacker,1179.0,False,44551,pre_world_cup,50,50,1.0,0,28,808.0,,1.0,1.0,True,exact-window detailed minutes plus event-bounded exposure for known startXI appearances without a positive-minute statistics row,True,28,808.0,8,8,0,0.0,0,0.0,1.0,exact_window_known_minutes_v2_event_bounded,False,False,0.0,0,808.0,avatar_top30_pool
Saud Abdulhamid,Saudi Arabia,Defender,6126.0,True,44594,annual_current,83,83,1.0,0,36,2232.0,,1.0,1.0,True,exact-window detailed minutes plus event-bounded exposure for known startXI appearances without a positive-minute statistics row,False,36,2232.0,24,24,0,0.0,0,0.0,1.0,exact_window_known_minutes_v2_event_bounded,True,False,0.0,0,2232.0,benchmark_and_avatar
Saud Abdulhamid,Saudi Arabia,Defender,6126.0,True,44594,pre_world_cup,84,84,1.0,0,37,2323.0,,1.0,1.0,True,exact-window detailed minutes plus event-bounded exposure for known startXI appearances without a positive-minute statistics row,True,37,2323.0,25,25,0,0.0,0,0.0,1.0,exact_window_known_minutes_v2_event_bounded,False,False,0.0,0,2323.0,benchmark_and_avatar
Khalid Al Ghannam,Saudi Arabia,Attacker,2285.0,True,44701,annual_current,39,39,1.0,0,33,2200.0,,1.0,1.0,True,exact-window detailed minutes plus event-bounded exposure for known startXI appearances without a positive-minute statistics row,True,33,2200.0,25,25,0,0.0,0,0.0,1.0,exact_window_known_minutes_v2_event_bounded,False,False,0.0,0,2200.0,benchmark
Khalid Al Ghannam,Saudi Arabia,Attacker,2285.0,True,44701,pre_world_cup,41,41,1.0,0,33,2199.0,,1.0,1.0,True,exact-window detailed minutes plus event-bounded exposure for known startXI appearances without a positive-minute statistics row,True,33,2199.0,25,25,0,0.0,0,0.0,1.0,exact_window_known_minutes_v2_event_bounded,False,False,0.0,0,2199.0,benchmark
L. Millar,Canada,Midfielder,2481.0,True,44798,annual_current,56,56,1.0,0,41,2379.0,,1.0,1.0,True,exact-window detailed minutes plus event-bounded exposure for known startXI appearances without a positive-minute statistics row,True,41,2379.0,29,29,0,0.0,0,0.0,1.0,exact_window_known_minutes_v2_event_bounded,False,False,0.0,0,2379.0,benchmark
L. Millar,Canada,Midfielder,2481.0,True,44798,pre_world_cup,51,51,1.0,0,38,2216.0,,1.0,1.0,True,exact-window detailed minutes plus event-bounded exposure for known startXI appearances without a positive-minute statistics row,True,38,2216.0,27,27,0,0.0,0,0.0,1.0,exact_window_known_minutes_v2_event_bounded,False,False,0.0,0,2216.0,benchmark
S. McKenna,Scotland,Defender,3887.0,True,44811,annual_current,49,49,1.0,0,41,3638.0,,1.0,1.0,True,exact-window detailed minutes plus event-bounded exposure for known startXI appearances without a positive-minute statistics row,True,41,3638.0,41,41,0,0.0,0,0.0,1.0,exact_window_known_minutes_v2_event_bounded,False,False,0.0,0,3638.0,benchmark
S. McKenna,Scotland,Defender,3887.0,True,44811,pre_world_cup,46,46,1.0,0,40,3548.0,,1.0,1.0,True,exact-window detailed minutes plus event-bounded exposure for known startXI appearances without a positive-minute statistics row,True,40,3548.0,40,40,0,0.0,0,0.0,1.0,exact_window_known_minutes_v2_event_bounded,False,False,0.0,0,3548.0,benchmark
L. Ferguson,Scotland,Midfielder,3602.0,True,44814,annual_current,59,59,1.0,0,48,3219.0,,1.0,1.0,True,exact-window detailed minutes plus event-bounded exposure for known startXI appearances without a positive-minute statistics row,True,48,3219.0,35,35,0,0.0,0,0.0,1.0,exact_window_known_minutes_v2_event_bounded,False,False,0.0,0,3219.0,benchmark
L. Ferguson,Scotland,Midfielder,3602.0,True,44814,pre_world_cup,56,56,1.0,0,45,2949.0,,1.0,1.0,True,exact-window detailed minutes plus event-bounded exposure for known startXI appearances without a positive-minute statistics row,True,45,2949.0,32,32,0,0.0,0,0.0,1.0,exact_window_known_minutes_v2_event_bounded,False,False,0.0,0,2949.0,benchmark
J. Souttar,Scotland,Defender,3879.0,True,44865,annual_current,55,55,1.0,0,34,2880.0,,1.0,1.0,True,exact-window detailed minutes plus event-bounded exposure for known startXI appearances without a positive-minute statistics row,False,34,2880.0,32,32,0,0.0,0,0.0,1.0,exact_window_known_minutes_v2_event_bounded,True,False,0.0,0,2880.0,benchmark
J. Souttar,Scotland,Defender,3879.0,True,44865,pre_world_cup,52,52,1.0,0,34,2880.0,,1.0,1.0,True,exact-window detailed minutes plus event-bounded exposure for known startXI appearances without a positive-minute statistics row,True,34,2880.0,32,32,0,0.0,0,0.0,1.0,exact_window_known_minutes_v2_event_bounded,False,False,0.0,0,2880.0,benchmark
D. Nazon,Haiti,Attacker,1807.0,True,45020,annual_current,17,17,1.0,0,11,410.0,,0.8333333333333334,0.8333333333333334,True,exact-window detailed minutes plus event-bounded exposure for known startXI appearances without a positive-minute statistics row,False,11,410.0,4,3,1,82.0,1,82.0,0.8333333333333334,exact_window_known_minutes_v2_event_bounded,True,False,0.0,0,410.0,benchmark
D. Nazon,Haiti,Attacker,1807.0,True,45020,pre_world_cup,17,17,1.0,0,13,583.0,,0.8766917293233083,0.8766917293233083,True,exact-window detailed minutes plus event-bounded exposure for known startXI appearances without a positive-minute statistics row,True,13,583.0,7,6,1,82.0,1,82.0,0.8766917293233083,exact_window_known_minutes_v2_event_bounded,False,False,0.0,0,583.0,benchmark
L. Dykes,Scotland,Attacker,2550.0,True,45307,annual_current,95,95,1.0,0,45,2106.0,,1.0,1.0,True,exact-window detailed minutes plus event-bounded exposure for known startXI appearances without a positive-minute statistics row,True,45,2106.0,19,19,0,0.0,0,0.0,1.0,exact_window_known_minutes_v2_event_bounded,False,False,0.0,0,2106.0,benchmark
L. Dykes,Scotland,Attacker,2550.0,True,45307,pre_world_cup,92,92,1.0,0,43,2072.0,,1.0,1.0,True,exact-window detailed minutes plus event-bounded exposure for known startXI appearances without a positive-minute statistics row,True,43,2072.0,19,19,0,0.0,0,0.0,1.0,exact_window_known_minutes_v2_event_bounded,False,False,0.0,0,2072.0,benchmark
R. Goss,South Africa,Goalkeeper,2718.0,True,46245,annual_current,38,38,1.0,0,29,2610.0,,1.0,1.0,True,exact-window detailed minutes plus event-bounded exposure for known startXI appearances without a positive-minute statistics row,True,29,2610.0,29,29,0,0.0,0,0.0,1.0,exact_window_known_minutes_v2_event_bounded,False,False,0.0,0,2610.0,benchmark
R. Goss,South Africa,Goalkeeper,2718.0,True,46245,pre_world_cup,34,34,1.0,0,29,2610.0,,1.0,1.0,True,exact-window detailed minutes plus event-bounded exposure for known startXI appearances without a positive-minute statistics row,True,29,2610.0,29,29,0,0.0,0,0.0,1.0,exact_window_known_minutes_v2_event_bounded,False,False,0.0,0,2610.0,benchmark
A. Modiba,South Africa,Defender,3891.0,True,46334,annual_current,52,52,1.0,0,42,3194.0,,1.0,1.0,True,exact-window detailed minutes plus event-bounded exposure for known startXI appearances without a positive-minute statistics row,True,42,3194.0,35,35,0,0.0,0,0.0,1.0,exact_window_known_minutes_v2_event_bounded,False,False,0.0,0,3194.0,benchmark_and_avatar
A. Modiba,South Africa,Defender,3891.0,True,46334,pre_world_cup,48,48,1.0,0,38,2840.0,,1.0,1.0,True,exact-window detailed minutes plus event-bounded exposure for known startXI appearances without a positive-minute statistics row,True,38,2840.0,31,31,0,0.0,0,0.0,1.0,exact_window_known_minutes_v2_event_bounded,False,False,0.0,0,2840.0,benchmark_and_avatar
S. Chaine,South Africa,Goalkeeper,2954.0,True,46417,annual_current,38,38,1.0,0,30,2700.0,,1.0,1.0,True,exact-window detailed minutes plus event-bounded exposure for known startXI appearances without a positive-minute statistics row,True,30,2700.0,30,30,0,0.0,0,0.0,1.0,exact_window_known_minutes_v2_event_bounded,False,False,0.0,0,2700.0,benchmark
S. Chaine,South Africa,Goalkeeper,2954.0,True,46417,pre_world_cup,34,34,1.0,0,30,2700.0,,1.0,1.0,True,exact-window detailed minutes plus event-bounded exposure for known startXI appearances without a positive-minute statistics row,True,30,2700.0,30,30,0,0.0,0,0.0,1.0,exact_window_known_minutes_v2_event_bounded,False,False,0.0,0,2700.0,benchmark
N. Sibisi,South Africa,Defender,2778.0,True,46458,annual_current,38,38,1.0,0,25,2135.0,,1.0,1.0,True,exact-window detailed minutes plus event-bounded exposure for known startXI appearances without a positive-minute statistics row,False,25,2135.0,24,24,0,0.0,0,0.0,1.0,exact_window_known_minutes_v2_event_bounded,True,False,0.0,0,2135.0,benchmark
N. Sibisi,South Africa,Defender,2778.0,True,46458,pre_world_cup,34,34,1.0,0,24,2045.0,,1.0,1.0,True,exact-window detailed minutes plus event-bounded exposure for known startXI appearances without a positive-minute statistics row,True,24,2045.0,23,23,0,0.0,0,0.0,1.0,exact_window_known_minutes_v2_event_bounded,False,False,0.0,0,2045.0,benchmark
K. Mudau,South Africa,Defender,4137.0,True,46601,annual_current,52,52,1.0,0,41,3322.0,,1.0,1.0,True,exact-window detailed minutes plus event-bounded exposure for known startXI appearances without a positive-minute statistics row,True,41,3322.0,37,37,0,0.0,0,0.0,1.0,exact_window_known_minutes_v2_event_bounded,False,False,0.0,0,3322.0,benchmark
K. Mudau,South Africa,Defender,4137.0,True,46601,pre_world_cup,48,48,1.0,0,37,2955.0,,1.0,1.0,True,exact-window detailed minutes plus event-bounded exposure for known startXI appearances without a positive-minute statistics row,True,37,2955.0,33,33,0,0.0,0,0.0,1.0,exact_window_known_minutes_v2_event_bounded,False,False,0.0,0,2955.0,benchmark
Rui Silva,Portugal,Goalkeeper,4350.0,True,46672,annual_current,58,58,1.0,0,46,4215.0,,1.0,1.0,True,exact-window detailed minutes plus event-bounded exposure for known startXI appearances without a positive-minute statistics row,True,46,4215.0,46,46,0,0.0,0,0.0,1.0,exact_window_known_minutes_v2_event_bounded,False,False,0.0,0,4215.0,benchmark
Rui Silva,Portugal,Goalkeeper,4350.0,True,46672,pre_world_cup,53,53,1.0,0,46,4215.0,,1.0,1.0,True,exact-window detailed minutes plus event-bounded exposure for known startXI appearances without a positive-minute statistics row,True,46,4215.0,46,46,0,0.0,0,0.0,1.0,exact_window_known_minutes_v2_event_bounded,False,False,0.0,0,4215.0,benchmark
P. Estupiñán,Ecuador,Midfielder,3104.0,True,46731,annual_current,48,48,1.0,0,25,1492.0,,1.0,1.0,True,exact-window detailed minutes plus event-bounded exposure for known startXI appearances without a positive-minute statistics row,False,25,1492.0,18,18,0,0.0,0,0.0,1.0,exact_window_known_minutes_v2_event_bounded,True,False,0.0,0,1492.0,benchmark
P. Estupiñán,Ecuador,Midfielder,3104.0,True,46731,pre_world_cup,45,45,1.0,0,24,1484.0,,1.0,1.0,True,exact-window detailed minutes plus event-bounded exposure for known startXI appearances without a positive-minute statistics row,True,24,1484.0,18,18,0,0.0,0,0.0,1.0,exact_window_known_minutes_v2_event_bounded,False,False,0.0,0,1484.0,benchmark
A. Budimir,Croatia,Attacker,3222.0,True,46746,annual_current,46,46,1.0,0,42,3145.0,,1.0,1.0,True,exact-window detailed minutes plus event-bounded exposure for known startXI appearances without a positive-minute statistics row,True,42,3145.0,37,37,0,0.0,0,0.0,1.0,exact_window_known_minutes_v2_event_bounded,False,False,0.0,0,3145.0,benchmark
A. Budimir,Croatia,Attacker,3222.0,True,46746,pre_world_cup,42,42,1.0,0,39,2989.0,,1.0,1.0,True,exact-window detailed minutes plus event-bounded exposure for known startXI appearances without a positive-minute statistics row,True,39,2989.0,35,35,0,0.0,0,0.0,1.0,exact_window_known_minutes_v2_event_bounded,False,False,0.0,0,2989.0,benchmark
Y. Bárcenas,Panama,Midfielder,3107.0,True,46855,annual_current,42,42,1.0,0,37,2770.0,,1.0,1.0,True,exact-window detailed minutes plus event-bounded exposure for known startXI appearances without a positive-minute statistics row,True,37,2770.0,31,31,0,0.0,0,0.0,1.0,exact_window_known_minutes_v2_event_bounded,False,False,0.0,0,2770.0,benchmark
Y. Bárcenas,Panama,Midfielder,3107.0,True,46855,pre_world_cup,41,41,1.0,0,34,2520.0,,1.0,1.0,True,exact-window detailed minutes plus event-bounded exposure for known startXI appearances without a positive-minute statistics row,True,34,2520.0,28,28,0,0.0,0,0.0,1.0,exact_window_known_minutes_v2_event_bounded,False,False,0.0,0,2520.0,benchmark
E. Demirovic,Bosnia & Herzegovina,Attacker,3206.0,True,46930,annual_current,57,57,1.0,0,42,2738.0,,1.0,1.0,True,exact-window detailed minutes plus event-bounded exposure for known startXI appearances without a positive-minute statistics row,True,42,2738.0,30,30,0,0.0,0,0.0,1.0,exact_window_known_minutes_v2_event_bounded,False,False,0.0,0,2738.0,benchmark
E. Demirovic,Bosnia & Herzegovina,Attacker,3206.0,True,46930,pre_world_cup,53,53,1.0,0,38,2382.0,,1.0,1.0,True,exact-window detailed minutes plus event-bounded exposure for known startXI appearances without a positive-minute statistics row,True,38,2382.0,26,26,0,0.0,0,0.0,1.0,exact_window_known_minutes_v2_event_bounded,False,False,0.0,0,2382.0,benchmark
L. Suárez,Colombia,Attacker,4787.0,True,47237,annual_current,60,60,1.0,0,54,4490.0,,1.0,1.0,True,exact-window detailed minutes plus event-bounded exposure for known startXI appearances without a positive-minute statistics row,True,54,4490.0,49,49,0,0.0,0,0.0,1.0,exact_window_known_minutes_v2_event_bounded,False,False,0.0,0,4490.0,benchmark
L. Suárez,Colombia,Attacker,4787.0,True,47237,pre_world_cup,56,56,1.0,0,49,4158.0,,1.0,1.0,True,exact-window detailed minutes plus event-bounded exposure for known startXI appearances without a positive-minute statistics row,True,49,4158.0,46,46,0,0.0,0,0.0,1.0,exact_window_known_minutes_v2_event_bounded,False,False,0.0,0,4158.0,benchmark
M. Olivera,Uruguay,Defender,3348.0,True,47254,annual_current,55,55,1.0,0,37,2187.0,,1.0,1.0,True,exact-window detailed minutes plus event-bounded exposure for known startXI appearances without a positive-minute statistics row,False,37,2187.0,24,24,0,0.0,0,0.0,1.0,exact_window_known_minutes_v2_event_bounded,True,False,0.0,0,2187.0,benchmark
M. Olivera,Uruguay,Defender,3348.0,True,47254,pre_world_cup,52,52,1.0,0,34,1917.0,,1.0,1.0,True,exact-window detailed minutes plus event-bounded exposure for known startXI appearances without a positive-minute statistics row,True,34,1917.0,21,21,0,0.0,0,0.0,1.0,exact_window_known_minutes_v2_event_bounded,False,False,0.0,0,1917.0,benchmark
Unai Simón,Spain,Goalkeeper,5040.0,True,47270,annual_current,59,59,1.0,0,53,4770.0,,1.0,1.0,True,exact-window detailed minutes plus event-bounded exposure for known startXI appearances without a positive-minute statistics row,True,53,4770.0,53,53,0,0.0,0,0.0,1.0,exact_window_known_minutes_v2_event_bounded,False,False,0.0,0,4770.0,benchmark
Unai Simón,Spain,Goalkeeper,5040.0,True,47270,pre_world_cup,52,52,1.0,0,46,4140.0,,1.0,1.0,True,exact-window detailed minutes plus event-bounded exposure for known startXI appearances without a positive-minute statistics row,True,46,4140.0,46,46,0,0.0,0,0.0,1.0,exact_window_known_minutes_v2_event_bounded,False,False,0.0,0,4140.0,benchmark
I. Williams,Ghana,Midfielder,3986.0,True,47294,annual_current,56,56,1.0,0,41,2836.0,,1.0,1.0,True,exact-window detailed minutes plus event-bounded exposure for known startXI appearances without a positive-minute statistics row,False,41,2836.0,35,35,0,0.0,0,0.0,1.0,exact_window_known_minutes_v2_event_bounded,True,False,0.0,0,2836.0,benchmark
I. Williams,Ghana,Midfielder,3986.0,True,47294,pre_world_cup,52,52,1.0,0,39,2708.0,,1.0,1.0,True,exact-window detailed minutes plus event-bounded exposure for known startXI appearances without a positive-minute statistics row,True,39,2708.0,33,33,0,0.0,0,0.0,1.0,exact_window_known_minutes_v2_event_bounded,False,False,0.0,0,2708.0,benchmark
G. Rulli,Argentina,Goalkeeper,3888.0,True,47296,annual_current,56,56,1.0,0,39,3517.0,,1.0,1.0,True,exact-window detailed minutes plus event-bounded exposure for known startXI appearances without a positive-minute statistics row,True,39,3517.0,39,39,0,0.0,0,0.0,1.0,exact_window_known_minutes_v2_event_bounded,False,False,0.0,0,3517.0,benchmark_and_avatar
G. Rulli,Argentina,Goalkeeper,3888.0,True,47296,pre_world_cup,50,50,1.0,0,39,3517.0,,1.0,1.0,True,exact-window detailed minutes plus event-bounded exposure for known startXI appearances without a positive-minute statistics row,True,39,3517.0,39,39,0,0.0,0,0.0,1.0,exact_window_known_minutes_v2_event_bounded,False,False,0.0,0,3517.0,benchmark_and_avatar
T. Hernández,France,Defender,3893.0,True,47300,annual_current,50,50,1.0,0,43,3696.0,,1.0,1.0,True,exact-window detailed minutes plus event-bounded exposure for known startXI appearances without a positive-minute statistics row,True,43,3696.0,41,41,0,0.0,0,0.0,1.0,exact_window_known_minutes_v2_event_bounded,False,False,0.0,0,3696.0,benchmark_and_avatar
T. Hernández,France,Defender,3893.0,True,47300,pre_world_cup,43,43,1.0,0,39,3486.0,,1.0,1.0,True,exact-window detailed minutes plus event-bounded exposure for known startXI appearances without a positive-minute statistics row,True,39,3486.0,39,39,0,0.0,0,0.0,1.0,exact_window_known_minutes_v2_event_bounded,False,False,0.0,0,3486.0,benchmark_and_avatar
Mikel Merino,Spain,Midfielder,2283.0,True,47311,annual_current,70,70,1.0,0,41,2081.0,,1.0,1.0,True,exact-window detailed minutes plus event-bounded exposure for known startXI appearances without a positive-minute statistics row,True,41,2081.0,21,21,0,0.0,0,0.0,1.0,exact_window_known_minutes_v2_event_bounded,False,False,0.0,0,2081.0,benchmark_and_avatar
Mikel Merino,Spain,Midfielder,2283.0,True,47311,pre_world_cup,63,63,1.0,0,34,1916.0,,1.0,1.0,True,exact-window detailed minutes plus event-bounded exposure for known startXI appearances without a positive-minute statistics row,True,34,1916.0,20,20,0,0.0,0,0.0,1.0,exact_window_known_minutes_v2_event_bounded,False,False,0.0,0,1916.0,benchmark_and_avatar
Martín Zubimendi,Spain,Midfielder,4491.0,True,47315,annual_current,70,70,1.0,0,57,4298.0,,1.0,1.0,True,exact-window detailed minutes plus event-bounded exposure for known startXI appearances without a positive-minute statistics row,True,57,4298.0,48,48,0,0.0,0,0.0,1.0,exact_window_known_minutes_v2_event_bounded,False,False,0.0,0,4298.0,benchmark
Martín Zubimendi,Spain,Midfielder,4491.0,True,47315,pre_world_cup,63,63,1.0,0,57,4298.0,,1.0,1.0,True,exact-window detailed minutes plus event-bounded exposure for known startXI appearances without a positive-minute statistics row,True,57,4298.0,48,48,0,0.0,0,0.0,1.0,exact_window_known_minutes_v2_event_bounded,False,False,0.0,0,4298.0,benchmark
Mikel Oyarzabal,Spain,Attacker,3787.0,True,47323,annual_current,53,53,1.0,0,46,3724.0,,1.0,1.0,True,exact-window detailed minutes plus event-bounded exposure for known startXI appearances without a positive-minute statistics row,True,46,3724.0,42,42,0,0.0,0,0.0,1.0,exact_window_known_minutes_v2_event_bounded,False,False,0.0,0,3724.0,benchmark
Mikel Oyarzabal,Spain,Attacker,3787.0,True,47323,pre_world_cup,46,46,1.0,0,39,3181.0,,1.0,1.0,True,exact-window detailed minutes plus event-bounded exposure for known startXI appearances without a positive-minute statistics row,True,39,3181.0,35,35,0,0.0,0,0.0,1.0,exact_window_known_minutes_v2_event_bounded,False,False,0.0,0,3181.0,benchmark
Borja Iglesias,Spain,Attacker,2791.0,True,47348,annual_current,62,62,1.0,0,51,2718.0,,1.0,1.0,True,exact-window detailed minutes plus event-bounded exposure for known startXI appearances without a positive-minute statistics row,True,51,2718.0,31,31,0,0.0,0,0.0,1.0,exact_window_known_minutes_v2_event_bounded,False,False,0.0,0,2718.0,benchmark
Borja Iglesias,Spain,Attacker,2791.0,True,47348,pre_world_cup,55,55,1.0,0,50,2717.0,,1.0,1.0,True,exact-window detailed minutes plus event-bounded exposure for known startXI appearances without a positive-minute statistics row,True,50,2717.0,31,31,0,0.0,0,0.0,1.0,exact_window_known_minutes_v2_event_bounded,False,False,0.0,0,2717.0,benchmark
Marc Cucurella,Spain,Defender,5744.0,True,47380,annual_current,66,66,1.0,0,57,4501.0,,1.0,1.0,True,exact-window detailed minutes plus event-bounded exposure for known startXI appearances without a positive-minute statistics row,False,57,4501.0,50,50,0,0.0,0,0.0,1.0,exact_window_known_minutes_v2_event_bounded,True,False,0.0,0,4501.0,benchmark_and_avatar
Marc Cucurella,Spain,Defender,5744.0,True,47380,pre_world_cup,66,66,1.0,0,56,4441.0,,1.0,1.0,True,exact-window detailed minutes plus event-bounded exposure for known startXI appearances without a positive-minute statistics row,True,56,4441.0,49,49,0,0.0,0,0.0,1.0,exact_window_known_minutes_v2_event_bounded,False,False,0.0,0,4441.0,benchmark_and_avatar
Pedro Porro,Spain,Defender,4549.0,True,47519,annual_current,59,59,1.0,0,52,4374.0,,1.0,1.0,True,exact-window detailed minutes plus event-bounded exposure for known startXI appearances without a positive-minute statistics row,True,52,4374.0,50,50,0,0.0,0,0.0,1.0,exact_window_known_minutes_v2_event_bounded,False,False,0.0,0,4374.0,benchmark_and_avatar
Pedro Porro,Spain,Defender,4549.0,True,47519,pre_world_cup,52,52,1.0,0,47,3930.0,,1.0,1.0,True,exact-window detailed minutes plus event-bounded exposure for known startXI appearances without a positive-minute statistics row,True,47,3930.0,45,45,0,0.0,0,0.0,1.0,exact_window_known_minutes_v2_event_bounded,False,False,0.0,0,3930.0,benchmark_and_avatar
G. Kakuta,Congo DR,Attacker,2254.0,True,47545,annual_current,81,81,1.0,0,33,2127.0,,1.0,1.0,True,exact-window detailed minutes plus event-bounded exposure for known startXI appearances without a positive-minute statistics row,True,33,2127.0,24,24,0,0.0,0,0.0,1.0,exact_window_known_minutes_v2_event_bounded,False,False,0.0,0,2127.0,benchmark
G. Kakuta,Congo DR,Attacker,2254.0,True,47545,pre_world_cup,77,77,1.0,0,33,2127.0,,1.0,1.0,True,exact-window detailed minutes plus event-bounded exposure for known startXI appearances without a positive-minute statistics row,True,33,2127.0,24,24,0,0.0,0,0.0,1.0,exact_window_known_minutes_v2_event_bounded,False,False,0.0,0,2127.0,benchmark
C. Hernández,Colombia,Attacker,3364.0,True,47582,annual_current,76,76,1.0,0,42,3175.0,,1.0,1.0,True,exact-window detailed minutes plus event-bounded exposure for known startXI appearances without a positive-minute statistics row,True,42,3175.0,36,36,0,0.0,0,0.0,1.0,exact_window_known_minutes_v2_event_bounded,False,False,0.0,0,3175.0,benchmark
C. Hernández,Colombia,Attacker,3364.0,True,47582,pre_world_cup,78,78,1.0,0,40,3127.0,,1.0,1.0,True,exact-window detailed minutes plus event-bounded exposure for known startXI appearances without a positive-minute statistics row,True,40,3127.0,36,36,0,0.0,0,0.0,1.0,exact_window_known_minutes_v2_event_bounded,False,False,0.0,0,3127.0,benchmark
A. Bernhardsson,Sweden,Midfielder,1950.0,True,47696,annual_current,42,42,1.0,0,25,1717.0,,1.0,1.0,True,exact-window detailed minutes plus event-bounded exposure for known startXI appearances without a positive-minute statistics row,True,25,1717.0,20,20,0,0.0,0,0.0,1.0,exact_window_known_minutes_v2_event_bounded,False,False,0.0,0,1717.0,benchmark
A. Bernhardsson,Sweden,Midfielder,1950.0,True,47696,pre_world_cup,38,38,1.0,0,22,1498.0,,1.0,1.0,True,exact-window detailed minutes plus event-bounded exposure for known startXI appearances without a positive-minute statistics row,True,22,1498.0,17,17,0,0.0,0,0.0,1.0,exact_window_known_minutes_v2_event_bounded,False,False,0.0,0,1498.0,benchmark
H. Ekdal,Sweden,Defender,1958.0,True,47903,annual_current,44,44,1.0,0,21,1719.0,,1.0,1.0,True,exact-window detailed minutes plus event-bounded exposure for known startXI appearances without a positive-minute statistics row,True,21,1719.0,19,19,0,0.0,0,0.0,1.0,exact_window_known_minutes_v2_event_bounded,False,False,0.0,0,1719.0,benchmark
H. Ekdal,Sweden,Defender,1958.0,True,47903,pre_world_cup,40,40,1.0,0,21,1719.0,,1.0,1.0,True,exact-window detailed minutes plus event-bounded exposure for known startXI appearances without a positive-minute statistics row,True,21,1719.0,19,19,0,0.0,0,0.0,1.0,exact_window_known_minutes_v2_event_bounded,False,False,0.0,0,1719.0,benchmark
G. Gudmundsson,Sweden,Midfielder,3633.0,True,47969,annual_current,48,47,0.9791666666666666,1,39,3271.0,,1.0,1.0,True,exact-window detailed minutes plus event-bounded exposure for known startXI appearances without a positive-minute statistics row,True,39,3271.0,38,38,0,0.0,0,0.0,1.0,exact_window_known_minutes_v2_event_bounded,False,False,0.0,0,3271.0,benchmark
G. Gudmundsson,Sweden,Midfielder,3633.0,True,47969,pre_world_cup,44,43,0.9772727272727272,1,35,2939.0,,1.0,1.0,True,exact-window detailed minutes plus event-bounded exposure for known startXI appearances without a positive-minute statistics row,True,35,2939.0,34,34,0,0.0,0,0.0,1.0,exact_window_known_minutes_v2_event_bounded,False,False,0.0,0,2939.0,benchmark
C. Starfelt,Sweden,Defender,2528.0,True,47988,annual_current,59,59,1.0,0,32,2412.0,,1.0,1.0,True,exact-window detailed minutes plus event-bounded exposure for known startXI appearances without a positive-minute statistics row,True,32,2412.0,27,27,0,0.0,0,0.0,1.0,exact_window_known_minutes_v2_event_bounded,False,False,0.0,0,2412.0,benchmark
C. Starfelt,Sweden,Defender,2528.0,True,47988,pre_world_cup,55,55,1.0,0,31,2402.0,,1.0,1.0,True,exact-window detailed minutes plus event-bounded exposure for known startXI appearances without a positive-minute statistics row,True,31,2402.0,27,27,0,0.0,0,0.0,1.0,exact_window_known_minutes_v2_event_bounded,False,False,0.0,0,2402.0,benchmark
B. Nygren,Sweden,Midfielder,4842.0,True,48002,annual_current,54,54,1.0,0,54,3496.0,,1.0,1.0,True,exact-window detailed minutes plus event-bounded exposure for known startXI appearances without a positive-minute statistics row,False,54,3496.0,40,40,0,0.0,0,0.0,1.0,exact_window_known_minutes_v2_event_bounded,True,False,0.0,0,3496.0,benchmark
B. Nygren,Sweden,Midfielder,4842.0,True,48002,pre_world_cup,50,50,1.0,0,50,3358.0,,1.0,1.0,True,exact-window detailed minutes plus event-bounded exposure for known startXI appearances without a positive-minute statistics row,True,50,3358.0,38,38,0,0.0,0,0.0,1.0,exact_window_known_minutes_v2_event_bounded,False,False,0.0,0,3358.0,benchmark
J. Widell Zetterström,Sweden,Goalkeeper,4320.0,True,48033,annual_current,51,51,1.0,0,35,3150.0,,1.0,1.0,True,exact-window detailed minutes plus event-bounded exposure for known startXI appearances without a positive-minute statistics row,False,35,3150.0,35,35,0,0.0,0,0.0,1.0,exact_window_known_minutes_v2_event_bounded,True,False,0.0,0,3150.0,benchmark
J. Widell Zetterström,Sweden,Goalkeeper,4320.0,True,48033,pre_world_cup,47,47,1.0,0,33,2970.0,,1.0,1.0,True,exact-window detailed minutes plus event-bounded exposure for known startXI appearances without a positive-minute statistics row,True,33,2970.0,33,33,0,0.0,0,0.0,1.0,exact_window_known_minutes_v2_event_bounded,False,False,0.0,0,2970.0,benchmark
J. Karlström,Sweden,Midfielder,3662.0,True,48047,annual_current,45,45,1.0,0,40,3463.0,,1.0,1.0,True,exact-window detailed minutes plus event-bounded exposure for known startXI appearances without a positive-minute statistics row,True,40,3463.0,40,40,0,0.0,0,0.0,1.0,exact_window_known_minutes_v2_event_bounded,False,False,0.0,0,3463.0,benchmark
J. Karlström,Sweden,Midfielder,3662.0,True,48047,pre_world_cup,41,41,1.0,0,38,3323.0,,1.0,1.0,True,exact-window detailed minutes plus event-bounded exposure for known startXI appearances without a positive-minute statistics row,True,38,3323.0,38,38,0,0.0,0,0.0,1.0,exact_window_known_minutes_v2_event_bounded,False,False,0.0,0,3323.0,benchmark
O. Kossounou,Ivory Coast,Defender,2714.0,True,48119,annual_current,63,63,1.0,0,40,2534.0,,1.0,1.0,True,exact-window detailed minutes plus event-bounded exposure for known startXI appearances without a positive-minute statistics row,True,40,2534.0,27,27,0,0.0,0,0.0,1.0,exact_window_known_minutes_v2_event_bounded,False,False,0.0,0,2534.0,benchmark
O. Kossounou,Ivory Coast,Defender,2714.0,True,48119,pre_world_cup,59,59,1.0,0,36,2254.0,,1.0,1.0,True,exact-window detailed minutes plus event-bounded exposure for known startXI appearances without a positive-minute statistics row,True,36,2254.0,24,24,0,0.0,0,0.0,1.0,exact_window_known_minutes_v2_event_bounded,False,False,0.0,0,2254.0,benchmark
A. Sher,Iraq,Midfielder,2989.0,True,48129,annual_current,36,36,1.0,0,24,1821.0,,1.0,1.0,True,exact-window detailed minutes plus event-bounded exposure for known startXI appearances without a positive-minute statistics row,False,24,1821.0,20,20,0,0.0,0,0.0,1.0,exact_window_known_minutes_v2_event_bounded,True,False,0.0,0,1821.0,benchmark
A. Sher,Iraq,Midfielder,2989.0,True,48129,pre_world_cup,36,36,1.0,0,22,1774.0,,1.0,1.0,True,exact-window detailed minutes plus event-bounded exposure for known startXI appearances without a positive-minute statistics row,True,22,1774.0,20,20,0,0.0,0,0.0,1.0,exact_window_known_minutes_v2_event_bounded,False,False,0.0,0,1774.0,benchmark
E. Cömert,Switzerland,Defender,1855.0,True,48372,annual_current,49,49,1.0,0,21,1670.0,,0.9488636363636364,0.9488636363636364,True,exact-window detailed minutes plus event-bounded exposure for known startXI appearances without a positive-minute statistics row,True,21,1670.0,19,18,1,90.0,0,0.0,0.9488636363636364,exact_window_known_minutes_v2_event_bounded,False,False,0.0,0,1670.0,benchmark
E. Cömert,Switzerland,Defender,1855.0,True,48372,pre_world_cup,43,43,1.0,0,20,1639.0,,0.9479467900520532,0.9479467900520532,True,exact-window detailed minutes plus event-bounded exposure for known startXI appearances without a positive-minute statistics row,True,20,1639.0,19,18,1,90.0,0,0.0,0.9479467900520532,exact_window_known_minutes_v2_event_bounded,False,False,0.0,0,1639.0,benchmark
S. Widmer,Switzerland,Defender,3002.0,True,48378,annual_current,54,54,1.0,0,45,2733.0,,1.0,1.0,True,exact-window detailed minutes plus event-bounded exposure for known startXI appearances without a positive-minute statistics row,True,45,2733.0,32,32,0,0.0,0,0.0,1.0,exact_window_known_minutes_v2_event_bounded,False,False,0.0,0,2733.0,benchmark
S. Widmer,Switzerland,Defender,3002.0,True,48378,pre_world_cup,48,48,1.0,0,40,2554.0,,1.0,1.0,True,exact-window detailed minutes plus event-bounded exposure for known startXI appearances without a positive-minute statistics row,True,40,2554.0,31,31,0,0.0,0,0.0,1.0,exact_window_known_minutes_v2_event_bounded,False,False,0.0,0,2554.0,benchmark
N. Okafor,Switzerland,Attacker,2123.0,True,48389,annual_current,53,52,0.981132075471698,1,34,1920.0,,1.0,1.0,True,exact-window detailed minutes plus event-bounded exposure for known startXI appearances without a positive-minute statistics row,True,34,1920.0,23,23,0,0.0,0,0.0,1.0,exact_window_known_minutes_v2_event_bounded,False,False,0.0,0,1920.0,benchmark
N. Okafor,Switzerland,Attacker,2123.0,True,48389,pre_world_cup,47,46,0.9787234042553192,1,33,1901.0,,1.0,1.0,True,exact-window detailed minutes plus event-bounded exposure for known startXI appearances without a positive-minute statistics row,True,33,1901.0,23,23,0,0.0,0,0.0,1.0,exact_window_known_minutes_v2_event_bounded,False,False,0.0,0,1901.0,benchmark
R. Vargas,Switzerland,Attacker,2173.0,True,48471,annual_current,44,44,1.0,0,30,1897.0,,1.0,1.0,True,exact-window detailed minutes plus event-bounded exposure for known startXI appearances without a positive-minute statistics row,True,30,1897.0,23,23,0,0.0,0,0.0,1.0,exact_window_known_minutes_v2_event_bounded,False,False,0.0,0,1897.0,benchmark_and_avatar
R. Vargas,Switzerland,Attacker,2173.0,True,48471,pre_world_cup,38,38,1.0,0,24,1608.0,,1.0,1.0,True,exact-window detailed minutes plus event-bounded exposure for known startXI appearances without a positive-minute statistics row,True,24,1608.0,20,20,0,0.0,0,0.0,1.0,exact_window_known_minutes_v2_event_bounded,False,False,0.0,0,1608.0,benchmark_and_avatar
M. Muheim,Switzerland,Defender,2982.0,True,48489,annual_current,43,43,1.0,0,34,2739.0,,0.9580272822665268,0.9580272822665268,True,exact-window detailed minutes plus event-bounded exposure for known startXI appearances without a positive-minute statistics row,True,34,2739.0,30,29,1,120.0,0,0.0,0.9580272822665268,exact_window_known_minutes_v2_event_bounded,False,False,0.0,0,2739.0,benchmark
M. Muheim,Switzerland,Defender,2982.0,True,48489,pre_world_cup,37,37,1.0,0,31,2647.0,,0.9566317311167328,0.9566317311167328,True,exact-window detailed minutes plus event-bounded exposure for known startXI appearances without a positive-minute statistics row,True,31,2647.0,30,29,1,120.0,0,0.0,0.9566317311167328,exact_window_known_minutes_v2_event_bounded,False,False,0.0,0,2647.0,benchmark
C. Itten,Switzerland,Attacker,3358.0,True,48497,annual_current,80,80,1.0,0,35,2789.0,,1.0,1.0,True,exact-window detailed minutes plus event-bounded exposure for known startXI appearances without a positive-minute statistics row,True,35,2789.0,32,32,0,0.0,0,0.0,1.0,exact_window_known_minutes_v2_event_bounded,False,False,0.0,0,2789.0,benchmark_and_avatar
C. Itten,Switzerland,Attacker,3358.0,True,48497,pre_world_cup,74,74,1.0,0,32,2735.0,,1.0,1.0,True,exact-window detailed minutes plus event-bounded exposure for known startXI appearances without a positive-minute statistics row,True,32,2735.0,32,32,0,0.0,0,0.0,1.0,exact_window_known_minutes_v2_event_bounded,False,False,0.0,0,2735.0,benchmark_and_avatar
D. Ndoye,Switzerland,Midfielder,2932.0,True,48648,annual_current,62,62,1.0,0,43,2422.0,,1.0,1.0,True,exact-window detailed minutes plus event-bounded exposure for known startXI appearances without a positive-minute statistics row,True,43,2422.0,28,28,0,0.0,0,0.0,1.0,exact_window_known_minutes_v2_event_bounded,False,False,0.0,0,2422.0,benchmark
D. Ndoye,Switzerland,Midfielder,2932.0,True,48648,pre_world_cup,56,56,1.0,0,37,2014.0,,1.0,1.0,True,exact-window detailed minutes plus event-bounded exposure for known startXI appearances without a positive-minute statistics row,True,37,2014.0,23,23,0,0.0,0,0.0,1.0,exact_window_known_minutes_v2_event_bounded,False,False,0.0,0,2014.0,benchmark
M. Ben Ouanes,Tunisia,Midfielder,2335.0,True,49469,annual_current,41,41,1.0,0,29,2307.0,,1.0,1.0,True,exact-window detailed minutes plus event-bounded exposure for known startXI appearances without a positive-minute statistics row,True,29,2307.0,26,26,0,0.0,0,0.0,1.0,exact_window_known_minutes_v2_event_bounded,False,False,0.0,0,2307.0,benchmark
M. Ben Ouanes,Tunisia,Midfielder,2335.0,True,49469,pre_world_cup,38,38,1.0,0,28,2285.0,,1.0,1.0,True,exact-window detailed minutes plus event-bounded exposure for known startXI appearances without a positive-minute statistics row,True,28,2285.0,26,26,0,0.0,0,0.0,1.0,exact_window_known_minutes_v2_event_bounded,False,False,0.0,0,2285.0,benchmark
A. Abdi,Tunisia,Midfielder,2579.0,True,49583,annual_current,57,57,1.0,0,39,2316.0,,1.0,1.0,True,exact-window detailed minutes plus event-bounded exposure for known startXI appearances without a positive-minute statistics row,True,39,2316.0,25,25,0,0.0,0,0.0,1.0,exact_window_known_minutes_v2_event_bounded,False,False,0.0,0,2316.0,benchmark
A. Abdi,Tunisia,Midfielder,2579.0,True,49583,pre_world_cup,54,54,1.0,0,36,2047.0,,1.0,1.0,True,exact-window detailed minutes plus event-bounded exposure for known startXI appearances without a positive-minute statistics row,True,36,2047.0,22,22,0,0.0,0,0.0,1.0,exact_window_known_minutes_v2_event_bounded,False,False,0.0,0,2047.0,benchmark
M. Günok,Türkiye,Goalkeeper,1831.0,True,49837,annual_current,82,82,1.0,0,20,1741.0,,1.0,1.0,True,exact-window provider minutes plus deterministic exposure reconstructed from complete two-team lineups and substitution/red-card events; frozen 80% fixture and minute thresholds unchanged,False,20,1741.0,19,19,0,0.0,0,0.0,1.0,exact_window_known_minutes_v3_complete_lineup_event_reconstruction,True,False,360.0,4,1381.0,benchmark
M. Günok,Türkiye,Goalkeeper,1831.0,True,49837,pre_world_cup,79,79,1.0,0,20,1741.0,,1.0,1.0,True,exact-window provider minutes plus deterministic exposure reconstructed from complete two-team lineups and substitution/red-card events; frozen 80% fixture and minute thresholds unchanged,True,20,1741.0,19,19,0,0.0,0,0.0,1.0,exact_window_known_minutes_v3_complete_lineup_event_reconstruction,False,False,360.0,4,1381.0,benchmark
I. Kahveci,Türkiye,Midfielder,1941.0,True,49857,annual_current,83,83,1.0,0,29,1764.0,,1.0,1.0,True,exact-window detailed minutes plus event-bounded exposure for known startXI appearances without a positive-minute statistics row,True,29,1764.0,19,19,0,0.0,0,0.0,1.0,exact_window_known_minutes_v2_event_bounded,False,False,0.0,0,1764.0,benchmark_and_avatar
I. Kahveci,Türkiye,Midfielder,1941.0,True,49857,pre_world_cup,80,80,1.0,0,28,1763.0,,1.0,1.0,True,exact-window detailed minutes plus event-bounded exposure for known startXI appearances without a positive-minute statistics row,True,28,1763.0,19,19,0,0.0,0,0.0,1.0,exact_window_known_minutes_v2_event_bounded,False,False,0.0,0,1763.0,benchmark_and_avatar
U. Çakir,Türkiye,Goalkeeper,4418.0,True,49866,annual_current,83,83,1.0,0,45,4058.0,,1.0,1.0,True,exact-window detailed minutes plus event-bounded exposure for known startXI appearances without a positive-minute statistics row,True,45,4058.0,45,45,0,0.0,0,0.0,1.0,exact_window_known_minutes_v2_event_bounded,False,False,0.0,0,4058.0,benchmark_and_avatar
U. Çakir,Türkiye,Goalkeeper,4418.0,True,49866,pre_world_cup,80,80,1.0,0,42,3788.0,,1.0,1.0,True,exact-window detailed minutes plus event-bounded exposure for known startXI appearances without a positive-minute statistics row,True,42,3788.0,42,42,0,0.0,0,0.0,1.0,exact_window_known_minutes_v2_event_bounded,False,False,0.0,0,3788.0,benchmark_and_avatar
A. Hadziahmetovic,Bosnia & Herzegovina,Midfielder,2395.0,True,50006,annual_current,95,95,1.0,0,41,2350.0,,1.0,1.0,True,exact-window detailed minutes plus event-bounded exposure for known startXI appearances without a positive-minute statistics row,True,41,2350.0,28,28,0,0.0,0,0.0,1.0,exact_window_known_minutes_v2_event_bounded,False,False,0.0,0,2350.0,benchmark
A. Hadziahmetovic,Bosnia & Herzegovina,Midfielder,2395.0,True,50006,pre_world_cup,91,91,1.0,0,40,2338.0,,1.0,1.0,True,exact-window detailed minutes plus event-bounded exposure for known startXI appearances without a positive-minute statistics row,True,40,2338.0,28,28,0,0.0,0,0.0,1.0,exact_window_known_minutes_v2_event_bounded,False,False,0.0,0,2338.0,benchmark
M. Talbi,Tunisia,Defender,3638.0,True,50030,annual_current,45,45,1.0,0,38,3450.0,,1.0,1.0,True,exact-window detailed minutes plus event-bounded exposure for known startXI appearances without a positive-minute statistics row,True,38,3450.0,38,38,0,0.0,0,0.0,1.0,exact_window_known_minutes_v2_event_bounded,False,False,0.0,0,3450.0,benchmark
M. Talbi,Tunisia,Defender,3638.0,True,50030,pre_world_cup,42,42,1.0,0,35,3180.0,,1.0,1.0,True,exact-window detailed minutes plus event-bounded exposure for known startXI appearances without a positive-minute statistics row,True,35,3180.0,35,35,0,0.0,0,0.0,1.0,exact_window_known_minutes_v2_event_bounded,False,False,0.0,0,3180.0,benchmark
M. Saâdane,Morocco,Defender,2560.0,True,50042,annual_current,40,40,1.0,0,30,2509.0,,1.0,1.0,True,exact-window detailed minutes plus event-bounded exposure for known startXI appearances without a positive-minute statistics row,True,30,2509.0,28,28,0,0.0,0,0.0,1.0,exact_window_known_minutes_v2_event_bounded,False,False,0.0,0,2509.0,benchmark
M. Saâdane,Morocco,Defender,2560.0,True,50042,pre_world_cup,34,34,1.0,0,29,2496.0,,1.0,1.0,True,exact-window detailed minutes plus event-bounded exposure for known startXI appearances without a positive-minute statistics row,True,29,2496.0,28,28,0,0.0,0,0.0,1.0,exact_window_known_minutes_v2_event_bounded,False,False,0.0,0,2496.0,benchmark
E. Elmali,Türkiye,Midfielder,2268.0,True,50057,annual_current,56,56,1.0,0,40,2176.0,,1.0,1.0,True,exact-window detailed minutes plus event-bounded exposure for known startXI appearances without a positive-minute statistics row,True,40,2176.0,22,22,0,0.0,0,0.0,1.0,exact_window_known_minutes_v2_event_bounded,False,False,0.0,0,2176.0,benchmark_and_avatar
E. Elmali,Türkiye,Midfielder,2268.0,True,50057,pre_world_cup,53,53,1.0,0,38,2066.0,,1.0,1.0,True,exact-window detailed minutes plus event-bounded exposure for known startXI appearances without a positive-minute statistics row,True,38,2066.0,21,21,0,0.0,0,0.0,1.0,exact_window_known_minutes_v2_event_bounded,False,False,0.0,0,2066.0,benchmark_and_avatar
S. Rochet,Uruguay,Goalkeeper,3849.0,True,50077,annual_current,54,54,1.0,0,30,2715.0,,1.0,1.0,True,exact-window detailed minutes plus event-bounded exposure for known startXI appearances without a positive-minute statistics row,False,30,2715.0,29,29,0,0.0,0,0.0,1.0,exact_window_known_minutes_v2_event_bounded,True,False,0.0,0,2715.0,benchmark
S. Rochet,Uruguay,Goalkeeper,3849.0,True,50077,pre_world_cup,53,53,1.0,0,30,2760.0,,1.0,1.0,True,exact-window detailed minutes plus event-bounded exposure for known startXI appearances without a positive-minute statistics row,True,30,2760.0,30,30,0,0.0,0,0.0,1.0,exact_window_known_minutes_v2_event_bounded,False,False,0.0,0,2760.0,benchmark
Ryan Mendes,Cape Verde Islands,Midfielder,3983.0,True,50270,annual_current,82,82,1.0,0,37,2475.0,,0.9649122807017544,0.9649122807017544,True,exact-window detailed minutes plus event-bounded exposure for known startXI appearances without a positive-minute statistics row,False,37,2475.0,30,29,1,90.0,0,0.0,0.9649122807017544,exact_window_known_minutes_v2_event_bounded,True,False,0.0,0,2475.0,benchmark
Ryan Mendes,Cape Verde Islands,Midfielder,3983.0,True,50270,pre_world_cup,78,78,1.0,0,33,2144.0,,0.9597135183527306,0.9597135183527306,True,exact-window detailed minutes plus event-bounded exposure for known startXI appearances without a positive-minute statistics row,True,33,2144.0,26,25,1,90.0,0,0.0,0.9597135183527306,exact_window_known_minutes_v2_event_bounded,False,False,0.0,0,2144.0,benchmark
O. Shukurov,Uzbekistan,Midfielder,2075.0,True,50272,annual_current,29,29,1.0,0,22,1431.0,,1.0,1.0,True,exact-window provider minutes plus deterministic exposure reconstructed from complete two-team lineups and substitution/red-card events; frozen 80% fixture and minute thresholds unchanged,False,22,1431.0,18,18,0,0.0,0,0.0,1.0,exact_window_known_minutes_v3_complete_lineup_event_reconstruction,True,False,240.0,3,1191.0,benchmark
O. Shukurov,Uzbekistan,Midfielder,2075.0,True,50272,pre_world_cup,26,26,1.0,0,19,1193.0,,1.0,1.0,True,exact-window provider minutes plus deterministic exposure reconstructed from complete two-team lineups and substitution/red-card events; frozen 80% fixture and minute thresholds unchanged,True,19,1193.0,15,15,0,0.0,0,0.0,1.0,exact_window_known_minutes_v3_complete_lineup_event_reconstruction,False,False,240.0,3,953.0,benchmark
M. Freese,USA,Goalkeeper,6119.0,True,50728,annual_current,40,40,1.0,0,39,3525.0,,1.0,1.0,True,exact-window detailed minutes plus event-bounded exposure for known startXI appearances without a positive-minute statistics row,False,39,3525.0,39,39,0,0.0,0,0.0,1.0,exact_window_known_minutes_v2_event_bounded,True,False,0.0,0,3525.0,benchmark
M. Freese,USA,Goalkeeper,6119.0,True,50728,pre_world_cup,46,46,1.0,0,43,3897.0,,1.0,1.0,True,exact-window detailed minutes plus event-bounded exposure for known startXI appearances without a positive-minute statistics row,True,43,3897.0,43,43,0,0.0,0,0.0,1.0,exact_window_known_minutes_v2_event_bounded,False,False,0.0,0,3897.0,benchmark
M. McKenzie,USA,Defender,3388.0,True,50735,annual_current,43,43,1.0,0,34,2855.0,,1.0,1.0,True,exact-window detailed minutes plus event-bounded exposure for known startXI appearances without a positive-minute statistics row,True,34,2855.0,32,32,0,0.0,0,0.0,1.0,exact_window_known_minutes_v2_event_bounded,False,False,0.0,0,2855.0,benchmark
M. McKenzie,USA,Defender,3388.0,True,50735,pre_world_cup,44,44,1.0,0,34,2781.0,,1.0,1.0,True,exact-window detailed minutes plus event-bounded exposure for known startXI appearances without a positive-minute statistics row,True,34,2781.0,31,31,0,0.0,0,0.0,1.0,exact_window_known_minutes_v2_event_bounded,False,False,0.0,0,2781.0,benchmark
B. Aaronson,USA,Attacker,3160.0,True,50739,annual_current,49,48,0.979591836734694,1,42,2771.0,,1.0,1.0,True,exact-window detailed minutes plus event-bounded exposure for known startXI appearances without a positive-minute statistics row,True,42,2771.0,32,32,0,0.0,0,0.0,1.0,exact_window_known_minutes_v2_event_bounded,False,False,0.0,0,2771.0,benchmark
B. Aaronson,USA,Attacker,3160.0,True,50739,pre_world_cup,50,49,0.98,1,46,2838.0,,1.0,1.0,True,exact-window detailed minutes plus event-bounded exposure for known startXI appearances without a positive-minute statistics row,True,46,2838.0,32,32,0,0.0,0,0.0,1.0,exact_window_known_minutes_v2_event_bounded,False,False,0.0,0,2838.0,benchmark
M. Choinière,Canada,Midfielder,2630.0,True,50788,annual_current,85,85,1.0,0,36,2171.0,,1.0,1.0,True,exact-window detailed minutes plus event-bounded exposure for known startXI appearances without a positive-minute statistics row,True,36,2171.0,24,24,0,0.0,0,0.0,1.0,exact_window_known_minutes_v2_event_bounded,False,False,0.0,0,2171.0,benchmark
M. Choinière,Canada,Midfielder,2630.0,True,50788,pre_world_cup,88,88,1.0,0,39,2411.0,,1.0,1.0,True,exact-window detailed minutes plus event-bounded exposure for known startXI appearances without a positive-minute statistics row,True,39,2411.0,26,26,0,0.0,0,0.0,1.0,exact_window_known_minutes_v2_event_bounded,False,False,0.0,0,2411.0,benchmark
R. Laryea,Canada,Defender,3421.0,True,50816,annual_current,32,32,1.0,0,26,2278.0,,1.0,1.0,True,exact-window detailed minutes plus event-bounded exposure for known startXI appearances without a positive-minute statistics row,False,26,2278.0,25,25,0,0.0,0,0.0,1.0,exact_window_known_minutes_v2_event_bounded,True,False,0.0,0,2278.0,benchmark
R. Laryea,Canada,Defender,3421.0,True,50816,pre_world_cup,35,35,1.0,0,26,2209.0,,1.0,1.0,True,exact-window detailed minutes plus event-bounded exposure for known startXI appearances without a positive-minute statistics row,True,26,2209.0,24,24,0,0.0,0,0.0,1.0,exact_window_known_minutes_v2_event_bounded,False,False,0.0,0,2209.0,benchmark
J. Osorio,Canada,Midfielder,3453.0,True,50817,annual_current,32,32,1.0,0,27,2189.0,,1.0,1.0,True,exact-window detailed minutes plus event-bounded exposure for known startXI appearances without a positive-minute statistics row,False,27,2189.0,24,24,0,0.0,0,0.0,1.0,exact_window_known_minutes_v2_event_bounded,True,False,0.0,0,2189.0,benchmark
J. Osorio,Canada,Midfielder,3453.0,True,50817,pre_world_cup,35,35,1.0,0,26,2191.0,,1.0,1.0,True,exact-window detailed minutes plus event-bounded exposure for known startXI appearances without a positive-minute statistics row,True,26,2191.0,24,24,0,0.0,0,0.0,1.0,exact_window_known_minutes_v2_event_bounded,False,False,0.0,0,2191.0,benchmark
J. Shaffelburg,Canada,Midfielder,2128.0,True,50826,annual_current,42,42,1.0,0,28,1212.0,,1.0,1.0,True,exact-window detailed minutes plus event-bounded exposure for known startXI appearances without a positive-minute statistics row,False,28,1212.0,11,11,0,0.0,0,0.0,1.0,exact_window_known_minutes_v2_event_bounded,True,False,0.0,0,1212.0,benchmark
J. Shaffelburg,Canada,Midfielder,2128.0,True,50826,pre_world_cup,47,47,1.0,0,28,1403.0,,1.0,1.0,True,exact-window detailed minutes plus event-bounded exposure for known startXI appearances without a positive-minute statistics row,True,28,1403.0,15,15,0,0.0,0,0.0,1.0,exact_window_known_minutes_v2_event_bounded,False,False,0.0,0,1403.0,benchmark
J. Scally,USA,Defender,3032.0,True,50852,annual_current,42,42,1.0,0,37,2879.0,,1.0,1.0,True,exact-window detailed minutes plus event-bounded exposure for known startXI appearances without a positive-minute statistics row,True,37,2879.0,32,32,0,0.0,0,0.0,1.0,exact_window_known_minutes_v2_event_bounded,False,False,0.0,0,2879.0,benchmark
J. Scally,USA,Defender,3032.0,True,50852,pre_world_cup,37,37,1.0,0,35,2792.0,,1.0,1.0,True,exact-window detailed minutes plus event-bounded exposure for known startXI appearances without a positive-minute statistics row,True,35,2792.0,31,31,0,0.0,0,0.0,1.0,exact_window_known_minutes_v2_event_bounded,False,False,0.0,0,2792.0,benchmark
M. Robinson,USA,Defender,6053.0,True,50879,annual_current,42,42,1.0,0,27,2123.0,,0.9593312245820154,0.9593312245820154,True,exact-window detailed minutes plus event-bounded exposure for known startXI appearances without a positive-minute statistics row,False,27,2123.0,26,25,1,90.0,0,0.0,0.9593312245820154,exact_window_known_minutes_v2_event_bounded,True,False,0.0,0,2123.0,benchmark
M. Robinson,USA,Defender,6053.0,True,50879,pre_world_cup,49,49,1.0,0,30,2226.0,,0.961139896373057,0.961139896373057,True,exact-window detailed minutes plus event-bounded exposure for known startXI appearances without a positive-minute statistics row,True,30,2226.0,27,26,1,90.0,0,0.0,0.961139896373057,exact_window_known_minutes_v2_event_bounded,False,False,0.0,0,2226.0,benchmark
D. Etienne,Haiti,Attacker,1887.0,True,50958,annual_current,36,36,1.0,0,24,1136.0,,1.0,1.0,True,exact-window detailed minutes plus event-bounded exposure for known startXI appearances without a positive-minute statistics row,False,24,1136.0,12,12,0,0.0,0,0.0,1.0,exact_window_known_minutes_v2_event_bounded,True,False,0.0,0,1136.0,benchmark
D. Etienne,Haiti,Attacker,1887.0,True,50958,pre_world_cup,40,40,1.0,0,26,1245.0,,1.0,1.0,True,exact-window detailed minutes plus event-bounded exposure for known startXI appearances without a positive-minute statistics row,True,26,1245.0,13,13,0,0.0,0,0.0,1.0,exact_window_known_minutes_v2_event_bounded,False,False,0.0,0,1245.0,benchmark
M. Turner,USA,Goalkeeper,2487.0,True,50999,annual_current,31,31,1.0,0,25,2262.0,,1.0,1.0,True,exact-window detailed minutes plus event-bounded exposure for known startXI appearances without a positive-minute statistics row,True,25,2262.0,25,25,0,0.0,0,0.0,1.0,exact_window_known_minutes_v2_event_bounded,False,False,0.0,0,2262.0,benchmark
M. Turner,USA,Goalkeeper,2487.0,True,50999,pre_world_cup,33,33,1.0,0,24,2172.0,,1.0,1.0,True,exact-window detailed minutes plus event-bounded exposure for known startXI appearances without a positive-minute statistics row,True,24,2172.0,24,24,0,0.0,0,0.0,1.0,exact_window_known_minutes_v2_event_bounded,False,False,0.0,0,2172.0,benchmark
T. Buchanan,Canada,Midfielder,3446.0,True,51016,annual_current,54,54,1.0,0,48,2725.0,,1.0,1.0,True,exact-window detailed minutes plus event-bounded exposure for known startXI appearances without a positive-minute statistics row,False,48,2725.0,32,32,0,0.0,0,0.0,1.0,exact_window_known_minutes_v2_event_bounded,True,False,0.0,0,2725.0,benchmark
T. Buchanan,Canada,Midfielder,3446.0,True,51016,pre_world_cup,53,53,1.0,0,47,2593.0,,1.0,1.0,True,exact-window detailed minutes plus event-bounded exposure for known startXI appearances without a positive-minute statistics row,True,47,2593.0,30,30,0,0.0,0,0.0,1.0,exact_window_known_minutes_v2_event_bounded,False,False,0.0,0,2593.0,benchmark
C. Roldan,USA,Midfielder,5309.0,True,51114,annual_current,44,44,1.0,0,32,2618.0,,0.9257425742574258,0.9257425742574258,True,exact-window detailed minutes plus event-bounded exposure for known startXI appearances without a positive-minute statistics row,False,32,2618.0,31,29,2,210.0,0,0.0,0.9257425742574258,exact_window_known_minutes_v2_event_bounded,True,False,0.0,0,2618.0,benchmark
C. Roldan,USA,Midfielder,5309.0,True,51114,pre_world_cup,45,45,1.0,0,39,3254.0,,0.939376443418014,0.939376443418014,True,exact-window detailed minutes plus event-bounded exposure for known startXI appearances without a positive-minute statistics row,True,39,3254.0,38,36,2,210.0,0,0.0,0.939376443418014,exact_window_known_minutes_v2_event_bounded,False,False,0.0,0,3254.0,benchmark
D. St. Clair,Canada,Goalkeeper,5283.0,True,51148,annual_current,40,40,1.0,0,32,2893.0,,0.9698290311766676,0.9698290311766676,True,exact-window detailed minutes plus event-bounded exposure for known startXI appearances without a positive-minute statistics row,False,32,2893.0,33,32,1,90.0,0,0.0,0.9698290311766676,exact_window_known_minutes_v2_event_bounded,True,False,0.0,0,2893.0,benchmark
D. St. Clair,Canada,Goalkeeper,5283.0,True,51148,pre_world_cup,45,45,1.0,0,38,3441.0,,0.9745114698385726,0.9745114698385726,True,exact-window detailed minutes plus event-bounded exposure for known startXI appearances without a positive-minute statistics row,True,38,3441.0,39,38,1,90.0,0,0.0,0.9745114698385726,exact_window_known_minutes_v2_event_bounded,False,False,0.0,0,3441.0,benchmark
M. Boxall,New Zealand,Defender,4489.0,True,51149,annual_current,36,36,1.0,0,26,1916.0,,1.0,1.0,True,exact-window detailed minutes plus event-bounded exposure for known startXI appearances without a positive-minute statistics row,False,26,1916.0,20,20,0,0.0,0,0.0,1.0,exact_window_known_minutes_v2_event_bounded,True,False,0.0,0,1916.0,benchmark
M. Boxall,New Zealand,Defender,4489.0,True,51149,pre_world_cup,39,39,1.0,0,29,2257.0,,1.0,1.0,True,exact-window detailed minutes plus event-bounded exposure for known startXI appearances without a positive-minute statistics row,True,29,2257.0,24,24,0,0.0,0,0.0,1.0,exact_window_known_minutes_v2_event_bounded,False,False,0.0,0,2257.0,benchmark
J. Piquerez,Uruguay,Attacker,6038.0,True,51466,annual_current,70,70,1.0,0,43,3341.0,,1.0,1.0,True,exact-window detailed minutes plus event-bounded exposure for known startXI appearances without a positive-minute statistics row,False,43,3341.0,38,38,0,0.0,0,0.0,1.0,exact_window_known_minutes_v2_event_bounded,True,False,0.0,0,3341.0,benchmark_and_avatar
J. Piquerez,Uruguay,Attacker,6038.0,True,51466,pre_world_cup,73,73,1.0,0,48,3821.0,,1.0,1.0,True,exact-window detailed minutes plus event-bounded exposure for known startXI appearances without a positive-minute statistics row,True,48,3821.0,43,43,0,0.0,0,0.0,1.0,exact_window_known_minutes_v2_event_bounded,False,False,0.0,0,3821.0,benchmark_and_avatar
M. Ugarte,Uruguay,Midfielder,3203.0,True,51494,annual_current,45,45,1.0,0,29,1322.0,,1.0,1.0,True,exact-window detailed minutes plus event-bounded exposure for known startXI appearances without a positive-minute statistics row,False,29,1322.0,14,14,0,0.0,0,0.0,1.0,exact_window_known_minutes_v2_event_bounded,True,False,0.0,0,1322.0,benchmark
M. Ugarte,Uruguay,Midfielder,3203.0,True,51494,pre_world_cup,42,42,1.0,0,26,1136.0,,1.0,1.0,True,exact-window detailed minutes plus event-bounded exposure for known startXI appearances without a positive-minute statistics row,True,26,1136.0,11,11,0,0.0,0,0.0,1.0,exact_window_known_minutes_v2_event_bounded,False,False,0.0,0,1136.0,benchmark
F. Viñas,Uruguay,Midfielder,3062.0,True,51530,annual_current,44,44,1.0,0,39,2723.0,,1.0,1.0,True,exact-window detailed minutes plus event-bounded exposure for known startXI appearances without a positive-minute statistics row,True,39,2723.0,30,30,0,0.0,0,0.0,1.0,exact_window_known_minutes_v2_event_bounded,False,False,0.0,0,2723.0,benchmark
F. Viñas,Uruguay,Midfielder,3062.0,True,51530,pre_world_cup,41,41,1.0,0,36,2531.0,,1.0,1.0,True,exact-window detailed minutes plus event-bounded exposure for known startXI appearances without a positive-minute statistics row,True,36,2531.0,28,28,0,0.0,0,0.0,1.0,exact_window_known_minutes_v2_event_bounded,False,False,0.0,0,2531.0,benchmark
S. Cáceres,Uruguay,Defender,4771.0,True,51535,annual_current,50,50,1.0,0,38,3204.0,,1.0,1.0,True,exact-window detailed minutes plus event-bounded exposure for known startXI appearances without a positive-minute statistics row,False,38,3204.0,36,36,0,0.0,0,0.0,1.0,exact_window_known_minutes_v2_event_bounded,True,False,0.0,0,3204.0,benchmark
S. Cáceres,Uruguay,Defender,4771.0,True,51535,pre_world_cup,49,49,1.0,0,37,3113.0,,1.0,1.0,True,exact-window detailed minutes plus event-bounded exposure for known startXI appearances without a positive-minute statistics row,True,37,3113.0,35,35,0,0.0,0,0.0,1.0,exact_window_known_minutes_v2_event_bounded,False,False,0.0,0,3113.0,benchmark
A. Canobbio,Uruguay,Midfielder,6333.0,True,51603,annual_current,78,78,1.0,0,60,4649.0,,1.0,1.0,True,exact-window detailed minutes plus event-bounded exposure for known startXI appearances without a positive-minute statistics row,False,60,4649.0,54,54,0,0.0,0,0.0,1.0,exact_window_known_minutes_v2_event_bounded,True,False,0.0,0,4649.0,benchmark
A. Canobbio,Uruguay,Midfielder,6333.0,True,51603,pre_world_cup,81,81,1.0,0,59,4548.0,,1.0,1.0,True,exact-window detailed minutes plus event-bounded exposure for known startXI appearances without a positive-minute statistics row,True,59,4548.0,54,54,0,0.0,0,0.0,1.0,exact_window_known_minutes_v2_event_bounded,False,False,0.0,0,4548.0,benchmark
D. Núñez,Uruguay,Attacker,2781.0,True,51617,annual_current,86,86,1.0,0,26,1838.0,,1.0,1.0,True,exact-window detailed minutes plus event-bounded exposure for known startXI appearances without a positive-minute statistics row,False,26,1838.0,20,20,0,0.0,0,0.0,1.0,exact_window_known_minutes_v2_event_bounded,True,False,0.0,0,1838.0,benchmark
D. Núñez,Uruguay,Attacker,2781.0,True,51617,pre_world_cup,83,83,1.0,0,23,1683.0,,1.0,1.0,True,exact-window detailed minutes plus event-bounded exposure for known startXI appearances without a positive-minute statistics row,True,23,1683.0,18,18,0,0.0,0,0.0,1.0,exact_window_known_minutes_v2_event_bounded,False,False,0.0,0,1683.0,benchmark
B. Rodríguez,Uruguay,Attacker,3985.0,True,51618,annual_current,50,50,1.0,0,45,2845.0,,1.0,1.0,True,exact-window detailed minutes plus event-bounded exposure for known startXI appearances without a positive-minute statistics row,False,45,2845.0,32,32,0,0.0,0,0.0,1.0,exact_window_known_minutes_v2_event_bounded,True,False,0.0,0,2845.0,benchmark
B. Rodríguez,Uruguay,Attacker,3985.0,True,51618,pre_world_cup,49,49,1.0,0,44,2972.0,,1.0,1.0,True,exact-window detailed minutes plus event-bounded exposure for known startXI appearances without a positive-minute statistics row,True,44,2972.0,34,34,0,0.0,0,0.0,1.0,exact_window_known_minutes_v2_event_bounded,False,False,0.0,0,2972.0,benchmark
M. Araújo,Uruguay,Midfielder,5194.0,True,51776,annual_current,58,58,1.0,0,47,3756.0,,1.0,1.0,True,exact-window detailed minutes plus event-bounded exposure for known startXI appearances without a positive-minute statistics row,False,47,3756.0,42,42,0,0.0,0,0.0,1.0,exact_window_known_minutes_v2_event_bounded,True,False,0.0,0,3756.0,benchmark_and_avatar
M. Araújo,Uruguay,Midfielder,5194.0,True,51776,pre_world_cup,55,55,1.0,0,44,3504.0,,1.0,1.0,True,exact-window detailed minutes plus event-bounded exposure for known startXI appearances without a positive-minute statistics row,True,44,3504.0,39,39,0,0.0,0,0.0,1.0,exact_window_known_minutes_v2_event_bounded,False,False,0.0,0,3504.0,benchmark_and_avatar
D. Hadzikadunic,Bosnia & Herzegovina,Defender,2247.0,True,53517,annual_current,42,42,1.0,0,29,2247.0,,1.0,1.0,True,exact-window detailed minutes plus event-bounded exposure for known startXI appearances without a positive-minute statistics row,True,29,2247.0,25,25,0,0.0,0,0.0,1.0,exact_window_known_minutes_v2_event_bounded,False,False,0.0,0,2247.0,benchmark
D. Hadzikadunic,Bosnia & Herzegovina,Defender,2247.0,True,53517,pre_world_cup,38,38,1.0,0,28,2220.0,,1.0,1.0,True,exact-window detailed minutes plus event-bounded exposure for known startXI appearances without a positive-minute statistics row,True,28,2220.0,25,25,0,0.0,0,0.0,1.0,exact_window_known_minutes_v2_event_bounded,False,False,0.0,0,2220.0,benchmark
E. Shomurodov,Uzbekistan,Attacker,4520.0,True,53535,annual_current,47,47,1.0,0,42,3532.0,,0.9515086206896552,0.9515086206896552,True,exact-window detailed minutes plus event-bounded exposure for known startXI appearances without a positive-minute statistics row,False,42,3532.0,42,40,2,180.0,0,0.0,0.9515086206896552,exact_window_known_minutes_v2_event_bounded,True,False,0.0,0,3532.0,benchmark
E. Shomurodov,Uzbekistan,Attacker,4520.0,True,53535,pre_world_cup,44,44,1.0,0,39,3263.0,,0.9477200116177752,0.9477200116177752,True,exact-window detailed minutes plus event-bounded exposure for known startXI appearances without a positive-minute statistics row,True,39,3263.0,39,37,2,180.0,0,0.0,0.9477200116177752,exact_window_known_minutes_v2_event_bounded,False,False,0.0,0,3263.0,benchmark
Jalal Hassan Hachim,Iraq,Goalkeeper,1834.0,True,53886,annual_current,15,15,1.0,0,13,1155.0,,0.927710843373494,0.927710843373494,True,exact-window detailed minutes plus event-bounded exposure for known startXI appearances without a positive-minute statistics row,False,13,1155.0,13,12,1,90.0,0,0.0,0.927710843373494,exact_window_known_minutes_v2_event_bounded,True,False,0.0,0,1155.0,benchmark_and_avatar
Jalal Hassan Hachim,Iraq,Goalkeeper,1834.0,True,53886,pre_world_cup,12,12,1.0,0,11,1020.0,,0.918918918918919,0.918918918918919,True,exact-window detailed minutes plus event-bounded exposure for known startXI appearances without a positive-minute statistics row,True,11,1020.0,12,11,1,90.0,0,0.0,0.918918918918919,exact_window_known_minutes_v2_event_bounded,False,False,0.0,0,1020.0,benchmark_and_avatar
Yazan Al Arab,Jordan,Defender,4090.0,True,53900,annual_current,47,47,1.0,0,35,2895.0,,1.0,1.0,True,exact-window provider minutes plus deterministic exposure reconstructed from complete two-team lineups and substitution/red-card events; frozen 80% fixture and minute thresholds unchanged,False,35,2895.0,34,34,0,0.0,0,0.0,1.0,exact_window_known_minutes_v3_complete_lineup_event_reconstruction,True,False,751.0,9,2144.0,benchmark
Yazan Al Arab,Jordan,Defender,4090.0,True,53900,pre_world_cup,46,46,1.0,0,33,2715.0,,1.0,1.0,True,exact-window provider minutes plus deterministic exposure reconstructed from complete two-team lineups and substitution/red-card events; frozen 80% fixture and minute thresholds unchanged,True,33,2715.0,32,32,0,0.0,0,0.0,1.0,exact_window_known_minutes_v3_complete_lineup_event_reconstruction,False,False,751.0,9,1964.0,benchmark
J. Córdoba,Panama,Defender,3236.0,True,57739,annual_current,60,60,1.0,0,34,2717.0,,1.0,1.0,True,exact-window detailed minutes plus event-bounded exposure for known startXI appearances without a positive-minute statistics row,True,34,2717.0,30,30,0,0.0,0,0.0,1.0,exact_window_known_minutes_v2_event_bounded,False,False,0.0,0,2717.0,benchmark_and_avatar
J. Córdoba,Panama,Defender,3236.0,True,57739,pre_world_cup,62,62,1.0,0,34,2561.0,,1.0,1.0,True,exact-window detailed minutes plus event-bounded exposure for known startXI appearances without a positive-minute statistics row,True,34,2561.0,28,28,0,0.0,0,0.0,1.0,exact_window_known_minutes_v2_event_bounded,False,False,0.0,0,2561.0,benchmark_and_avatar
A. Carrasquilla,Panama,Midfielder,5388.0,True,57807,annual_current,65,65,1.0,0,46,3476.0,,1.0,1.0,True,exact-window detailed minutes plus event-bounded exposure for known startXI appearances without a positive-minute statistics row,False,46,3476.0,39,39,0,0.0,0,0.0,1.0,exact_window_known_minutes_v2_event_bounded,True,False,0.0,0,3476.0,benchmark
A. Carrasquilla,Panama,Midfielder,5388.0,True,57807,pre_world_cup,74,73,0.9864864864864864,1,47,3566.0,,1.0,1.0,True,exact-window detailed minutes plus event-bounded exposure for known startXI appearances without a positive-minute statistics row,True,47,3566.0,40,40,0,0.0,0,0.0,1.0,exact_window_known_minutes_v2_event_bounded,False,False,0.0,0,3566.0,benchmark
C. Yanis,Panama,Midfielder,3133.0,True,57875,annual_current,40,40,1.0,0,26,1913.0,,1.0,1.0,True,exact-window detailed minutes plus event-bounded exposure for known startXI appearances without a positive-minute statistics row,False,26,1913.0,22,22,0,0.0,0,0.0,1.0,exact_window_known_minutes_v2_event_bounded,True,False,0.0,0,1913.0,benchmark
C. Yanis,Panama,Midfielder,3133.0,True,57875,pre_world_cup,43,43,1.0,0,30,2063.0,,1.0,1.0,True,exact-window detailed minutes plus event-bounded exposure for known startXI appearances without a positive-minute statistics row,True,30,2063.0,23,23,0,0.0,0,0.0,1.0,exact_window_known_minutes_v2_event_bounded,False,False,0.0,0,2063.0,benchmark
A. Bardakci,Türkiye,Defender,4365.0,True,61837,annual_current,56,56,1.0,0,46,3960.0,,1.0,1.0,True,exact-window detailed minutes plus event-bounded exposure for known startXI appearances without a positive-minute statistics row,True,46,3960.0,46,46,0,0.0,0,0.0,1.0,exact_window_known_minutes_v2_event_bounded,False,False,0.0,0,3960.0,benchmark_and_avatar
A. Bardakci,Türkiye,Defender,4365.0,True,61837,pre_world_cup,53,53,1.0,0,43,3694.0,,1.0,1.0,True,exact-window detailed minutes plus event-bounded exposure for known startXI appearances without a positive-minute statistics row,True,43,3694.0,43,43,0,0.0,0,0.0,1.0,exact_window_known_minutes_v2_event_bounded,False,False,0.0,0,3694.0,benchmark_and_avatar
S. Mele,Uruguay,Goalkeeper,3889.0,True,61895,annual_current,76,76,1.0,0,20,1790.0,,1.0,1.0,True,exact-window detailed minutes plus event-bounded exposure for known startXI appearances without a positive-minute statistics row,False,20,1790.0,20,20,0,0.0,0,0.0,1.0,exact_window_known_minutes_v2_event_bounded,True,False,0.0,0,1790.0,benchmark_and_avatar
S. Mele,Uruguay,Goalkeeper,3889.0,True,61895,pre_world_cup,78,78,1.0,0,21,1880.0,,1.0,1.0,True,exact-window detailed minutes plus event-bounded exposure for known startXI appearances without a positive-minute statistics row,True,21,1880.0,21,21,0,0.0,0,0.0,1.0,exact_window_known_minutes_v2_event_bounded,False,False,0.0,0,1880.0,benchmark_and_avatar
S. Akaydin,Türkiye,Defender,2617.0,True,62490,annual_current,43,39,0.9069767441860463,4,29,2571.0,,1.0,1.0,True,exact-window detailed minutes plus event-bounded exposure for known startXI appearances without a positive-minute statistics row,True,29,2571.0,29,29,0,0.0,0,0.0,1.0,exact_window_known_minutes_v2_event_bounded,False,False,0.0,0,2571.0,benchmark
S. Akaydin,Türkiye,Defender,2617.0,True,62490,pre_world_cup,40,36,0.9,4,29,2571.0,,1.0,1.0,True,exact-window detailed minutes plus event-bounded exposure for known startXI appearances without a positive-minute statistics row,True,29,2571.0,29,29,0,0.0,0,0.0,1.0,exact_window_known_minutes_v2_event_bounded,False,False,0.0,0,2571.0,benchmark
B. Yilmaz,Türkiye,Midfielder,3781.0,True,63274,annual_current,56,56,1.0,0,48,3689.0,,1.0,1.0,True,exact-window detailed minutes plus event-bounded exposure for known startXI appearances without a positive-minute statistics row,True,48,3689.0,42,42,0,0.0,0,0.0,1.0,exact_window_known_minutes_v2_event_bounded,False,False,0.0,0,3689.0,benchmark
B. Yilmaz,Türkiye,Midfielder,3781.0,True,63274,pre_world_cup,53,53,1.0,0,45,3510.0,,1.0,1.0,True,exact-window detailed minutes plus event-bounded exposure for known startXI appearances without a positive-minute statistics row,True,45,3510.0,40,40,0,0.0,0,0.0,1.0,exact_window_known_minutes_v2_event_bounded,False,False,0.0,0,3510.0,benchmark
F. Torres,Ecuador,Defender,3994.0,True,63964,annual_current,68,68,1.0,0,21,1420.0,,1.0,1.0,True,exact-window detailed minutes plus event-bounded exposure for known startXI appearances without a positive-minute statistics row,False,21,1420.0,15,15,0,0.0,0,0.0,1.0,exact_window_known_minutes_v2_event_bounded,True,False,0.0,0,1420.0,benchmark
F. Torres,Ecuador,Defender,3994.0,True,63964,pre_world_cup,68,68,1.0,0,21,1416.0,,1.0,1.0,True,exact-window detailed minutes plus event-bounded exposure for known startXI appearances without a positive-minute statistics row,True,21,1416.0,15,15,0,0.0,0,0.0,1.0,exact_window_known_minutes_v2_event_bounded,False,False,0.0,0,1416.0,benchmark
Y. Fofana,Ivory Coast,Goalkeeper,3330.0,True,64190,annual_current,77,77,1.0,0,35,3150.0,,1.0,1.0,True,exact-window detailed minutes plus event-bounded exposure for known startXI appearances without a positive-minute statistics row,True,35,3150.0,35,35,0,0.0,0,0.0,1.0,exact_window_known_minutes_v2_event_bounded,False,False,0.0,0,3150.0,benchmark_and_avatar
Y. Fofana,Ivory Coast,Goalkeeper,3330.0,True,64190,pre_world_cup,73,73,1.0,0,31,2790.0,,1.0,1.0,True,exact-window detailed minutes plus event-bounded exposure for known startXI appearances without a positive-minute statistics row,True,31,2790.0,31,31,0,0.0,0,0.0,1.0,exact_window_known_minutes_v2_event_bounded,False,False,0.0,0,2790.0,benchmark_and_avatar
J. Mojica,Colombia,Defender,4230.0,True,64268,annual_current,45,45,1.0,0,40,3217.0,,1.0,1.0,True,exact-window detailed minutes plus event-bounded exposure for known startXI appearances without a positive-minute statistics row,False,40,3217.0,35,35,0,0.0,0,0.0,1.0,exact_window_known_minutes_v2_event_bounded,True,False,0.0,0,3217.0,benchmark
J. Mojica,Colombia,Defender,4230.0,True,64268,pre_world_cup,41,41,1.0,0,36,2827.0,,1.0,1.0,True,exact-window detailed minutes plus event-bounded exposure for known startXI appearances without a positive-minute statistics row,True,36,2827.0,31,31,0,0.0,0,0.0,1.0,exact_window_known_minutes_v2_event_bounded,False,False,0.0,0,2827.0,benchmark
P. Musa,Croatia,Attacker,4240.0,True,66055,annual_current,33,33,1.0,0,28,2163.0,,1.0,1.0,True,exact-window detailed minutes plus event-bounded exposure for known startXI appearances without a positive-minute statistics row,False,28,2163.0,26,26,0,0.0,0,0.0,1.0,exact_window_known_minutes_v2_event_bounded,True,False,0.0,0,2163.0,benchmark_and_avatar
P. Musa,Croatia,Attacker,4240.0,True,66055,pre_world_cup,35,35,1.0,0,32,2596.0,,1.0,1.0,True,exact-window detailed minutes plus event-bounded exposure for known startXI appearances without a positive-minute statistics row,True,32,2596.0,30,30,0,0.0,0,0.0,1.0,exact_window_known_minutes_v2_event_bounded,False,False,0.0,0,2596.0,benchmark_and_avatar
D. Doudera,Czech Republic,Midfielder,2109.0,True,66214,annual_current,45,45,1.0,0,29,1961.0,,1.0,1.0,True,exact-window detailed minutes plus event-bounded exposure for known startXI appearances without a positive-minute statistics row,True,29,1961.0,23,23,0,0.0,0,0.0,1.0,exact_window_known_minutes_v2_event_bounded,False,False,0.0,0,1961.0,benchmark
D. Doudera,Czech Republic,Midfielder,2109.0,True,66214,pre_world_cup,42,42,1.0,0,28,1871.0,,1.0,1.0,True,exact-window detailed minutes plus event-bounded exposure for known startXI appearances without a positive-minute statistics row,True,28,1871.0,22,22,0,0.0,0,0.0,1.0,exact_window_known_minutes_v2_event_bounded,False,False,0.0,0,1871.0,benchmark
J. Kuchta,Czech Republic,Attacker,2131.0,True,66340,annual_current,51,51,1.0,0,37,1994.0,,0.8158756137479541,0.8158756137479541,True,exact-window detailed minutes plus event-bounded exposure for known startXI appearances without a positive-minute statistics row,True,37,1994.0,24,19,5,450.0,0,0.0,0.8158756137479541,exact_window_known_minutes_v2_event_bounded,False,False,0.0,0,1994.0,benchmark
J. Kuchta,Czech Republic,Attacker,2131.0,True,66340,pre_world_cup,48,48,1.0,0,37,1994.0,,0.8158756137479541,0.8158756137479541,True,exact-window detailed minutes plus event-bounded exposure for known startXI appearances without a positive-minute statistics row,True,37,1994.0,24,19,5,450.0,0,0.0,0.8158756137479541,exact_window_known_minutes_v2_event_bounded,False,False,0.0,0,1994.0,benchmark
J. Stanek,Czech Republic,Goalkeeper,2250.0,True,66347,annual_current,45,45,1.0,0,25,2250.0,,1.0,1.0,True,exact-window detailed minutes plus event-bounded exposure for known startXI appearances without a positive-minute statistics row,True,25,2250.0,25,25,0,0.0,0,0.0,1.0,exact_window_known_minutes_v2_event_bounded,False,False,0.0,0,2250.0,benchmark_and_avatar
J. Stanek,Czech Republic,Goalkeeper,2250.0,True,66347,pre_world_cup,42,42,1.0,0,25,2250.0,,1.0,1.0,True,exact-window detailed minutes plus event-bounded exposure for known startXI appearances without a positive-minute statistics row,True,25,2250.0,25,25,0,0.0,0,0.0,1.0,exact_window_known_minutes_v2_event_bounded,False,False,0.0,0,2250.0,benchmark_and_avatar
L. Provod,Czech Republic,Attacker,3302.0,True,66353,annual_current,45,45,1.0,0,40,3210.0,,1.0,1.0,True,exact-window detailed minutes plus event-bounded exposure for known startXI appearances without a positive-minute statistics row,True,40,3210.0,36,36,0,0.0,0,0.0,1.0,exact_window_known_minutes_v2_event_bounded,False,False,0.0,0,3210.0,benchmark
L. Provod,Czech Republic,Attacker,3302.0,True,66353,pre_world_cup,42,42,1.0,0,37,3089.0,,1.0,1.0,True,exact-window detailed minutes plus event-bounded exposure for known startXI appearances without a positive-minute statistics row,True,37,3089.0,35,35,0,0.0,0,0.0,1.0,exact_window_known_minutes_v2_event_bounded,False,False,0.0,0,3089.0,benchmark
P. Sulc,Czech Republic,Attacker,2814.0,True,66387,annual_current,90,90,1.0,0,45,2788.0,,1.0,1.0,True,exact-window detailed minutes plus event-bounded exposure for known startXI appearances without a positive-minute statistics row,True,45,2788.0,30,30,0,0.0,0,0.0,1.0,exact_window_known_minutes_v2_event_bounded,False,False,0.0,0,2788.0,benchmark
P. Sulc,Czech Republic,Attacker,2814.0,True,66387,pre_world_cup,87,87,1.0,0,42,2599.0,,1.0,1.0,True,exact-window detailed minutes plus event-bounded exposure for known startXI appearances without a positive-minute statistics row,True,42,2599.0,28,28,0,0.0,0,0.0,1.0,exact_window_known_minutes_v2_event_bounded,False,False,0.0,0,2599.0,benchmark
L. Krejcí,Czech Republic,Defender,3756.0,True,66407,annual_current,85,85,1.0,0,37,3126.0,,1.0,1.0,True,exact-window detailed minutes plus event-bounded exposure for known startXI appearances without a positive-minute statistics row,True,37,3126.0,35,35,0,0.0,0,0.0,1.0,exact_window_known_minutes_v2_event_bounded,False,False,0.0,0,3126.0,benchmark
L. Krejcí,Czech Republic,Defender,3756.0,True,66407,pre_world_cup,82,82,1.0,0,34,2856.0,,1.0,1.0,True,exact-window detailed minutes plus event-bounded exposure for known startXI appearances without a positive-minute statistics row,True,34,2856.0,32,32,0,0.0,0,0.0,1.0,exact_window_known_minutes_v2_event_bounded,False,False,0.0,0,2856.0,benchmark
M. Guéhi,England,Defender,5364.0,True,67971,annual_current,119,119,1.0,0,60,5114.0,,1.0,1.0,True,exact-window detailed minutes plus event-bounded exposure for known startXI appearances without a positive-minute statistics row,True,60,5114.0,56,56,0,0.0,0,0.0,1.0,exact_window_known_minutes_v2_event_bounded,False,False,0.0,0,5114.0,benchmark
M. Guéhi,England,Defender,5364.0,True,67971,pre_world_cup,112,112,1.0,0,53,4521.0,,1.0,1.0,True,exact-window detailed minutes plus event-bounded exposure for known startXI appearances without a positive-minute statistics row,True,53,4521.0,50,50,0,0.0,0,0.0,1.0,exact_window_known_minutes_v2_event_bounded,False,False,0.0,0,4521.0,benchmark
Mahmoud Saber,Egypt,Midfielder,2062.0,True,69196,annual_current,70,70,1.0,0,30,1972.0,,1.0,1.0,True,exact-window detailed minutes plus event-bounded exposure for known startXI appearances without a positive-minute statistics row,True,30,1972.0,23,23,0,0.0,0,0.0,1.0,exact_window_known_minutes_v2_event_bounded,False,False,0.0,0,1972.0,benchmark
Mahmoud Saber,Egypt,Midfielder,2062.0,True,69196,pre_world_cup,65,65,1.0,0,28,1926.0,,1.0,1.0,True,exact-window detailed minutes plus event-bounded exposure for known startXI appearances without a positive-minute statistics row,True,28,1926.0,22,22,0,0.0,0,0.0,1.0,exact_window_known_minutes_v2_event_bounded,False,False,0.0,0,1926.0,benchmark
Pico,Cape Verde Islands,Defender,5703.0,True,69260,annual_current,54,54,1.0,0,33,2921.0,,0.8439757295579312,0.8439757295579312,True,exact-window detailed minutes plus event-bounded exposure for known startXI appearances without a positive-minute statistics row,False,33,2921.0,38,32,6,540.0,0,0.0,0.8439757295579312,exact_window_known_minutes_v2_event_bounded,True,False,0.0,0,2921.0,benchmark
Pico,Cape Verde Islands,Defender,5703.0,True,69260,pre_world_cup,49,49,1.0,0,34,2936.0,,0.8446490218642118,0.8446490218642118,True,exact-window detailed minutes plus event-bounded exposure for known startXI appearances without a positive-minute statistics row,True,34,2936.0,39,33,6,540.0,0,0.0,0.8446490218642118,exact_window_known_minutes_v2_event_bounded,False,False,0.0,0,2936.0,benchmark
F. Pellistri,Uruguay,Midfielder,2011.0,True,70078,annual_current,55,55,1.0,0,15,872.0,,0.7440273037542662,0.7440273037542662,False,exact-window detailed minutes plus event-bounded exposure for known startXI appearances without a positive-minute statistics row,False,15,872.0,12,9,3,300.0,0,0.0,0.7440273037542662,exact_window_known_minutes_v2_event_bounded,False,False,0.0,0,872.0,benchmark
F. Pellistri,Uruguay,Midfielder,2011.0,True,70078,pre_world_cup,52,52,1.0,0,15,872.0,,0.7440273037542662,0.7440273037542662,False,exact-window detailed minutes plus event-bounded exposure for known startXI appearances without a positive-minute statistics row,True,15,872.0,12,9,3,300.0,0,0.0,0.7440273037542662,exact_window_known_minutes_v2_event_bounded,False,True,0.0,0,872.0,benchmark
A. Gigovic,Bosnia & Herzegovina,Midfielder,3117.0,True,70514,annual_current,86,86,1.0,0,40,2612.0,,0.9355300859598854,0.9355300859598854,True,exact-window detailed minutes plus event-bounded exposure for known startXI appearances without a positive-minute statistics row,True,40,2612.0,35,33,2,180.0,0,0.0,0.9355300859598854,exact_window_known_minutes_v2_event_bounded,False,False,0.0,0,2612.0,benchmark
A. Gigovic,Bosnia & Herzegovina,Midfielder,3117.0,True,70514,pre_world_cup,82,82,1.0,0,38,2533.0,,0.9336527828971618,0.9336527828971618,True,exact-window detailed minutes plus event-bounded exposure for known startXI appearances without a positive-minute statistics row,True,38,2533.0,34,32,2,180.0,0,0.0,0.9336527828971618,exact_window_known_minutes_v2_event_bounded,False,False,0.0,0,2533.0,benchmark
I. Pitta,Paraguay,Attacker,3940.0,True,70670,annual_current,69,69,1.0,0,43,2776.0,,1.0,1.0,True,exact-window detailed minutes plus event-bounded exposure for known startXI appearances without a positive-minute statistics row,False,43,2776.0,30,30,0,0.0,0,0.0,1.0,exact_window_known_minutes_v2_event_bounded,True,False,0.0,0,2776.0,benchmark
I. Pitta,Paraguay,Attacker,3940.0,True,70670,pre_world_cup,67,67,1.0,0,44,2840.0,,1.0,1.0,True,exact-window detailed minutes plus event-bounded exposure for known startXI appearances without a positive-minute statistics row,True,44,2840.0,30,30,0,0.0,0,0.0,1.0,exact_window_known_minutes_v2_event_bounded,False,False,0.0,0,2840.0,benchmark
J. Canale,Paraguay,Defender,3494.0,True,70732,annual_current,51,51,1.0,0,40,3494.0,,1.0,1.0,True,exact-window detailed minutes plus event-bounded exposure for known startXI appearances without a positive-minute statistics row,True,40,3494.0,37,37,0,0.0,0,0.0,1.0,exact_window_known_minutes_v2_event_bounded,False,False,0.0,0,3494.0,benchmark_and_avatar
J. Canale,Paraguay,Defender,3494.0,True,70732,pre_world_cup,47,47,1.0,0,36,3329.0,,1.0,1.0,True,exact-window detailed minutes plus event-bounded exposure for known startXI appearances without a positive-minute statistics row,True,36,3329.0,36,36,0,0.0,0,0.0,1.0,exact_window_known_minutes_v2_event_bounded,False,False,0.0,0,3329.0,benchmark_and_avatar
J. Enciso,Paraguay,Attacker,4379.0,True,70747,annual_current,60,60,1.0,0,47,3353.0,,1.0,1.0,True,exact-window detailed minutes plus event-bounded exposure for known startXI appearances without a positive-minute statistics row,False,47,3353.0,39,39,0,0.0,0,0.0,1.0,exact_window_known_minutes_v2_event_bounded,True,False,0.0,0,3353.0,benchmark
J. Enciso,Paraguay,Attacker,4379.0,True,70747,pre_world_cup,56,56,1.0,0,43,3061.0,,1.0,1.0,True,exact-window detailed minutes plus event-bounded exposure for known startXI appearances without a positive-minute statistics row,True,43,3061.0,35,35,0,0.0,0,0.0,1.0,exact_window_known_minutes_v2_event_bounded,False,False,0.0,0,3061.0,benchmark
B. Ojeda,Paraguay,Midfielder,4081.0,True,70767,annual_current,38,38,1.0,0,30,2310.0,,0.9625,0.9625,True,exact-window detailed minutes plus event-bounded exposure for known startXI appearances without a positive-minute statistics row,False,30,2310.0,26,25,1,90.0,0,0.0,0.9625,exact_window_known_minutes_v2_event_bounded,True,False,0.0,0,2310.0,benchmark
B. Ojeda,Paraguay,Midfielder,4081.0,True,70767,pre_world_cup,39,39,1.0,0,31,2357.0,,0.963220269718022,0.963220269718022,True,exact-window detailed minutes plus event-bounded exposure for known startXI appearances without a positive-minute statistics row,True,31,2357.0,27,26,1,90.0,0,0.0,0.963220269718022,exact_window_known_minutes_v2_event_bounded,False,False,0.0,0,2357.0,benchmark
O. Gill,Paraguay,Goalkeeper,6090.0,True,70852,annual_current,46,46,1.0,0,41,3795.0,,1.0,1.0,True,exact-window detailed minutes plus event-bounded exposure for known startXI appearances without a positive-minute statistics row,False,41,3795.0,41,41,0,0.0,0,0.0,1.0,exact_window_known_minutes_v2_event_bounded,True,False,0.0,0,3795.0,benchmark
O. Gill,Paraguay,Goalkeeper,6090.0,True,70852,pre_world_cup,43,43,1.0,0,37,3405.0,,1.0,1.0,True,exact-window detailed minutes plus event-bounded exposure for known startXI appearances without a positive-minute statistics row,True,37,3405.0,37,37,0,0.0,0,0.0,1.0,exact_window_known_minutes_v2_event_bounded,False,False,0.0,0,3405.0,benchmark
C. Harvey,Panama,Midfielder,2955.0,True,71230,annual_current,42,42,1.0,0,21,1260.0,,1.0,1.0,True,exact-window detailed minutes plus event-bounded exposure for known startXI appearances without a positive-minute statistics row,False,21,1260.0,13,13,0,0.0,0,0.0,1.0,exact_window_known_minutes_v2_event_bounded,True,False,0.0,0,1260.0,benchmark
C. Harvey,Panama,Midfielder,2955.0,True,71230,pre_world_cup,50,50,1.0,0,26,1538.0,,1.0,1.0,True,exact-window detailed minutes plus event-bounded exposure for known startXI appearances without a positive-minute statistics row,True,26,1538.0,15,15,0,0.0,0,0.0,1.0,exact_window_known_minutes_v2_event_bounded,False,False,0.0,0,1538.0,benchmark
A. Ueda,Japan,Attacker,4739.0,True,72155,annual_current,49,49,1.0,0,44,3549.0,,1.0,1.0,True,exact-window detailed minutes plus event-bounded exposure for known startXI appearances without a positive-minute statistics row,False,44,3549.0,43,43,0,0.0,0,0.0,1.0,exact_window_known_minutes_v2_event_bounded,True,False,0.0,0,3549.0,benchmark
A. Ueda,Japan,Attacker,4739.0,True,72155,pre_world_cup,45,45,1.0,0,40,3225.0,,1.0,1.0,True,exact-window detailed minutes plus event-bounded exposure for known startXI appearances without a positive-minute statistics row,True,40,3225.0,39,39,0,0.0,0,0.0,1.0,exact_window_known_minutes_v2_event_bounded,False,False,0.0,0,3225.0,benchmark
S. Nasrullayev,Uzbekistan,Midfielder,1915.0,True,73514,annual_current,11,11,1.0,0,9,720.0,,1.0,1.0,True,exact-window detailed minutes plus event-bounded exposure for known startXI appearances without a positive-minute statistics row,False,9,720.0,9,9,0,0.0,0,0.0,1.0,exact_window_known_minutes_v2_event_bounded,True,False,0.0,0,720.0,benchmark
S. Nasrullayev,Uzbekistan,Midfielder,1915.0,True,73514,pre_world_cup,8,8,1.0,0,6,540.0,,1.0,1.0,True,exact-window detailed minutes plus event-bounded exposure for known startXI appearances without a positive-minute statistics row,True,6,540.0,6,6,0,0.0,0,0.0,1.0,exact_window_known_minutes_v2_event_bounded,False,False,0.0,0,540.0,benchmark
R. Pepi,USA,Attacker,2082.0,True,73868,annual_current,51,51,1.0,0,38,1913.0,,1.0,1.0,True,exact-window detailed minutes plus event-bounded exposure for known startXI appearances without a positive-minute statistics row,True,38,1913.0,20,20,0,0.0,0,0.0,1.0,exact_window_known_minutes_v2_event_bounded,False,False,0.0,0,1913.0,benchmark
R. Pepi,USA,Attacker,2082.0,True,73868,pre_world_cup,46,46,1.0,0,33,1701.0,,1.0,1.0,True,exact-window detailed minutes plus event-bounded exposure for known startXI appearances without a positive-minute statistics row,True,33,1701.0,18,18,0,0.0,0,0.0,1.0,exact_window_known_minutes_v2_event_bounded,False,False,0.0,0,1701.0,benchmark
N. Mujakic,Bosnia & Herzegovina,Defender,2210.0,True,76867,annual_current,70,70,1.0,0,27,2210.0,,1.0,1.0,True,exact-window detailed minutes plus event-bounded exposure for known startXI appearances without a positive-minute statistics row,True,27,2210.0,24,24,0,0.0,0,0.0,1.0,exact_window_known_minutes_v2_event_bounded,False,False,0.0,0,2210.0,benchmark
N. Mujakic,Bosnia & Herzegovina,Defender,2210.0,True,76867,pre_world_cup,66,66,1.0,0,27,2210.0,,1.0,1.0,True,exact-window detailed minutes plus event-bounded exposure for known startXI appearances without a positive-minute statistics row,True,27,2210.0,24,24,0,0.0,0,0.0,1.0,exact_window_known_minutes_v2_event_bounded,False,False,0.0,0,2210.0,benchmark
J. Lukic,Bosnia & Herzegovina,Attacker,2578.0,True,77037,annual_current,43,43,1.0,0,33,2533.0,,1.0,1.0,True,exact-window detailed minutes plus event-bounded exposure for known startXI appearances without a positive-minute statistics row,True,33,2533.0,29,29,0,0.0,0,0.0,1.0,exact_window_known_minutes_v2_event_bounded,False,False,0.0,0,2533.0,benchmark
J. Lukic,Bosnia & Herzegovina,Attacker,2578.0,True,77037,pre_world_cup,40,40,1.0,0,32,2504.0,,1.0,1.0,True,exact-window detailed minutes plus event-bounded exposure for known startXI appearances without a positive-minute statistics row,True,32,2504.0,28,28,0,0.0,0,0.0,1.0,exact_window_known_minutes_v2_event_bounded,False,False,0.0,0,2504.0,benchmark
J. Waterman,Canada,Defender,3791.0,True,78494,annual_current,47,47,1.0,0,23,1799.0,,0.9523557437797776,0.9523557437797776,True,exact-window detailed minutes plus event-bounded exposure for known startXI appearances without a positive-minute statistics row,False,23,1799.0,20,19,1,90.0,0,0.0,0.9523557437797776,exact_window_known_minutes_v2_event_bounded,True,False,0.0,0,1799.0,benchmark
J. Waterman,Canada,Defender,3791.0,True,78494,pre_world_cup,58,58,1.0,0,28,2192.0,,0.9605609114811569,0.9605609114811569,True,exact-window detailed minutes plus event-bounded exposure for known startXI appearances without a positive-minute statistics row,True,28,2192.0,24,23,1,90.0,0,0.0,0.9605609114811569,exact_window_known_minutes_v2_event_bounded,False,False,0.0,0,2192.0,benchmark
M. Ramírez,Ecuador,Goalkeeper,3294.0,True,81224,annual_current,81,81,1.0,0,28,2520.0,,1.0,1.0,True,exact-window detailed minutes plus event-bounded exposure for known startXI appearances without a positive-minute statistics row,False,28,2520.0,28,28,0,0.0,0,0.0,1.0,exact_window_known_minutes_v2_event_bounded,True,False,0.0,0,2520.0,benchmark
M. Ramírez,Ecuador,Goalkeeper,3294.0,True,81224,pre_world_cup,80,80,1.0,0,28,2520.0,,1.0,1.0,True,exact-window detailed minutes plus event-bounded exposure for known startXI appearances without a positive-minute statistics row,True,28,2520.0,28,28,0,0.0,0,0.0,1.0,exact_window_known_minutes_v2_event_bounded,False,False,0.0,0,2520.0,benchmark
Omar Marmoush,Egypt,Midfielder,2892.0,True,81573,annual_current,72,72,1.0,0,47,2227.0,,1.0,1.0,True,exact-window detailed minutes plus event-bounded exposure for known startXI appearances without a positive-minute statistics row,False,47,2227.0,24,24,0,0.0,0,0.0,1.0,exact_window_known_minutes_v2_event_bounded,True,False,0.0,0,2227.0,benchmark
Omar Marmoush,Egypt,Midfielder,2892.0,True,81573,pre_world_cup,71,71,1.0,0,45,2045.0,,1.0,1.0,True,exact-window detailed minutes plus event-bounded exposure for known startXI appearances without a positive-minute statistics row,True,45,2045.0,23,23,0,0.0,0,0.0,1.0,exact_window_known_minutes_v2_event_bounded,False,False,0.0,0,2045.0,benchmark
B. Thomas-Asante,Ghana,Attacker,2190.0,True,82090,annual_current,52,52,1.0,0,36,2042.0,,1.0,1.0,True,exact-window detailed minutes plus event-bounded exposure for known startXI appearances without a positive-minute statistics row,True,36,2042.0,22,22,0,0.0,0,0.0,1.0,exact_window_known_minutes_v2_event_bounded,False,False,0.0,0,2042.0,benchmark
B. Thomas-Asante,Ghana,Attacker,2190.0,True,82090,pre_world_cup,48,48,1.0,0,34,1991.0,,1.0,1.0,True,exact-window detailed minutes plus event-bounded exposure for known startXI appearances without a positive-minute statistics row,True,34,1991.0,22,22,0,0.0,0,0.0,1.0,exact_window_known_minutes_v2_event_bounded,False,False,0.0,0,1991.0,benchmark
A. Gouiri,Algeria,Attacker,2187.0,True,85041,annual_current,51,51,1.0,0,32,1955.0,,1.0,1.0,True,exact-window detailed minutes plus event-bounded exposure for known startXI appearances without a positive-minute statistics row,True,32,1955.0,23,23,0,0.0,0,0.0,1.0,exact_window_known_minutes_v2_event_bounded,False,False,0.0,0,1955.0,benchmark
A. Gouiri,Algeria,Attacker,2187.0,True,85041,pre_world_cup,47,47,1.0,0,28,1702.0,,1.0,1.0,True,exact-window detailed minutes plus event-bounded exposure for known startXI appearances without a positive-minute statistics row,True,28,1702.0,20,20,0,0.0,0,0.0,1.0,exact_window_known_minutes_v2_event_bounded,False,False,0.0,0,1702.0,benchmark
J. Placide,Haiti,Goalkeeper,3224.0,True,87789,annual_current,42,42,1.0,0,30,2700.0,,1.0,1.0,True,exact-window detailed minutes plus event-bounded exposure for known startXI appearances without a positive-minute statistics row,True,30,2700.0,30,30,0,0.0,0,0.0,1.0,exact_window_known_minutes_v2_event_bounded,False,False,0.0,0,2700.0,benchmark_and_avatar
J. Placide,Haiti,Goalkeeper,3224.0,True,87789,pre_world_cup,42,42,1.0,0,30,2700.0,,1.0,1.0,True,exact-window detailed minutes plus event-bounded exposure for known startXI appearances without a positive-minute statistics row,True,30,2700.0,30,30,0,0.0,0,0.0,1.0,exact_window_known_minutes_v2_event_bounded,False,False,0.0,0,2700.0,benchmark_and_avatar
M. Wieffer,Netherlands,Defender,2015.0,True,92993,annual_current,47,47,1.0,0,28,1946.0,,1.0,1.0,True,exact-window detailed minutes plus event-bounded exposure for known startXI appearances without a positive-minute statistics row,True,28,1946.0,23,23,0,0.0,0,0.0,1.0,exact_window_known_minutes_v2_event_bounded,False,False,0.0,0,1946.0,benchmark_and_avatar
M. Wieffer,Netherlands,Defender,2015.0,True,92993,pre_world_cup,43,43,1.0,0,28,1946.0,,1.0,1.0,True,exact-window detailed minutes plus event-bounded exposure for known startXI appearances without a positive-minute statistics row,True,28,1946.0,23,23,0,0.0,0,0.0,1.0,exact_window_known_minutes_v2_event_bounded,False,False,0.0,0,1946.0,benchmark_and_avatar
C. McCowatt,New Zealand,Midfielder,3437.0,True,94322,annual_current,39,39,1.0,0,39,3012.0,,1.0,1.0,True,exact-window detailed minutes plus event-bounded exposure for known startXI appearances without a positive-minute statistics row,True,39,3012.0,36,36,0,0.0,0,0.0,1.0,exact_window_known_minutes_v2_event_bounded,False,False,0.0,0,3012.0,benchmark_and_avatar
C. McCowatt,New Zealand,Midfielder,3437.0,True,94322,pre_world_cup,36,36,1.0,0,36,2852.0,,1.0,1.0,True,exact-window detailed minutes plus event-bounded exposure for known startXI appearances without a positive-minute statistics row,True,36,2852.0,34,34,0,0.0,0,0.0,1.0,exact_window_known_minutes_v2_event_bounded,False,False,0.0,0,2852.0,benchmark_and_avatar
E. Just,New Zealand,Midfielder,3968.0,True,94333,annual_current,41,41,1.0,0,38,2963.0,,1.0,1.0,True,exact-window detailed minutes plus event-bounded exposure for known startXI appearances without a positive-minute statistics row,False,38,2963.0,35,35,0,0.0,0,0.0,1.0,exact_window_known_minutes_v2_event_bounded,True,False,0.0,0,2963.0,benchmark_and_avatar
E. Just,New Zealand,Midfielder,3968.0,True,94333,pre_world_cup,38,38,1.0,0,35,2698.0,,1.0,1.0,True,exact-window detailed minutes plus event-bounded exposure for known startXI appearances without a positive-minute statistics row,True,35,2698.0,32,32,0,0.0,0,0.0,1.0,exact_window_known_minutes_v2_event_bounded,False,False,0.0,0,2698.0,benchmark_and_avatar
N. Pijnaker,New Zealand,Defender,3483.0,True,94344,annual_current,33,33,1.0,0,17,968.0,,1.0,1.0,True,exact-window detailed minutes plus event-bounded exposure for known startXI appearances without a positive-minute statistics row,False,17,968.0,10,10,0,0.0,0,0.0,1.0,exact_window_known_minutes_v2_event_bounded,True,False,0.0,0,968.0,benchmark
N. Pijnaker,New Zealand,Defender,3483.0,True,94344,pre_world_cup,30,30,1.0,0,17,968.0,,1.0,1.0,True,exact-window detailed minutes plus event-bounded exposure for known startXI appearances without a positive-minute statistics row,True,17,968.0,10,10,0,0.0,0,0.0,1.0,exact_window_known_minutes_v2_event_bounded,False,False,0.0,0,968.0,benchmark
A. Paulsen,New Zealand,Goalkeeper,2441.0,True,94360,annual_current,37,37,1.0,0,24,2160.0,,1.0,1.0,True,exact-window detailed minutes plus event-bounded exposure for known startXI appearances without a positive-minute statistics row,True,24,2160.0,24,24,0,0.0,0,0.0,1.0,exact_window_known_minutes_v2_event_bounded,False,False,0.0,0,2160.0,benchmark
A. Paulsen,New Zealand,Goalkeeper,2441.0,True,94360,pre_world_cup,34,34,1.0,0,24,2160.0,,1.0,1.0,True,exact-window detailed minutes plus event-bounded exposure for known startXI appearances without a positive-minute statistics row,True,24,2160.0,24,24,0,0.0,0,0.0,1.0,exact_window_known_minutes_v2_event_bounded,False,False,0.0,0,2160.0,benchmark
F. de Vries,New Zealand,Defender,2698.0,True,94405,annual_current,33,33,1.0,0,27,2049.0,,1.0,1.0,True,exact-window detailed minutes plus event-bounded exposure for known startXI appearances without a positive-minute statistics row,False,27,2049.0,22,22,0,0.0,0,0.0,1.0,exact_window_known_minutes_v2_event_bounded,True,False,0.0,0,2049.0,benchmark
F. de Vries,New Zealand,Defender,2698.0,True,94405,pre_world_cup,30,30,1.0,0,25,2022.0,,1.0,1.0,True,exact-window detailed minutes plus event-bounded exposure for known startXI appearances without a positive-minute statistics row,True,25,2022.0,22,22,0,0.0,0,0.0,1.0,exact_window_known_minutes_v2_event_bounded,False,False,0.0,0,2022.0,benchmark
J. Bell,New Zealand,Midfielder,4331.0,True,94541,annual_current,32,32,1.0,0,25,2093.0,,0.9587723316536876,0.9587723316536876,True,exact-window detailed minutes plus event-bounded exposure for known startXI appearances without a positive-minute statistics row,False,25,2093.0,25,24,1,90.0,0,0.0,0.9587723316536876,exact_window_known_minutes_v2_event_bounded,True,False,0.0,0,2093.0,benchmark
J. Bell,New Zealand,Midfielder,4331.0,True,94541,pre_world_cup,32,32,1.0,0,25,2164.0,,0.9600709849157054,0.9600709849157054,True,exact-window detailed minutes plus event-bounded exposure for known startXI appearances without a positive-minute statistics row,True,25,2164.0,25,24,1,90.0,0,0.0,0.9600709849157054,exact_window_known_minutes_v2_event_bounded,False,False,0.0,0,2164.0,benchmark
A. Arce,Paraguay,Attacker,3335.0,True,95460,annual_current,71,71,1.0,0,26,1513.0,,1.0,1.0,True,exact-window detailed minutes plus event-bounded exposure for known startXI appearances without a positive-minute statistics row,False,26,1513.0,15,15,0,0.0,0,0.0,1.0,exact_window_known_minutes_v2_event_bounded,True,False,0.0,0,1513.0,benchmark
A. Arce,Paraguay,Attacker,3335.0,True,95460,pre_world_cup,74,74,1.0,0,25,1552.0,,1.0,1.0,True,exact-window detailed minutes plus event-bounded exposure for known startXI appearances without a positive-minute statistics row,True,25,1552.0,16,16,0,0.0,0,0.0,1.0,exact_window_known_minutes_v2_event_bounded,False,False,0.0,0,1552.0,benchmark
Kevin Pina,Cape Verde Islands,Midfielder,2730.0,True,96512,annual_current,34,34,1.0,0,31,1562.0,,1.0,1.0,True,exact-window detailed minutes plus event-bounded exposure for known startXI appearances without a positive-minute statistics row,False,31,1562.0,15,15,0,0.0,0,0.0,1.0,exact_window_known_minutes_v2_event_bounded,True,False,0.0,0,1562.0,benchmark_and_avatar
Kevin Pina,Cape Verde Islands,Midfielder,2730.0,True,96512,pre_world_cup,30,30,1.0,0,27,1211.0,,1.0,1.0,True,exact-window detailed minutes plus event-bounded exposure for known startXI appearances without a positive-minute statistics row,True,27,1211.0,11,11,0,0.0,0,0.0,1.0,exact_window_known_minutes_v2_event_bounded,False,False,0.0,0,1211.0,benchmark_and_avatar
I. Díaz,Panama,Attacker,4829.0,True,96615,annual_current,67,67,1.0,0,35,2349.0,,1.0,1.0,True,exact-window detailed minutes plus event-bounded exposure for known startXI appearances without a positive-minute statistics row,False,35,2349.0,26,26,0,0.0,0,0.0,1.0,exact_window_known_minutes_v2_event_bounded,True,False,0.0,0,2349.0,benchmark_and_avatar
I. Díaz,Panama,Attacker,4829.0,True,96615,pre_world_cup,75,75,1.0,0,39,2807.0,,1.0,1.0,True,exact-window detailed minutes plus event-bounded exposure for known startXI appearances without a positive-minute statistics row,True,39,2807.0,32,32,0,0.0,0,0.0,1.0,exact_window_known_minutes_v2_event_bounded,False,False,0.0,0,2807.0,benchmark_and_avatar
L. Foster,South Africa,Attacker,2088.0,True,98936,annual_current,48,48,1.0,0,32,1861.0,,1.0,1.0,True,exact-window detailed minutes plus event-bounded exposure for known startXI appearances without a positive-minute statistics row,True,32,1861.0,21,21,0,0.0,0,0.0,1.0,exact_window_known_minutes_v2_event_bounded,False,False,0.0,0,1861.0,benchmark
L. Foster,South Africa,Attacker,2088.0,True,98936,pre_world_cup,44,44,1.0,0,31,1805.0,,1.0,1.0,True,exact-window detailed minutes plus event-bounded exposure for known startXI appearances without a positive-minute statistics row,True,31,1805.0,20,20,0,0.0,0,0.0,1.0,exact_window_known_minutes_v2_event_bounded,False,False,0.0,0,1805.0,benchmark
Park Jin-Seop,South Korea,Midfielder,3210.0,True,99211,annual_current,38,38,1.0,0,28,2332.0,,0.8962336664104535,0.8962336664104535,True,exact-window detailed minutes plus event-bounded exposure for known startXI appearances without a positive-minute statistics row,False,28,2332.0,29,26,3,270.0,0,0.0,0.8962336664104535,exact_window_known_minutes_v2_event_bounded,True,False,0.0,0,2332.0,benchmark
Park Jin-Seop,South Korea,Midfielder,3210.0,True,99211,pre_world_cup,36,36,1.0,0,25,2204.0,,0.8304446119065562,0.8304446119065562,True,exact-window detailed minutes plus event-bounded exposure for known startXI appearances without a positive-minute statistics row,True,25,2204.0,30,25,5,450.0,0,0.0,0.8304446119065562,exact_window_known_minutes_v2_event_bounded,False,False,0.0,0,2204.0,benchmark
R. Araújo,Uruguay,Defender,2593.0,True,101814,annual_current,62,62,1.0,0,39,1731.0,,1.0,1.0,True,exact-window detailed minutes plus event-bounded exposure for known startXI appearances without a positive-minute statistics row,False,39,1731.0,17,17,0,0.0,0,0.0,1.0,exact_window_known_minutes_v2_event_bounded,True,False,0.0,0,1731.0,benchmark_and_avatar
R. Araújo,Uruguay,Defender,2593.0,True,101814,pre_world_cup,59,59,1.0,0,39,1731.0,,1.0,1.0,True,exact-window detailed minutes plus event-bounded exposure for known startXI appearances without a positive-minute statistics row,True,39,1731.0,17,17,0,0.0,0,0.0,1.0,exact_window_known_minutes_v2_event_bounded,False,False,0.0,0,1731.0,benchmark_and_avatar
Maurício,Paraguay,Midfielder,4982.0,True,106485,annual_current,78,78,1.0,0,60,3703.0,,1.0,1.0,True,exact-window detailed minutes plus event-bounded exposure for known startXI appearances without a positive-minute statistics row,False,60,3703.0,43,43,0,0.0,0,0.0,1.0,exact_window_known_minutes_v2_event_bounded,True,False,0.0,0,3703.0,benchmark
Maurício,Paraguay,Midfielder,4982.0,True,106485,pre_world_cup,79,79,1.0,0,62,3818.0,,1.0,1.0,True,exact-window detailed minutes plus event-bounded exposure for known startXI appearances without a positive-minute statistics row,True,62,3818.0,45,45,0,0.0,0,0.0,1.0,exact_window_known_minutes_v2_event_bounded,False,False,0.0,0,3818.0,benchmark
M. Zlomislic,Bosnia & Herzegovina,Goalkeeper,3884.0,True,108370,annual_current,50,50,1.0,0,42,3794.0,,1.0,1.0,True,exact-window detailed minutes plus event-bounded exposure for known startXI appearances without a positive-minute statistics row,True,42,3794.0,42,42,0,0.0,0,0.0,1.0,exact_window_known_minutes_v2_event_bounded,False,False,0.0,0,3794.0,benchmark
M. Zlomislic,Bosnia & Herzegovina,Goalkeeper,3884.0,True,108370,pre_world_cup,46,46,1.0,0,42,3794.0,,1.0,1.0,True,exact-window detailed minutes plus event-bounded exposure for known startXI appearances without a positive-minute statistics row,True,42,3794.0,42,42,0,0.0,0,0.0,1.0,exact_window_known_minutes_v2_event_bounded,False,False,0.0,0,3794.0,benchmark
R. Zalazar,Uruguay,Midfielder,2892.0,True,108563,annual_current,59,59,1.0,0,39,2638.0,,0.8460551635663887,0.8460551635663887,True,exact-window detailed minutes plus event-bounded exposure for known startXI appearances without a positive-minute statistics row,True,39,2638.0,36,31,5,480.0,0,0.0,0.8460551635663887,exact_window_known_minutes_v2_event_bounded,False,False,0.0,0,2638.0,benchmark_and_avatar
R. Zalazar,Uruguay,Midfielder,2892.0,True,108563,pre_world_cup,56,56,1.0,0,39,2638.0,,0.8460551635663887,0.8460551635663887,True,exact-window detailed minutes plus event-bounded exposure for known startXI appearances without a positive-minute statistics row,True,39,2638.0,36,31,5,480.0,0,0.0,0.8460551635663887,exact_window_known_minutes_v2_event_bounded,False,False,0.0,0,2638.0,benchmark_and_avatar
Willy Semedo,Cape Verde Islands,Midfielder,2135.0,True,113580,annual_current,54,54,1.0,0,44,3345.0,,1.0,1.0,True,exact-window provider minutes plus deterministic exposure reconstructed from complete two-team lineups and substitution/red-card events; frozen 80% fixture and minute thresholds unchanged,False,44,3345.0,40,40,0,0.0,0,0.0,1.0,exact_window_known_minutes_v3_complete_lineup_event_reconstruction,True,False,1815.0,23,1530.0,benchmark
Willy Semedo,Cape Verde Islands,Midfielder,2135.0,True,113580,pre_world_cup,50,50,1.0,0,41,3215.0,,1.0,1.0,True,exact-window provider minutes plus deterministic exposure reconstructed from complete two-team lineups and substitution/red-card events; frozen 80% fixture and minute thresholds unchanged,True,41,3215.0,39,39,0,0.0,0,0.0,1.0,exact_window_known_minutes_v3_complete_lineup_event_reconstruction,False,False,1815.0,23,1400.0,benchmark
M. Caicedo,Ecuador,Midfielder,7234.0,True,116117,annual_current,65,65,1.0,0,55,4587.0,,1.0,1.0,True,exact-window detailed minutes plus event-bounded exposure for known startXI appearances without a positive-minute statistics row,False,55,4587.0,52,52,0,0.0,0,0.0,1.0,exact_window_known_minutes_v2_event_bounded,True,False,0.0,0,4587.0,benchmark
M. Caicedo,Ecuador,Midfielder,7234.0,True,116117,pre_world_cup,69,69,1.0,0,57,4791.0,,1.0,1.0,True,exact-window detailed minutes plus event-bounded exposure for known startXI appearances without a positive-minute statistics row,True,57,4791.0,54,54,0,0.0,0,0.0,1.0,exact_window_known_minutes_v2_event_bounded,False,False,0.0,0,4791.0,benchmark
M. Diaw,Senegal,Goalkeeper,3076.0,True,119853,annual_current,45,45,1.0,0,33,2892.0,,1.0,1.0,True,exact-window detailed minutes plus event-bounded exposure for known startXI appearances without a positive-minute statistics row,True,33,2892.0,32,32,0,0.0,0,0.0,1.0,exact_window_known_minutes_v2_event_bounded,False,False,0.0,0,2892.0,benchmark_and_avatar
M. Diaw,Senegal,Goalkeeper,3076.0,True,119853,pre_world_cup,41,41,1.0,0,30,2655.0,,1.0,1.0,True,exact-window detailed minutes plus event-bounded exposure for known startXI appearances without a positive-minute statistics row,True,30,2655.0,30,30,0,0.0,0,0.0,1.0,exact_window_known_minutes_v2_event_bounded,False,False,0.0,0,2655.0,benchmark_and_avatar
M. Keller,Switzerland,Goalkeeper,4633.0,True,123468,annual_current,54,54,1.0,0,46,4140.0,,0.9583333333333334,0.9583333333333334,True,exact-window detailed minutes plus event-bounded exposure for known startXI appearances without a positive-minute statistics row,True,46,4140.0,48,46,2,180.0,0,0.0,0.9583333333333334,exact_window_known_minutes_v2_event_bounded,False,False,0.0,0,4140.0,benchmark
M. Keller,Switzerland,Goalkeeper,4633.0,True,123468,pre_world_cup,48,48,1.0,0,46,4140.0,,0.9583333333333334,0.9583333333333334,True,exact-window detailed minutes plus event-bounded exposure for known startXI appearances without a positive-minute statistics row,True,46,4140.0,48,46,2,180.0,0,0.0,0.9583333333333334,exact_window_known_minutes_v2_event_bounded,False,False,0.0,0,4140.0,benchmark
J. Stanisic,Croatia,Midfielder,3659.0,True,125171,annual_current,59,59,1.0,0,47,3511.0,,1.0,1.0,True,exact-window detailed minutes plus event-bounded exposure for known startXI appearances without a positive-minute statistics row,True,47,3511.0,39,39,0,0.0,0,0.0,1.0,exact_window_known_minutes_v2_event_bounded,False,False,0.0,0,3511.0,benchmark
J. Stanisic,Croatia,Midfielder,3659.0,True,125171,pre_world_cup,55,55,1.0,0,43,3151.0,,1.0,1.0,True,exact-window detailed minutes plus event-bounded exposure for known startXI appearances without a positive-minute statistics row,True,43,3151.0,35,35,0,0.0,0,0.0,1.0,exact_window_known_minutes_v2_event_bounded,False,False,0.0,0,3151.0,benchmark
D. Affengruber,Austria,Defender,3065.0,True,126640,annual_current,46,46,1.0,0,38,3051.0,,0.97134670487106,0.97134670487106,True,exact-window detailed minutes plus event-bounded exposure for known startXI appearances without a positive-minute statistics row,True,38,3051.0,35,34,1,90.0,0,0.0,0.97134670487106,exact_window_known_minutes_v2_event_bounded,False,False,0.0,0,3051.0,benchmark
D. Affengruber,Austria,Defender,3065.0,True,126640,pre_world_cup,42,42,1.0,0,38,3051.0,,0.97134670487106,0.97134670487106,True,exact-window detailed minutes plus event-bounded exposure for known startXI appearances without a positive-minute statistics row,True,38,3051.0,35,34,1,90.0,0,0.0,0.97134670487106,exact_window_known_minutes_v2_event_bounded,False,False,0.0,0,3051.0,benchmark
P. Wimmer,Austria,Midfielder,2105.0,True,126642,annual_current,42,42,1.0,0,28,1712.0,,0.9500554938956716,0.9500554938956716,True,exact-window detailed minutes plus event-bounded exposure for known startXI appearances without a positive-minute statistics row,True,28,1712.0,22,21,1,90.0,0,0.0,0.9500554938956716,exact_window_known_minutes_v2_event_bounded,False,False,0.0,0,1712.0,benchmark
P. Wimmer,Austria,Midfielder,2105.0,True,126642,pre_world_cup,38,38,1.0,0,26,1679.0,,0.9491237987563595,0.9491237987563595,True,exact-window detailed minutes plus event-bounded exposure for known startXI appearances without a positive-minute statistics row,True,26,1679.0,22,21,1,90.0,0,0.0,0.9491237987563595,exact_window_known_minutes_v2_event_bounded,False,False,0.0,0,1679.0,benchmark
C. Richards,USA,Defender,5227.0,True,126949,annual_current,65,65,1.0,0,54,4581.0,,1.0,1.0,True,exact-window detailed minutes plus event-bounded exposure for known startXI appearances without a positive-minute statistics row,True,54,4581.0,50,50,0,0.0,0,0.0,1.0,exact_window_known_minutes_v2_event_bounded,False,False,0.0,0,4581.0,benchmark
C. Richards,USA,Defender,5227.0,True,126949,pre_world_cup,66,66,1.0,0,56,4770.0,,1.0,1.0,True,exact-window detailed minutes plus event-bounded exposure for known startXI appearances without a positive-minute statistics row,True,56,4770.0,52,52,0,0.0,0,0.0,1.0,exact_window_known_minutes_v2_event_bounded,False,False,0.0,0,4770.0,benchmark
I. Reyes,Mexico,Defender,5036.0,True,127227,annual_current,50,50,1.0,0,42,3565.0,,1.0,1.0,True,exact-window detailed minutes plus event-bounded exposure for known startXI appearances without a positive-minute statistics row,False,42,3565.0,39,39,0,0.0,0,0.0,1.0,exact_window_known_minutes_v2_event_bounded,True,False,0.0,0,3565.0,benchmark
I. Reyes,Mexico,Defender,5036.0,True,127227,pre_world_cup,53,53,1.0,0,42,3544.0,,1.0,1.0,True,exact-window detailed minutes plus event-bounded exposure for known startXI appearances without a positive-minute statistics row,True,42,3544.0,39,39,0,0.0,0,0.0,1.0,exact_window_known_minutes_v2_event_bounded,False,False,0.0,0,3544.0,benchmark
Gabriel Martinelli,Brazil,Midfielder,3133.0,True,127769,annual_current,70,70,1.0,0,58,2608.0,,1.0,1.0,True,exact-window detailed minutes plus event-bounded exposure for known startXI appearances without a positive-minute statistics row,True,58,2608.0,27,27,0,0.0,0,0.0,1.0,exact_window_known_minutes_v2_event_bounded,False,False,0.0,0,2608.0,benchmark_and_avatar
Gabriel Martinelli,Brazil,Midfielder,3133.0,True,127769,pre_world_cup,66,66,1.0,0,55,2562.0,,1.0,1.0,True,exact-window detailed minutes plus event-bounded exposure for known startXI appearances without a positive-minute statistics row,True,55,2562.0,27,27,0,0.0,0,0.0,1.0,exact_window_known_minutes_v2_event_bounded,False,False,0.0,0,2562.0,benchmark_and_avatar
P. Hincapié,Ecuador,Midfielder,4703.0,True,127817,annual_current,108,108,1.0,0,47,3442.0,,1.0,1.0,True,exact-window detailed minutes plus event-bounded exposure for known startXI appearances without a positive-minute statistics row,False,47,3442.0,38,38,0,0.0,0,0.0,1.0,exact_window_known_minutes_v2_event_bounded,True,False,0.0,0,3442.0,benchmark_and_avatar
P. Hincapié,Ecuador,Midfielder,4703.0,True,127817,pre_world_cup,105,105,1.0,0,44,3191.0,,1.0,1.0,True,exact-window detailed minutes plus event-bounded exposure for known startXI appearances without a positive-minute statistics row,True,44,3191.0,35,35,0,0.0,0,0.0,1.0,exact_window_known_minutes_v2_event_bounded,False,False,0.0,0,3191.0,benchmark_and_avatar
Vitinha,Portugal,Midfielder,5026.0,True,128384,annual_current,61,61,1.0,0,55,4450.0,,1.0,1.0,True,exact-window detailed minutes plus event-bounded exposure for known startXI appearances without a positive-minute statistics row,True,55,4450.0,50,50,0,0.0,0,0.0,1.0,exact_window_known_minutes_v2_event_bounded,False,False,0.0,0,4450.0,benchmark
Vitinha,Portugal,Midfielder,5026.0,True,128384,pre_world_cup,63,63,1.0,0,57,4699.0,,1.0,1.0,True,exact-window detailed minutes plus event-bounded exposure for known startXI appearances without a positive-minute statistics row,True,57,4699.0,52,52,0,0.0,0,0.0,1.0,exact_window_known_minutes_v2_event_bounded,False,False,0.0,0,4699.0,benchmark
J. Leweling,Germany,Attacker,3606.0,True,128533,annual_current,57,57,1.0,0,51,3563.0,,1.0,1.0,True,exact-window detailed minutes plus event-bounded exposure for known startXI appearances without a positive-minute statistics row,True,51,3563.0,38,38,0,0.0,0,0.0,1.0,exact_window_known_minutes_v2_event_bounded,False,False,0.0,0,3563.0,benchmark
J. Leweling,Germany,Attacker,3606.0,True,128533,pre_world_cup,53,53,1.0,0,50,3533.0,,1.0,1.0,True,exact-window detailed minutes plus event-bounded exposure for known startXI appearances without a positive-minute statistics row,True,50,3533.0,38,38,0,0.0,0,0.0,1.0,exact_window_known_minutes_v2_event_bounded,False,False,0.0,0,3533.0,benchmark
L. Deedson,Haiti,Midfielder,2887.0,True,128766,annual_current,70,70,1.0,0,17,565.0,,1.0,1.0,True,exact-window detailed minutes plus event-bounded exposure for known startXI appearances without a positive-minute statistics row,False,17,565.0,6,6,0,0.0,0,0.0,1.0,exact_window_known_minutes_v2_event_bounded,True,False,0.0,0,565.0,benchmark
L. Deedson,Haiti,Midfielder,2887.0,True,128766,pre_world_cup,76,76,1.0,0,17,641.0,,1.0,1.0,True,exact-window detailed minutes plus event-bounded exposure for known startXI appearances without a positive-minute statistics row,True,17,641.0,8,8,0,0.0,0,0.0,1.0,exact_window_known_minutes_v2_event_bounded,False,False,0.0,0,641.0,benchmark
D. Zima,Czech Republic,Defender,2525.0,True,128772,annual_current,45,45,1.0,0,32,2433.0,,1.0,1.0,True,exact-window detailed minutes plus event-bounded exposure for known startXI appearances without a positive-minute statistics row,True,32,2433.0,29,29,0,0.0,0,0.0,1.0,exact_window_known_minutes_v2_event_bounded,False,False,0.0,0,2433.0,benchmark
D. Zima,Czech Republic,Defender,2525.0,True,128772,pre_world_cup,42,42,1.0,0,31,2421.0,,1.0,1.0,True,exact-window detailed minutes plus event-bounded exposure for known startXI appearances without a positive-minute statistics row,True,31,2421.0,29,29,0,0.0,0,0.0,1.0,exact_window_known_minutes_v2_event_bounded,False,False,0.0,0,2421.0,benchmark
D. Jurásek,Czech Republic,Defender,2285.0,True,128793,annual_current,83,81,0.9759036144578314,2,29,2144.0,,0.9597135183527306,0.9597135183527306,True,exact-window detailed minutes plus event-bounded exposure for known startXI appearances without a positive-minute statistics row,True,29,2144.0,25,24,1,90.0,0,0.0,0.9597135183527306,exact_window_known_minutes_v2_event_bounded,False,False,0.0,0,2144.0,benchmark
D. Jurásek,Czech Republic,Defender,2285.0,True,128793,pre_world_cup,84,82,0.9761904761904762,2,29,2144.0,,0.9597135183527306,0.9597135183527306,True,exact-window detailed minutes plus event-bounded exposure for known startXI appearances without a positive-minute statistics row,True,29,2144.0,25,24,1,90.0,0,0.0,0.9597135183527306,exact_window_known_minutes_v2_event_bounded,False,False,0.0,0,2144.0,benchmark
J. Gvardiol,Croatia,Defender,2242.0,True,129033,annual_current,58,58,1.0,0,29,2028.0,,1.0,1.0,True,exact-window detailed minutes plus event-bounded exposure for known startXI appearances without a positive-minute statistics row,True,29,2028.0,23,23,0,0.0,0,0.0,1.0,exact_window_known_minutes_v2_event_bounded,False,False,0.0,0,2028.0,benchmark_and_avatar
J. Gvardiol,Croatia,Defender,2242.0,True,129033,pre_world_cup,58,58,1.0,0,27,1993.0,,1.0,1.0,True,exact-window detailed minutes plus event-bounded exposure for known startXI appearances without a positive-minute statistics row,True,27,1993.0,23,23,0,0.0,0,0.0,1.0,exact_window_known_minutes_v2_event_bounded,False,False,0.0,0,1993.0,benchmark_and_avatar
R. Zerrouki,Algeria,Midfielder,3766.0,True,129047,annual_current,79,79,1.0,0,41,3123.0,,0.9719887955182072,0.9719887955182072,True,exact-window detailed minutes plus event-bounded exposure for known startXI appearances without a positive-minute statistics row,True,41,3123.0,39,38,1,90.0,0,0.0,0.9719887955182072,exact_window_known_minutes_v2_event_bounded,False,False,0.0,0,3123.0,benchmark
R. Zerrouki,Algeria,Midfielder,3766.0,True,129047,pre_world_cup,75,75,1.0,0,38,3012.0,,0.9709864603481624,0.9709864603481624,True,exact-window detailed minutes plus event-bounded exposure for known startXI appearances without a positive-minute statistics row,True,38,3012.0,37,36,1,90.0,0,0.0,0.9709864603481624,exact_window_known_minutes_v2_event_bounded,False,False,0.0,0,3012.0,benchmark
B. Verbruggen,Netherlands,Goalkeeper,4015.0,True,129058,annual_current,44,44,1.0,0,42,3810.0,,1.0,1.0,True,exact-window detailed minutes plus event-bounded exposure for known startXI appearances without a positive-minute statistics row,True,42,3810.0,42,42,0,0.0,0,0.0,1.0,exact_window_known_minutes_v2_event_bounded,False,False,0.0,0,3810.0,benchmark
B. Verbruggen,Netherlands,Goalkeeper,4015.0,True,129058,pre_world_cup,40,40,1.0,0,38,3420.0,,1.0,1.0,True,exact-window detailed minutes plus event-bounded exposure for known startXI appearances without a positive-minute statistics row,True,38,3420.0,38,38,0,0.0,0,0.0,1.0,exact_window_known_minutes_v2_event_bounded,False,False,0.0,0,3420.0,benchmark
N. Mbuku,Congo DR,Midfielder,2710.0,True,129670,annual_current,48,48,1.0,0,39,2652.0,,1.0,1.0,True,exact-window detailed minutes plus event-bounded exposure for known startXI appearances without a positive-minute statistics row,True,39,2652.0,31,31,0,0.0,0,0.0,1.0,exact_window_known_minutes_v2_event_bounded,False,False,0.0,0,2652.0,benchmark
N. Mbuku,Congo DR,Midfielder,2710.0,True,129670,pre_world_cup,44,44,1.0,0,36,2508.0,,1.0,1.0,True,exact-window detailed minutes plus event-bounded exposure for known startXI appearances without a positive-minute statistics row,True,36,2508.0,29,29,0,0.0,0,0.0,1.0,exact_window_known_minutes_v2_event_bounded,False,False,0.0,0,2508.0,benchmark
A. Ounahi,Morocco,Midfielder,2956.0,True,129678,annual_current,51,51,1.0,0,33,2428.0,,1.0,1.0,True,exact-window detailed minutes plus event-bounded exposure for known startXI appearances without a positive-minute statistics row,True,33,2428.0,28,28,0,0.0,0,0.0,1.0,exact_window_known_minutes_v2_event_bounded,False,False,0.0,0,2428.0,benchmark_and_avatar
A. Ounahi,Morocco,Midfielder,2956.0,True,129678,pre_world_cup,45,45,1.0,0,27,1991.0,,1.0,1.0,True,exact-window detailed minutes plus event-bounded exposure for known startXI appearances without a positive-minute statistics row,True,27,1991.0,23,23,0,0.0,0,0.0,1.0,exact_window_known_minutes_v2_event_bounded,False,False,0.0,0,1991.0,benchmark_and_avatar
J. Bellingham,England,Midfielder,3917.0,True,129718,annual_current,63,63,1.0,0,47,3335.0,,1.0,1.0,True,exact-window detailed minutes plus event-bounded exposure for known startXI appearances without a positive-minute statistics row,True,47,3335.0,37,37,0,0.0,0,0.0,1.0,exact_window_known_minutes_v2_event_bounded,False,False,0.0,0,3335.0,benchmark_and_avatar
J. Bellingham,England,Midfielder,3917.0,True,129718,pre_world_cup,62,62,1.0,0,46,3164.0,,1.0,1.0,True,exact-window detailed minutes plus event-bounded exposure for known startXI appearances without a positive-minute statistics row,True,46,3164.0,36,36,0,0.0,0,0.0,1.0,exact_window_known_minutes_v2_event_bounded,False,False,0.0,0,3164.0,benchmark_and_avatar
Pedri,Spain,Midfielder,3719.0,True,133609,annual_current,64,64,1.0,0,50,3539.0,,1.0,1.0,True,exact-window detailed minutes plus event-bounded exposure for known startXI appearances without a positive-minute statistics row,True,50,3539.0,40,40,0,0.0,0,0.0,1.0,exact_window_known_minutes_v2_event_bounded,False,False,0.0,0,3539.0,benchmark
Pedri,Spain,Midfielder,3719.0,True,133609,pre_world_cup,57,57,1.0,0,43,3098.0,,1.0,1.0,True,exact-window detailed minutes plus event-bounded exposure for known startXI appearances without a positive-minute statistics row,True,43,3098.0,35,35,0,0.0,0,0.0,1.0,exact_window_known_minutes_v2_event_bounded,False,False,0.0,0,3098.0,benchmark
M. Mohebi,Iran,Midfielder,2269.0,True,134217,annual_current,33,33,1.0,0,31,1864.0,,1.0,1.0,True,exact-window detailed minutes plus event-bounded exposure for known startXI appearances without a positive-minute statistics row,True,31,1864.0,19,19,0,0.0,0,0.0,1.0,exact_window_known_minutes_v2_event_bounded,False,False,0.0,0,1864.0,benchmark
M. Mohebi,Iran,Midfielder,2269.0,True,134217,pre_world_cup,30,30,1.0,0,28,1619.0,,1.0,1.0,True,exact-window detailed minutes plus event-bounded exposure for known startXI appearances without a positive-minute statistics row,True,28,1619.0,16,16,0,0.0,0,0.0,1.0,exact_window_known_minutes_v2_event_bounded,False,False,0.0,0,1619.0,benchmark
Nawaf Boushal,Saudi Arabia,Defender,3958.0,True,134995,annual_current,50,50,1.0,0,42,2450.0,,0.9645669291338582,0.9645669291338582,True,exact-window detailed minutes plus event-bounded exposure for known startXI appearances without a positive-minute statistics row,False,42,2450.0,27,26,1,90.0,0,0.0,0.9645669291338582,exact_window_known_minutes_v2_event_bounded,True,False,0.0,0,2450.0,benchmark_and_avatar
Nawaf Boushal,Saudi Arabia,Defender,3958.0,True,134995,pre_world_cup,51,51,1.0,0,44,2624.0,,0.9668386145910096,0.9668386145910096,True,exact-window detailed minutes plus event-bounded exposure for known startXI appearances without a positive-minute statistics row,True,44,2624.0,29,28,1,90.0,0,0.0,0.9668386145910096,exact_window_known_minutes_v2_event_bounded,False,False,0.0,0,2624.0,benchmark_and_avatar
E. Agbadou,Ivory Coast,Defender,3317.0,True,135068,annual_current,90,88,0.9777777777777776,2,36,2928.0,,1.0,1.0,True,exact-window detailed minutes plus event-bounded exposure for known startXI appearances without a positive-minute statistics row,True,36,2928.0,32,32,0,0.0,0,0.0,1.0,exact_window_known_minutes_v2_event_bounded,False,False,0.0,0,2928.0,benchmark
E. Agbadou,Ivory Coast,Defender,3317.0,True,135068,pre_world_cup,86,84,0.9767441860465116,2,33,2658.0,,1.0,1.0,True,exact-window detailed minutes plus event-bounded exposure for known startXI appearances without a positive-minute statistics row,True,33,2658.0,29,29,0,0.0,0,0.0,1.0,exact_window_known_minutes_v2_event_bounded,False,False,0.0,0,2658.0,benchmark
S. Bueno,Uruguay,Defender,3480.0,True,135334,annual_current,49,49,1.0,0,34,3010.0,,1.0,1.0,True,exact-window detailed minutes plus event-bounded exposure for known startXI appearances without a positive-minute statistics row,True,34,3010.0,33,33,0,0.0,0,0.0,1.0,exact_window_known_minutes_v2_event_bounded,False,False,0.0,0,3010.0,benchmark
S. Bueno,Uruguay,Defender,3480.0,True,135334,pre_world_cup,46,46,1.0,0,34,3010.0,,1.0,1.0,True,exact-window detailed minutes plus event-bounded exposure for known startXI appearances without a positive-minute statistics row,True,34,3010.0,33,33,0,0.0,0,0.0,1.0,exact_window_known_minutes_v2_event_bounded,False,False,0.0,0,3010.0,benchmark
Salah Zakaria,Qatar,Goalkeeper,1405.0,False,136503,annual_current,37,37,1.0,0,14,1295.0,,0.8779661016949153,0.8779661016949153,True,exact-window detailed minutes plus event-bounded exposure for known startXI appearances without a positive-minute statistics row,True,14,1295.0,16,14,2,180.0,0,0.0,0.8779661016949153,exact_window_known_minutes_v2_event_bounded,False,False,0.0,0,1295.0,avatar_top30_pool
Salah Zakaria,Qatar,Goalkeeper,1405.0,False,136503,pre_world_cup,34,34,1.0,0,14,1295.0,,0.8779661016949153,0.8779661016949153,True,exact-window detailed minutes plus event-bounded exposure for known startXI appearances without a positive-minute statistics row,True,14,1295.0,16,14,2,180.0,0,0.0,0.8779661016949153,exact_window_known_minutes_v2_event_bounded,False,False,0.0,0,1295.0,avatar_top30_pool
N. Madueke,England,Midfielder,3739.0,True,136723,annual_current,70,70,1.0,0,48,2553.0,,1.0,1.0,True,exact-window detailed minutes plus event-bounded exposure for known startXI appearances without a positive-minute statistics row,False,48,2553.0,31,31,0,0.0,0,0.0,1.0,exact_window_known_minutes_v2_event_bounded,True,False,0.0,0,2553.0,benchmark
N. Madueke,England,Midfielder,3739.0,True,136723,pre_world_cup,70,70,1.0,0,48,2463.0,,1.0,1.0,True,exact-window detailed minutes plus event-bounded exposure for known startXI appearances without a positive-minute statistics row,True,48,2463.0,29,29,0,0.0,0,0.0,1.0,exact_window_known_minutes_v2_event_bounded,False,False,0.0,0,2463.0,benchmark
Saleh Hardani,Iran,Defender,1078.0,False,136880,annual_current,11,11,1.0,0,7,538.0,,0.856687898089172,0.856687898089172,True,exact-window detailed minutes plus event-bounded exposure for known startXI appearances without a positive-minute statistics row,False,7,538.0,7,6,1,90.0,0,0.0,0.856687898089172,exact_window_known_minutes_v2_event_bounded,True,False,0.0,0,538.0,avatar_top30_pool
Saleh Hardani,Iran,Defender,1078.0,False,136880,pre_world_cup,8,8,1.0,0,5,448.0,,0.8327137546468402,0.8327137546468402,True,exact-window detailed minutes plus event-bounded exposure for known startXI appearances without a positive-minute statistics row,True,5,448.0,6,5,1,90.0,0,0.0,0.8327137546468402,exact_window_known_minutes_v2_event_bounded,False,False,0.0,0,448.0,avatar_top30_pool
A. Stiller,Germany,Midfielder,4518.0,True,137210,annual_current,57,57,1.0,0,53,4303.0,,1.0,1.0,True,exact-window detailed minutes plus event-bounded exposure for known startXI appearances without a positive-minute statistics row,True,53,4303.0,47,47,0,0.0,0,0.0,1.0,exact_window_known_minutes_v2_event_bounded,False,False,0.0,0,4303.0,benchmark_and_avatar
A. Stiller,Germany,Midfielder,4518.0,True,137210,pre_world_cup,53,53,1.0,0,52,4258.0,,1.0,1.0,True,exact-window detailed minutes plus event-bounded exposure for known startXI appearances without a positive-minute statistics row,True,52,4258.0,47,47,0,0.0,0,0.0,1.0,exact_window_known_minutes_v2_event_bounded,False,False,0.0,0,4258.0,benchmark_and_avatar
J. Opoku,Ghana,Defender,3330.0,True,137223,annual_current,48,48,1.0,0,37,3154.0,,0.9722564734895192,0.9722564734895192,True,exact-window detailed minutes plus event-bounded exposure for known startXI appearances without a positive-minute statistics row,True,37,3154.0,36,35,1,90.0,0,0.0,0.9722564734895192,exact_window_known_minutes_v2_event_bounded,False,False,0.0,0,3154.0,benchmark
J. Opoku,Ghana,Defender,3330.0,True,137223,pre_world_cup,44,44,1.0,0,34,2884.0,,0.9697377269670476,0.9697377269670476,True,exact-window detailed minutes plus event-bounded exposure for known startXI appearances without a positive-minute statistics row,True,34,2884.0,33,32,1,90.0,0,0.0,0.9697377269670476,exact_window_known_minutes_v2_event_bounded,False,False,0.0,0,2884.0,benchmark
E. Guessand,Ivory Coast,Attacker,2285.0,True,137303,annual_current,116,116,1.0,0,41,2106.0,,1.0,1.0,True,exact-window detailed minutes plus event-bounded exposure for known startXI appearances without a positive-minute statistics row,True,41,2106.0,22,22,0,0.0,0,0.0,1.0,exact_window_known_minutes_v2_event_bounded,False,False,0.0,0,2106.0,benchmark
E. Guessand,Ivory Coast,Attacker,2285.0,True,137303,pre_world_cup,112,112,1.0,0,39,2090.0,,1.0,1.0,True,exact-window detailed minutes plus event-bounded exposure for known startXI appearances without a positive-minute statistics row,True,39,2090.0,22,22,0,0.0,0,0.0,1.0,exact_window_known_minutes_v2_event_bounded,False,False,0.0,0,2090.0,benchmark
G. Lagerbielke,Sweden,Defender,4070.0,True,137721,annual_current,58,58,1.0,0,46,3951.0,,0.8916723087339201,0.8916723087339201,True,exact-window detailed minutes plus event-bounded exposure for known startXI appearances without a positive-minute statistics row,True,46,3951.0,48,43,5,480.0,0,0.0,0.8916723087339201,exact_window_known_minutes_v2_event_bounded,False,False,0.0,0,3951.0,benchmark
G. Lagerbielke,Sweden,Defender,4070.0,True,137721,pre_world_cup,54,54,1.0,0,42,3591.0,,0.8820928518791452,0.8820928518791452,True,exact-window detailed minutes plus event-bounded exposure for known startXI appearances without a positive-minute statistics row,True,42,3591.0,44,39,5,480.0,0,0.0,0.8820928518791452,exact_window_known_minutes_v2_event_bounded,False,False,0.0,0,3591.0,benchmark
I. Hien,Sweden,Defender,3626.0,True,137976,annual_current,58,58,1.0,0,42,3072.0,,1.0,1.0,True,exact-window detailed minutes plus event-bounded exposure for known startXI appearances without a positive-minute statistics row,True,42,3072.0,32,32,0,0.0,0,0.0,1.0,exact_window_known_minutes_v2_event_bounded,False,False,0.0,0,3072.0,benchmark
I. Hien,Sweden,Defender,3626.0,True,137976,pre_world_cup,54,54,1.0,0,39,2855.0,,1.0,1.0,True,exact-window detailed minutes plus event-bounded exposure for known startXI appearances without a positive-minute statistics row,True,39,2855.0,29,29,0,0.0,0,0.0,1.0,exact_window_known_minutes_v2_event_bounded,False,False,0.0,0,2855.0,benchmark
A. Gordon,England,Midfielder,3716.0,True,138787,annual_current,65,65,1.0,0,52,3291.0,,1.0,1.0,True,exact-window detailed minutes plus event-bounded exposure for known startXI appearances without a positive-minute statistics row,True,52,3291.0,41,41,0,0.0,0,0.0,1.0,exact_window_known_minutes_v2_event_bounded,False,False,0.0,0,3291.0,benchmark
A. Gordon,England,Midfielder,3716.0,True,138787,pre_world_cup,58,58,1.0,0,46,2879.0,,1.0,1.0,True,exact-window detailed minutes plus event-bounded exposure for known startXI appearances without a positive-minute statistics row,True,46,2879.0,36,36,0,0.0,0,0.0,1.0,exact_window_known_minutes_v2_event_bounded,False,False,0.0,0,2879.0,benchmark
M. Kovár,Czech Republic,Goalkeeper,4275.0,True,138804,annual_current,83,83,1.0,0,46,4140.0,,1.0,1.0,True,exact-window detailed minutes plus event-bounded exposure for known startXI appearances without a positive-minute statistics row,True,46,4140.0,46,46,0,0.0,0,0.0,1.0,exact_window_known_minutes_v2_event_bounded,False,False,0.0,0,4140.0,benchmark
M. Kovár,Czech Republic,Goalkeeper,4275.0,True,138804,pre_world_cup,80,80,1.0,0,43,3870.0,,1.0,1.0,True,exact-window detailed minutes plus event-bounded exposure for known startXI appearances without a positive-minute statistics row,True,43,3870.0,43,43,0,0.0,0,0.0,1.0,exact_window_known_minutes_v2_event_bounded,False,False,0.0,0,3870.0,benchmark
F. Balogun,USA,Attacker,4089.0,True,138835,annual_current,52,52,1.0,0,47,3565.0,,1.0,1.0,True,exact-window detailed minutes plus event-bounded exposure for known startXI appearances without a positive-minute statistics row,True,47,3565.0,42,42,0,0.0,0,0.0,1.0,exact_window_known_minutes_v2_event_bounded,False,False,0.0,0,3565.0,benchmark
F. Balogun,USA,Attacker,4089.0,True,138835,pre_world_cup,47,47,1.0,0,43,3251.0,,1.0,1.0,True,exact-window detailed minutes plus event-bounded exposure for known startXI appearances without a positive-minute statistics row,True,43,3251.0,38,38,0,0.0,0,0.0,1.0,exact_window_known_minutes_v2_event_bounded,False,False,0.0,0,3251.0,benchmark
E. Anderson,England,Midfielder,5633.0,True,138908,annual_current,61,61,1.0,0,57,4793.0,,1.0,1.0,True,exact-window detailed minutes plus event-bounded exposure for known startXI appearances without a positive-minute statistics row,True,57,4793.0,52,52,0,0.0,0,0.0,1.0,exact_window_known_minutes_v2_event_bounded,False,False,0.0,0,4793.0,benchmark
E. Anderson,England,Midfielder,5633.0,True,138908,pre_world_cup,54,54,1.0,0,50,4170.0,,1.0,1.0,True,exact-window detailed minutes plus event-bounded exposure for known startXI appearances without a positive-minute statistics row,True,50,4170.0,45,45,0,0.0,0,0.0,1.0,exact_window_known_minutes_v2_event_bounded,False,False,0.0,0,4170.0,benchmark
João Paulo,Cape Verde Islands,Defender,2909.0,True,142016,annual_current,79,79,1.0,0,38,2909.0,,1.0,1.0,True,exact-window detailed minutes plus event-bounded exposure for known startXI appearances without a positive-minute statistics row,True,38,2909.0,31,31,0,0.0,0,0.0,1.0,exact_window_known_minutes_v2_event_bounded,False,False,0.0,0,2909.0,benchmark
João Paulo,Cape Verde Islands,Defender,2909.0,True,142016,pre_world_cup,77,77,1.0,0,36,2805.0,,1.0,1.0,True,exact-window detailed minutes plus event-bounded exposure for known startXI appearances without a positive-minute statistics row,True,36,2805.0,30,30,0,0.0,0,0.0,1.0,exact_window_known_minutes_v2_event_bounded,False,False,0.0,0,2805.0,benchmark
K. Aktürkoglu,Türkiye,Attacker,3657.0,True,142959,annual_current,102,102,1.0,0,47,3242.0,,0.9729891956782714,0.9729891956782714,True,exact-window detailed minutes plus event-bounded exposure for known startXI appearances without a positive-minute statistics row,True,47,3242.0,41,40,1,90.0,0,0.0,0.9729891956782714,exact_window_known_minutes_v2_event_bounded,False,False,0.0,0,3242.0,benchmark
K. Aktürkoglu,Türkiye,Attacker,3657.0,True,142959,pre_world_cup,103,103,1.0,0,49,3313.0,,0.9735527475756686,0.9735527475756686,True,exact-window detailed minutes plus event-bounded exposure for known startXI appearances without a positive-minute statistics row,True,49,3313.0,40,39,1,90.0,0,0.0,0.9735527475756686,exact_window_known_minutes_v2_event_bounded,False,False,0.0,0,3313.0,benchmark
J. Anang,Ghana,Goalkeeper,5179.0,True,144709,annual_current,43,43,1.0,0,33,2983.0,,0.9342311305981836,0.9342311305981836,True,exact-window detailed minutes plus event-bounded exposure for known startXI appearances without a positive-minute statistics row,False,33,2983.0,35,33,2,210.0,0,0.0,0.9342311305981836,exact_window_known_minutes_v2_event_bounded,True,False,0.0,0,2983.0,benchmark_and_avatar
J. Anang,Ghana,Goalkeeper,5179.0,True,144709,pre_world_cup,42,42,1.0,0,38,3478.0,,0.8991726990692864,0.8991726990692864,True,exact-window detailed minutes plus event-bounded exposure for known startXI appearances without a positive-minute statistics row,True,38,3478.0,42,38,4,390.0,0,0.0,0.8991726990692864,exact_window_known_minutes_v2_event_bounded,False,False,0.0,0,3478.0,benchmark_and_avatar
Ayman Yahya,Saudi Arabia,Midfielder,2331.0,True,147812,annual_current,50,50,1.0,0,34,1627.0,,0.947582993593477,0.947582993593477,True,exact-window detailed minutes plus event-bounded exposure for known startXI appearances without a positive-minute statistics row,False,34,1627.0,19,18,1,90.0,0,0.0,0.947582993593477,exact_window_known_minutes_v2_event_bounded,True,False,0.0,0,1627.0,benchmark_and_avatar
Ayman Yahya,Saudi Arabia,Midfielder,2331.0,True,147812,pre_world_cup,51,51,1.0,0,37,1774.0,,0.9517167381974247,0.9517167381974247,True,exact-window detailed minutes plus event-bounded exposure for known startXI appearances without a positive-minute statistics row,True,37,1774.0,21,20,1,90.0,0,0.0,0.9517167381974247,exact_window_known_minutes_v2_event_bounded,False,False,0.0,0,1774.0,benchmark_and_avatar
C. De Ketelaere,Belgium,Attacker,3617.0,True,147859,annual_current,60,60,1.0,0,47,3389.0,,1.0,1.0,True,exact-window detailed minutes plus event-bounded exposure for known startXI appearances without a positive-minute statistics row,True,47,3389.0,41,41,0,0.0,0,0.0,1.0,exact_window_known_minutes_v2_event_bounded,False,False,0.0,0,3389.0,benchmark
C. De Ketelaere,Belgium,Attacker,3617.0,True,147859,pre_world_cup,54,54,1.0,0,42,3036.0,,1.0,1.0,True,exact-window detailed minutes plus event-bounded exposure for known startXI appearances without a positive-minute statistics row,True,42,3036.0,36,36,0,0.0,0,0.0,1.0,exact_window_known_minutes_v2_event_bounded,False,False,0.0,0,3036.0,benchmark
M. van de Ven,Netherlands,Midfielder,4584.0,True,152849,annual_current,56,56,1.0,0,48,4216.0,,1.0,1.0,True,exact-window detailed minutes plus event-bounded exposure for known startXI appearances without a positive-minute statistics row,True,48,4216.0,48,48,0,0.0,0,0.0,1.0,exact_window_known_minutes_v2_event_bounded,False,False,0.0,0,4216.0,benchmark_and_avatar
M. van de Ven,Netherlands,Midfielder,4584.0,True,152849,pre_world_cup,52,52,1.0,0,45,3950.0,,1.0,1.0,True,exact-window detailed minutes plus event-bounded exposure for known startXI appearances without a positive-minute statistics row,True,45,3950.0,45,45,0,0.0,0,0.0,1.0,exact_window_known_minutes_v2_event_bounded,False,False,0.0,0,3950.0,benchmark_and_avatar
E. Martínez,Uruguay,Midfielder,4047.0,True,153083,annual_current,78,78,1.0,0,36,1978.0,,1.0,1.0,True,exact-window detailed minutes plus event-bounded exposure for known startXI appearances without a positive-minute statistics row,False,36,1978.0,22,22,0,0.0,0,0.0,1.0,exact_window_known_minutes_v2_event_bounded,True,False,0.0,0,1978.0,benchmark
E. Martínez,Uruguay,Midfielder,4047.0,True,153083,pre_world_cup,81,81,1.0,0,39,2167.0,,1.0,1.0,True,exact-window detailed minutes plus event-bounded exposure for known startXI appearances without a positive-minute statistics row,True,39,2167.0,24,24,0,0.0,0,0.0,1.0,exact_window_known_minutes_v2_event_bounded,False,False,0.0,0,2167.0,benchmark
A. Elanga,Sweden,Midfielder,2679.0,True,153430,annual_current,62,62,1.0,0,53,2361.0,,1.0,1.0,True,exact-window detailed minutes plus event-bounded exposure for known startXI appearances without a positive-minute statistics row,True,53,2361.0,25,25,0,0.0,0,0.0,1.0,exact_window_known_minutes_v2_event_bounded,False,False,0.0,0,2361.0,benchmark
A. Elanga,Sweden,Midfielder,2679.0,True,153430,pre_world_cup,58,58,1.0,0,49,2145.0,,1.0,1.0,True,exact-window detailed minutes plus event-bounded exposure for known startXI appearances without a positive-minute statistics row,True,49,2145.0,23,23,0,0.0,0,0.0,1.0,exact_window_known_minutes_v2_event_bounded,False,False,0.0,0,2145.0,benchmark
K. Trewin,Australia,Defender,3240.0,True,153622,annual_current,56,56,1.0,0,35,2949.0,,1.0,1.0,True,exact-window detailed minutes plus event-bounded exposure for known startXI appearances without a positive-minute statistics row,True,35,2949.0,33,33,0,0.0,0,0.0,1.0,exact_window_known_minutes_v2_event_bounded,False,False,0.0,0,2949.0,benchmark
K. Trewin,Australia,Defender,3240.0,True,153622,pre_world_cup,52,52,1.0,0,34,2874.0,,1.0,1.0,True,exact-window detailed minutes plus event-bounded exposure for known startXI appearances without a positive-minute statistics row,True,34,2874.0,33,33,0,0.0,0,0.0,1.0,exact_window_known_minutes_v2_event_bounded,False,False,0.0,0,2874.0,benchmark
R. Cherki,France,Midfielder,3689.0,True,156477,annual_current,67,67,1.0,0,58,2970.0,,1.0,1.0,True,exact-window detailed minutes plus event-bounded exposure for known startXI appearances without a positive-minute statistics row,True,58,2970.0,30,30,0,0.0,0,0.0,1.0,exact_window_known_minutes_v2_event_bounded,False,False,0.0,0,2970.0,benchmark_and_avatar
R. Cherki,France,Midfielder,3689.0,True,156477,pre_world_cup,64,64,1.0,0,56,2987.0,,1.0,1.0,True,exact-window detailed minutes plus event-bounded exposure for known startXI appearances without a positive-minute statistics row,True,56,2987.0,31,31,0,0.0,0,0.0,1.0,exact_window_known_minutes_v2_event_bounded,False,False,0.0,0,2987.0,benchmark_and_avatar
A. Diallo,Ivory Coast,Midfielder,3055.0,True,157997,annual_current,48,48,1.0,0,42,2963.0,,1.0,1.0,True,exact-window detailed minutes plus event-bounded exposure for known startXI appearances without a positive-minute statistics row,True,42,2963.0,34,34,0,0.0,0,0.0,1.0,exact_window_known_minutes_v2_event_bounded,False,False,0.0,0,2963.0,benchmark
A. Diallo,Ivory Coast,Midfielder,3055.0,True,157997,pre_world_cup,44,44,1.0,0,38,2779.0,,1.0,1.0,True,exact-window detailed minutes plus event-bounded exposure for known startXI appearances without a positive-minute statistics row,True,38,2779.0,32,32,0,0.0,0,0.0,1.0,exact_window_known_minutes_v2_event_bounded,False,False,0.0,0,2779.0,benchmark
N. Woltemade,Germany,Attacker,4346.0,True,158054,annual_current,103,103,1.0,0,55,3318.0,,1.0,1.0,True,exact-window detailed minutes plus event-bounded exposure for known startXI appearances without a positive-minute statistics row,False,55,3318.0,38,38,0,0.0,0,0.0,1.0,exact_window_known_minutes_v2_event_bounded,True,False,0.0,0,3318.0,benchmark
N. Woltemade,Germany,Attacker,4346.0,True,158054,pre_world_cup,99,99,1.0,0,54,3286.0,,1.0,1.0,True,exact-window detailed minutes plus event-bounded exposure for known startXI appearances without a positive-minute statistics row,True,54,3286.0,38,38,0,0.0,0,0.0,1.0,exact_window_known_minutes_v2_event_bounded,False,False,0.0,0,3286.0,benchmark
I. Jakobs,Senegal,Midfielder,2783.0,True,158121,annual_current,62,62,1.0,0,44,2648.0,,1.0,1.0,True,exact-window detailed minutes plus event-bounded exposure for known startXI appearances without a positive-minute statistics row,True,44,2648.0,30,30,0,0.0,0,0.0,1.0,exact_window_known_minutes_v2_event_bounded,False,False,0.0,0,2648.0,benchmark
I. Jakobs,Senegal,Midfielder,2783.0,True,158121,pre_world_cup,58,58,1.0,0,41,2429.0,,1.0,1.0,True,exact-window detailed minutes plus event-bounded exposure for known startXI appearances without a positive-minute statistics row,True,41,2429.0,28,28,0,0.0,0,0.0,1.0,exact_window_known_minutes_v2_event_bounded,False,False,0.0,0,2429.0,benchmark
S. Sithole,South Africa,Midfielder,2274.0,True,158433,annual_current,42,42,1.0,0,32,2006.0,,1.0,1.0,True,exact-window detailed minutes plus event-bounded exposure for known startXI appearances without a positive-minute statistics row,True,32,2006.0,22,22,0,0.0,0,0.0,1.0,exact_window_known_minutes_v2_event_bounded,False,False,0.0,0,2006.0,benchmark_and_avatar
S. Sithole,South Africa,Midfielder,2274.0,True,158433,pre_world_cup,38,38,1.0,0,29,1770.0,,1.0,1.0,True,exact-window detailed minutes plus event-bounded exposure for known startXI appearances without a positive-minute statistics row,True,29,1770.0,19,19,0,0.0,0,0.0,1.0,exact_window_known_minutes_v2_event_bounded,False,False,0.0,0,1770.0,benchmark_and_avatar
M. Beier,Germany,Attacker,3341.0,True,158644,annual_current,51,51,1.0,0,45,2762.0,,1.0,1.0,True,exact-window detailed minutes plus event-bounded exposure for known startXI appearances without a positive-minute statistics row,True,45,2762.0,33,33,0,0.0,0,0.0,1.0,exact_window_known_minutes_v2_event_bounded,False,False,0.0,0,2762.0,benchmark
M. Beier,Germany,Attacker,3341.0,True,158644,pre_world_cup,52,52,1.0,0,47,2826.0,,1.0,1.0,True,exact-window detailed minutes plus event-bounded exposure for known startXI appearances without a positive-minute statistics row,True,47,2826.0,33,33,0,0.0,0,0.0,1.0,exact_window_known_minutes_v2_event_bounded,False,False,0.0,0,2826.0,benchmark
J. Randall,New Zealand,Attacker,2621.0,True,158688,annual_current,33,33,1.0,0,33,2535.0,,1.0,1.0,True,exact-window detailed minutes plus event-bounded exposure for known startXI appearances without a positive-minute statistics row,True,33,2535.0,30,30,0,0.0,0,0.0,1.0,exact_window_known_minutes_v2_event_bounded,False,False,0.0,0,2535.0,benchmark
J. Randall,New Zealand,Attacker,2621.0,True,158688,pre_world_cup,30,30,1.0,0,30,2475.0,,1.0,1.0,True,exact-window detailed minutes plus event-bounded exposure for known startXI appearances without a positive-minute statistics row,True,30,2475.0,30,30,0,0.0,0,0.0,1.0,exact_window_known_minutes_v2_event_bounded,False,False,0.0,0,2475.0,benchmark
J. Quansah,England,Defender,4935.0,True,158698,annual_current,58,58,1.0,0,46,3829.0,,1.0,1.0,True,exact-window detailed minutes plus event-bounded exposure for known startXI appearances without a positive-minute statistics row,False,46,3829.0,42,42,0,0.0,0,0.0,1.0,exact_window_known_minutes_v2_event_bounded,True,False,0.0,0,3829.0,benchmark
J. Quansah,England,Defender,4935.0,True,158698,pre_world_cup,51,51,1.0,0,44,3712.0,,1.0,1.0,True,exact-window detailed minutes plus event-bounded exposure for known startXI appearances without a positive-minute statistics row,True,44,3712.0,40,40,0,0.0,0,0.0,1.0,exact_window_known_minutes_v2_event_bounded,False,False,0.0,0,3712.0,benchmark
V. Johansson,Sweden,Goalkeeper,2970.0,True,158700,annual_current,50,50,1.0,0,25,2250.0,,1.0,1.0,True,exact-window detailed minutes plus event-bounded exposure for known startXI appearances without a positive-minute statistics row,False,25,2250.0,25,25,0,0.0,0,0.0,1.0,exact_window_known_minutes_v2_event_bounded,True,False,0.0,0,2250.0,benchmark_and_avatar
V. Johansson,Sweden,Goalkeeper,2970.0,True,158700,pre_world_cup,46,46,1.0,0,25,2250.0,,1.0,1.0,True,exact-window detailed minutes plus event-bounded exposure for known startXI appearances without a positive-minute statistics row,True,25,2250.0,25,25,0,0.0,0,0.0,1.0,exact_window_known_minutes_v2_event_bounded,False,False,0.0,0,2250.0,benchmark_and_avatar
T. Ali,Sweden,Midfielder,2262.0,True,160925,annual_current,44,44,1.0,0,28,1606.0,,1.0,1.0,True,exact-window provider minutes plus deterministic exposure reconstructed from complete two-team lineups and substitution/red-card events; frozen 80% fixture and minute thresholds unchanged,False,28,1606.0,16,16,0,0.0,0,0.0,1.0,exact_window_known_minutes_v3_complete_lineup_event_reconstruction,True,False,309.0,4,1297.0,benchmark_and_avatar
T. Ali,Sweden,Midfielder,2262.0,True,160925,pre_world_cup,43,43,1.0,0,30,1837.0,,1.0,1.0,True,exact-window provider minutes plus deterministic exposure reconstructed from complete two-team lineups and substitution/red-card events; frozen 80% fixture and minute thresholds unchanged,True,30,1837.0,19,19,0,0.0,0,0.0,1.0,exact_window_known_minutes_v3_complete_lineup_event_reconstruction,False,False,399.0,5,1438.0,benchmark_and_avatar
H. Johansson,Sweden,Defender,3358.0,True,161504,annual_current,33,33,1.0,0,28,2133.0,,1.0,1.0,True,exact-window detailed minutes plus event-bounded exposure for known startXI appearances without a positive-minute statistics row,False,28,2133.0,24,24,0,0.0,0,0.0,1.0,exact_window_known_minutes_v2_event_bounded,True,False,0.0,0,2133.0,benchmark
H. Johansson,Sweden,Defender,3358.0,True,161504,pre_world_cup,32,32,1.0,0,31,2317.0,,1.0,1.0,True,exact-window detailed minutes plus event-bounded exposure for known startXI appearances without a positive-minute statistics row,True,31,2317.0,26,26,0,0.0,0,0.0,1.0,exact_window_known_minutes_v2_event_bounded,False,False,0.0,0,2317.0,benchmark
Francisco Conceição,Portugal,Midfielder,3227.0,True,161585,annual_current,55,55,1.0,0,46,2827.0,,1.0,1.0,True,exact-window detailed minutes plus event-bounded exposure for known startXI appearances without a positive-minute statistics row,True,46,2827.0,33,33,0,0.0,0,0.0,1.0,exact_window_known_minutes_v2_event_bounded,False,False,0.0,0,2827.0,benchmark
Francisco Conceição,Portugal,Midfielder,3227.0,True,161585,pre_world_cup,50,50,1.0,0,42,2694.0,,1.0,1.0,True,exact-window detailed minutes plus event-bounded exposure for known startXI appearances without a positive-minute statistics row,True,42,2694.0,33,33,0,0.0,0,0.0,1.0,exact_window_known_minutes_v2_event_bounded,False,False,0.0,0,2694.0,benchmark
G. Doué,Ivory Coast,Defender,3667.0,True,161747,annual_current,62,62,1.0,0,43,3470.0,,1.0,1.0,True,exact-window detailed minutes plus event-bounded exposure for known startXI appearances without a positive-minute statistics row,True,43,3470.0,38,38,0,0.0,0,0.0,1.0,exact_window_known_minutes_v2_event_bounded,False,False,0.0,0,3470.0,benchmark
G. Doué,Ivory Coast,Defender,3667.0,True,161747,pre_world_cup,58,58,1.0,0,39,3193.0,,1.0,1.0,True,exact-window detailed minutes plus event-bounded exposure for known startXI appearances without a positive-minute statistics row,True,39,3193.0,35,35,0,0.0,0,0.0,1.0,exact_window_known_minutes_v2_event_bounded,False,False,0.0,0,3193.0,benchmark
I. Saibari,Morocco,Attacker,4422.0,True,161897,annual_current,59,59,1.0,0,48,3863.0,,1.0,1.0,True,exact-window detailed minutes plus event-bounded exposure for known startXI appearances without a positive-minute statistics row,True,48,3863.0,47,47,0,0.0,0,0.0,1.0,exact_window_known_minutes_v2_event_bounded,False,False,0.0,0,3863.0,benchmark
I. Saibari,Morocco,Attacker,4422.0,True,161897,pre_world_cup,53,53,1.0,0,43,3478.0,,1.0,1.0,True,exact-window detailed minutes plus event-bounded exposure for known startXI appearances without a positive-minute statistics row,True,43,3478.0,42,42,0,0.0,0,0.0,1.0,exact_window_known_minutes_v2_event_bounded,False,False,0.0,0,3478.0,benchmark
B. Barcola,France,Midfielder,3814.0,True,161904,annual_current,63,63,1.0,0,56,3316.0,,1.0,1.0,True,exact-window detailed minutes plus event-bounded exposure for known startXI appearances without a positive-minute statistics row,True,56,3316.0,39,39,0,0.0,0,0.0,1.0,exact_window_known_minutes_v2_event_bounded,False,False,0.0,0,3316.0,benchmark_and_avatar
B. Barcola,France,Midfielder,3814.0,True,161904,pre_world_cup,63,63,1.0,0,55,3261.0,,1.0,1.0,True,exact-window detailed minutes plus event-bounded exposure for known startXI appearances without a positive-minute statistics row,True,55,3261.0,37,37,0,0.0,0,0.0,1.0,exact_window_known_minutes_v2_event_bounded,False,False,0.0,0,3261.0,benchmark_and_avatar
M. Gusto,France,Defender,4683.0,True,161907,annual_current,66,66,1.0,0,53,3348.0,,1.0,1.0,True,exact-window detailed minutes plus event-bounded exposure for known startXI appearances without a positive-minute statistics row,False,53,3348.0,38,38,0,0.0,0,0.0,1.0,exact_window_known_minutes_v2_event_bounded,True,False,0.0,0,3348.0,benchmark
M. Gusto,France,Defender,4683.0,True,161907,pre_world_cup,66,66,1.0,0,56,3809.0,,1.0,1.0,True,exact-window detailed minutes plus event-bounded exposure for known startXI appearances without a positive-minute statistics row,True,56,3809.0,43,43,0,0.0,0,0.0,1.0,exact_window_known_minutes_v2_event_bounded,False,False,0.0,0,3809.0,benchmark
Tomás Araújo,Portugal,Defender,3479.0,True,161939,annual_current,57,57,1.0,0,36,2708.0,,1.0,1.0,True,exact-window detailed minutes plus event-bounded exposure for known startXI appearances without a positive-minute statistics row,False,36,2708.0,30,30,0,0.0,0,0.0,1.0,exact_window_known_minutes_v2_event_bounded,True,False,0.0,0,2708.0,benchmark_and_avatar
Tomás Araújo,Portugal,Defender,3479.0,True,161939,pre_world_cup,52,52,1.0,0,35,2618.0,,1.0,1.0,True,exact-window detailed minutes plus event-bounded exposure for known startXI appearances without a positive-minute statistics row,True,35,2618.0,29,29,0,0.0,0,0.0,1.0,exact_window_known_minutes_v2_event_bounded,False,False,0.0,0,2618.0,benchmark_and_avatar
M. De Cuyper,Belgium,Defender,2175.0,True,162007,annual_current,49,49,1.0,0,37,1953.0,,1.0,1.0,True,exact-window detailed minutes plus event-bounded exposure for known startXI appearances without a positive-minute statistics row,True,37,1953.0,23,23,0,0.0,0,0.0,1.0,exact_window_known_minutes_v2_event_bounded,False,False,0.0,0,1953.0,benchmark_and_avatar
M. De Cuyper,Belgium,Defender,2175.0,True,162007,pre_world_cup,43,43,1.0,0,31,1510.0,,1.0,1.0,True,exact-window detailed minutes plus event-bounded exposure for known startXI appearances without a positive-minute statistics row,True,31,1510.0,18,18,0,0.0,0,0.0,1.0,exact_window_known_minutes_v2_event_bounded,False,False,0.0,0,1510.0,benchmark_and_avatar
M. Tillman,USA,Midfielder,3771.0,True,162037,annual_current,56,56,1.0,0,47,2716.0,,1.0,1.0,True,exact-window detailed minutes plus event-bounded exposure for known startXI appearances without a positive-minute statistics row,False,47,2716.0,28,28,0,0.0,0,0.0,1.0,exact_window_known_minutes_v2_event_bounded,True,False,0.0,0,2716.0,benchmark
M. Tillman,USA,Midfielder,3771.0,True,162037,pre_world_cup,57,57,1.0,0,48,2903.0,,1.0,1.0,True,exact-window detailed minutes plus event-bounded exposure for known startXI appearances without a positive-minute statistics row,True,48,2903.0,30,30,0,0.0,0,0.0,1.0,exact_window_known_minutes_v2_event_bounded,False,False,0.0,0,2903.0,benchmark
K. De Winter,Belgium,Defender,2537.0,True,162141,annual_current,48,48,1.0,0,29,2054.0,,1.0,1.0,True,exact-window detailed minutes plus event-bounded exposure for known startXI appearances without a positive-minute statistics row,True,29,2054.0,22,22,0,0.0,0,0.0,1.0,exact_window_known_minutes_v2_event_bounded,False,False,0.0,0,2054.0,benchmark
K. De Winter,Belgium,Defender,2537.0,True,162141,pre_world_cup,42,42,1.0,0,29,2054.0,,1.0,1.0,True,exact-window detailed minutes plus event-bounded exposure for known startXI appearances without a positive-minute statistics row,True,29,2054.0,22,22,0,0.0,0,0.0,1.0,exact_window_known_minutes_v2_event_bounded,False,False,0.0,0,2054.0,benchmark
L. Cerv,Czech Republic,Midfielder,3966.0,True,162194,annual_current,52,52,1.0,0,47,3966.0,,1.0,1.0,True,exact-window detailed minutes plus event-bounded exposure for known startXI appearances without a positive-minute statistics row,True,47,3966.0,46,46,0,0.0,0,0.0,1.0,exact_window_known_minutes_v2_event_bounded,False,False,0.0,0,3966.0,benchmark
L. Cerv,Czech Republic,Midfielder,3966.0,True,162194,pre_world_cup,49,49,1.0,0,45,3801.0,,1.0,1.0,True,exact-window detailed minutes plus event-bounded exposure for known startXI appearances without a positive-minute statistics row,True,45,3801.0,44,44,0,0.0,0,0.0,1.0,exact_window_known_minutes_v2_event_bounded,False,False,0.0,0,3801.0,benchmark
A. Martha,Curaçao,Midfielder,2997.0,True,162199,annual_current,62,62,1.0,0,47,2952.0,,1.0,1.0,True,exact-window detailed minutes plus event-bounded exposure for known startXI appearances without a positive-minute statistics row,True,47,2952.0,28,28,0,0.0,0,0.0,1.0,exact_window_known_minutes_v2_event_bounded,False,False,0.0,0,2952.0,benchmark
A. Martha,Curaçao,Midfielder,2997.0,True,162199,pre_world_cup,62,62,1.0,0,47,2952.0,,1.0,1.0,True,exact-window detailed minutes plus event-bounded exposure for known startXI appearances without a positive-minute statistics row,True,47,2952.0,28,28,0,0.0,0,0.0,1.0,exact_window_known_minutes_v2_event_bounded,False,False,0.0,0,2952.0,benchmark
A. Salah-Eddine,Morocco,Defender,2266.0,True,162451,annual_current,97,97,1.0,0,33,2066.0,,1.0,1.0,True,exact-window detailed minutes plus event-bounded exposure for known startXI appearances without a positive-minute statistics row,True,33,2066.0,22,22,0,0.0,0,0.0,1.0,exact_window_known_minutes_v2_event_bounded,False,False,0.0,0,2066.0,benchmark_and_avatar
A. Salah-Eddine,Morocco,Defender,2266.0,True,162451,pre_world_cup,91,91,1.0,0,29,1854.0,,1.0,1.0,True,exact-window detailed minutes plus event-bounded exposure for known startXI appearances without a positive-minute statistics row,True,29,1854.0,20,20,0,0.0,0,0.0,1.0,exact_window_known_minutes_v2_event_bounded,False,False,0.0,0,1854.0,benchmark_and_avatar
S. Lammens,Belgium,Goalkeeper,3799.0,True,162511,annual_current,85,85,1.0,0,38,3349.0,,1.0,1.0,True,exact-window detailed minutes plus event-bounded exposure for known startXI appearances without a positive-minute statistics row,True,38,3349.0,37,37,0,0.0,0,0.0,1.0,exact_window_known_minutes_v2_event_bounded,False,False,0.0,0,3349.0,benchmark
S. Lammens,Belgium,Goalkeeper,3799.0,True,162511,pre_world_cup,79,79,1.0,0,37,3330.0,,1.0,1.0,True,exact-window detailed minutes plus event-bounded exposure for known startXI appearances without a positive-minute statistics row,True,37,3330.0,37,37,0,0.0,0,0.0,1.0,exact_window_known_minutes_v2_event_bounded,False,False,0.0,0,3330.0,benchmark
E. Wahi,Ivory Coast,Attacker,2231.0,True,162707,annual_current,90,90,1.0,0,36,1851.0,,1.0,1.0,True,exact-window detailed minutes plus event-bounded exposure for known startXI appearances without a positive-minute statistics row,True,36,1851.0,19,19,0,0.0,0,0.0,1.0,exact_window_known_minutes_v2_event_bounded,False,False,0.0,0,1851.0,benchmark
E. Wahi,Ivory Coast,Attacker,2231.0,True,162707,pre_world_cup,86,86,1.0,0,33,1742.0,,1.0,1.0,True,exact-window detailed minutes plus event-bounded exposure for known startXI appearances without a positive-minute statistics row,True,33,1742.0,18,18,0,0.0,0,0.0,1.0,exact_window_known_minutes_v2_event_bounded,False,False,0.0,0,1742.0,benchmark
A. Onana,Belgium,Midfielder,3059.0,True,162714,annual_current,61,61,1.0,0,42,2755.0,,1.0,1.0,True,exact-window detailed minutes plus event-bounded exposure for known startXI appearances without a positive-minute statistics row,True,42,2755.0,34,34,0,0.0,0,0.0,1.0,exact_window_known_minutes_v2_event_bounded,False,False,0.0,0,2755.0,benchmark_and_avatar
A. Onana,Belgium,Midfielder,3059.0,True,162714,pre_world_cup,55,55,1.0,0,38,2649.0,,1.0,1.0,True,exact-window detailed minutes plus event-bounded exposure for known startXI appearances without a positive-minute statistics row,True,38,2649.0,32,32,0,0.0,0,0.0,1.0,exact_window_known_minutes_v2_event_bounded,False,False,0.0,0,2649.0,benchmark_and_avatar
R. Providence,Haiti,Midfielder,3201.0,True,162733,annual_current,56,56,1.0,0,36,1658.0,,1.0,1.0,True,exact-window detailed minutes plus event-bounded exposure for known startXI appearances without a positive-minute statistics row,False,36,1658.0,18,18,0,0.0,0,0.0,1.0,exact_window_known_minutes_v2_event_bounded,True,False,0.0,0,1658.0,benchmark
R. Providence,Haiti,Midfielder,3201.0,True,162733,pre_world_cup,56,56,1.0,0,36,1622.0,,1.0,1.0,True,exact-window detailed minutes plus event-bounded exposure for known startXI appearances without a positive-minute statistics row,True,36,1622.0,17,17,0,0.0,0,0.0,1.0,exact_window_known_minutes_v2_event_bounded,False,False,0.0,0,1622.0,benchmark
J. Sanabria,Uruguay,Defender,3122.0,True,162891,annual_current,55,55,1.0,0,33,2838.0,,0.9692622950819672,0.9692622950819672,True,exact-window detailed minutes plus event-bounded exposure for known startXI appearances without a positive-minute statistics row,True,33,2838.0,32,31,1,90.0,0,0.0,0.9692622950819672,exact_window_known_minutes_v2_event_bounded,False,False,0.0,0,2838.0,benchmark_and_avatar
J. Sanabria,Uruguay,Defender,3122.0,True,162891,pre_world_cup,53,53,1.0,0,31,2723.0,,0.9680056878777106,0.9680056878777106,True,exact-window detailed minutes plus event-bounded exposure for known startXI appearances without a positive-minute statistics row,True,31,2723.0,31,30,1,90.0,0,0.0,0.9680056878777106,exact_window_known_minutes_v2_event_bounded,False,False,0.0,0,2723.0,benchmark_and_avatar
R. Hranác,Czech Republic,Defender,2783.0,True,162964,annual_current,39,39,1.0,0,34,2693.0,,1.0,1.0,True,exact-window detailed minutes plus event-bounded exposure for known startXI appearances without a positive-minute statistics row,True,34,2693.0,31,31,0,0.0,0,0.0,1.0,exact_window_known_minutes_v2_event_bounded,False,False,0.0,0,2693.0,benchmark
R. Hranác,Czech Republic,Defender,2783.0,True,162964,pre_world_cup,36,36,1.0,0,31,2423.0,,1.0,1.0,True,exact-window detailed minutes plus event-bounded exposure for known startXI appearances without a positive-minute statistics row,True,31,2423.0,28,28,0,0.0,0,0.0,1.0,exact_window_known_minutes_v2_event_bounded,False,False,0.0,0,2423.0,benchmark
F. Rieder,Switzerland,Midfielder,3577.0,True,163032,annual_current,76,76,1.0,0,41,2847.0,,1.0,1.0,True,exact-window detailed minutes plus event-bounded exposure for known startXI appearances without a positive-minute statistics row,False,41,2847.0,34,34,0,0.0,0,0.0,1.0,exact_window_known_minutes_v2_event_bounded,True,False,0.0,0,2847.0,benchmark
F. Rieder,Switzerland,Midfielder,3577.0,True,163032,pre_world_cup,70,70,1.0,0,36,2543.0,,1.0,1.0,True,exact-window detailed minutes plus event-bounded exposure for known startXI appearances without a positive-minute statistics row,True,36,2543.0,31,31,0,0.0,0,0.0,1.0,exact_window_known_minutes_v2_event_bounded,False,False,0.0,0,2543.0,benchmark
B. Cross,South Africa,Defender,1873.0,True,163041,annual_current,44,44,1.0,0,24,1843.0,,1.0,1.0,True,exact-window detailed minutes plus event-bounded exposure for known startXI appearances without a positive-minute statistics row,True,24,1843.0,21,21,0,0.0,0,0.0,1.0,exact_window_known_minutes_v2_event_bounded,False,False,0.0,0,1843.0,benchmark
B. Cross,South Africa,Defender,1873.0,True,163041,pre_world_cup,40,40,1.0,0,24,1843.0,,1.0,1.0,True,exact-window detailed minutes plus event-bounded exposure for known startXI appearances without a positive-minute statistics row,True,24,1843.0,21,21,0,0.0,0,0.0,1.0,exact_window_known_minutes_v2_event_bounded,False,False,0.0,0,1843.0,benchmark
M. Thiaw,Germany,Defender,4724.0,True,163189,annual_current,62,62,1.0,0,56,4688.0,,1.0,1.0,True,exact-window detailed minutes plus event-bounded exposure for known startXI appearances without a positive-minute statistics row,True,56,4688.0,51,51,0,0.0,0,0.0,1.0,exact_window_known_minutes_v2_event_bounded,False,False,0.0,0,4688.0,benchmark
M. Thiaw,Germany,Defender,4724.0,True,163189,pre_world_cup,58,58,1.0,0,54,4648.0,,1.0,1.0,True,exact-window detailed minutes plus event-bounded exposure for known startXI appearances without a positive-minute statistics row,True,54,4648.0,51,51,0,0.0,0,0.0,1.0,exact_window_known_minutes_v2_event_bounded,False,False,0.0,0,4648.0,benchmark
C. dos Santos,Cape Verde Islands,Goalkeeper,3025.0,True,163200,annual_current,62,62,1.0,0,13,1124.0,,0.9258649093904447,0.9258649093904447,True,exact-window detailed minutes plus event-bounded exposure for known startXI appearances without a positive-minute statistics row,False,13,1124.0,14,13,1,90.0,0,0.0,0.9258649093904447,exact_window_known_minutes_v2_event_bounded,True,False,0.0,0,1124.0,benchmark
C. dos Santos,Cape Verde Islands,Goalkeeper,3025.0,True,163200,pre_world_cup,68,68,1.0,0,17,1495.0,,0.943217665615142,0.943217665615142,True,exact-window detailed minutes plus event-bounded exposure for known startXI appearances without a positive-minute statistics row,True,17,1495.0,18,17,1,90.0,0,0.0,0.943217665615142,exact_window_known_minutes_v2_event_bounded,False,False,0.0,0,1495.0,benchmark
J. Antonisse,Curaçao,Attacker,2943.0,True,163220,annual_current,45,45,1.0,0,35,2336.0,,1.0,1.0,True,exact-window detailed minutes plus event-bounded exposure for known startXI appearances without a positive-minute statistics row,False,35,2336.0,29,29,0,0.0,0,0.0,1.0,exact_window_known_minutes_v2_event_bounded,True,False,0.0,0,2336.0,benchmark
J. Antonisse,Curaçao,Attacker,2943.0,True,163220,pre_world_cup,45,45,1.0,0,36,2405.0,,1.0,1.0,True,exact-window detailed minutes plus event-bounded exposure for known startXI appearances without a positive-minute statistics row,True,36,2405.0,30,30,0,0.0,0,0.0,1.0,exact_window_known_minutes_v2_event_bounded,False,False,0.0,0,2405.0,benchmark
J. Casimir,Haiti,Midfielder,2075.0,True,174915,annual_current,43,43,1.0,0,38,2035.0,,1.0,1.0,True,exact-window detailed minutes plus event-bounded exposure for known startXI appearances without a positive-minute statistics row,True,38,2035.0,22,22,0,0.0,0,0.0,1.0,exact_window_known_minutes_v2_event_bounded,False,False,0.0,0,2035.0,benchmark
J. Casimir,Haiti,Midfielder,2075.0,True,174915,pre_world_cup,40,40,1.0,0,35,1854.0,,1.0,1.0,True,exact-window detailed minutes plus event-bounded exposure for known startXI appearances without a positive-minute statistics row,True,35,1854.0,20,20,0,0.0,0,0.0,1.0,exact_window_known_minutes_v2_event_bounded,False,False,0.0,0,1854.0,benchmark
Homam Ahmed,Qatar,Defender,2525.0,True,175439,annual_current,79,79,1.0,0,27,1399.0,,0.8860037998733375,0.8860037998733375,True,exact-window detailed minutes plus event-bounded exposure for known startXI appearances without a positive-minute statistics row,False,27,1399.0,18,16,2,180.0,0,0.0,0.8860037998733375,exact_window_known_minutes_v2_event_bounded,True,False,0.0,0,1399.0,benchmark
Homam Ahmed,Qatar,Defender,2525.0,True,175439,pre_world_cup,76,76,1.0,0,25,1276.0,,0.8763736263736264,0.8763736263736264,True,exact-window detailed minutes plus event-bounded exposure for known startXI appearances without a positive-minute statistics row,True,25,1276.0,16,14,2,180.0,0,0.0,0.8763736263736264,exact_window_known_minutes_v2_event_bounded,False,False,0.0,0,1276.0,benchmark
F. Mayele,Congo DR,Attacker,2744.0,True,179699,annual_current,51,50,0.9803921568627452,1,41,2654.0,,1.0,1.0,True,exact-window detailed minutes plus event-bounded exposure for known startXI appearances without a positive-minute statistics row,True,41,2654.0,30,30,0,0.0,0,0.0,1.0,exact_window_known_minutes_v2_event_bounded,False,False,0.0,0,2654.0,benchmark
F. Mayele,Congo DR,Attacker,2744.0,True,179699,pre_world_cup,47,46,0.9787234042553192,1,39,2607.0,,1.0,1.0,True,exact-window detailed minutes plus event-bounded exposure for known startXI appearances without a positive-minute statistics row,True,39,2607.0,30,30,0,0.0,0,0.0,1.0,exact_window_known_minutes_v2_event_bounded,False,False,0.0,0,2607.0,benchmark
B. Old,New Zealand,Attacker,2566.0,True,179856,annual_current,43,43,1.0,0,35,2176.0,,1.0,1.0,True,exact-window detailed minutes plus event-bounded exposure for known startXI appearances without a positive-minute statistics row,True,35,2176.0,22,22,0,0.0,0,0.0,1.0,exact_window_known_minutes_v2_event_bounded,False,False,0.0,0,2176.0,benchmark
B. Old,New Zealand,Attacker,2566.0,True,179856,pre_world_cup,40,40,1.0,0,32,2085.0,,1.0,1.0,True,exact-window detailed minutes plus event-bounded exposure for known startXI appearances without a positive-minute statistics row,True,32,2085.0,22,22,0,0.0,0,0.0,1.0,exact_window_known_minutes_v2_event_bounded,False,False,0.0,0,2085.0,benchmark
M. Stamenic,New Zealand,Midfielder,3788.0,True,179862,annual_current,54,54,1.0,0,41,2913.0,,1.0,1.0,True,exact-window detailed minutes plus event-bounded exposure for known startXI appearances without a positive-minute statistics row,False,41,2913.0,34,34,0,0.0,0,0.0,1.0,exact_window_known_minutes_v2_event_bounded,True,False,0.0,0,2913.0,benchmark
M. Stamenic,New Zealand,Midfielder,3788.0,True,179862,pre_world_cup,51,51,1.0,0,38,2644.0,,1.0,1.0,True,exact-window detailed minutes plus event-bounded exposure for known startXI appearances without a positive-minute statistics row,True,38,2644.0,31,31,0,0.0,0,0.0,1.0,exact_window_known_minutes_v2_event_bounded,False,False,0.0,0,2644.0,benchmark
H. Mejbri,Tunisia,Attacker,2274.0,True,180560,annual_current,49,49,1.0,0,37,2012.0,,1.0,1.0,True,exact-window detailed minutes plus event-bounded exposure for known startXI appearances without a positive-minute statistics row,True,37,2012.0,23,23,0,0.0,0,0.0,1.0,exact_window_known_minutes_v2_event_bounded,False,False,0.0,0,2012.0,benchmark
H. Mejbri,Tunisia,Attacker,2274.0,True,180560,pre_world_cup,46,46,1.0,0,34,1742.0,,1.0,1.0,True,exact-window detailed minutes plus event-bounded exposure for known startXI appearances without a positive-minute statistics row,True,34,1742.0,20,20,0,0.0,0,0.0,1.0,exact_window_known_minutes_v2_event_bounded,False,False,0.0,0,1742.0,benchmark
H. Falchener,Norway,Defender,3862.0,True,180937,annual_current,35,35,1.0,0,26,2227.0,,0.9611566681053086,0.9611566681053086,True,exact-window detailed minutes plus event-bounded exposure for known startXI appearances without a positive-minute statistics row,False,26,2227.0,27,26,1,90.0,0,0.0,0.9611566681053086,exact_window_known_minutes_v2_event_bounded,True,False,0.0,0,2227.0,benchmark
H. Falchener,Norway,Defender,3862.0,True,180937,pre_world_cup,32,32,1.0,0,29,2521.0,,0.9655304481041748,0.9655304481041748,True,exact-window detailed minutes plus event-bounded exposure for known startXI appearances without a positive-minute statistics row,True,29,2521.0,30,29,1,90.0,0,0.0,0.9655304481041748,exact_window_known_minutes_v2_event_bounded,False,False,0.0,0,2521.0,benchmark
J. Musiala,Germany,Attacker,1710.0,False,181812,annual_current,58,58,1.0,0,28,1452.0,,1.0,1.0,True,exact-window detailed minutes plus event-bounded exposure for known startXI appearances without a positive-minute statistics row,True,28,1452.0,15,15,0,0.0,0,0.0,1.0,exact_window_known_minutes_v2_event_bounded,False,False,0.0,0,1452.0,avatar_top30_pool
J. Musiala,Germany,Attacker,1710.0,False,181812,pre_world_cup,59,59,1.0,0,28,1298.0,,1.0,1.0,True,exact-window detailed minutes plus event-bounded exposure for known startXI appearances without a positive-minute statistics row,True,28,1298.0,13,13,0,0.0,0,0.0,1.0,exact_window_known_minutes_v2_event_bounded,False,False,0.0,0,1298.0,avatar_top30_pool
Álex Baena,Spain,Midfielder,5477.0,True,182219,annual_current,68,68,1.0,0,52,2730.0,,1.0,1.0,True,exact-window detailed minutes plus event-bounded exposure for known startXI appearances without a positive-minute statistics row,False,52,2730.0,34,34,0,0.0,0,0.0,1.0,exact_window_known_minutes_v2_event_bounded,True,False,0.0,0,2730.0,benchmark
Álex Baena,Spain,Midfielder,5477.0,True,182219,pre_world_cup,61,61,1.0,0,46,2318.0,,1.0,1.0,True,exact-window detailed minutes plus event-bounded exposure for known startXI appearances without a positive-minute statistics row,True,46,2318.0,28,28,0,0.0,0,0.0,1.0,exact_window_known_minutes_v2_event_bounded,False,False,0.0,0,2318.0,benchmark
Joan García,Spain,Goalkeeper,4240.0,True,182718,annual_current,64,64,1.0,0,45,4049.0,,1.0,1.0,True,exact-window detailed minutes plus event-bounded exposure for known startXI appearances without a positive-minute statistics row,True,45,4049.0,45,45,0,0.0,0,0.0,1.0,exact_window_known_minutes_v2_event_bounded,False,False,0.0,0,4049.0,benchmark_and_avatar
Joan García,Spain,Goalkeeper,4240.0,True,182718,pre_world_cup,57,57,1.0,0,45,4049.0,,1.0,1.0,True,exact-window detailed minutes plus event-bounded exposure for known startXI appearances without a positive-minute statistics row,True,45,4049.0,45,45,0,0.0,0,0.0,1.0,exact_window_known_minutes_v2_event_bounded,False,False,0.0,0,4049.0,benchmark_and_avatar
Nico Williams,Spain,Attacker,2229.0,True,183799,annual_current,59,59,1.0,0,37,2175.0,,1.0,1.0,True,exact-window detailed minutes plus event-bounded exposure for known startXI appearances without a positive-minute statistics row,True,37,2175.0,23,23,0,0.0,0,0.0,1.0,exact_window_known_minutes_v2_event_bounded,False,False,0.0,0,2175.0,benchmark
Nico Williams,Spain,Attacker,2229.0,True,183799,pre_world_cup,52,52,1.0,0,32,2099.0,,1.0,1.0,True,exact-window detailed minutes plus event-bounded exposure for known startXI appearances without a positive-minute statistics row,True,32,2099.0,23,23,0,0.0,0,0.0,1.0,exact_window_known_minutes_v2_event_bounded,False,False,0.0,0,2099.0,benchmark
Yeremy Pino,Spain,Midfielder,3492.0,True,184226,annual_current,104,104,1.0,0,55,3417.0,,1.0,1.0,True,exact-window detailed minutes plus event-bounded exposure for known startXI appearances without a positive-minute statistics row,True,55,3417.0,41,41,0,0.0,0,0.0,1.0,exact_window_known_minutes_v2_event_bounded,False,False,0.0,0,3417.0,benchmark
Yeremy Pino,Spain,Midfielder,3492.0,True,184226,pre_world_cup,97,97,1.0,0,53,3348.0,,1.0,1.0,True,exact-window detailed minutes plus event-bounded exposure for known startXI appearances without a positive-minute statistics row,True,53,3348.0,41,41,0,0.0,0,0.0,1.0,exact_window_known_minutes_v2_event_bounded,False,False,0.0,0,3348.0,benchmark
Samú Costa,Portugal,Midfielder,3011.0,True,190485,annual_current,46,46,1.0,0,37,2828.0,,1.0,1.0,True,exact-window detailed minutes plus event-bounded exposure for known startXI appearances without a positive-minute statistics row,True,37,2828.0,32,32,0,0.0,0,0.0,1.0,exact_window_known_minutes_v2_event_bounded,False,False,0.0,0,2828.0,benchmark
Samú Costa,Portugal,Midfielder,3011.0,True,190485,pre_world_cup,41,41,1.0,0,36,2808.0,,1.0,1.0,True,exact-window detailed minutes plus event-bounded exposure for known startXI appearances without a positive-minute statistics row,True,36,2808.0,32,32,0,0.0,0,0.0,1.0,exact_window_known_minutes_v2_event_bounded,False,False,0.0,0,2808.0,benchmark
Marwan Attia,Egypt,Midfielder,3460.0,True,190575,annual_current,48,48,1.0,0,38,3119.0,,0.9719538797133064,0.9719538797133064,True,exact-window detailed minutes plus event-bounded exposure for known startXI appearances without a positive-minute statistics row,True,38,3119.0,36,35,1,90.0,0,0.0,0.9719538797133064,exact_window_known_minutes_v2_event_bounded,False,False,0.0,0,3119.0,benchmark
Marwan Attia,Egypt,Midfielder,3460.0,True,190575,pre_world_cup,43,43,1.0,0,33,2685.0,,0.9675675675675676,0.9675675675675676,True,exact-window detailed minutes plus event-bounded exposure for known startXI appearances without a positive-minute statistics row,True,33,2685.0,32,31,1,90.0,0,0.0,0.9675675675675676,exact_window_known_minutes_v2_event_bounded,False,False,0.0,0,2685.0,benchmark
M. Expérience,Haiti,Defender,2622.0,True,190747,annual_current,47,47,1.0,0,28,1847.0,,1.0,1.0,True,exact-window detailed minutes plus event-bounded exposure for known startXI appearances without a positive-minute statistics row,False,28,1847.0,19,19,0,0.0,0,0.0,1.0,exact_window_known_minutes_v2_event_bounded,True,False,0.0,0,1847.0,benchmark_and_avatar
M. Expérience,Haiti,Defender,2622.0,True,190747,pre_world_cup,47,47,1.0,0,28,1847.0,,1.0,1.0,True,exact-window detailed minutes plus event-bounded exposure for known startXI appearances without a positive-minute statistics row,True,28,1847.0,19,19,0,0.0,0,0.0,1.0,exact_window_known_minutes_v2_event_bounded,False,False,0.0,0,1847.0,benchmark_and_avatar
M. Senaya,Ghana,Defender,2253.0,True,191240,annual_current,39,39,1.0,0,30,2154.0,,1.0,1.0,True,exact-window detailed minutes plus event-bounded exposure for known startXI appearances without a positive-minute statistics row,True,30,2154.0,25,25,0,0.0,0,0.0,1.0,exact_window_known_minutes_v2_event_bounded,False,False,0.0,0,2154.0,benchmark
M. Senaya,Ghana,Defender,2253.0,True,191240,pre_world_cup,35,35,1.0,0,26,1874.0,,1.0,1.0,True,exact-window detailed minutes plus event-bounded exposure for known startXI appearances without a positive-minute statistics row,True,26,1874.0,21,21,0,0.0,0,0.0,1.0,exact_window_known_minutes_v2_event_bounded,False,False,0.0,0,1874.0,benchmark
A. Sbaï,Morocco,Attacker,2057.0,True,191289,annual_current,76,76,1.0,0,29,2047.0,,1.0,1.0,True,exact-window detailed minutes plus event-bounded exposure for known startXI appearances without a positive-minute statistics row,True,29,2047.0,26,26,0,0.0,0,0.0,1.0,exact_window_known_minutes_v2_event_bounded,False,False,0.0,0,2047.0,benchmark
A. Sbaï,Morocco,Attacker,2057.0,True,191289,pre_world_cup,70,70,1.0,0,28,2035.0,,1.0,1.0,True,exact-window detailed minutes plus event-bounded exposure for known startXI appearances without a positive-minute statistics row,True,28,2035.0,26,26,0,0.0,0,0.0,1.0,exact_window_known_minutes_v2_event_bounded,False,False,0.0,0,2035.0,benchmark
J. Nelson,Canada,Attacker,2455.0,True,193279,annual_current,52,52,1.0,0,26,1162.0,,1.0,1.0,True,exact-window detailed minutes plus event-bounded exposure for known startXI appearances without a positive-minute statistics row,False,26,1162.0,13,13,0,0.0,0,0.0,1.0,exact_window_known_minutes_v2_event_bounded,True,False,0.0,0,1162.0,benchmark
J. Nelson,Canada,Attacker,2455.0,True,193279,pre_world_cup,61,61,1.0,0,28,1270.0,,1.0,1.0,True,exact-window detailed minutes plus event-bounded exposure for known startXI appearances without a positive-minute statistics row,True,28,1270.0,14,14,0,0.0,0,0.0,1.0,exact_window_known_minutes_v2_event_bounded,False,False,0.0,0,1270.0,benchmark
Nawaf Al Aqidi,Saudi Arabia,Goalkeeper,1864.0,True,193288,annual_current,50,50,1.0,0,13,1140.0,,1.0,1.0,True,exact-window detailed minutes plus event-bounded exposure for known startXI appearances without a positive-minute statistics row,False,13,1140.0,13,13,0,0.0,0,0.0,1.0,exact_window_known_minutes_v2_event_bounded,True,False,0.0,0,1140.0,benchmark_and_avatar
Nawaf Al Aqidi,Saudi Arabia,Goalkeeper,1864.0,True,193288,pre_world_cup,51,51,1.0,0,17,1500.0,,1.0,1.0,True,exact-window detailed minutes plus event-bounded exposure for known startXI appearances without a positive-minute statistics row,True,17,1500.0,17,17,0,0.0,0,0.0,1.0,exact_window_known_minutes_v2_event_bounded,False,False,0.0,0,1500.0,benchmark_and_avatar
T. Mbatha,South Africa,Midfielder,2154.0,True,194430,annual_current,38,38,1.0,0,28,1931.0,,1.0,1.0,True,exact-window detailed minutes plus event-bounded exposure for known startXI appearances without a positive-minute statistics row,True,28,1931.0,23,23,0,0.0,0,0.0,1.0,exact_window_known_minutes_v2_event_bounded,False,False,0.0,0,1931.0,benchmark
T. Mbatha,South Africa,Midfielder,2154.0,True,194430,pre_world_cup,34,34,1.0,0,24,1665.0,,1.0,1.0,True,exact-window detailed minutes plus event-bounded exposure for known startXI appearances without a positive-minute statistics row,True,24,1665.0,21,21,0,0.0,0,0.0,1.0,exact_window_known_minutes_v2_event_bounded,False,False,0.0,0,1665.0,benchmark
R. Roefs,Netherlands,Goalkeeper,3692.0,True,194536,annual_current,45,45,1.0,0,37,3360.0,,1.0,1.0,True,exact-window detailed minutes plus event-bounded exposure for known startXI appearances without a positive-minute statistics row,True,37,3360.0,37,37,0,0.0,0,0.0,1.0,exact_window_known_minutes_v2_event_bounded,False,False,0.0,0,3360.0,benchmark_and_avatar
R. Roefs,Netherlands,Goalkeeper,3692.0,True,194536,pre_world_cup,41,41,1.0,0,37,3360.0,,1.0,1.0,True,exact-window detailed minutes plus event-bounded exposure for known startXI appearances without a positive-minute statistics row,True,37,3360.0,37,37,0,0.0,0,0.0,1.0,exact_window_known_minutes_v2_event_bounded,False,False,0.0,0,3360.0,benchmark_and_avatar
S. Sambo,Curaçao,Defender,2316.0,True,194645,annual_current,46,46,1.0,0,34,2305.0,,1.0,1.0,True,exact-window detailed minutes plus event-bounded exposure for known startXI appearances without a positive-minute statistics row,True,34,2305.0,26,26,0,0.0,0,0.0,1.0,exact_window_known_minutes_v2_event_bounded,False,False,0.0,0,2305.0,benchmark
S. Sambo,Curaçao,Defender,2316.0,True,194645,pre_world_cup,43,43,1.0,0,33,2304.0,,1.0,1.0,True,exact-window detailed minutes plus event-bounded exposure for known startXI appearances without a positive-minute statistics row,True,33,2304.0,26,26,0,0.0,0,0.0,1.0,exact_window_known_minutes_v2_event_bounded,False,False,0.0,0,2304.0,benchmark
R. Rios,Colombia,Midfielder,7516.0,True,195104,annual_current,94,94,1.0,0,48,3711.0,,1.0,1.0,True,exact-window detailed minutes plus event-bounded exposure for known startXI appearances without a positive-minute statistics row,False,48,3711.0,41,41,0,0.0,0,0.0,1.0,exact_window_known_minutes_v2_event_bounded,True,False,0.0,0,3711.0,benchmark
R. Rios,Colombia,Midfielder,7516.0,True,195104,pre_world_cup,96,96,1.0,0,50,4233.0,,1.0,1.0,True,exact-window detailed minutes plus event-bounded exposure for known startXI appearances without a positive-minute statistics row,True,50,4233.0,48,48,0,0.0,0,0.0,1.0,exact_window_known_minutes_v2_event_bounded,False,False,0.0,0,4233.0,benchmark
D. Bobadilla,Paraguay,Midfielder,6047.0,True,195107,annual_current,73,73,1.0,0,61,4366.0,,1.0,1.0,True,exact-window detailed minutes plus event-bounded exposure for known startXI appearances without a positive-minute statistics row,False,61,4366.0,50,50,0,0.0,0,0.0,1.0,exact_window_known_minutes_v2_event_bounded,True,False,0.0,0,4366.0,benchmark
D. Bobadilla,Paraguay,Midfielder,6047.0,True,195107,pre_world_cup,72,72,1.0,0,61,4369.0,,1.0,1.0,True,exact-window detailed minutes plus event-bounded exposure for known startXI appearances without a positive-minute statistics row,True,61,4369.0,49,49,0,0.0,0,0.0,1.0,exact_window_known_minutes_v2_event_bounded,False,False,0.0,0,4369.0,benchmark
J. Cáceres,Paraguay,Defender,4008.0,True,195992,annual_current,53,53,1.0,0,31,2624.0,,1.0,1.0,True,exact-window detailed minutes plus event-bounded exposure for known startXI appearances without a positive-minute statistics row,False,31,2624.0,29,29,0,0.0,0,0.0,1.0,exact_window_known_minutes_v2_event_bounded,True,False,0.0,0,2624.0,benchmark_and_avatar
J. Cáceres,Paraguay,Defender,4008.0,True,195992,pre_world_cup,50,50,1.0,0,27,2280.0,,1.0,1.0,True,exact-window detailed minutes plus event-bounded exposure for known startXI appearances without a positive-minute statistics row,True,27,2280.0,25,25,0,0.0,0,0.0,1.0,exact_window_known_minutes_v2_event_bounded,False,False,0.0,0,2280.0,benchmark_and_avatar
Thiago,Brazil,Attacker,3626.0,True,196156,annual_current,50,50,1.0,0,41,3502.0,,1.0,1.0,True,exact-window detailed minutes plus event-bounded exposure for known startXI appearances without a positive-minute statistics row,True,41,3502.0,39,39,0,0.0,0,0.0,1.0,exact_window_known_minutes_v2_event_bounded,False,False,0.0,0,3502.0,benchmark
Thiago,Brazil,Attacker,3626.0,True,196156,pre_world_cup,45,45,1.0,0,40,3440.0,,1.0,1.0,True,exact-window detailed minutes plus event-bounded exposure for known startXI appearances without a positive-minute statistics row,True,40,3440.0,38,38,0,0.0,0,0.0,1.0,exact_window_known_minutes_v2_event_bounded,False,False,0.0,0,3440.0,benchmark
R. Sosa,Paraguay,Attacker,3863.0,True,196298,annual_current,80,80,1.0,0,59,2850.0,,1.0,1.0,True,exact-window detailed minutes plus event-bounded exposure for known startXI appearances without a positive-minute statistics row,False,59,2850.0,27,27,0,0.0,0,0.0,1.0,exact_window_known_minutes_v2_event_bounded,True,False,0.0,0,2850.0,benchmark
R. Sosa,Paraguay,Attacker,3863.0,True,196298,pre_world_cup,77,77,1.0,0,59,2854.0,,1.0,1.0,True,exact-window detailed minutes plus event-bounded exposure for known startXI appearances without a positive-minute statistics row,True,59,2854.0,27,27,0,0.0,0,0.0,1.0,exact_window_known_minutes_v2_event_bounded,False,False,0.0,0,2854.0,benchmark
Seol Young-Woo,South Korea,Midfielder,5624.0,True,197985,annual_current,56,56,1.0,0,47,4126.0,,1.0,1.0,True,exact-window detailed minutes plus event-bounded exposure for known startXI appearances without a positive-minute statistics row,False,47,4126.0,46,46,0,0.0,0,0.0,1.0,exact_window_known_minutes_v2_event_bounded,True,False,0.0,0,4126.0,benchmark
Seol Young-Woo,South Korea,Midfielder,5624.0,True,197985,pre_world_cup,53,53,1.0,0,44,3875.0,,1.0,1.0,True,exact-window detailed minutes plus event-bounded exposure for known startXI appearances without a positive-minute statistics row,True,44,3875.0,43,43,0,0.0,0,0.0,1.0,exact_window_known_minutes_v2_event_bounded,False,False,0.0,0,3875.0,benchmark
M. Touré,Australia,Attacker,2387.0,True,198352,annual_current,85,85,1.0,0,32,1906.0,,1.0,1.0,True,exact-window detailed minutes plus event-bounded exposure for known startXI appearances without a positive-minute statistics row,False,32,1906.0,23,23,0,0.0,0,0.0,1.0,exact_window_known_minutes_v2_event_bounded,True,False,0.0,0,1906.0,benchmark
M. Touré,Australia,Attacker,2387.0,True,198352,pre_world_cup,81,81,1.0,0,29,1741.0,,1.0,1.0,True,exact-window detailed minutes plus event-bounded exposure for known startXI appearances without a positive-minute statistics row,True,29,1741.0,21,21,0,0.0,0,0.0,1.0,exact_window_known_minutes_v2_event_bounded,False,False,0.0,0,1741.0,benchmark
D. Svensson,Sweden,Defender,4716.0,True,198654,annual_current,51,51,1.0,0,48,3559.0,,1.0,1.0,True,exact-window detailed minutes plus event-bounded exposure for known startXI appearances without a positive-minute statistics row,False,48,3559.0,39,39,0,0.0,0,0.0,1.0,exact_window_known_minutes_v2_event_bounded,True,False,0.0,0,3559.0,benchmark
D. Svensson,Sweden,Defender,4716.0,True,198654,pre_world_cup,52,52,1.0,0,50,3911.0,,1.0,1.0,True,exact-window detailed minutes plus event-bounded exposure for known startXI appearances without a positive-minute statistics row,True,50,3911.0,43,43,0,0.0,0,0.0,1.0,exact_window_known_minutes_v2_event_bounded,False,False,0.0,0,3911.0,benchmark
Y. Suzuki,Japan,Midfielder,3201.0,True,199143,annual_current,58,55,0.9482758620689656,3,40,2864.0,,1.0,1.0,True,exact-window detailed minutes plus event-bounded exposure for known startXI appearances without a positive-minute statistics row,True,40,2864.0,32,32,0,0.0,0,0.0,1.0,exact_window_known_minutes_v2_event_bounded,False,False,0.0,0,2864.0,benchmark
Y. Suzuki,Japan,Midfielder,3201.0,True,199143,pre_world_cup,54,51,0.9444444444444444,3,39,2853.0,,1.0,1.0,True,exact-window detailed minutes plus event-bounded exposure for known startXI appearances without a positive-minute statistics row,True,39,2853.0,32,32,0,0.0,0,0.0,1.0,exact_window_known_minutes_v2_event_bounded,False,False,0.0,0,2853.0,benchmark
Z. Suzuki,Japan,Goalkeeper,3780.0,True,199578,annual_current,45,45,1.0,0,26,2345.0,,1.0,1.0,True,exact-window detailed minutes plus event-bounded exposure for known startXI appearances without a positive-minute statistics row,False,26,2345.0,26,26,0,0.0,0,0.0,1.0,exact_window_known_minutes_v2_event_bounded,True,False,0.0,0,2345.0,benchmark
Z. Suzuki,Japan,Goalkeeper,3780.0,True,199578,pre_world_cup,41,41,1.0,0,22,1985.0,,1.0,1.0,True,exact-window detailed minutes plus event-bounded exposure for known startXI appearances without a positive-minute statistics row,True,22,1985.0,22,22,0,0.0,0,0.0,1.0,exact_window_known_minutes_v2_event_bounded,False,False,0.0,0,1985.0,benchmark
S. Kapuadi,Congo DR,Defender,3066.0,True,199767,annual_current,83,83,1.0,0,35,3066.0,,1.0,1.0,True,exact-window detailed minutes plus event-bounded exposure for known startXI appearances without a positive-minute statistics row,True,35,3066.0,33,33,0,0.0,0,0.0,1.0,exact_window_known_minutes_v2_event_bounded,False,False,0.0,0,3066.0,benchmark
S. Kapuadi,Congo DR,Defender,3066.0,True,199767,pre_world_cup,79,79,1.0,0,33,2886.0,,1.0,1.0,True,exact-window detailed minutes plus event-bounded exposure for known startXI appearances without a positive-minute statistics row,True,33,2886.0,31,31,0,0.0,0,0.0,1.0,exact_window_known_minutes_v2_event_bounded,False,False,0.0,0,2886.0,benchmark
M. Amoura,Algeria,Attacker,2557.0,True,200139,annual_current,47,47,1.0,0,38,2462.0,,1.0,1.0,True,exact-window detailed minutes plus event-bounded exposure for known startXI appearances without a positive-minute statistics row,True,38,2462.0,28,28,0,0.0,0,0.0,1.0,exact_window_known_minutes_v2_event_bounded,False,False,0.0,0,2462.0,benchmark
M. Amoura,Algeria,Attacker,2557.0,True,200139,pre_world_cup,43,43,1.0,0,37,2436.0,,1.0,1.0,True,exact-window detailed minutes plus event-bounded exposure for known startXI appearances without a positive-minute statistics row,True,37,2436.0,28,28,0,0.0,0,0.0,1.0,exact_window_known_minutes_v2_event_bounded,False,False,0.0,0,2436.0,benchmark
S. Berhalter,USA,Midfielder,5776.0,True,201713,annual_current,40,40,1.0,0,40,3197.0,,1.0,1.0,True,exact-window detailed minutes plus event-bounded exposure for known startXI appearances without a positive-minute statistics row,False,40,3197.0,34,34,0,0.0,0,0.0,1.0,exact_window_known_minutes_v2_event_bounded,True,False,0.0,0,3197.0,benchmark
S. Berhalter,USA,Midfielder,5776.0,True,201713,pre_world_cup,47,47,1.0,0,42,3643.0,,1.0,1.0,True,exact-window detailed minutes plus event-bounded exposure for known startXI appearances without a positive-minute statistics row,True,42,3643.0,40,40,0,0.0,0,0.0,1.0,exact_window_known_minutes_v2_event_bounded,False,False,0.0,0,3643.0,benchmark
Moteb Al Harbi,Saudi Arabia,Defender,3373.0,True,202381,annual_current,48,48,1.0,0,39,2386.0,,1.0,1.0,True,exact-window detailed minutes plus event-bounded exposure for known startXI appearances without a positive-minute statistics row,False,39,2386.0,26,26,0,0.0,0,0.0,1.0,exact_window_known_minutes_v2_event_bounded,True,False,0.0,0,2386.0,benchmark
Moteb Al Harbi,Saudi Arabia,Defender,3373.0,True,202381,pre_world_cup,54,54,1.0,0,41,2414.0,,1.0,1.0,True,exact-window detailed minutes plus event-bounded exposure for known startXI appearances without a positive-minute statistics row,True,41,2414.0,26,26,0,0.0,0,0.0,1.0,exact_window_known_minutes_v2_event_bounded,False,False,0.0,0,2414.0,benchmark
I. Matanovic,Croatia,Attacker,2901.0,True,202696,annual_current,58,55,0.9482758620689656,3,52,2726.0,,1.0,1.0,True,exact-window detailed minutes plus event-bounded exposure for known startXI appearances without a positive-minute statistics row,True,52,2726.0,25,25,0,0.0,0,0.0,1.0,exact_window_known_minutes_v2_event_bounded,False,False,0.0,0,2726.0,benchmark
I. Matanovic,Croatia,Attacker,2901.0,True,202696,pre_world_cup,54,51,0.9444444444444444,3,49,2633.0,,1.0,1.0,True,exact-window detailed minutes plus event-bounded exposure for known startXI appearances without a positive-minute statistics row,True,49,2633.0,25,25,0,0.0,0,0.0,1.0,exact_window_known_minutes_v2_event_bounded,False,False,0.0,0,2633.0,benchmark
F. Wirtz,Germany,Attacker,4254.0,True,203224,annual_current,59,59,1.0,0,53,3865.0,,1.0,1.0,True,exact-window detailed minutes plus event-bounded exposure for known startXI appearances without a positive-minute statistics row,True,53,3865.0,44,44,0,0.0,0,0.0,1.0,exact_window_known_minutes_v2_event_bounded,False,False,0.0,0,3865.0,benchmark
F. Wirtz,Germany,Attacker,4254.0,True,203224,pre_world_cup,55,55,1.0,0,49,3502.0,,1.0,1.0,True,exact-window detailed minutes plus event-bounded exposure for known startXI appearances without a positive-minute statistics row,True,49,3502.0,40,40,0,0.0,0,0.0,1.0,exact_window_known_minutes_v2_event_bounded,False,False,0.0,0,3502.0,benchmark
A. Theate,Belgium,Defender,3318.0,True,204043,annual_current,50,50,1.0,0,36,3210.0,,1.0,1.0,True,exact-window detailed minutes plus event-bounded exposure for known startXI appearances without a positive-minute statistics row,True,36,3210.0,35,35,0,0.0,0,0.0,1.0,exact_window_known_minutes_v2_event_bounded,False,False,0.0,0,3210.0,benchmark
A. Theate,Belgium,Defender,3318.0,True,204043,pre_world_cup,44,44,1.0,0,33,2983.0,,1.0,1.0,True,exact-window detailed minutes plus event-bounded exposure for known startXI appearances without a positive-minute statistics row,True,33,2983.0,33,33,0,0.0,0,0.0,1.0,exact_window_known_minutes_v2_event_bounded,False,False,0.0,0,2983.0,benchmark
F. Surman,New Zealand,Defender,5496.0,True,210165,annual_current,37,37,1.0,0,33,2923.0,,0.9701294390972452,0.9701294390972452,True,exact-window detailed minutes plus event-bounded exposure for known startXI appearances without a positive-minute statistics row,False,33,2923.0,34,33,1,90.0,0,0.0,0.9701294390972452,exact_window_known_minutes_v2_event_bounded,True,False,0.0,0,2923.0,benchmark
F. Surman,New Zealand,Defender,5496.0,True,210165,pre_world_cup,38,38,1.0,0,34,3013.0,,0.970995810505962,0.970995810505962,True,exact-window detailed minutes plus event-bounded exposure for known startXI appearances without a positive-minute statistics row,True,34,3013.0,35,34,1,90.0,0,0.0,0.970995810505962,exact_window_known_minutes_v2_event_bounded,False,False,0.0,0,3013.0,benchmark
B. Gutiérrez,Mexico,Midfielder,3946.0,True,212233,annual_current,60,60,1.0,0,36,2073.0,,1.0,1.0,True,exact-window detailed minutes plus event-bounded exposure for known startXI appearances without a positive-minute statistics row,False,36,2073.0,21,21,0,0.0,0,0.0,1.0,exact_window_known_minutes_v2_event_bounded,True,False,0.0,0,2073.0,benchmark
B. Gutiérrez,Mexico,Midfielder,3946.0,True,212233,pre_world_cup,61,61,1.0,0,38,2385.0,,1.0,1.0,True,exact-window detailed minutes plus event-bounded exposure for known startXI appearances without a positive-minute statistics row,True,38,2385.0,25,25,0,0.0,0,0.0,1.0,exact_window_known_minutes_v2_event_bounded,False,False,0.0,0,2385.0,benchmark
Nizar Al Rashdan,Jordan,Midfielder,2525.0,True,213980,annual_current,33,33,1.0,0,17,1460.0,,0.8439306358381503,0.8439306358381503,True,exact-window detailed minutes plus event-bounded exposure for known startXI appearances without a positive-minute statistics row,False,17,1460.0,20,17,3,270.0,0,0.0,0.8439306358381503,exact_window_known_minutes_v2_event_bounded,True,False,0.0,0,1460.0,benchmark
Nizar Al Rashdan,Jordan,Midfielder,2525.0,True,213980,pre_world_cup,30,30,1.0,0,14,1204.0,,0.8168249660786974,0.8168249660786974,True,exact-window detailed minutes plus event-bounded exposure for known startXI appearances without a positive-minute statistics row,True,14,1204.0,17,14,3,270.0,0,0.0,0.8168249660786974,exact_window_known_minutes_v2_event_bounded,False,False,0.0,0,1204.0,benchmark
I. Yüksek,Türkiye,Midfielder,2772.0,True,214463,annual_current,58,58,1.0,0,45,2742.0,,0.961767800771659,0.961767800771659,True,exact-window detailed minutes plus event-bounded exposure for known startXI appearances without a positive-minute statistics row,True,45,2742.0,33,31,2,109.0,2,109.0,0.961767800771659,exact_window_known_minutes_v2_event_bounded,False,False,0.0,0,2742.0,benchmark_and_avatar
I. Yüksek,Türkiye,Midfielder,2772.0,True,214463,pre_world_cup,55,55,1.0,0,43,2601.0,,0.9597785977859778,0.9597785977859778,True,exact-window detailed minutes plus event-bounded exposure for known startXI appearances without a positive-minute statistics row,True,43,2601.0,31,29,2,109.0,2,109.0,0.9597785977859778,exact_window_known_minutes_v2_event_bounded,False,False,0.0,0,2601.0,benchmark_and_avatar
F. Wiegele,Austria,Goalkeeper,2495.0,True,221605,annual_current,53,53,1.0,0,27,2446.0,,1.0,1.0,True,exact-window detailed minutes plus event-bounded exposure for known startXI appearances without a positive-minute statistics row,True,27,2446.0,26,26,0,0.0,0,0.0,1.0,exact_window_known_minutes_v2_event_bounded,False,False,0.0,0,2446.0,benchmark
F. Wiegele,Austria,Goalkeeper,2495.0,True,221605,pre_world_cup,49,49,1.0,0,27,2446.0,,1.0,1.0,True,exact-window detailed minutes plus event-bounded exposure for known startXI appearances without a positive-minute statistics row,True,27,2446.0,26,26,0,0.0,0,0.0,1.0,exact_window_known_minutes_v2_event_bounded,False,False,0.0,0,2446.0,benchmark
E. Stroud,Sweden,Defender,3362.0,True,226765,annual_current,31,31,1.0,0,26,2051.0,,1.0,1.0,True,exact-window detailed minutes plus event-bounded exposure for known startXI appearances without a positive-minute statistics row,False,26,2051.0,23,23,0,0.0,0,0.0,1.0,exact_window_known_minutes_v2_event_bounded,True,False,0.0,0,2051.0,benchmark_and_avatar
E. Stroud,Sweden,Defender,3362.0,True,226765,pre_world_cup,27,27,1.0,0,23,1974.0,,1.0,1.0,True,exact-window detailed minutes plus event-bounded exposure for known startXI appearances without a positive-minute statistics row,True,23,1974.0,22,22,0,0.0,0,0.0,1.0,exact_window_known_minutes_v2_event_bounded,False,False,0.0,0,1974.0,benchmark_and_avatar
Eom Ji-Sung,South Korea,Attacker,2942.0,True,237050,annual_current,54,54,1.0,0,50,2758.0,,1.0,1.0,True,exact-window detailed minutes plus event-bounded exposure for known startXI appearances without a positive-minute statistics row,True,50,2758.0,34,34,0,0.0,0,0.0,1.0,exact_window_known_minutes_v2_event_bounded,False,False,0.0,0,2758.0,benchmark
Eom Ji-Sung,South Korea,Attacker,2942.0,True,237050,pre_world_cup,51,51,1.0,0,48,2718.0,,1.0,1.0,True,exact-window detailed minutes plus event-bounded exposure for known startXI appearances without a positive-minute statistics row,True,48,2718.0,34,34,0,0.0,0,0.0,1.0,exact_window_known_minutes_v2_event_bounded,False,False,0.0,0,2718.0,benchmark
P. Vite,Ecuador,Midfielder,6797.0,True,237078,annual_current,68,68,1.0,0,47,3709.0,,1.0,1.0,True,exact-window detailed minutes plus event-bounded exposure for known startXI appearances without a positive-minute statistics row,False,47,3709.0,39,39,0,0.0,0,0.0,1.0,exact_window_known_minutes_v2_event_bounded,True,False,0.0,0,3709.0,benchmark
P. Vite,Ecuador,Midfielder,6797.0,True,237078,pre_world_cup,72,72,1.0,0,49,3879.0,,1.0,1.0,True,exact-window detailed minutes plus event-bounded exposure for known startXI appearances without a positive-minute statistics row,True,49,3879.0,41,41,0,0.0,0,0.0,1.0,exact_window_known_minutes_v2_event_bounded,False,False,0.0,0,3879.0,benchmark
P. Sarr,Senegal,Midfielder,2461.0,True,237129,annual_current,62,62,1.0,0,40,2367.0,,1.0,1.0,True,exact-window detailed minutes plus event-bounded exposure for known startXI appearances without a positive-minute statistics row,True,40,2367.0,23,23,0,0.0,0,0.0,1.0,exact_window_known_minutes_v2_event_bounded,False,False,0.0,0,2367.0,benchmark
P. Sarr,Senegal,Midfielder,2461.0,True,237129,pre_world_cup,58,58,1.0,0,38,2302.0,,1.0,1.0,True,exact-window detailed minutes plus event-bounded exposure for known startXI appearances without a positive-minute statistics row,True,38,2302.0,23,23,0,0.0,0,0.0,1.0,exact_window_known_minutes_v2_event_bounded,False,False,0.0,0,2302.0,benchmark
Lee Han-Beom,South Korea,Defender,3692.0,True,237218,annual_current,51,51,1.0,0,41,3126.0,,0.9124343257443084,0.9124343257443084,True,exact-window detailed minutes plus event-bounded exposure for known startXI appearances without a positive-minute statistics row,True,41,3126.0,35,32,3,300.0,0,0.0,0.9124343257443084,exact_window_known_minutes_v2_event_bounded,False,False,0.0,0,3126.0,benchmark
Lee Han-Beom,South Korea,Defender,3692.0,True,237218,pre_world_cup,48,48,1.0,0,38,2856.0,,0.9049429657794676,0.9049429657794676,True,exact-window detailed minutes plus event-bounded exposure for known startXI appearances without a positive-minute statistics row,True,38,2856.0,32,29,3,300.0,0,0.0,0.9049429657794676,exact_window_known_minutes_v2_event_bounded,False,False,0.0,0,2856.0,benchmark
Lee Tae-Seok,South Korea,Midfielder,4126.0,True,237220,annual_current,52,52,1.0,0,35,2814.0,,1.0,1.0,True,exact-window detailed minutes plus event-bounded exposure for known startXI appearances without a positive-minute statistics row,False,35,2814.0,32,32,0,0.0,0,0.0,1.0,exact_window_known_minutes_v2_event_bounded,True,False,0.0,0,2814.0,benchmark
Lee Tae-Seok,South Korea,Midfielder,4126.0,True,237220,pre_world_cup,53,53,1.0,0,35,2852.0,,0.9694085656016316,0.9694085656016316,True,exact-window detailed minutes plus event-bounded exposure for known startXI appearances without a positive-minute statistics row,True,35,2852.0,32,31,1,90.0,0,0.0,0.9694085656016316,exact_window_known_minutes_v2_event_bounded,False,False,0.0,0,2852.0,benchmark
Marco Pasalic,Croatia,Midfielder,3746.0,True,260865,annual_current,37,37,1.0,0,26,1741.0,,0.9508465319497542,0.9508465319497542,True,exact-window detailed minutes plus event-bounded exposure for known startXI appearances without a positive-minute statistics row,False,26,1741.0,21,20,1,90.0,0,0.0,0.9508465319497542,exact_window_known_minutes_v2_event_bounded,True,False,0.0,0,1741.0,benchmark
Marco Pasalic,Croatia,Midfielder,3746.0,True,260865,pre_world_cup,39,39,1.0,0,29,2135.0,,0.9595505617977528,0.9595505617977528,True,exact-window detailed minutes plus event-bounded exposure for known startXI appearances without a positive-minute statistics row,True,29,2135.0,26,25,1,90.0,0,0.0,0.9595505617977528,exact_window_known_minutes_v2_event_bounded,False,False,0.0,0,2135.0,benchmark
P. Guiagon,Ivory Coast,Midfielder,2695.0,True,263228,annual_current,44,44,1.0,0,33,2555.0,,1.0,1.0,True,exact-window detailed minutes plus event-bounded exposure for known startXI appearances without a positive-minute statistics row,True,33,2555.0,29,29,0,0.0,0,0.0,1.0,exact_window_known_minutes_v2_event_bounded,False,False,0.0,0,2555.0,benchmark_and_avatar
P. Guiagon,Ivory Coast,Midfielder,2695.0,True,263228,pre_world_cup,40,40,1.0,0,33,2555.0,,1.0,1.0,True,exact-window detailed minutes plus event-bounded exposure for known startXI appearances without a positive-minute statistics row,True,33,2555.0,29,29,0,0.0,0,0.0,1.0,exact_window_known_minutes_v2_event_bounded,False,False,0.0,0,2555.0,benchmark_and_avatar
Nuno Mendes,Portugal,Defender,3471.0,True,263482,annual_current,61,61,1.0,0,46,3391.0,,1.0,1.0,True,exact-window detailed minutes plus event-bounded exposure for known startXI appearances without a positive-minute statistics row,True,46,3391.0,38,38,0,0.0,0,0.0,1.0,exact_window_known_minutes_v2_event_bounded,False,False,0.0,0,3391.0,benchmark_and_avatar
Nuno Mendes,Portugal,Defender,3471.0,True,263482,pre_world_cup,56,56,1.0,0,41,2994.0,,1.0,1.0,True,exact-window detailed minutes plus event-bounded exposure for known startXI appearances without a positive-minute statistics row,True,41,2994.0,33,33,0,0.0,0,0.0,1.0,exact_window_known_minutes_v2_event_bounded,False,False,0.0,0,2994.0,benchmark_and_avatar
A. Fayzullaev,Uzbekistan,Attacker,2361.0,True,263676,annual_current,77,77,1.0,0,25,1388.0,,0.8852040816326531,0.8852040816326531,True,exact-window detailed minutes plus event-bounded exposure for known startXI appearances without a positive-minute statistics row,False,25,1388.0,19,17,2,180.0,0,0.0,0.8852040816326531,exact_window_known_minutes_v2_event_bounded,True,False,0.0,0,1388.0,benchmark
A. Fayzullaev,Uzbekistan,Attacker,2361.0,True,263676,pre_world_cup,74,74,1.0,0,22,1165.0,,0.8661710037174721,0.8661710037174721,True,exact-window detailed minutes plus event-bounded exposure for known startXI appearances without a positive-minute statistics row,True,22,1165.0,16,14,2,180.0,0,0.0,0.8661710037174721,exact_window_known_minutes_v2_event_bounded,False,False,0.0,0,1165.0,benchmark
B. Tahirovic,Bosnia & Herzegovina,Midfielder,1867.0,True,264094,annual_current,43,43,1.0,0,35,1774.0,,1.0,1.0,True,exact-window detailed minutes plus event-bounded exposure for known startXI appearances without a positive-minute statistics row,True,35,1774.0,19,19,0,0.0,0,0.0,1.0,exact_window_known_minutes_v2_event_bounded,False,False,0.0,0,1774.0,benchmark
B. Tahirovic,Bosnia & Herzegovina,Midfielder,1867.0,True,264094,pre_world_cup,39,39,1.0,0,31,1537.0,,1.0,1.0,True,exact-window detailed minutes plus event-bounded exposure for known startXI appearances without a positive-minute statistics row,True,31,1537.0,17,17,0,0.0,0,0.0,1.0,exact_window_known_minutes_v2_event_bounded,False,False,0.0,0,1537.0,benchmark
S. Langås,Norway,Defender,2707.0,True,265444,annual_current,67,67,1.0,0,26,2082.0,,1.0,1.0,True,exact-window detailed minutes plus event-bounded exposure for known startXI appearances without a positive-minute statistics row,False,26,2082.0,22,22,0,0.0,0,0.0,1.0,exact_window_known_minutes_v2_event_bounded,True,False,0.0,0,2082.0,benchmark
S. Langås,Norway,Defender,2707.0,True,265444,pre_world_cup,65,65,1.0,0,25,2058.0,,1.0,1.0,True,exact-window detailed minutes plus event-bounded exposure for known startXI appearances without a positive-minute statistics row,True,25,2058.0,22,22,0,0.0,0,0.0,1.0,exact_window_known_minutes_v2_event_bounded,False,False,0.0,0,2058.0,benchmark
M. Farji,Iraq,Midfielder,2944.0,True,265448,annual_current,62,62,1.0,0,22,1505.0,,1.0,1.0,True,exact-window detailed minutes plus event-bounded exposure for known startXI appearances without a positive-minute statistics row,False,22,1505.0,17,17,0,0.0,0,0.0,1.0,exact_window_known_minutes_v2_event_bounded,True,False,0.0,0,1505.0,benchmark
M. Farji,Iraq,Midfielder,2944.0,True,265448,pre_world_cup,63,60,0.9523809523809524,3,21,1543.0,,1.0,1.0,True,exact-window detailed minutes plus event-bounded exposure for known startXI appearances without a positive-minute statistics row,True,21,1543.0,18,18,0,0.0,0,0.0,1.0,exact_window_known_minutes_v2_event_bounded,False,False,0.0,0,1543.0,benchmark
Gonçalo Inácio,Portugal,Defender,3935.0,True,265595,annual_current,58,58,1.0,0,44,3802.0,,1.0,1.0,True,exact-window detailed minutes plus event-bounded exposure for known startXI appearances without a positive-minute statistics row,True,44,3802.0,44,44,0,0.0,0,0.0,1.0,exact_window_known_minutes_v2_event_bounded,False,False,0.0,0,3802.0,benchmark_and_avatar
Gonçalo Inácio,Portugal,Defender,3935.0,True,265595,pre_world_cup,53,53,1.0,0,44,3802.0,,1.0,1.0,True,exact-window detailed minutes plus event-bounded exposure for known startXI appearances without a positive-minute statistics row,True,44,3802.0,44,44,0,0.0,0,0.0,1.0,exact_window_known_minutes_v2_event_bounded,False,False,0.0,0,3802.0,benchmark_and_avatar
D. Møller Wolfe,Norway,Defender,2408.0,True,265782,annual_current,50,50,1.0,0,31,1770.0,,1.0,1.0,True,exact-window detailed minutes plus event-bounded exposure for known startXI appearances without a positive-minute statistics row,False,31,1770.0,19,19,0,0.0,0,0.0,1.0,exact_window_known_minutes_v2_event_bounded,True,False,0.0,0,1770.0,benchmark_and_avatar
D. Møller Wolfe,Norway,Defender,2408.0,True,265782,pre_world_cup,44,44,1.0,0,26,1339.0,,1.0,1.0,True,exact-window detailed minutes plus event-bounded exposure for known startXI appearances without a positive-minute statistics row,True,26,1339.0,14,14,0,0.0,0,0.0,1.0,exact_window_known_minutes_v2_event_bounded,False,False,0.0,0,1339.0,benchmark_and_avatar
Luiz Henrique,Brazil,Attacker,2593.0,True,265785,annual_current,37,37,1.0,0,31,2148.0,,1.0,1.0,True,exact-window detailed minutes plus event-bounded exposure for known startXI appearances without a positive-minute statistics row,True,31,2148.0,25,25,0,0.0,0,0.0,1.0,exact_window_known_minutes_v2_event_bounded,False,False,0.0,0,2148.0,benchmark
Luiz Henrique,Brazil,Attacker,2593.0,True,265785,pre_world_cup,33,33,1.0,0,30,2120.0,,1.0,1.0,True,exact-window detailed minutes plus event-bounded exposure for known startXI appearances without a positive-minute statistics row,True,30,2120.0,25,25,0,0.0,0,0.0,1.0,exact_window_known_minutes_v2_event_bounded,False,False,0.0,0,2120.0,benchmark
Y. Ayari,Sweden,Midfielder,3301.0,True,265820,annual_current,47,47,1.0,0,36,2377.0,,1.0,1.0,True,exact-window detailed minutes plus event-bounded exposure for known startXI appearances without a positive-minute statistics row,False,36,2377.0,24,24,0,0.0,0,0.0,1.0,exact_window_known_minutes_v2_event_bounded,True,False,0.0,0,2377.0,benchmark
Y. Ayari,Sweden,Midfielder,3301.0,True,265820,pre_world_cup,43,43,1.0,0,32,2036.0,,1.0,1.0,True,exact-window detailed minutes plus event-bounded exposure for known startXI appearances without a positive-minute statistics row,True,32,2036.0,20,20,0,0.0,0,0.0,1.0,exact_window_known_minutes_v2_event_bounded,False,False,0.0,0,2036.0,benchmark
É. Lira,Mexico,Midfielder,5966.0,True,266345,annual_current,58,58,1.0,0,50,4139.0,,1.0,1.0,True,exact-window detailed minutes plus event-bounded exposure for known startXI appearances without a positive-minute statistics row,False,50,4139.0,46,46,0,0.0,0,0.0,1.0,exact_window_known_minutes_v2_event_bounded,True,False,0.0,0,4139.0,benchmark_and_avatar
É. Lira,Mexico,Midfielder,5966.0,True,266345,pre_world_cup,60,60,1.0,0,50,4058.0,,1.0,1.0,True,exact-window detailed minutes plus event-bounded exposure for known startXI appearances without a positive-minute statistics row,True,50,4058.0,45,45,0,0.0,0,0.0,1.0,exact_window_known_minutes_v2_event_bounded,False,False,0.0,0,4058.0,benchmark_and_avatar
C. Brady,USA,Goalkeeper,3964.0,True,266606,annual_current,34,34,1.0,0,28,2529.0,,1.0,1.0,True,exact-window detailed minutes plus event-bounded exposure for known startXI appearances without a positive-minute statistics row,False,28,2529.0,28,28,0,0.0,0,0.0,1.0,exact_window_known_minutes_v2_event_bounded,True,False,0.0,0,2529.0,benchmark
C. Brady,USA,Goalkeeper,3964.0,True,266606,pre_world_cup,35,35,1.0,0,30,2709.0,,1.0,1.0,True,exact-window detailed minutes plus event-bounded exposure for known startXI appearances without a positive-minute statistics row,True,30,2709.0,30,30,0,0.0,0,0.0,1.0,exact_window_known_minutes_v2_event_bounded,False,False,0.0,0,2709.0,benchmark
J. Adams,South Africa,Midfielder,3652.0,True,268710,annual_current,48,48,1.0,0,35,2237.0,,1.0,1.0,True,exact-window detailed minutes plus event-bounded exposure for known startXI appearances without a positive-minute statistics row,False,35,2237.0,27,27,0,0.0,0,0.0,1.0,exact_window_known_minutes_v2_event_bounded,True,False,0.0,0,2237.0,benchmark
J. Adams,South Africa,Midfielder,3652.0,True,268710,pre_world_cup,44,44,1.0,0,32,2121.0,,1.0,1.0,True,exact-window detailed minutes plus event-bounded exposure for known startXI appearances without a positive-minute statistics row,True,32,2121.0,25,25,0,0.0,0,0.0,1.0,exact_window_known_minutes_v2_event_bounded,False,False,0.0,0,2121.0,benchmark
Ziyad Al Johani,Saudi Arabia,Midfielder,2697.0,True,269172,annual_current,52,52,1.0,0,36,2074.0,,1.0,1.0,True,exact-window detailed minutes plus event-bounded exposure for known startXI appearances without a positive-minute statistics row,False,36,2074.0,23,23,0,0.0,0,0.0,1.0,exact_window_known_minutes_v2_event_bounded,True,False,0.0,0,2074.0,benchmark_and_avatar
Ziyad Al Johani,Saudi Arabia,Midfielder,2697.0,True,269172,pre_world_cup,53,53,1.0,0,40,2434.0,,1.0,1.0,True,exact-window detailed minutes plus event-bounded exposure for known startXI appearances without a positive-minute statistics row,True,40,2434.0,27,27,0,0.0,0,0.0,1.0,exact_window_known_minutes_v2_event_bounded,False,False,0.0,0,2434.0,benchmark_and_avatar
Mostafa Shobeir,Egypt,Goalkeeper,2572.0,True,269174,annual_current,48,48,1.0,0,26,2291.0,,1.0,1.0,True,exact-window detailed minutes plus event-bounded exposure for known startXI appearances without a positive-minute statistics row,True,26,2291.0,25,25,0,0.0,0,0.0,1.0,exact_window_known_minutes_v2_event_bounded,False,False,0.0,0,2291.0,benchmark_and_avatar
Mostafa Shobeir,Egypt,Goalkeeper,2572.0,True,269174,pre_world_cup,43,43,1.0,0,21,1811.0,,1.0,1.0,True,exact-window detailed minutes plus event-bounded exposure for known startXI appearances without a positive-minute statistics row,True,21,1811.0,20,20,0,0.0,0,0.0,1.0,exact_window_known_minutes_v2_event_bounded,False,False,0.0,0,1811.0,benchmark_and_avatar
L. Hornícek,Czech Republic,Goalkeeper,4850.0,True,269349,annual_current,57,57,1.0,0,47,4220.0,,0.8978723404255319,0.8978723404255319,True,exact-window detailed minutes plus event-bounded exposure for known startXI appearances without a positive-minute statistics row,True,47,4220.0,52,47,5,480.0,0,0.0,0.8978723404255319,exact_window_known_minutes_v2_event_bounded,False,False,0.0,0,4220.0,benchmark
L. Hornícek,Czech Republic,Goalkeeper,4850.0,True,269349,pre_world_cup,54,54,1.0,0,47,4220.0,,0.8978723404255319,0.8978723404255319,True,exact-window detailed minutes plus event-bounded exposure for known startXI appearances without a positive-minute statistics row,True,47,4220.0,52,47,5,480.0,0,0.0,0.8978723404255319,exact_window_known_minutes_v2_event_bounded,False,False,0.0,0,4220.0,benchmark
Hossam Abdelmaguid,Egypt,Defender,3782.0,True,269621,annual_current,52,52,1.0,0,43,3744.0,,1.0,1.0,True,exact-window detailed minutes plus event-bounded exposure for known startXI appearances without a positive-minute statistics row,True,43,3744.0,41,41,0,0.0,0,0.0,1.0,exact_window_known_minutes_v2_event_bounded,False,False,0.0,0,3744.0,benchmark
Hossam Abdelmaguid,Egypt,Defender,3782.0,True,269621,pre_world_cup,47,47,1.0,0,41,3677.0,,1.0,1.0,True,exact-window detailed minutes plus event-bounded exposure for known startXI appearances without a positive-minute statistics row,True,41,3677.0,41,41,0,0.0,0,0.0,1.0,exact_window_known_minutes_v2_event_bounded,False,False,0.0,0,3677.0,benchmark
J. Rangel,Mexico,Goalkeeper,5084.0,True,270774,annual_current,48,48,1.0,0,41,3734.0,,0.9764644351464437,0.9764644351464437,True,exact-window detailed minutes plus event-bounded exposure for known startXI appearances without a positive-minute statistics row,False,41,3734.0,42,41,1,90.0,0,0.0,0.9764644351464437,exact_window_known_minutes_v2_event_bounded,True,False,0.0,0,3734.0,benchmark
J. Rangel,Mexico,Goalkeeper,5084.0,True,270774,pre_world_cup,49,49,1.0,0,36,3283.0,,0.9733175214942188,0.9733175214942188,True,exact-window detailed minutes plus event-bounded exposure for known startXI appearances without a positive-minute statistics row,True,36,3283.0,37,36,1,90.0,0,0.0,0.9733175214942188,exact_window_known_minutes_v2_event_bounded,False,False,0.0,0,3283.0,benchmark
T. Muharemovic,Bosnia & Herzegovina,Defender,3774.0,True,271350,annual_current,44,44,1.0,0,36,3185.0,,1.0,1.0,True,exact-window detailed minutes plus event-bounded exposure for known startXI appearances without a positive-minute statistics row,True,36,3185.0,36,36,0,0.0,0,0.0,1.0,exact_window_known_minutes_v2_event_bounded,False,False,0.0,0,3185.0,benchmark
T. Muharemovic,Bosnia & Herzegovina,Defender,3774.0,True,271350,pre_world_cup,40,40,1.0,0,33,2925.0,,1.0,1.0,True,exact-window detailed minutes plus event-bounded exposure for known startXI appearances without a positive-minute statistics row,True,33,2925.0,33,33,0,0.0,0,0.0,1.0,exact_window_known_minutes_v2_event_bounded,False,False,0.0,0,2925.0,benchmark
Merchas Doski,Iraq,Defender,4214.0,True,271444,annual_current,56,56,1.0,0,45,3294.0,,1.0,1.0,True,exact-window detailed minutes plus event-bounded exposure for known startXI appearances without a positive-minute statistics row,False,45,3294.0,36,36,0,0.0,0,0.0,1.0,exact_window_known_minutes_v2_event_bounded,True,False,0.0,0,3294.0,benchmark
Merchas Doski,Iraq,Defender,4214.0,True,271444,pre_world_cup,53,53,1.0,0,42,3024.0,,1.0,1.0,True,exact-window detailed minutes plus event-bounded exposure for known startXI appearances without a positive-minute statistics row,True,42,3024.0,33,33,0,0.0,0,0.0,1.0,exact_window_known_minutes_v2_event_bounded,False,False,0.0,0,3024.0,benchmark
J. Hadjam,Algeria,Defender,2357.0,True,271539,annual_current,57,57,1.0,0,31,1934.0,,0.9148533585619678,0.9148533585619678,True,exact-window detailed minutes plus event-bounded exposure for known startXI appearances without a positive-minute statistics row,True,31,1934.0,24,22,2,180.0,0,0.0,0.9148533585619678,exact_window_known_minutes_v2_event_bounded,False,False,0.0,0,1934.0,benchmark_and_avatar
J. Hadjam,Algeria,Defender,2357.0,True,271539,pre_world_cup,53,53,1.0,0,28,1818.0,,0.90990990990991,0.90990990990991,True,exact-window detailed minutes plus event-bounded exposure for known startXI appearances without a positive-minute statistics row,True,28,1818.0,23,21,2,180.0,0,0.0,0.90990990990991,exact_window_known_minutes_v2_event_bounded,False,False,0.0,0,1818.0,benchmark_and_avatar
M. Akliouche,France,Midfielder,4157.0,True,274300,annual_current,54,54,1.0,0,44,3435.0,,1.0,1.0,True,exact-window detailed minutes plus event-bounded exposure for known startXI appearances without a positive-minute statistics row,True,44,3435.0,40,40,0,0.0,0,0.0,1.0,exact_window_known_minutes_v2_event_bounded,False,False,0.0,0,3435.0,benchmark
M. Akliouche,France,Midfielder,4157.0,True,274300,pre_world_cup,47,47,1.0,0,43,3425.0,,1.0,1.0,True,exact-window detailed minutes plus event-bounded exposure for known startXI appearances without a positive-minute statistics row,True,43,3425.0,40,40,0,0.0,0,0.0,1.0,exact_window_known_minutes_v2_event_bounded,False,False,0.0,0,3425.0,benchmark
Danilo Santos,Brazil,Midfielder,3138.0,True,275170,annual_current,76,76,1.0,0,47,3367.0,,1.0,1.0,True,exact-window detailed minutes plus event-bounded exposure for known startXI appearances without a positive-minute statistics row,True,47,3367.0,37,37,0,0.0,0,0.0,1.0,exact_window_known_minutes_v2_event_bounded,False,False,0.0,0,3367.0,benchmark_and_avatar
Danilo Santos,Brazil,Midfielder,3138.0,True,275170,pre_world_cup,72,72,1.0,0,43,3324.0,,1.0,1.0,True,exact-window detailed minutes plus event-bounded exposure for known startXI appearances without a positive-minute statistics row,True,43,3324.0,37,37,0,0.0,0,0.0,1.0,exact_window_known_minutes_v2_event_bounded,False,False,0.0,0,3324.0,benchmark_and_avatar
A. Bonny,Ivory Coast,Attacker,1981.0,True,275651,annual_current,58,58,1.0,0,52,1950.0,,1.0,1.0,True,exact-window detailed minutes plus event-bounded exposure for known startXI appearances without a positive-minute statistics row,True,52,1950.0,18,18,0,0.0,0,0.0,1.0,exact_window_known_minutes_v2_event_bounded,False,False,0.0,0,1950.0,benchmark
A. Bonny,Ivory Coast,Attacker,1981.0,True,275651,pre_world_cup,54,54,1.0,0,48,1714.0,,1.0,1.0,True,exact-window detailed minutes plus event-bounded exposure for known startXI appearances without a positive-minute statistics row,True,48,1714.0,15,15,0,0.0,0,0.0,1.0,exact_window_known_minutes_v2_event_bounded,False,False,0.0,0,1714.0,benchmark
M. Sarr,Senegal,Defender,2245.0,True,276184,annual_current,113,113,1.0,0,27,2084.0,,1.0,1.0,True,exact-window detailed minutes plus event-bounded exposure for known startXI appearances without a positive-minute statistics row,True,27,2084.0,23,23,0,0.0,0,0.0,1.0,exact_window_known_minutes_v2_event_bounded,False,False,0.0,0,2084.0,benchmark
M. Sarr,Senegal,Defender,2245.0,True,276184,pre_world_cup,109,109,1.0,0,27,2084.0,,1.0,1.0,True,exact-window detailed minutes plus event-bounded exposure for known startXI appearances without a positive-minute statistics row,True,27,2084.0,23,23,0,0.0,0,0.0,1.0,exact_window_known_minutes_v2_event_bounded,False,False,0.0,0,2084.0,benchmark
F. Chaïbi,Algeria,Midfielder,3353.0,True,276670,annual_current,53,53,1.0,0,47,3213.0,,1.0,1.0,True,exact-window detailed minutes plus event-bounded exposure for known startXI appearances without a positive-minute statistics row,True,47,3213.0,36,36,0,0.0,0,0.0,1.0,exact_window_known_minutes_v2_event_bounded,False,False,0.0,0,3213.0,benchmark
F. Chaïbi,Algeria,Midfielder,3353.0,True,276670,pre_world_cup,49,49,1.0,0,43,2853.0,,1.0,1.0,True,exact-window detailed minutes plus event-bounded exposure for known startXI appearances without a positive-minute statistics row,True,43,2853.0,32,32,0,0.0,0,0.0,1.0,exact_window_known_minutes_v2_event_bounded,False,False,0.0,0,2853.0,benchmark
N. El Aynaoui,Morocco,Midfielder,4908.0,True,277003,annual_current,61,61,1.0,0,47,2961.0,,1.0,1.0,True,exact-window detailed minutes plus event-bounded exposure for known startXI appearances without a positive-minute statistics row,False,47,2961.0,29,29,0,0.0,0,0.0,1.0,exact_window_known_minutes_v2_event_bounded,True,False,0.0,0,2961.0,benchmark
N. El Aynaoui,Morocco,Midfielder,4908.0,True,277003,pre_world_cup,55,55,1.0,0,41,2398.0,,1.0,1.0,True,exact-window detailed minutes plus event-bounded exposure for known startXI appearances without a positive-minute statistics row,True,41,2398.0,23,23,0,0.0,0,0.0,1.0,exact_window_known_minutes_v2_event_bounded,False,False,0.0,0,2398.0,benchmark
T. Aasgaard,Norway,Midfielder,2908.0,True,277930,annual_current,58,58,1.0,0,44,2409.0,,1.0,1.0,True,exact-window detailed minutes plus event-bounded exposure for known startXI appearances without a positive-minute statistics row,True,44,2409.0,27,27,0,0.0,0,0.0,1.0,exact_window_known_minutes_v2_event_bounded,False,False,0.0,0,2409.0,benchmark_and_avatar
T. Aasgaard,Norway,Midfielder,2908.0,True,277930,pre_world_cup,52,52,1.0,0,43,2319.0,,1.0,1.0,True,exact-window detailed minutes plus event-bounded exposure for known startXI appearances without a positive-minute statistics row,True,43,2319.0,26,26,0,0.0,0,0.0,1.0,exact_window_known_minutes_v2_event_bounded,False,False,0.0,0,2319.0,benchmark_and_avatar
Oscar Bobb,Norway,Attacker,2328.0,True,278133,annual_current,99,99,1.0,0,37,1731.0,,1.0,1.0,True,exact-window detailed minutes plus event-bounded exposure for known startXI appearances without a positive-minute statistics row,False,37,1731.0,18,18,0,0.0,0,0.0,1.0,exact_window_known_minutes_v2_event_bounded,True,False,0.0,0,1731.0,benchmark
Oscar Bobb,Norway,Attacker,2328.0,True,278133,pre_world_cup,97,97,1.0,0,33,1557.0,,1.0,1.0,True,exact-window detailed minutes plus event-bounded exposure for known startXI appearances without a positive-minute statistics row,True,33,1557.0,17,17,0,0.0,0,0.0,1.0,exact_window_known_minutes_v2_event_bounded,False,False,0.0,0,1557.0,benchmark
D. Gómez,Paraguay,Midfielder,4025.0,True,278370,annual_current,70,70,1.0,0,43,2959.0,,1.0,1.0,True,exact-window detailed minutes plus event-bounded exposure for known startXI appearances without a positive-minute statistics row,False,43,2959.0,37,37,0,0.0,0,0.0,1.0,exact_window_known_minutes_v2_event_bounded,True,False,0.0,0,2959.0,benchmark_and_avatar
D. Gómez,Paraguay,Midfielder,4025.0,True,278370,pre_world_cup,70,70,1.0,0,40,2713.0,,1.0,1.0,True,exact-window detailed minutes plus event-bounded exposure for known startXI appearances without a positive-minute statistics row,True,40,2713.0,34,34,0,0.0,0,0.0,1.0,exact_window_known_minutes_v2_event_bounded,False,False,0.0,0,2713.0,benchmark_and_avatar
C. Riad,Morocco,Defender,1325.0,False,278898,annual_current,61,61,1.0,0,16,1125.0,,1.0,1.0,True,exact-window detailed minutes plus event-bounded exposure for known startXI appearances without a positive-minute statistics row,True,16,1125.0,12,12,0,0.0,0,0.0,1.0,exact_window_known_minutes_v2_event_bounded,False,False,0.0,0,1125.0,avatar_top30_pool
C. Riad,Morocco,Defender,1325.0,False,278898,pre_world_cup,55,55,1.0,0,12,780.0,,1.0,1.0,True,exact-window detailed minutes plus event-bounded exposure for known startXI appearances without a positive-minute statistics row,True,12,780.0,8,8,0,0.0,0,0.0,1.0,exact_window_known_minutes_v2_event_bounded,False,False,0.0,0,780.0,avatar_top30_pool
B. Cipenga,Congo DR,Attacker,2484.0,True,279482,annual_current,53,53,1.0,0,35,2452.0,,1.0,1.0,True,exact-window detailed minutes plus event-bounded exposure for known startXI appearances without a positive-minute statistics row,True,35,2452.0,26,26,0,0.0,0,0.0,1.0,exact_window_known_minutes_v2_event_bounded,False,False,0.0,0,2452.0,benchmark
B. Cipenga,Congo DR,Attacker,2484.0,True,279482,pre_world_cup,49,49,1.0,0,33,2304.0,,1.0,1.0,True,exact-window detailed minutes plus event-bounded exposure for known startXI appearances without a positive-minute statistics row,True,33,2304.0,24,24,0,0.0,0,0.0,1.0,exact_window_known_minutes_v2_event_bounded,False,False,0.0,0,2304.0,benchmark
N. Brown,Germany,Defender,4655.0,True,280074,annual_current,48,48,1.0,0,45,3743.0,,1.0,1.0,True,exact-window detailed minutes plus event-bounded exposure for known startXI appearances without a positive-minute statistics row,True,45,3743.0,41,41,0,0.0,0,0.0,1.0,exact_window_known_minutes_v2_event_bounded,False,False,0.0,0,3743.0,benchmark
N. Brown,Germany,Defender,4655.0,True,280074,pre_world_cup,44,44,1.0,0,42,3460.0,,1.0,1.0,True,exact-window detailed minutes plus event-bounded exposure for known startXI appearances without a positive-minute statistics row,True,42,3460.0,38,38,0,0.0,0,0.0,1.0,exact_window_known_minutes_v2_event_bounded,False,False,0.0,0,3460.0,benchmark
J. Castrop,South Korea,Midfielder,1940.0,True,280358,annual_current,40,40,1.0,0,29,1669.0,,1.0,1.0,True,exact-window detailed minutes plus event-bounded exposure for known startXI appearances without a positive-minute statistics row,True,29,1669.0,20,20,0,0.0,0,0.0,1.0,exact_window_known_minutes_v2_event_bounded,False,False,0.0,0,1669.0,benchmark
J. Castrop,South Korea,Midfielder,1940.0,True,280358,pre_world_cup,37,37,1.0,0,28,1624.0,,1.0,1.0,True,exact-window detailed minutes plus event-bounded exposure for known startXI appearances without a positive-minute statistics row,True,28,1624.0,20,20,0,0.0,0,0.0,1.0,exact_window_known_minutes_v2_event_bounded,False,False,0.0,0,1624.0,benchmark
A. Minda,Ecuador,Midfielder,2221.0,True,280695,annual_current,68,68,1.0,0,35,1735.0,,1.0,1.0,True,exact-window detailed minutes plus event-bounded exposure for known startXI appearances without a positive-minute statistics row,False,35,1735.0,19,19,0,0.0,0,0.0,1.0,exact_window_known_minutes_v2_event_bounded,True,False,0.0,0,1735.0,benchmark
A. Minda,Ecuador,Midfielder,2221.0,True,280695,pre_world_cup,65,65,1.0,0,35,1688.0,,1.0,1.0,True,exact-window detailed minutes plus event-bounded exposure for known startXI appearances without a positive-minute statistics row,True,35,1688.0,18,18,0,0.0,0,0.0,1.0,exact_window_known_minutes_v2_event_bounded,False,False,0.0,0,1688.0,benchmark
N. Jackson,Senegal,Attacker,2324.0,True,283058,annual_current,65,65,1.0,0,43,1977.0,,1.0,1.0,True,exact-window detailed minutes plus event-bounded exposure for known startXI appearances without a positive-minute statistics row,True,43,1977.0,22,22,0,0.0,0,0.0,1.0,exact_window_known_minutes_v2_event_bounded,False,False,0.0,0,1977.0,benchmark
N. Jackson,Senegal,Attacker,2324.0,True,283058,pre_world_cup,68,68,1.0,0,42,1842.0,,1.0,1.0,True,exact-window detailed minutes plus event-bounded exposure for known startXI appearances without a positive-minute statistics row,True,42,1842.0,21,21,0,0.0,0,0.0,1.0,exact_window_known_minutes_v2_event_bounded,False,False,0.0,0,1842.0,benchmark
Z. El Ouahdi,Morocco,Defender,3977.0,True,283252,annual_current,61,61,1.0,0,44,3845.0,,1.0,1.0,True,exact-window detailed minutes plus event-bounded exposure for known startXI appearances without a positive-minute statistics row,True,44,3845.0,43,43,0,0.0,0,0.0,1.0,exact_window_known_minutes_v2_event_bounded,False,False,0.0,0,3845.0,benchmark_and_avatar
Z. El Ouahdi,Morocco,Defender,3977.0,True,283252,pre_world_cup,55,55,1.0,0,43,3829.0,,1.0,1.0,True,exact-window detailed minutes plus event-bounded exposure for known startXI appearances without a positive-minute statistics row,True,43,3829.0,43,43,0,0.0,0,0.0,1.0,exact_window_known_minutes_v2_event_bounded,False,False,0.0,0,3829.0,benchmark_and_avatar
K. Mainoo,England,Midfielder,2098.0,True,284322,annual_current,47,47,1.0,0,30,1822.0,,1.0,1.0,True,exact-window detailed minutes plus event-bounded exposure for known startXI appearances without a positive-minute statistics row,True,30,1822.0,18,18,0,0.0,0,0.0,1.0,exact_window_known_minutes_v2_event_bounded,False,False,0.0,0,1822.0,benchmark
K. Mainoo,England,Midfielder,2098.0,True,284322,pre_world_cup,40,40,1.0,0,30,1822.0,,1.0,1.0,True,exact-window detailed minutes plus event-bounded exposure for known startXI appearances without a positive-minute statistics row,True,30,1822.0,18,18,0,0.0,0,0.0,1.0,exact_window_known_minutes_v2_event_bounded,False,False,0.0,0,1822.0,benchmark
O. Goodman,Canada,Goalkeeper,3011.0,True,284554,annual_current,104,104,1.0,0,34,3011.0,,1.0,1.0,True,exact-window detailed minutes plus event-bounded exposure for known startXI appearances without a positive-minute statistics row,True,34,3011.0,34,34,0,0.0,0,0.0,1.0,exact_window_known_minutes_v2_event_bounded,False,False,0.0,0,3011.0,benchmark
O. Goodman,Canada,Goalkeeper,3011.0,True,284554,pre_world_cup,99,99,1.0,0,34,3011.0,,1.0,1.0,True,exact-window detailed minutes plus event-bounded exposure for known startXI appearances without a positive-minute statistics row,True,34,3011.0,34,34,0,0.0,0,0.0,1.0,exact_window_known_minutes_v2_event_bounded,False,False,0.0,0,3011.0,benchmark
T. Fruk,Croatia,Midfielder,2904.0,True,284869,annual_current,50,50,1.0,0,40,2904.0,,1.0,1.0,True,exact-window detailed minutes plus event-bounded exposure for known startXI appearances without a positive-minute statistics row,True,40,2904.0,36,36,0,0.0,0,0.0,1.0,exact_window_known_minutes_v2_event_bounded,False,False,0.0,0,2904.0,benchmark_and_avatar
T. Fruk,Croatia,Midfielder,2904.0,True,284869,pre_world_cup,46,46,1.0,0,40,2904.0,,1.0,1.0,True,exact-window detailed minutes plus event-bounded exposure for known startXI appearances without a positive-minute statistics row,True,40,2904.0,36,36,0,0.0,0,0.0,1.0,exact_window_known_minutes_v2_event_bounded,False,False,0.0,0,2904.0,benchmark_and_avatar
K. Castaño,Colombia,Midfielder,4144.0,True,289592,annual_current,53,53,1.0,0,27,1596.0,,1.0,1.0,True,exact-window detailed minutes plus event-bounded exposure for known startXI appearances without a positive-minute statistics row,False,27,1596.0,19,19,0,0.0,0,0.0,1.0,exact_window_known_minutes_v2_event_bounded,True,False,0.0,0,1596.0,benchmark
K. Castaño,Colombia,Midfielder,4144.0,True,289592,pre_world_cup,53,51,0.9622641509433962,2,27,1737.0,,1.0,1.0,True,exact-window detailed minutes plus event-bounded exposure for known startXI appearances without a positive-minute statistics row,True,27,1737.0,21,21,0,0.0,0,0.0,1.0,exact_window_known_minutes_v2_event_bounded,False,False,0.0,0,1737.0,benchmark
D. Visinský,Czech Republic,Midfielder,2313.0,True,290212,annual_current,52,52,1.0,0,39,2186.0,,1.0,1.0,True,exact-window detailed minutes plus event-bounded exposure for known startXI appearances without a positive-minute statistics row,True,39,2186.0,27,27,0,0.0,0,0.0,1.0,exact_window_known_minutes_v2_event_bounded,False,False,0.0,0,2186.0,benchmark
D. Visinský,Czech Republic,Midfielder,2313.0,True,290212,pre_world_cup,49,49,1.0,0,38,2130.0,,1.0,1.0,True,exact-window detailed minutes plus event-bounded exposure for known startXI appearances without a positive-minute statistics row,True,38,2130.0,26,26,0,0.0,0,0.0,1.0,exact_window_known_minutes_v2_event_bounded,False,False,0.0,0,2130.0,benchmark
Hélio Varela,Cape Verde Islands,Midfielder,5123.0,True,291024,annual_current,92,92,1.0,0,36,2189.0,,0.8294808639636226,0.8294808639636226,True,exact-window detailed minutes plus event-bounded exposure for known startXI appearances without a positive-minute statistics row,False,36,2189.0,28,23,5,450.0,0,0.0,0.8294808639636226,exact_window_known_minutes_v2_event_bounded,True,False,0.0,0,2189.0,benchmark
Hélio Varela,Cape Verde Islands,Midfielder,5123.0,True,291024,pre_world_cup,88,88,1.0,0,33,2088.0,,0.8226950354609929,0.8226950354609929,True,exact-window detailed minutes plus event-bounded exposure for known startXI appearances without a positive-minute statistics row,True,33,2088.0,28,23,5,450.0,0,0.0,0.8226950354609929,exact_window_known_minutes_v2_event_bounded,False,False,0.0,0,2088.0,benchmark
A. González,Mexico,Attacker,2855.0,True,291713,annual_current,48,48,1.0,0,38,2574.0,,1.0,1.0,True,exact-window detailed minutes plus event-bounded exposure for known startXI appearances without a positive-minute statistics row,True,38,2574.0,32,32,0,0.0,0,0.0,1.0,exact_window_known_minutes_v2_event_bounded,False,False,0.0,0,2574.0,benchmark
A. González,Mexico,Attacker,2855.0,True,291713,pre_world_cup,43,43,1.0,0,37,2560.0,,1.0,1.0,True,exact-window detailed minutes plus event-bounded exposure for known startXI appearances without a positive-minute statistics row,True,37,2560.0,32,32,0,0.0,0,0.0,1.0,exact_window_known_minutes_v2_event_bounded,False,False,0.0,0,2560.0,benchmark
A. Güler,Türkiye,Attacker,4225.0,True,291964,annual_current,59,59,1.0,0,54,3531.0,,1.0,1.0,True,exact-window detailed minutes plus event-bounded exposure for known startXI appearances without a positive-minute statistics row,True,54,3531.0,43,43,0,0.0,0,0.0,1.0,exact_window_known_minutes_v2_event_bounded,False,False,0.0,0,3531.0,benchmark_and_avatar
A. Güler,Türkiye,Attacker,4225.0,True,291964,pre_world_cup,62,62,1.0,0,57,3684.0,,1.0,1.0,True,exact-window detailed minutes plus event-bounded exposure for known startXI appearances without a positive-minute statistics row,True,57,3684.0,45,45,0,0.0,0,0.0,1.0,exact_window_known_minutes_v2_event_bounded,False,False,0.0,0,3684.0,benchmark_and_avatar
A. Londoño,Panama,Midfielder,3832.0,True,292396,annual_current,52,52,1.0,0,37,2371.0,,0.9634295002031694,0.9634295002031694,True,exact-window detailed minutes plus event-bounded exposure for known startXI appearances without a positive-minute statistics row,False,37,2371.0,26,25,1,90.0,0,0.0,0.9634295002031694,exact_window_known_minutes_v2_event_bounded,True,False,0.0,0,2371.0,benchmark
A. Londoño,Panama,Midfielder,3832.0,True,292396,pre_world_cup,56,56,1.0,0,36,2358.0,,1.0,1.0,True,exact-window detailed minutes plus event-bounded exposure for known startXI appearances without a positive-minute statistics row,True,36,2358.0,25,25,0,0.0,0,0.0,1.0,exact_window_known_minutes_v2_event_bounded,False,False,0.0,0,2358.0,benchmark
N. Saliba,Canada,Midfielder,4541.0,True,294824,annual_current,60,60,1.0,0,39,2540.0,,0.9657794676806084,0.9657794676806084,True,exact-window detailed minutes plus event-bounded exposure for known startXI appearances without a positive-minute statistics row,False,39,2540.0,31,30,1,90.0,0,0.0,0.9657794676806084,exact_window_known_minutes_v2_event_bounded,True,False,0.0,0,2540.0,benchmark
N. Saliba,Canada,Midfielder,4541.0,True,294824,pre_world_cup,65,65,1.0,0,39,2565.0,,0.9661016949152542,0.9661016949152542,True,exact-window detailed minutes plus event-bounded exposure for known startXI appearances without a positive-minute statistics row,True,39,2565.0,31,30,1,90.0,0,0.0,0.9661016949152542,exact_window_known_minutes_v2_event_bounded,False,False,0.0,0,2565.0,benchmark
M. Baturina,Croatia,Attacker,4021.0,True,295026,annual_current,48,48,1.0,0,38,2182.0,,1.0,1.0,True,exact-window detailed minutes plus event-bounded exposure for known startXI appearances without a positive-minute statistics row,False,38,2182.0,24,24,0,0.0,0,0.0,1.0,exact_window_known_minutes_v2_event_bounded,True,False,0.0,0,2182.0,benchmark
M. Baturina,Croatia,Attacker,4021.0,True,295026,pre_world_cup,44,44,1.0,0,34,1858.0,,1.0,1.0,True,exact-window detailed minutes plus event-bounded exposure for known startXI appearances without a positive-minute statistics row,True,34,1858.0,20,20,0,0.0,0,0.0,1.0,exact_window_known_minutes_v2_event_bounded,False,False,0.0,0,1858.0,benchmark
J. López,Argentina,Attacker,6255.0,True,295513,annual_current,82,82,1.0,0,67,4771.0,,1.0,1.0,True,exact-window detailed minutes plus event-bounded exposure for known startXI appearances without a positive-minute statistics row,False,67,4771.0,55,55,0,0.0,0,0.0,1.0,exact_window_known_minutes_v2_event_bounded,True,False,0.0,0,4771.0,benchmark_and_avatar
J. López,Argentina,Attacker,6255.0,True,295513,pre_world_cup,82,82,1.0,0,70,4939.0,,1.0,1.0,True,exact-window detailed minutes plus event-bounded exposure for known startXI appearances without a positive-minute statistics row,True,70,4939.0,56,56,0,0.0,0,0.0,1.0,exact_window_known_minutes_v2_event_bounded,False,False,0.0,0,4939.0,benchmark_and_avatar
Marc Pubill,Spain,Defender,3216.0,True,295793,annual_current,68,68,1.0,0,37,2783.0,,1.0,1.0,True,exact-window detailed minutes plus event-bounded exposure for known startXI appearances without a positive-minute statistics row,True,37,2783.0,29,29,0,0.0,0,0.0,1.0,exact_window_known_minutes_v2_event_bounded,False,False,0.0,0,2783.0,benchmark_and_avatar
Marc Pubill,Spain,Defender,3216.0,True,295793,pre_world_cup,61,61,1.0,0,36,2782.0,,1.0,1.0,True,exact-window detailed minutes plus event-bounded exposure for known startXI appearances without a positive-minute statistics row,True,36,2782.0,29,29,0,0.0,0,0.0,1.0,exact_window_known_minutes_v2_event_bounded,False,False,0.0,0,2782.0,benchmark_and_avatar
T. Moremi,South Africa,Midfielder,2575.0,True,295977,annual_current,38,38,1.0,0,34,1799.0,,1.0,1.0,True,exact-window detailed minutes plus event-bounded exposure for known startXI appearances without a positive-minute statistics row,False,34,1799.0,20,20,0,0.0,0,0.0,1.0,exact_window_known_minutes_v2_event_bounded,True,False,0.0,0,1799.0,benchmark_and_avatar
T. Moremi,South Africa,Midfielder,2575.0,True,295977,pre_world_cup,34,34,1.0,0,32,1760.0,,1.0,1.0,True,exact-window detailed minutes plus event-bounded exposure for known startXI appearances without a positive-minute statistics row,True,32,1760.0,20,20,0,0.0,0,0.0,1.0,exact_window_known_minutes_v2_event_bounded,False,False,0.0,0,1760.0,benchmark_and_avatar
T. Yengi,Australia,Attacker,2855.0,True,296645,annual_current,75,75,1.0,0,43,2532.0,,1.0,1.0,True,exact-window detailed minutes plus event-bounded exposure for known startXI appearances without a positive-minute statistics row,True,43,2532.0,29,29,0,0.0,0,0.0,1.0,exact_window_known_minutes_v2_event_bounded,False,False,0.0,0,2532.0,benchmark
T. Yengi,Australia,Attacker,2855.0,True,296645,pre_world_cup,71,71,1.0,0,41,2504.0,,1.0,1.0,True,exact-window detailed minutes plus event-bounded exposure for known startXI appearances without a positive-minute statistics row,True,41,2504.0,29,29,0,0.0,0,0.0,1.0,exact_window_known_minutes_v2_event_bounded,False,False,0.0,0,2504.0,benchmark
A. Schjelderup,Norway,Attacker,3818.0,True,301528,annual_current,58,58,1.0,0,47,2698.0,,1.0,1.0,True,exact-window detailed minutes plus event-bounded exposure for known startXI appearances without a positive-minute statistics row,False,47,2698.0,30,30,0,0.0,0,0.0,1.0,exact_window_known_minutes_v2_event_bounded,True,False,0.0,0,2698.0,benchmark
A. Schjelderup,Norway,Attacker,3818.0,True,301528,pre_world_cup,56,56,1.0,0,44,2575.0,,1.0,1.0,True,exact-window detailed minutes plus event-bounded exposure for known startXI appearances without a positive-minute statistics row,True,44,2575.0,30,30,0,0.0,0,0.0,1.0,exact_window_known_minutes_v2_event_bounded,False,False,0.0,0,2575.0,benchmark
S. Adingra,Ivory Coast,Attacker,1984.0,True,301771,annual_current,92,92,1.0,0,33,1750.0,,1.0,1.0,True,exact-window detailed minutes plus event-bounded exposure for known startXI appearances without a positive-minute statistics row,True,33,1750.0,21,21,0,0.0,0,0.0,1.0,exact_window_known_minutes_v2_event_bounded,False,False,0.0,0,1750.0,benchmark_and_avatar
S. Adingra,Ivory Coast,Attacker,1984.0,True,301771,pre_world_cup,88,88,1.0,0,32,1735.0,,1.0,1.0,True,exact-window detailed minutes plus event-bounded exposure for known startXI appearances without a positive-minute statistics row,True,32,1735.0,21,21,0,0.0,0,0.0,1.0,exact_window_known_minutes_v2_event_bounded,False,False,0.0,0,1735.0,benchmark_and_avatar
R. Belghali,Algeria,Defender,3002.0,True,303362,annual_current,89,89,1.0,0,38,2874.0,,1.0,1.0,True,exact-window detailed minutes plus event-bounded exposure for known startXI appearances without a positive-minute statistics row,True,38,2874.0,33,33,0,0.0,0,0.0,1.0,exact_window_known_minutes_v2_event_bounded,False,False,0.0,0,2874.0,benchmark
R. Belghali,Algeria,Defender,3002.0,True,303362,pre_world_cup,85,85,1.0,0,34,2541.0,,1.0,1.0,True,exact-window detailed minutes plus event-bounded exposure for known startXI appearances without a positive-minute statistics row,True,34,2541.0,29,29,0,0.0,0,0.0,1.0,exact_window_known_minutes_v2_event_bounded,False,False,0.0,0,2541.0,benchmark
A. Fatawu,Ghana,Midfielder,3994.0,True,303467,annual_current,50,50,1.0,0,48,3855.0,,1.0,1.0,True,exact-window detailed minutes plus event-bounded exposure for known startXI appearances without a positive-minute statistics row,True,48,3855.0,43,43,0,0.0,0,0.0,1.0,exact_window_known_minutes_v2_event_bounded,False,False,0.0,0,3855.0,benchmark
A. Fatawu,Ghana,Midfielder,3994.0,True,303467,pre_world_cup,46,46,1.0,0,44,3726.0,,1.0,1.0,True,exact-window detailed minutes plus event-bounded exposure for known startXI appearances without a positive-minute statistics row,True,44,3726.0,43,43,0,0.0,0,0.0,1.0,exact_window_known_minutes_v2_event_bounded,False,False,0.0,0,3726.0,benchmark
T. Hayakawa,Japan,Goalkeeper,5324.0,True,304782,annual_current,39,39,1.0,0,32,2886.0,,1.0,1.0,True,exact-window detailed minutes plus event-bounded exposure for known startXI appearances without a positive-minute statistics row,False,32,2886.0,32,32,0,0.0,0,0.0,1.0,exact_window_known_minutes_v2_event_bounded,True,False,0.0,0,2886.0,benchmark
T. Hayakawa,Japan,Goalkeeper,5324.0,True,304782,pre_world_cup,39,39,1.0,0,36,3246.0,,1.0,1.0,True,exact-window detailed minutes plus event-bounded exposure for known startXI appearances without a positive-minute statistics row,True,36,3246.0,36,36,0,0.0,0,0.0,1.0,exact_window_known_minutes_v2_event_bounded,False,False,0.0,0,3246.0,benchmark
Lee Gi-Hyuk,South Korea,Defender,2538.0,True,304951,annual_current,47,47,1.0,0,35,2800.0,,1.0,1.0,True,exact-window provider minutes plus deterministic exposure reconstructed from complete two-team lineups and substitution/red-card events; frozen 80% fixture and minute thresholds unchanged,False,35,2800.0,30,30,0,0.0,0,0.0,1.0,exact_window_known_minutes_v3_complete_lineup_event_reconstruction,True,False,805.0,9,1995.0,benchmark
Lee Gi-Hyuk,South Korea,Defender,2538.0,True,304951,pre_world_cup,46,46,1.0,0,34,2634.0,,1.0,1.0,True,exact-window provider minutes plus deterministic exposure reconstructed from complete two-team lineups and substitution/red-card events; frozen 80% fixture and minute thresholds unchanged,True,34,2634.0,28,28,0,0.0,0,0.0,1.0,exact_window_known_minutes_v3_complete_lineup_event_reconstruction,False,False,895.0,10,1739.0,benchmark
Yang Hyun-Jun,South Korea,Attacker,3725.0,True,304958,annual_current,53,53,1.0,0,41,2664.0,,1.0,1.0,True,exact-window detailed minutes plus event-bounded exposure for known startXI appearances without a positive-minute statistics row,False,41,2664.0,35,35,0,0.0,0,0.0,1.0,exact_window_known_minutes_v2_event_bounded,True,False,0.0,0,2664.0,benchmark
Yang Hyun-Jun,South Korea,Attacker,3725.0,True,304958,pre_world_cup,50,50,1.0,0,40,2645.0,,1.0,1.0,True,exact-window detailed minutes plus event-bounded exposure for known startXI appearances without a positive-minute statistics row,True,40,2645.0,35,35,0,0.0,0,0.0,1.0,exact_window_known_minutes_v2_event_bounded,False,False,0.0,0,2645.0,benchmark
M. Galarza,Paraguay,Midfielder,3372.0,True,305832,annual_current,76,76,1.0,0,28,1842.0,,1.0,1.0,True,exact-window detailed minutes plus event-bounded exposure for known startXI appearances without a positive-minute statistics row,False,28,1842.0,17,17,0,0.0,0,0.0,1.0,exact_window_known_minutes_v2_event_bounded,True,False,0.0,0,1842.0,benchmark
M. Galarza,Paraguay,Midfielder,3372.0,True,305832,pre_world_cup,74,74,1.0,0,24,1454.0,,1.0,1.0,True,exact-window detailed minutes plus event-bounded exposure for known startXI appearances without a positive-minute statistics row,True,24,1454.0,13,13,0,0.0,0,0.0,1.0,exact_window_known_minutes_v2_event_bounded,False,False,0.0,0,1454.0,benchmark
Musab Al Juwayr,Saudi Arabia,Attacker,3922.0,True,306380,annual_current,39,39,1.0,0,36,2816.0,,1.0,1.0,True,exact-window detailed minutes plus event-bounded exposure for known startXI appearances without a positive-minute statistics row,False,36,2816.0,35,35,0,0.0,0,0.0,1.0,exact_window_known_minutes_v2_event_bounded,True,False,0.0,0,2816.0,benchmark
Musab Al Juwayr,Saudi Arabia,Attacker,3922.0,True,306380,pre_world_cup,45,45,1.0,0,38,2715.0,,1.0,1.0,True,exact-window detailed minutes plus event-bounded exposure for known startXI appearances without a positive-minute statistics row,True,38,2715.0,33,33,0,0.0,0,0.0,1.0,exact_window_known_minutes_v2_event_bounded,False,False,0.0,0,2715.0,benchmark
Y. Medina,Ecuador,Midfielder,2397.0,True,306940,annual_current,61,61,1.0,0,39,2164.0,,1.0,1.0,True,exact-window detailed minutes plus event-bounded exposure for known startXI appearances without a positive-minute statistics row,True,39,2164.0,24,24,0,0.0,0,0.0,1.0,exact_window_known_minutes_v2_event_bounded,False,False,0.0,0,2164.0,benchmark_and_avatar
Y. Medina,Ecuador,Midfielder,2397.0,True,306940,pre_world_cup,58,58,1.0,0,38,2119.0,,1.0,1.0,True,exact-window detailed minutes plus event-bounded exposure for known startXI appearances without a positive-minute statistics row,True,38,2119.0,24,24,0,0.0,0,0.0,1.0,exact_window_known_minutes_v2_event_bounded,False,False,0.0,0,2119.0,benchmark_and_avatar
N. Oreilly,England,Defender,4785.0,True,307123,annual_current,67,67,1.0,0,60,4505.0,,1.0,1.0,True,exact-window detailed minutes plus event-bounded exposure for known startXI appearances without a positive-minute statistics row,True,60,4505.0,49,49,0,0.0,0,0.0,1.0,exact_window_known_minutes_v2_event_bounded,False,False,0.0,0,4505.0,benchmark_and_avatar
N. Oreilly,England,Defender,4785.0,True,307123,pre_world_cup,64,64,1.0,0,55,4148.0,,1.0,1.0,True,exact-window detailed minutes plus event-bounded exposure for known startXI appearances without a positive-minute statistics row,True,55,4148.0,45,45,0,0.0,0,0.0,1.0,exact_window_known_minutes_v2_event_bounded,False,False,0.0,0,4148.0,benchmark_and_avatar
S. Lopes Cabral,Cape Verde Islands,Defender,3799.0,True,308689,annual_current,88,88,1.0,0,29,2068.0,,1.0,1.0,True,exact-window detailed minutes plus event-bounded exposure for known startXI appearances without a positive-minute statistics row,False,29,2068.0,22,22,0,0.0,0,0.0,1.0,exact_window_known_minutes_v2_event_bounded,True,False,0.0,0,2068.0,benchmark_and_avatar
S. Lopes Cabral,Cape Verde Islands,Defender,3799.0,True,308689,pre_world_cup,84,84,1.0,0,26,1782.0,,1.0,1.0,True,exact-window detailed minutes plus event-bounded exposure for known startXI appearances without a positive-minute statistics row,True,26,1782.0,19,19,0,0.0,0,0.0,1.0,exact_window_known_minutes_v2_event_bounded,False,False,0.0,0,1782.0,benchmark_and_avatar
L. Comenencia,Curaçao,Midfielder,5109.0,True,309763,annual_current,47,47,1.0,0,33,2137.0,,1.0,1.0,True,exact-window detailed minutes plus event-bounded exposure for known startXI appearances without a positive-minute statistics row,False,33,2137.0,23,23,0,0.0,0,0.0,1.0,exact_window_known_minutes_v2_event_bounded,True,False,0.0,0,2137.0,benchmark
L. Comenencia,Curaçao,Midfielder,5109.0,True,309763,pre_world_cup,47,47,1.0,0,33,2171.0,,1.0,1.0,True,exact-window detailed minutes plus event-bounded exposure for known startXI appearances without a positive-minute statistics row,True,33,2171.0,23,23,0,0.0,0,0.0,1.0,exact_window_known_minutes_v2_event_bounded,False,False,0.0,0,2171.0,benchmark
Mohannad Abu Taha,Jordan,Midfielder,1128.0,False,310785,annual_current,3,3,1.0,0,3,265.0,,1.0,1.0,True,exact-window detailed minutes plus event-bounded exposure for known startXI appearances without a positive-minute statistics row,False,3,265.0,3,3,0,0.0,0,0.0,1.0,exact_window_known_minutes_v2_event_bounded,True,False,0.0,0,265.0,avatar_top30_pool
Mohannad Abu Taha,Jordan,Midfielder,1128.0,False,310785,pre_world_cup,0,0,,0,0,0.0,,1.0,1.0,False,exact-window detailed minutes plus event-bounded exposure for known startXI appearances without a positive-minute statistics row,False,0,0.0,0,0,0,0.0,0,0.0,1.0,exact_window_known_minutes_v2_event_bounded,False,False,0.0,0,0.0,avatar_top30_pool
Abdallah Naseeb,Jordan,Defender,1965.0,True,310835,annual_current,11,11,1.0,0,8,741.0,,1.0,1.0,True,exact-window detailed minutes plus event-bounded exposure for known startXI appearances without a positive-minute statistics row,False,8,741.0,8,8,0,0.0,0,0.0,1.0,exact_window_known_minutes_v2_event_bounded,True,False,0.0,0,741.0,benchmark
Abdallah Naseeb,Jordan,Defender,1965.0,True,310835,pre_world_cup,8,8,1.0,0,5,480.0,,1.0,1.0,True,exact-window detailed minutes plus event-bounded exposure for known startXI appearances without a positive-minute statistics row,True,5,480.0,5,5,0,0.0,0,0.0,1.0,exact_window_known_minutes_v2_event_bounded,False,False,0.0,0,480.0,benchmark
N. Angulo,Ecuador,Midfielder,3509.0,True,311543,annual_current,91,91,1.0,0,40,3028.0,,1.0,1.0,True,exact-window detailed minutes plus event-bounded exposure for known startXI appearances without a positive-minute statistics row,True,40,3028.0,35,35,0,0.0,0,0.0,1.0,exact_window_known_minutes_v2_event_bounded,False,False,0.0,0,3028.0,benchmark_and_avatar
N. Angulo,Ecuador,Midfielder,3509.0,True,311543,pre_world_cup,88,88,1.0,0,37,2887.0,,1.0,1.0,True,exact-window detailed minutes plus event-bounded exposure for known startXI appearances without a positive-minute statistics row,True,37,2887.0,34,34,0,0.0,0,0.0,1.0,exact_window_known_minutes_v2_event_bounded,False,False,0.0,0,2887.0,benchmark_and_avatar
N. Velupillay,Australia,Midfielder,2651.0,True,312459,annual_current,31,31,1.0,0,24,1541.0,,1.0,1.0,True,exact-window detailed minutes plus event-bounded exposure for known startXI appearances without a positive-minute statistics row,False,24,1541.0,19,19,0,0.0,0,0.0,1.0,exact_window_known_minutes_v2_event_bounded,True,False,0.0,0,1541.0,benchmark
N. Velupillay,Australia,Midfielder,2651.0,True,312459,pre_world_cup,27,27,1.0,0,22,1467.0,,1.0,1.0,True,exact-window detailed minutes plus event-bounded exposure for known startXI appearances without a positive-minute statistics row,True,22,1467.0,18,18,0,0.0,0,0.0,1.0,exact_window_known_minutes_v2_event_bounded,False,False,0.0,0,1467.0,benchmark
N. Ngoy,Belgium,Defender,4074.0,True,312964,annual_current,54,54,1.0,0,42,3448.0,,1.0,1.0,True,exact-window detailed minutes plus event-bounded exposure for known startXI appearances without a positive-minute statistics row,True,42,3448.0,39,39,0,0.0,0,0.0,1.0,exact_window_known_minutes_v2_event_bounded,False,False,0.0,0,3448.0,benchmark_and_avatar
N. Ngoy,Belgium,Defender,4074.0,True,312964,pre_world_cup,48,48,1.0,0,38,3112.0,,1.0,1.0,True,exact-window detailed minutes plus event-bounded exposure for known startXI appearances without a positive-minute statistics row,True,38,3112.0,35,35,0,0.0,0,0.0,1.0,exact_window_known_minutes_v2_event_bounded,False,False,0.0,0,3112.0,benchmark_and_avatar
P. David,Canada,Attacker,2156.0,True,313353,annual_current,53,53,1.0,0,35,1946.0,,1.0,1.0,True,exact-window detailed minutes plus event-bounded exposure for known startXI appearances without a positive-minute statistics row,True,35,1946.0,22,22,0,0.0,0,0.0,1.0,exact_window_known_minutes_v2_event_bounded,False,False,0.0,0,1946.0,benchmark
P. David,Canada,Attacker,2156.0,True,313353,pre_world_cup,52,52,1.0,0,34,1950.0,,1.0,1.0,True,exact-window detailed minutes plus event-bounded exposure for known startXI appearances without a positive-minute statistics row,True,34,1950.0,23,23,0,0.0,0,0.0,1.0,exact_window_known_minutes_v2_event_bounded,False,False,0.0,0,1950.0,benchmark
O. Vargas,Mexico,Midfielder,4641.0,True,313383,annual_current,86,86,1.0,0,29,1958.0,,0.9031365313653136,0.9031365313653136,True,exact-window detailed minutes plus event-bounded exposure for known startXI appearances without a positive-minute statistics row,False,29,1958.0,23,21,2,210.0,0,0.0,0.9031365313653136,exact_window_known_minutes_v2_event_bounded,True,False,0.0,0,1958.0,benchmark
O. Vargas,Mexico,Midfielder,4641.0,True,313383,pre_world_cup,88,88,1.0,0,33,2518.0,,0.9230205278592376,0.9230205278592376,True,exact-window detailed minutes plus event-bounded exposure for known startXI appearances without a positive-minute statistics row,True,33,2518.0,30,28,2,210.0,0,0.0,0.9230205278592376,exact_window_known_minutes_v2_event_bounded,False,False,0.0,0,2518.0,benchmark
A. Mendy,Senegal,Defender,3582.0,True,313937,annual_current,63,63,1.0,0,41,3308.0,,1.0,1.0,True,exact-window detailed minutes plus event-bounded exposure for known startXI appearances without a positive-minute statistics row,True,41,3308.0,37,37,0,0.0,0,0.0,1.0,exact_window_known_minutes_v2_event_bounded,False,False,0.0,0,3308.0,benchmark
A. Mendy,Senegal,Defender,3582.0,True,313937,pre_world_cup,59,59,1.0,0,41,3308.0,,1.0,1.0,True,exact-window detailed minutes plus event-bounded exposure for known startXI appearances without a positive-minute statistics row,True,41,3308.0,37,37,0,0.0,0,0.0,1.0,exact_window_known_minutes_v2_event_bounded,False,False,0.0,0,3308.0,benchmark
M. Epolo,Congo DR,Goalkeeper,2610.0,True,314509,annual_current,49,49,1.0,0,29,2610.0,,1.0,1.0,True,exact-window detailed minutes plus event-bounded exposure for known startXI appearances without a positive-minute statistics row,True,29,2610.0,29,29,0,0.0,0,0.0,1.0,exact_window_known_minutes_v2_event_bounded,False,False,0.0,0,2610.0,benchmark
M. Epolo,Congo DR,Goalkeeper,2610.0,True,314509,pre_world_cup,45,45,1.0,0,29,2610.0,,1.0,1.0,True,exact-window detailed minutes plus event-bounded exposure for known startXI appearances without a positive-minute statistics row,True,29,2610.0,29,29,0,0.0,0,0.0,1.0,exact_window_known_minutes_v2_event_bounded,False,False,0.0,0,2610.0,benchmark
A. Nusa,Norway,Midfielder,2889.0,True,314511,annual_current,44,44,1.0,0,41,2645.0,,1.0,1.0,True,exact-window detailed minutes plus event-bounded exposure for known startXI appearances without a positive-minute statistics row,True,41,2645.0,32,32,0,0.0,0,0.0,1.0,exact_window_known_minutes_v2_event_bounded,False,False,0.0,0,2645.0,benchmark_and_avatar
A. Nusa,Norway,Midfielder,2889.0,True,314511,pre_world_cup,38,38,1.0,0,35,2320.0,,1.0,1.0,True,exact-window detailed minutes plus event-bounded exposure for known startXI appearances without a positive-minute statistics row,True,35,2320.0,28,28,0,0.0,0,0.0,1.0,exact_window_known_minutes_v2_event_bounded,False,False,0.0,0,2320.0,benchmark_and_avatar
V. Barco,Argentina,Midfielder,3468.0,True,319572,annual_current,62,62,1.0,0,44,3378.0,,1.0,1.0,True,exact-window detailed minutes plus event-bounded exposure for known startXI appearances without a positive-minute statistics row,True,44,3378.0,36,36,0,0.0,0,0.0,1.0,exact_window_known_minutes_v2_event_bounded,False,False,0.0,0,3378.0,benchmark_and_avatar
V. Barco,Argentina,Midfielder,3468.0,True,319572,pre_world_cup,56,56,1.0,0,43,3359.0,,1.0,1.0,True,exact-window detailed minutes plus event-bounded exposure for known startXI appearances without a positive-minute statistics row,True,43,3359.0,36,36,0,0.0,0,0.0,1.0,exact_window_known_minutes_v2_event_bounded,False,False,0.0,0,3359.0,benchmark_and_avatar
A. Memic,Bosnia & Herzegovina,Midfielder,3907.0,True,322101,annual_current,53,53,1.0,0,47,3633.0,,1.0,1.0,True,exact-window detailed minutes plus event-bounded exposure for known startXI appearances without a positive-minute statistics row,True,47,3633.0,39,39,0,0.0,0,0.0,1.0,exact_window_known_minutes_v2_event_bounded,False,False,0.0,0,3633.0,benchmark
A. Memic,Bosnia & Herzegovina,Midfielder,3907.0,True,322101,pre_world_cup,49,49,1.0,0,43,3409.0,,1.0,1.0,True,exact-window detailed minutes plus event-bounded exposure for known startXI appearances without a positive-minute statistics row,True,43,3409.0,37,37,0,0.0,0,0.0,1.0,exact_window_known_minutes_v2_event_bounded,False,False,0.0,0,3409.0,benchmark
G. Simeone,Argentina,Midfielder,4464.0,True,323935,annual_current,70,70,1.0,0,57,3992.0,,1.0,1.0,True,exact-window detailed minutes plus event-bounded exposure for known startXI appearances without a positive-minute statistics row,True,57,3992.0,49,49,0,0.0,0,0.0,1.0,exact_window_known_minutes_v2_event_bounded,False,False,0.0,0,3992.0,benchmark
G. Simeone,Argentina,Midfielder,4464.0,True,323935,pre_world_cup,64,64,1.0,0,56,3900.0,,1.0,1.0,True,exact-window detailed minutes plus event-bounded exposure for known startXI appearances without a positive-minute statistics row,True,56,3900.0,47,47,0,0.0,0,0.0,1.0,exact_window_known_minutes_v2_event_bounded,False,False,0.0,0,3900.0,benchmark
G. Puerta,Colombia,Midfielder,3430.0,True,324034,annual_current,53,53,1.0,0,38,3193.0,,1.0,1.0,True,exact-window detailed minutes plus event-bounded exposure for known startXI appearances without a positive-minute statistics row,True,38,3193.0,35,35,0,0.0,0,0.0,1.0,exact_window_known_minutes_v2_event_bounded,False,False,0.0,0,3193.0,benchmark
G. Puerta,Colombia,Midfielder,3430.0,True,324034,pre_world_cup,49,49,1.0,0,33,2723.0,,1.0,1.0,True,exact-window detailed minutes plus event-bounded exposure for known startXI appearances without a positive-minute statistics row,True,33,2723.0,30,30,0,0.0,0,0.0,1.0,exact_window_known_minutes_v2_event_bounded,False,False,0.0,0,2723.0,benchmark
A. Hadj-Moussa,Algeria,Attacker,3771.0,True,326067,annual_current,53,53,1.0,0,47,3632.0,,1.0,1.0,True,exact-window detailed minutes plus event-bounded exposure for known startXI appearances without a positive-minute statistics row,True,47,3632.0,41,41,0,0.0,0,0.0,1.0,exact_window_known_minutes_v2_event_bounded,False,False,0.0,0,3632.0,benchmark
A. Hadj-Moussa,Algeria,Attacker,3771.0,True,326067,pre_world_cup,49,49,1.0,0,44,3535.0,,1.0,1.0,True,exact-window detailed minutes plus event-bounded exposure for known startXI appearances without a positive-minute statistics row,True,44,3535.0,40,40,0,0.0,0,0.0,1.0,exact_window_known_minutes_v2_event_bounded,False,False,0.0,0,3535.0,benchmark
R. Halhal,Morocco,Defender,3190.0,True,326183,annual_current,46,46,1.0,0,35,3029.0,,1.0,1.0,True,exact-window detailed minutes plus event-bounded exposure for known startXI appearances without a positive-minute statistics row,True,35,3029.0,34,34,0,0.0,0,0.0,1.0,exact_window_known_minutes_v2_event_bounded,False,False,0.0,0,3029.0,benchmark
R. Halhal,Morocco,Defender,3190.0,True,326183,pre_world_cup,40,40,1.0,0,33,2849.0,,1.0,1.0,True,exact-window detailed minutes plus event-bounded exposure for known startXI appearances without a positive-minute statistics row,True,33,2849.0,32,32,0,0.0,0,0.0,1.0,exact_window_known_minutes_v2_event_bounded,False,False,0.0,0,2849.0,benchmark
Y. Titraoui,Algeria,Midfielder,2915.0,True,327599,annual_current,46,46,1.0,0,35,2904.0,,0.9325626204238922,0.9325626204238922,True,exact-window detailed minutes plus event-bounded exposure for known startXI appearances without a positive-minute statistics row,True,35,2904.0,35,33,2,210.0,0,0.0,0.9325626204238922,exact_window_known_minutes_v2_event_bounded,False,False,0.0,0,2904.0,benchmark
Y. Titraoui,Algeria,Midfielder,2915.0,True,327599,pre_world_cup,42,42,1.0,0,35,2904.0,,0.9325626204238922,0.9325626204238922,True,exact-window detailed minutes plus event-bounded exposure for known startXI appearances without a positive-minute statistics row,True,35,2904.0,35,33,2,210.0,0,0.0,0.9325626204238922,exact_window_known_minutes_v2_event_bounded,False,False,0.0,0,2904.0,benchmark
H. Diarra,Senegal,Attacker,2213.0,True,327631,annual_current,52,52,1.0,0,29,1930.0,,1.0,1.0,True,exact-window detailed minutes plus event-bounded exposure for known startXI appearances without a positive-minute statistics row,True,29,1930.0,22,22,0,0.0,0,0.0,1.0,exact_window_known_minutes_v2_event_bounded,False,False,0.0,0,1930.0,benchmark
H. Diarra,Senegal,Attacker,2213.0,True,327631,pre_world_cup,48,48,1.0,0,26,1786.0,,1.0,1.0,True,exact-window detailed minutes plus event-bounded exposure for known startXI appearances without a positive-minute statistics row,True,26,1786.0,20,20,0,0.0,0,0.0,1.0,exact_window_known_minutes_v2_event_bounded,False,False,0.0,0,1786.0,benchmark
L. De Fougerolles,Canada,Defender,2616.0,True,327738,annual_current,43,43,1.0,0,33,2096.0,,1.0,1.0,True,exact-window detailed minutes plus event-bounded exposure for known startXI appearances without a positive-minute statistics row,True,33,2096.0,23,23,0,0.0,0,0.0,1.0,exact_window_known_minutes_v2_event_bounded,False,False,0.0,0,2096.0,benchmark
L. De Fougerolles,Canada,Defender,2616.0,True,327738,pre_world_cup,42,42,1.0,0,31,1955.0,,1.0,1.0,True,exact-window detailed minutes plus event-bounded exposure for known startXI appearances without a positive-minute statistics row,True,31,1955.0,22,22,0,0.0,0,0.0,1.0,exact_window_known_minutes_v2_event_bounded,False,False,0.0,0,1955.0,benchmark
P. Wanner,Austria,Midfielder,2835.0,True,327895,annual_current,50,50,1.0,0,36,2499.0,,1.0,1.0,True,exact-window detailed minutes plus event-bounded exposure for known startXI appearances without a positive-minute statistics row,True,36,2499.0,28,28,0,0.0,0,0.0,1.0,exact_window_known_minutes_v2_event_bounded,False,False,0.0,0,2499.0,benchmark
P. Wanner,Austria,Midfielder,2835.0,True,327895,pre_world_cup,46,46,1.0,0,32,2265.0,,1.0,1.0,True,exact-window detailed minutes plus event-bounded exposure for known startXI appearances without a positive-minute statistics row,True,32,2265.0,26,26,0,0.0,0,0.0,1.0,exact_window_known_minutes_v2_event_bounded,False,False,0.0,0,2265.0,benchmark
A. Pavlovic,Germany,Midfielder,3806.0,True,328033,annual_current,58,58,1.0,0,48,3356.0,,1.0,1.0,True,exact-window detailed minutes plus event-bounded exposure for known startXI appearances without a positive-minute statistics row,True,48,3356.0,40,40,0,0.0,0,0.0,1.0,exact_window_known_minutes_v2_event_bounded,False,False,0.0,0,3356.0,benchmark_and_avatar
A. Pavlovic,Germany,Midfielder,3806.0,True,328033,pre_world_cup,59,59,1.0,0,49,3407.0,,1.0,1.0,True,exact-window detailed minutes plus event-bounded exposure for known startXI appearances without a positive-minute statistics row,True,49,3407.0,39,39,0,0.0,0,0.0,1.0,exact_window_known_minutes_v2_event_bounded,False,False,0.0,0,3407.0,benchmark_and_avatar
I. Koné,Canada,Midfielder,3597.0,True,328046,annual_current,45,45,1.0,0,38,2987.0,,1.0,1.0,True,exact-window detailed minutes plus event-bounded exposure for known startXI appearances without a positive-minute statistics row,True,38,2987.0,36,36,0,0.0,0,0.0,1.0,exact_window_known_minutes_v2_event_bounded,False,False,0.0,0,2987.0,benchmark_and_avatar
I. Koné,Canada,Midfielder,3597.0,True,328046,pre_world_cup,44,44,1.0,0,38,2943.0,,1.0,1.0,True,exact-window detailed minutes plus event-bounded exposure for known startXI appearances without a positive-minute statistics row,True,38,2943.0,35,35,0,0.0,0,0.0,1.0,exact_window_known_minutes_v2_event_bounded,False,False,0.0,0,2943.0,benchmark_and_avatar
T. Matuludi,South Africa,Defender,2074.0,True,330174,annual_current,38,38,1.0,0,23,1950.0,,1.0,1.0,True,exact-window detailed minutes plus event-bounded exposure for known startXI appearances without a positive-minute statistics row,True,23,1950.0,22,22,0,0.0,0,0.0,1.0,exact_window_known_minutes_v2_event_bounded,False,False,0.0,0,1950.0,benchmark_and_avatar
T. Matuludi,South Africa,Defender,2074.0,True,330174,pre_world_cup,34,34,1.0,0,23,1950.0,,1.0,1.0,True,exact-window detailed minutes plus event-bounded exposure for known startXI appearances without a positive-minute statistics row,True,23,1950.0,22,22,0,0.0,0,0.0,1.0,exact_window_known_minutes_v2_event_bounded,False,False,0.0,0,1950.0,benchmark_and_avatar
Wagner Pina,Cape Verde Islands,Defender,5102.0,True,332056,annual_current,47,47,1.0,0,35,2816.0,,0.9125081011017498,0.9125081011017498,True,exact-window detailed minutes plus event-bounded exposure for known startXI appearances without a positive-minute statistics row,False,35,2816.0,35,32,3,270.0,0,0.0,0.9125081011017498,exact_window_known_minutes_v2_event_bounded,True,False,0.0,0,2816.0,benchmark
Wagner Pina,Cape Verde Islands,Defender,5102.0,True,332056,pre_world_cup,43,43,1.0,0,34,2727.0,,0.90990990990991,0.90990990990991,True,exact-window detailed minutes plus event-bounded exposure for known startXI appearances without a positive-minute statistics row,True,34,2727.0,34,31,3,270.0,0,0.0,0.90990990990991,exact_window_known_minutes_v2_event_bounded,False,False,0.0,0,2727.0,benchmark
O. Diakité,Ivory Coast,Midfielder,1829.0,True,334429,annual_current,79,79,1.0,0,32,1585.0,,1.0,1.0,True,exact-window detailed minutes plus event-bounded exposure for known startXI appearances without a positive-minute statistics row,True,32,1585.0,16,16,0,0.0,0,0.0,1.0,exact_window_known_minutes_v2_event_bounded,False,False,0.0,0,1585.0,benchmark
O. Diakité,Ivory Coast,Midfielder,1829.0,True,334429,pre_world_cup,75,75,1.0,0,30,1551.0,,1.0,1.0,True,exact-window detailed minutes plus event-bounded exposure for known startXI appearances without a positive-minute statistics row,True,30,1551.0,16,16,0,0.0,0,0.0,1.0,exact_window_known_minutes_v2_event_bounded,False,False,0.0,0,1551.0,benchmark
F. Ghedjemis,Algeria,Attacker,3099.0,True,334915,annual_current,44,44,1.0,0,39,3099.0,,1.0,1.0,True,exact-window detailed minutes plus event-bounded exposure for known startXI appearances without a positive-minute statistics row,True,39,3099.0,37,37,0,0.0,0,0.0,1.0,exact_window_known_minutes_v2_event_bounded,False,False,0.0,0,3099.0,benchmark
F. Ghedjemis,Algeria,Attacker,3099.0,True,334915,pre_world_cup,40,40,1.0,0,38,3098.0,,1.0,1.0,True,exact-window detailed minutes plus event-bounded exposure for known startXI appearances without a positive-minute statistics row,True,38,3098.0,37,37,0,0.0,0,0.0,1.0,exact_window_known_minutes_v2_event_bounded,False,False,0.0,0,3098.0,benchmark
João Neves,Portugal,Midfielder,3725.0,True,335051,annual_current,61,61,1.0,0,43,3100.0,,1.0,1.0,True,exact-window detailed minutes plus event-bounded exposure for known startXI appearances without a positive-minute statistics row,True,43,3100.0,32,32,0,0.0,0,0.0,1.0,exact_window_known_minutes_v2_event_bounded,False,False,0.0,0,3100.0,benchmark_and_avatar
João Neves,Portugal,Midfielder,3725.0,True,335051,pre_world_cup,63,63,1.0,0,45,3224.0,,1.0,1.0,True,exact-window detailed minutes plus event-bounded exposure for known startXI appearances without a positive-minute statistics row,True,45,3224.0,34,34,0,0.0,0,0.0,1.0,exact_window_known_minutes_v2_event_bounded,False,False,0.0,0,3224.0,benchmark_and_avatar
D. Moreira,Belgium,Attacker,5600.0,True,335056,annual_current,59,59,1.0,0,43,2992.0,,1.0,1.0,True,exact-window detailed minutes plus event-bounded exposure for known startXI appearances without a positive-minute statistics row,False,43,2992.0,32,32,0,0.0,0,0.0,1.0,exact_window_known_minutes_v2_event_bounded,True,False,0.0,0,2992.0,benchmark
D. Moreira,Belgium,Attacker,5600.0,True,335056,pre_world_cup,53,53,1.0,0,42,2935.0,,1.0,1.0,True,exact-window detailed minutes plus event-bounded exposure for known startXI appearances without a positive-minute statistics row,True,42,2935.0,32,32,0,0.0,0,0.0,1.0,exact_window_known_minutes_v2_event_bounded,False,False,0.0,0,2935.0,benchmark
W. Zaïre-Emery,France,Midfielder,4646.0,True,336657,annual_current,63,63,1.0,0,55,4243.0,,1.0,1.0,True,exact-window detailed minutes plus event-bounded exposure for known startXI appearances without a positive-minute statistics row,True,55,4243.0,47,47,0,0.0,0,0.0,1.0,exact_window_known_minutes_v2_event_bounded,False,False,0.0,0,4243.0,benchmark
W. Zaïre-Emery,France,Midfielder,4646.0,True,336657,pre_world_cup,63,63,1.0,0,61,4420.0,,1.0,1.0,True,exact-window detailed minutes plus event-bounded exposure for known startXI appearances without a positive-minute statistics row,True,61,4420.0,48,48,0,0.0,0,0.0,1.0,exact_window_known_minutes_v2_event_bounded,False,False,0.0,0,4420.0,benchmark
C. Talbi,Morocco,Midfielder,2011.0,True,336659,annual_current,54,54,1.0,0,36,1909.0,,1.0,1.0,True,exact-window detailed minutes plus event-bounded exposure for known startXI appearances without a positive-minute statistics row,True,36,1909.0,19,19,0,0.0,0,0.0,1.0,exact_window_known_minutes_v2_event_bounded,False,False,0.0,0,1909.0,benchmark
C. Talbi,Morocco,Midfielder,2011.0,True,336659,pre_world_cup,48,48,1.0,0,31,1726.0,,1.0,1.0,True,exact-window detailed minutes plus event-bounded exposure for known startXI appearances without a positive-minute statistics row,True,31,1726.0,18,18,0,0.0,0,0.0,1.0,exact_window_known_minutes_v2_event_bounded,False,False,0.0,0,1726.0,benchmark
Renato Veiga,Portugal,Defender,4714.0,True,336671,annual_current,54,54,1.0,0,47,3809.0,,1.0,1.0,True,exact-window detailed minutes plus event-bounded exposure for known startXI appearances without a positive-minute statistics row,True,47,3809.0,41,41,0,0.0,0,0.0,1.0,exact_window_known_minutes_v2_event_bounded,False,False,0.0,0,3809.0,benchmark
Renato Veiga,Portugal,Defender,4714.0,True,336671,pre_world_cup,56,56,1.0,0,42,3359.0,,1.0,1.0,True,exact-window detailed minutes plus event-bounded exposure for known startXI appearances without a positive-minute statistics row,True,42,3359.0,36,36,0,0.0,0,0.0,1.0,exact_window_known_minutes_v2_event_bounded,False,False,0.0,0,3359.0,benchmark
A. Boakye,Ghana,Midfielder,2746.0,True,337426,annual_current,44,44,1.0,0,34,2746.0,,1.0,1.0,True,exact-window detailed minutes plus event-bounded exposure for known startXI appearances without a positive-minute statistics row,True,34,2746.0,33,33,0,0.0,0,0.0,1.0,exact_window_known_minutes_v2_event_bounded,False,False,0.0,0,2746.0,benchmark
A. Boakye,Ghana,Midfielder,2746.0,True,337426,pre_world_cup,40,40,1.0,0,34,2746.0,,1.0,1.0,True,exact-window detailed minutes plus event-bounded exposure for known startXI appearances without a positive-minute statistics row,True,34,2746.0,33,33,0,0.0,0,0.0,1.0,exact_window_known_minutes_v2_event_bounded,False,False,0.0,0,2746.0,benchmark
J. Bos,Australia,Midfielder,3746.0,True,337587,annual_current,49,49,1.0,0,40,2878.0,,1.0,1.0,True,exact-window detailed minutes plus event-bounded exposure for known startXI appearances without a positive-minute statistics row,False,40,2878.0,34,34,0,0.0,0,0.0,1.0,exact_window_known_minutes_v2_event_bounded,True,False,0.0,0,2878.0,benchmark
J. Bos,Australia,Midfielder,3746.0,True,337587,pre_world_cup,45,45,1.0,0,36,2569.0,,1.0,1.0,True,exact-window detailed minutes plus event-bounded exposure for known startXI appearances without a positive-minute statistics row,True,36,2569.0,30,30,0,0.0,0,0.0,1.0,exact_window_known_minutes_v2_event_bounded,False,False,0.0,0,2569.0,benchmark
N. Irankunda,Australia,Midfielder,3104.0,True,338014,annual_current,52,52,1.0,0,46,2485.0,,1.0,1.0,True,exact-window detailed minutes plus event-bounded exposure for known startXI appearances without a positive-minute statistics row,True,46,2485.0,27,27,0,0.0,0,0.0,1.0,exact_window_known_minutes_v2_event_bounded,False,False,0.0,0,2485.0,benchmark
N. Irankunda,Australia,Midfielder,3104.0,True,338014,pre_world_cup,48,48,1.0,0,42,2221.0,,1.0,1.0,True,exact-window detailed minutes plus event-bounded exposure for known startXI appearances without a positive-minute statistics row,True,42,2221.0,24,24,0,0.0,0,0.0,1.0,exact_window_known_minutes_v2_event_bounded,False,False,0.0,0,2221.0,benchmark
D. Castillo,Ecuador,Midfielder,2521.0,True,338045,annual_current,54,54,1.0,0,36,2374.0,,0.8978819969742814,0.8978819969742814,True,exact-window detailed minutes plus event-bounded exposure for known startXI appearances without a positive-minute statistics row,True,36,2374.0,32,29,3,270.0,0,0.0,0.8978819969742814,exact_window_known_minutes_v2_event_bounded,False,False,0.0,0,2374.0,benchmark
D. Castillo,Ecuador,Midfielder,2521.0,True,338045,pre_world_cup,51,51,1.0,0,36,2374.0,,0.8978819969742814,0.8978819969742814,True,exact-window detailed minutes plus event-bounded exposure for known startXI appearances without a positive-minute statistics row,True,36,2374.0,32,29,3,270.0,0,0.0,0.8978819969742814,exact_window_known_minutes_v2_event_bounded,False,False,0.0,0,2374.0,benchmark
Víctor Muñoz,Spain,Attacker,2857.0,True,338751,annual_current,49,49,1.0,0,36,2764.0,,1.0,1.0,True,exact-window detailed minutes plus event-bounded exposure for known startXI appearances without a positive-minute statistics row,True,36,2764.0,31,31,0,0.0,0,0.0,1.0,exact_window_known_minutes_v2_event_bounded,False,False,0.0,0,2764.0,benchmark
Víctor Muñoz,Spain,Attacker,2857.0,True,338751,pre_world_cup,48,48,1.0,0,38,2785.0,,1.0,1.0,True,exact-window detailed minutes plus event-bounded exposure for known startXI appearances without a positive-minute statistics row,True,38,2785.0,31,31,0,0.0,0,0.0,1.0,exact_window_known_minutes_v2_event_bounded,False,False,0.0,0,2785.0,benchmark
K. Yildiz,Türkiye,Midfielder,4733.0,True,339883,annual_current,53,53,1.0,0,50,3909.0,,1.0,1.0,True,exact-window detailed minutes plus event-bounded exposure for known startXI appearances without a positive-minute statistics row,True,50,3909.0,44,44,0,0.0,0,0.0,1.0,exact_window_known_minutes_v2_event_bounded,False,False,0.0,0,3909.0,benchmark
K. Yildiz,Türkiye,Midfielder,4733.0,True,339883,pre_world_cup,54,54,1.0,0,51,3941.0,,1.0,1.0,True,exact-window detailed minutes plus event-bounded exposure for known startXI appearances without a positive-minute statistics row,True,51,3941.0,45,45,0,0.0,0,0.0,1.0,exact_window_known_minutes_v2_event_bounded,False,False,0.0,0,3941.0,benchmark
C. Uzun,Türkiye,Midfielder,1669.0,False,339887,annual_current,47,47,1.0,0,30,1567.0,,1.0,1.0,True,exact-window detailed minutes plus event-bounded exposure for known startXI appearances without a positive-minute statistics row,True,30,1567.0,19,19,0,0.0,0,0.0,1.0,exact_window_known_minutes_v2_event_bounded,False,False,0.0,0,1567.0,avatar_top30_pool
C. Uzun,Türkiye,Midfielder,1669.0,False,339887,pre_world_cup,44,44,1.0,0,28,1522.0,,1.0,1.0,True,exact-window detailed minutes plus event-bounded exposure for known startXI appearances without a positive-minute statistics row,True,28,1522.0,19,19,0,0.0,0,0.0,1.0,exact_window_known_minutes_v2_event_bounded,False,False,0.0,0,1522.0,avatar_top30_pool
M. Fernandez-Pardo,Belgium,Attacker,3196.0,True,340077,annual_current,54,54,1.0,0,44,3159.0,,1.0,1.0,True,exact-window detailed minutes plus event-bounded exposure for known startXI appearances without a positive-minute statistics row,True,44,3159.0,33,33,0,0.0,0,0.0,1.0,exact_window_known_minutes_v2_event_bounded,False,False,0.0,0,3159.0,benchmark
M. Fernandez-Pardo,Belgium,Attacker,3196.0,True,340077,pre_world_cup,48,48,1.0,0,41,3106.0,,1.0,1.0,True,exact-window detailed minutes plus event-bounded exposure for known startXI appearances without a positive-minute statistics row,True,41,3106.0,33,33,0,0.0,0,0.0,1.0,exact_window_known_minutes_v2_event_bounded,False,False,0.0,0,3106.0,benchmark
M. Penders,Belgium,Goalkeeper,4639.0,True,340151,annual_current,59,59,1.0,0,52,4639.0,,1.0,1.0,True,exact-window detailed minutes plus event-bounded exposure for known startXI appearances without a positive-minute statistics row,True,52,4639.0,52,52,0,0.0,0,0.0,1.0,exact_window_known_minutes_v2_event_bounded,False,False,0.0,0,4639.0,benchmark
M. Penders,Belgium,Goalkeeper,4639.0,True,340151,pre_world_cup,60,60,1.0,0,52,4639.0,,1.0,1.0,True,exact-window detailed minutes plus event-bounded exposure for known startXI appearances without a positive-minute statistics row,True,52,4639.0,52,52,0,0.0,0,0.0,1.0,exact_window_known_minutes_v2_event_bounded,False,False,0.0,0,4639.0,benchmark
Ermin Mahmic,Bosnia & Herzegovina,Midfielder,1631.0,False,340173,annual_current,39,39,1.0,0,31,1631.0,,1.0,1.0,True,exact-window detailed minutes plus event-bounded exposure for known startXI appearances without a positive-minute statistics row,True,31,1631.0,20,20,0,0.0,0,0.0,1.0,exact_window_known_minutes_v2_event_bounded,False,False,0.0,0,1631.0,avatar_top30_pool
Ermin Mahmic,Bosnia & Herzegovina,Midfielder,1631.0,False,340173,pre_world_cup,35,35,1.0,0,28,1559.0,,1.0,1.0,True,exact-window detailed minutes plus event-bounded exposure for known startXI appearances without a positive-minute statistics row,True,28,1559.0,20,20,0,0.0,0,0.0,1.0,exact_window_known_minutes_v2_event_bounded,False,False,0.0,0,1559.0,avatar_top30_pool
B. El Khannouss,Morocco,Attacker,3890.0,True,340573,annual_current,112,112,1.0,0,56,3547.0,,1.0,1.0,True,exact-window detailed minutes plus event-bounded exposure for known startXI appearances without a positive-minute statistics row,True,56,3547.0,41,41,0,0.0,0,0.0,1.0,exact_window_known_minutes_v2_event_bounded,False,False,0.0,0,3547.0,benchmark
B. El Khannouss,Morocco,Attacker,3890.0,True,340573,pre_world_cup,106,106,1.0,0,50,3081.0,,1.0,1.0,True,exact-window detailed minutes plus event-bounded exposure for known startXI appearances without a positive-minute statistics row,True,50,3081.0,35,35,0,0.0,0,0.0,1.0,exact_window_known_minutes_v2_event_bounded,False,False,0.0,0,3081.0,benchmark
J. Hato,Netherlands,Defender,3082.0,True,341642,annual_current,63,63,1.0,0,37,2298.0,,1.0,1.0,True,exact-window detailed minutes plus event-bounded exposure for known startXI appearances without a positive-minute statistics row,False,37,2298.0,25,25,0,0.0,0,0.0,1.0,exact_window_known_minutes_v2_event_bounded,True,False,0.0,0,2298.0,benchmark
J. Hato,Netherlands,Defender,3082.0,True,341642,pre_world_cup,59,59,1.0,0,36,2264.0,,1.0,1.0,True,exact-window detailed minutes plus event-bounded exposure for known startXI appearances without a positive-minute statistics row,True,36,2264.0,25,25,0,0.0,0,0.0,1.0,exact_window_known_minutes_v2_event_bounded,False,False,0.0,0,2264.0,benchmark
D. Doué,France,Midfielder,3559.0,True,343027,annual_current,63,63,1.0,0,48,2918.0,,1.0,1.0,True,exact-window detailed minutes plus event-bounded exposure for known startXI appearances without a positive-minute statistics row,True,48,2918.0,32,32,0,0.0,0,0.0,1.0,exact_window_known_minutes_v2_event_bounded,False,False,0.0,0,2918.0,benchmark_and_avatar
D. Doué,France,Midfielder,3559.0,True,343027,pre_world_cup,63,63,1.0,0,48,3116.0,,1.0,1.0,True,exact-window detailed minutes plus event-bounded exposure for known startXI appearances without a positive-minute statistics row,True,48,3116.0,36,36,0,0.0,0,0.0,1.0,exact_window_known_minutes_v2_event_bounded,False,False,0.0,0,3116.0,benchmark_and_avatar
A. Gómez,Colombia,Midfielder,3881.0,True,345748,annual_current,110,110,1.0,0,52,3764.0,,1.0,1.0,True,exact-window detailed minutes plus event-bounded exposure for known startXI appearances without a positive-minute statistics row,True,52,3764.0,39,39,0,0.0,0,0.0,1.0,exact_window_known_minutes_v2_event_bounded,False,False,0.0,0,3764.0,benchmark_and_avatar
A. Gómez,Colombia,Midfielder,3881.0,True,345748,pre_world_cup,107,107,1.0,0,50,3719.0,,1.0,1.0,True,exact-window detailed minutes plus event-bounded exposure for known startXI appearances without a positive-minute statistics row,True,50,3719.0,39,39,0,0.0,0,0.0,1.0,exact_window_known_minutes_v2_event_bounded,False,False,0.0,0,3719.0,benchmark_and_avatar
R. Risser,France,Goalkeeper,3420.0,True,347211,annual_current,47,47,1.0,0,38,3420.0,,1.0,1.0,True,exact-window detailed minutes plus event-bounded exposure for known startXI appearances without a positive-minute statistics row,True,38,3420.0,38,38,0,0.0,0,0.0,1.0,exact_window_known_minutes_v2_event_bounded,False,False,0.0,0,3420.0,benchmark
R. Risser,France,Goalkeeper,3420.0,True,347211,pre_world_cup,40,40,1.0,0,38,3420.0,,1.0,1.0,True,exact-window detailed minutes plus event-bounded exposure for known startXI appearances without a positive-minute statistics row,True,38,3420.0,38,38,0,0.0,0,0.0,1.0,exact_window_known_minutes_v2_event_bounded,False,False,0.0,0,3420.0,benchmark
L. Bergvall,Sweden,Midfielder,2802.0,True,347316,annual_current,55,55,1.0,0,37,1660.0,,1.0,1.0,True,exact-window detailed minutes plus event-bounded exposure for known startXI appearances without a positive-minute statistics row,False,37,1660.0,18,18,0,0.0,0,0.0,1.0,exact_window_known_minutes_v2_event_bounded,True,False,0.0,0,1660.0,benchmark
L. Bergvall,Sweden,Midfielder,2802.0,True,347316,pre_world_cup,51,51,1.0,0,33,1482.0,,1.0,1.0,True,exact-window detailed minutes plus event-bounded exposure for known startXI appearances without a positive-minute statistics row,True,33,1482.0,17,17,0,0.0,0,0.0,1.0,exact_window_known_minutes_v2_event_bounded,False,False,0.0,0,1482.0,benchmark
P. Sucic,Croatia,Attacker,3544.0,True,348205,annual_current,58,58,1.0,0,54,2862.0,,1.0,1.0,True,exact-window detailed minutes plus event-bounded exposure for known startXI appearances without a positive-minute statistics row,True,54,2862.0,31,31,0,0.0,0,0.0,1.0,exact_window_known_minutes_v2_event_bounded,False,False,0.0,0,2862.0,benchmark
P. Sucic,Croatia,Attacker,3544.0,True,348205,pre_world_cup,58,58,1.0,0,54,2671.0,,1.0,1.0,True,exact-window detailed minutes plus event-bounded exposure for known startXI appearances without a positive-minute statistics row,True,54,2671.0,28,28,0,0.0,0,0.0,1.0,exact_window_known_minutes_v2_event_bounded,False,False,0.0,0,2671.0,benchmark
A. Circati,Australia,Defender,4058.0,True,348568,annual_current,45,45,1.0,0,37,3196.0,,1.0,1.0,True,exact-window detailed minutes plus event-bounded exposure for known startXI appearances without a positive-minute statistics row,False,37,3196.0,36,36,0,0.0,0,0.0,1.0,exact_window_known_minutes_v2_event_bounded,True,False,0.0,0,3196.0,benchmark
A. Circati,Australia,Defender,4058.0,True,348568,pre_world_cup,41,41,1.0,0,33,2806.0,,1.0,1.0,True,exact-window detailed minutes plus event-bounded exposure for known startXI appearances without a positive-minute statistics row,True,33,2806.0,32,32,0,0.0,0,0.0,1.0,exact_window_known_minutes_v2_event_bounded,False,False,0.0,0,2806.0,benchmark
L. Jaquez,Switzerland,Defender,2010.0,True,349344,annual_current,59,59,1.0,0,28,1714.0,,1.0,1.0,True,exact-window detailed minutes plus event-bounded exposure for known startXI appearances without a positive-minute statistics row,True,28,1714.0,18,18,0,0.0,0,0.0,1.0,exact_window_known_minutes_v2_event_bounded,False,False,0.0,0,1714.0,benchmark
L. Jaquez,Switzerland,Defender,2010.0,True,349344,pre_world_cup,53,53,1.0,0,26,1628.0,,1.0,1.0,True,exact-window detailed minutes plus event-bounded exposure for known startXI appearances without a positive-minute statistics row,True,26,1628.0,17,17,0,0.0,0,0.0,1.0,exact_window_known_minutes_v2_event_bounded,False,False,0.0,0,1628.0,benchmark
N. Paz,Argentina,Attacker,3700.0,True,350037,annual_current,53,53,1.0,0,43,3370.0,,1.0,1.0,True,exact-window detailed minutes plus event-bounded exposure for known startXI appearances without a positive-minute statistics row,True,43,3370.0,38,38,0,0.0,0,0.0,1.0,exact_window_known_minutes_v2_event_bounded,False,False,0.0,0,3370.0,benchmark_and_avatar
N. Paz,Argentina,Attacker,3700.0,True,350037,pre_world_cup,47,47,1.0,0,41,3299.0,,1.0,1.0,True,exact-window detailed minutes plus event-bounded exposure for known startXI appearances without a positive-minute statistics row,True,41,3299.0,37,37,0,0.0,0,0.0,1.0,exact_window_known_minutes_v2_event_bounded,False,False,0.0,0,3299.0,benchmark_and_avatar
B. Zeneli,Sweden,Midfielder,3667.0,True,350850,annual_current,59,59,1.0,0,30,1991.0,,1.0,1.0,True,exact-window detailed minutes plus event-bounded exposure for known startXI appearances without a positive-minute statistics row,False,30,1991.0,21,21,0,0.0,0,0.0,1.0,exact_window_known_minutes_v2_event_bounded,True,False,0.0,0,1991.0,benchmark_and_avatar
B. Zeneli,Sweden,Midfielder,3667.0,True,350850,pre_world_cup,58,58,1.0,0,30,2113.0,,1.0,1.0,True,exact-window detailed minutes plus event-bounded exposure for known startXI appearances without a positive-minute statistics row,True,30,2113.0,23,23,0,0.0,0,0.0,1.0,exact_window_known_minutes_v2_event_bounded,False,False,0.0,0,2113.0,benchmark_and_avatar
J. Suzuki,Japan,Defender,4931.0,True,351014,annual_current,67,67,1.0,0,31,2513.0,,1.0,1.0,True,exact-window detailed minutes plus event-bounded exposure for known startXI appearances without a positive-minute statistics row,False,31,2513.0,27,27,0,0.0,0,0.0,1.0,exact_window_known_minutes_v2_event_bounded,True,False,0.0,0,2513.0,benchmark
J. Suzuki,Japan,Defender,4931.0,True,351014,pre_world_cup,66,66,1.0,0,31,2622.0,,1.0,1.0,True,exact-window detailed minutes plus event-bounded exposure for known startXI appearances without a positive-minute statistics row,True,31,2622.0,29,29,0,0.0,0,0.0,1.0,exact_window_known_minutes_v2_event_bounded,False,False,0.0,0,2622.0,benchmark
T. Oluwaseyi,Canada,Attacker,4341.0,True,351587,annual_current,72,72,1.0,0,48,2299.0,,1.0,1.0,True,exact-window detailed minutes plus event-bounded exposure for known startXI appearances without a positive-minute statistics row,False,48,2299.0,22,22,0,0.0,0,0.0,1.0,exact_window_known_minutes_v2_event_bounded,True,False,0.0,0,2299.0,benchmark
T. Oluwaseyi,Canada,Attacker,4341.0,True,351587,pre_world_cup,77,77,1.0,0,49,2515.0,,1.0,1.0,True,exact-window detailed minutes plus event-bounded exposure for known startXI appearances without a positive-minute statistics row,True,49,2515.0,25,25,0,0.0,0,0.0,1.0,exact_window_known_minutes_v2_event_bounded,False,False,0.0,0,2515.0,benchmark
Deveron Fonville,Curaçao,Defender,2423.0,True,353808,annual_current,87,87,1.0,0,41,2333.0,,1.0,1.0,True,exact-window detailed minutes plus event-bounded exposure for known startXI appearances without a positive-minute statistics row,True,41,2333.0,23,23,0,0.0,0,0.0,1.0,exact_window_known_minutes_v2_event_bounded,False,False,0.0,0,2333.0,benchmark
Deveron Fonville,Curaçao,Defender,2423.0,True,353808,pre_world_cup,84,84,1.0,0,38,2090.0,,1.0,1.0,True,exact-window detailed minutes plus event-bounded exposure for known startXI appearances without a positive-minute statistics row,True,38,2090.0,20,20,0,0.0,0,0.0,1.0,exact_window_known_minutes_v2_event_bounded,False,False,0.0,0,2090.0,benchmark
P. Beach,Australia,Goalkeeper,3734.0,True,353883,annual_current,41,41,1.0,0,39,3554.0,,1.0,1.0,True,exact-window detailed minutes plus event-bounded exposure for known startXI appearances without a positive-minute statistics row,True,39,3554.0,39,39,0,0.0,0,0.0,1.0,exact_window_known_minutes_v2_event_bounded,False,False,0.0,0,3554.0,benchmark
P. Beach,Australia,Goalkeeper,3734.0,True,353883,pre_world_cup,37,37,1.0,0,35,3165.0,,1.0,1.0,True,exact-window detailed minutes plus event-bounded exposure for known startXI appearances without a positive-minute statistics row,True,35,3165.0,35,35,0,0.0,0,0.0,1.0,exact_window_known_minutes_v2_event_bounded,False,False,0.0,0,3165.0,benchmark
J. Ordoñez,Ecuador,Defender,5063.0,True,354027,annual_current,60,60,1.0,0,48,3955.0,,1.0,1.0,True,exact-window detailed minutes plus event-bounded exposure for known startXI appearances without a positive-minute statistics row,False,48,3955.0,45,45,0,0.0,0,0.0,1.0,exact_window_known_minutes_v2_event_bounded,True,False,0.0,0,3955.0,benchmark
J. Ordoñez,Ecuador,Defender,5063.0,True,354027,pre_world_cup,57,57,1.0,0,46,3820.0,,1.0,1.0,True,exact-window detailed minutes plus event-bounded exposure for known startXI appearances without a positive-minute statistics row,True,46,3820.0,43,43,0,0.0,0,0.0,1.0,exact_window_known_minutes_v2_event_bounded,False,False,0.0,0,3820.0,benchmark
O. Diomande,Ivory Coast,Defender,3177.0,True,354753,annual_current,62,62,1.0,0,32,2338.0,,1.0,1.0,True,exact-window detailed minutes plus event-bounded exposure for known startXI appearances without a positive-minute statistics row,False,32,2338.0,26,26,0,0.0,0,0.0,1.0,exact_window_known_minutes_v2_event_bounded,True,False,0.0,0,2338.0,benchmark
O. Diomande,Ivory Coast,Defender,3177.0,True,354753,pre_world_cup,58,58,1.0,0,31,2248.0,,1.0,1.0,True,exact-window detailed minutes plus event-bounded exposure for known startXI appearances without a positive-minute statistics row,True,31,2248.0,25,25,0,0.0,0,0.0,1.0,exact_window_known_minutes_v2_event_bounded,False,False,0.0,0,2248.0,benchmark
A. Freeman,USA,Defender,4375.0,True,355994,annual_current,61,61,1.0,0,27,1752.0,,0.9511400651465798,0.9511400651465798,True,exact-window detailed minutes plus event-bounded exposure for known startXI appearances without a positive-minute statistics row,False,27,1752.0,18,17,1,90.0,0,0.0,0.9511400651465798,exact_window_known_minutes_v2_event_bounded,True,False,0.0,0,1752.0,benchmark_and_avatar
A. Freeman,USA,Defender,4375.0,True,355994,pre_world_cup,68,68,1.0,0,30,2109.0,,0.9590723055934516,0.9590723055934516,True,exact-window detailed minutes plus event-bounded exposure for known startXI appearances without a positive-minute statistics row,True,30,2109.0,22,21,1,90.0,0,0.0,0.9590723055934516,exact_window_known_minutes_v2_event_bounded,False,False,0.0,0,2109.0,benchmark_and_avatar
Bae Jun-Ho,South Korea,Attacker,3567.0,True,357286,annual_current,53,53,1.0,0,45,3074.0,,1.0,1.0,True,exact-window detailed minutes plus event-bounded exposure for known startXI appearances without a positive-minute statistics row,True,45,3074.0,33,33,0,0.0,0,0.0,1.0,exact_window_known_minutes_v2_event_bounded,False,False,0.0,0,3074.0,benchmark
Bae Jun-Ho,South Korea,Attacker,3567.0,True,357286,pre_world_cup,50,50,1.0,0,45,3074.0,,1.0,1.0,True,exact-window detailed minutes plus event-bounded exposure for known startXI appearances without a positive-minute statistics row,True,45,3074.0,33,33,0,0.0,0,0.0,1.0,exact_window_known_minutes_v2_event_bounded,False,False,0.0,0,3074.0,benchmark
K. Sebelebele,South Africa,Midfielder,2908.0,True,359561,annual_current,34,34,1.0,0,25,1797.0,,1.0,1.0,True,exact-window detailed minutes plus event-bounded exposure for known startXI appearances without a positive-minute statistics row,False,25,1797.0,20,20,0,0.0,0,0.0,1.0,exact_window_known_minutes_v2_event_bounded,True,False,0.0,0,1797.0,benchmark_and_avatar
K. Sebelebele,South Africa,Midfielder,2908.0,True,359561,pre_world_cup,30,30,1.0,0,24,1783.0,,1.0,1.0,True,exact-window detailed minutes plus event-bounded exposure for known startXI appearances without a positive-minute statistics row,True,24,1783.0,20,20,0,0.0,0,0.0,1.0,exact_window_known_minutes_v2_event_bounded,False,False,0.0,0,1783.0,benchmark_and_avatar
A. Khusanov,Uzbekistan,Defender,3987.0,True,360114,annual_current,63,63,1.0,0,40,3087.0,,1.0,1.0,True,exact-window detailed minutes plus event-bounded exposure for known startXI appearances without a positive-minute statistics row,False,40,3087.0,34,34,0,0.0,0,0.0,1.0,exact_window_known_minutes_v2_event_bounded,True,False,0.0,0,3087.0,benchmark
A. Khusanov,Uzbekistan,Defender,3987.0,True,360114,pre_world_cup,64,64,1.0,0,38,2878.0,,1.0,1.0,True,exact-window detailed minutes plus event-bounded exposure for known startXI appearances without a positive-minute statistics row,True,38,2878.0,32,32,0,0.0,0,0.0,1.0,exact_window_known_minutes_v2_event_bounded,False,False,0.0,0,2878.0,benchmark
K. Rodríguez,Ecuador,Attacker,3151.0,True,361966,annual_current,54,54,1.0,0,43,2362.0,,1.0,1.0,True,exact-window detailed minutes plus event-bounded exposure for known startXI appearances without a positive-minute statistics row,False,43,2362.0,26,26,0,0.0,0,0.0,1.0,exact_window_known_minutes_v2_event_bounded,True,False,0.0,0,2362.0,benchmark
K. Rodríguez,Ecuador,Attacker,3151.0,True,361966,pre_world_cup,51,51,1.0,0,40,2315.0,,1.0,1.0,True,exact-window detailed minutes plus event-bounded exposure for known startXI appearances without a positive-minute statistics row,True,40,2315.0,27,27,0,0.0,0,0.0,1.0,exact_window_known_minutes_v2_event_bounded,False,False,0.0,0,2315.0,benchmark
A. Ahmed,Canada,Midfielder,4668.0,True,362145,annual_current,71,71,1.0,0,38,2614.0,,1.0,1.0,True,exact-window detailed minutes plus event-bounded exposure for known startXI appearances without a positive-minute statistics row,False,38,2614.0,31,31,0,0.0,0,0.0,1.0,exact_window_known_minutes_v2_event_bounded,True,False,0.0,0,2614.0,benchmark_and_avatar
A. Ahmed,Canada,Midfielder,4668.0,True,362145,pre_world_cup,76,76,1.0,0,36,2482.0,,1.0,1.0,True,exact-window detailed minutes plus event-bounded exposure for known startXI appearances without a positive-minute statistics row,True,36,2482.0,29,29,0,0.0,0,0.0,1.0,exact_window_known_minutes_v2_event_bounded,False,False,0.0,0,2482.0,benchmark_and_avatar
M. Arfsten,USA,Midfielder,5344.0,True,362400,annual_current,37,37,1.0,0,33,2845.0,,1.0,1.0,True,exact-window detailed minutes plus event-bounded exposure for known startXI appearances without a positive-minute statistics row,False,33,2845.0,32,32,0,0.0,0,0.0,1.0,exact_window_known_minutes_v2_event_bounded,True,False,0.0,0,2845.0,benchmark_and_avatar
M. Arfsten,USA,Midfielder,5344.0,True,362400,pre_world_cup,44,44,1.0,0,39,3458.0,,1.0,1.0,True,exact-window detailed minutes plus event-bounded exposure for known startXI appearances without a positive-minute statistics row,True,39,3458.0,39,39,0,0.0,0,0.0,1.0,exact_window_known_minutes_v2_event_bounded,False,False,0.0,0,3458.0,benchmark_and_avatar
N. Sadiki,Congo DR,Midfielder,4151.0,True,365331,annual_current,50,50,1.0,0,44,3637.0,,1.0,1.0,True,exact-window detailed minutes plus event-bounded exposure for known startXI appearances without a positive-minute statistics row,True,44,3637.0,40,40,0,0.0,0,0.0,1.0,exact_window_known_minutes_v2_event_bounded,False,False,0.0,0,3637.0,benchmark
N. Sadiki,Congo DR,Midfielder,4151.0,True,365331,pre_world_cup,46,46,1.0,0,40,3379.0,,1.0,1.0,True,exact-window detailed minutes plus event-bounded exposure for known startXI appearances without a positive-minute statistics row,True,40,3379.0,38,38,0,0.0,0,0.0,1.0,exact_window_known_minutes_v2_event_bounded,False,False,0.0,0,3379.0,benchmark
Gessime Yassine,Morocco,Attacker,2392.0,True,369544,annual_current,95,95,1.0,0,36,1785.0,,1.0,1.0,True,exact-window detailed minutes plus event-bounded exposure for known startXI appearances without a positive-minute statistics row,False,36,1785.0,19,19,0,0.0,0,0.0,1.0,exact_window_known_minutes_v2_event_bounded,True,False,0.0,0,1785.0,benchmark
Gessime Yassine,Morocco,Attacker,2392.0,True,369544,pre_world_cup,89,89,1.0,0,33,1708.0,,1.0,1.0,True,exact-window detailed minutes plus event-bounded exposure for known startXI appearances without a positive-minute statistics row,True,33,1708.0,19,19,0,0.0,0,0.0,1.0,exact_window_known_minutes_v2_event_bounded,False,False,0.0,0,1708.0,benchmark
L. Camara,Senegal,Midfielder,3285.0,True,374058,annual_current,58,58,1.0,0,42,2949.0,,1.0,1.0,True,exact-window detailed minutes plus event-bounded exposure for known startXI appearances without a positive-minute statistics row,True,42,2949.0,34,34,0,0.0,0,0.0,1.0,exact_window_known_minutes_v2_event_bounded,False,False,0.0,0,2949.0,benchmark_and_avatar
L. Camara,Senegal,Midfielder,3285.0,True,374058,pre_world_cup,54,54,1.0,0,38,2699.0,,1.0,1.0,True,exact-window detailed minutes plus event-bounded exposure for known startXI appearances without a positive-minute statistics row,True,38,2699.0,31,31,0,0.0,0,0.0,1.0,exact_window_known_minutes_v2_event_bounded,False,False,0.0,0,2699.0,benchmark_and_avatar
N. Mukau,Congo DR,Midfielder,3026.0,True,375598,annual_current,57,57,1.0,0,51,2821.0,,1.0,1.0,True,exact-window detailed minutes plus event-bounded exposure for known startXI appearances without a positive-minute statistics row,True,51,2821.0,34,34,0,0.0,0,0.0,1.0,exact_window_known_minutes_v2_event_bounded,False,False,0.0,0,2821.0,benchmark
N. Mukau,Congo DR,Midfielder,3026.0,True,375598,pre_world_cup,53,53,1.0,0,47,2625.0,,1.0,1.0,True,exact-window detailed minutes plus event-bounded exposure for known startXI appearances without a positive-minute statistics row,True,47,2625.0,31,31,0,0.0,0,0.0,1.0,exact_window_known_minutes_v2_event_bounded,False,False,0.0,0,2625.0,benchmark
M. Neffati,Tunisia,Defender,2649.0,True,375608,annual_current,34,34,1.0,0,18,1539.0,,0.8104265402843602,0.8104265402843602,True,exact-window detailed minutes plus event-bounded exposure for known startXI appearances without a positive-minute statistics row,False,18,1539.0,22,18,4,360.0,0,0.0,0.8104265402843602,exact_window_known_minutes_v2_event_bounded,True,False,0.0,0,1539.0,benchmark
M. Neffati,Tunisia,Defender,2649.0,True,375608,pre_world_cup,31,31,1.0,0,21,1809.0,,0.8340248962655602,0.8340248962655602,True,exact-window detailed minutes plus event-bounded exposure for known startXI appearances without a positive-minute statistics row,True,21,1809.0,25,21,4,360.0,0,0.0,0.8340248962655602,exact_window_known_minutes_v2_event_bounded,False,False,0.0,0,1809.0,benchmark
K. Goto,Japan,Attacker,3000.0,True,375930,annual_current,44,44,1.0,0,39,2898.0,,1.0,1.0,True,exact-window detailed minutes plus event-bounded exposure for known startXI appearances without a positive-minute statistics row,True,39,2898.0,32,32,0,0.0,0,0.0,1.0,exact_window_known_minutes_v2_event_bounded,False,False,0.0,0,2898.0,benchmark
K. Goto,Japan,Attacker,3000.0,True,375930,pre_world_cup,40,40,1.0,0,38,2885.0,,1.0,1.0,True,exact-window detailed minutes plus event-bounded exposure for known startXI appearances without a positive-minute statistics row,True,38,2885.0,32,32,0,0.0,0,0.0,1.0,exact_window_known_minutes_v2_event_bounded,False,False,0.0,0,2885.0,benchmark
J. Seys,Belgium,Defender,4090.0,True,375974,annual_current,60,60,1.0,0,53,4020.0,,1.0,1.0,True,exact-window detailed minutes plus event-bounded exposure for known startXI appearances without a positive-minute statistics row,True,53,4020.0,47,47,0,0.0,0,0.0,1.0,exact_window_known_minutes_v2_event_bounded,False,False,0.0,0,4020.0,benchmark_and_avatar
J. Seys,Belgium,Defender,4090.0,True,375974,pre_world_cup,54,54,1.0,0,52,3991.0,,1.0,1.0,True,exact-window detailed minutes plus event-bounded exposure for known startXI appearances without a positive-minute statistics row,True,52,3991.0,47,47,0,0.0,0,0.0,1.0,exact_window_known_minutes_v2_event_bounded,False,False,0.0,0,3991.0,benchmark_and_avatar
Endrick,Brazil,Attacker,2219.0,True,377122,annual_current,109,109,1.0,0,28,1841.0,,1.0,1.0,True,exact-window detailed minutes plus event-bounded exposure for known startXI appearances without a positive-minute statistics row,True,28,1841.0,20,20,0,0.0,0,0.0,1.0,exact_window_known_minutes_v2_event_bounded,False,False,0.0,0,1841.0,benchmark
Endrick,Brazil,Attacker,2219.0,True,377122,pre_world_cup,111,111,1.0,0,24,1730.0,,1.0,1.0,True,exact-window detailed minutes plus event-bounded exposure for known startXI appearances without a positive-minute statistics row,True,24,1730.0,20,20,0,0.0,0,0.0,1.0,exact_window_known_minutes_v2_event_bounded,False,False,0.0,0,1730.0,benchmark
A. Al Oui,Qatar,Defender,2032.0,True,377930,annual_current,35,35,1.0,0,28,2286.0,,1.0,1.0,True,exact-window provider minutes plus deterministic exposure reconstructed from complete two-team lineups and substitution/red-card events; frozen 80% fixture and minute thresholds unchanged,False,28,2286.0,26,26,0,0.0,0,0.0,1.0,exact_window_known_minutes_v3_complete_lineup_event_reconstruction,True,False,692.0,8,1594.0,benchmark
A. Al Oui,Qatar,Defender,2032.0,True,377930,pre_world_cup,32,32,1.0,0,26,2136.0,,1.0,1.0,True,exact-window provider minutes plus deterministic exposure reconstructed from complete two-team lineups and substitution/red-card events; frozen 80% fixture and minute thresholds unchanged,True,26,2136.0,24,24,0,0.0,0,0.0,1.0,exact_window_known_minutes_v3_complete_lineup_event_reconstruction,False,False,692.0,8,1444.0,benchmark
I. Maza,Algeria,Attacker,3803.0,True,380587,annual_current,60,60,1.0,0,53,3625.0,,1.0,1.0,True,exact-window detailed minutes plus event-bounded exposure for known startXI appearances without a positive-minute statistics row,True,53,3625.0,40,40,0,0.0,0,0.0,1.0,exact_window_known_minutes_v2_event_bounded,False,False,0.0,0,3625.0,benchmark
I. Maza,Algeria,Attacker,3803.0,True,380587,pre_world_cup,56,56,1.0,0,49,3274.0,,1.0,1.0,True,exact-window detailed minutes plus event-bounded exposure for known startXI appearances without a positive-minute statistics row,True,49,3274.0,36,36,0,0.0,0,0.0,1.0,exact_window_known_minutes_v2_event_bounded,False,False,0.0,0,3274.0,benchmark
A. Ouédraogo,Germany,Midfielder,1109.0,False,380978,annual_current,42,42,1.0,0,20,986.0,,1.0,1.0,True,exact-window detailed minutes plus event-bounded exposure for known startXI appearances without a positive-minute statistics row,True,20,986.0,13,13,0,0.0,0,0.0,1.0,exact_window_known_minutes_v2_event_bounded,False,False,0.0,0,986.0,avatar_top30_pool
A. Ouédraogo,Germany,Midfielder,1109.0,False,380978,pre_world_cup,38,38,1.0,0,20,986.0,,1.0,1.0,True,exact-window detailed minutes plus event-bounded exposure for known startXI appearances without a positive-minute statistics row,True,20,986.0,13,13,0,0.0,0,0.0,1.0,exact_window_known_minutes_v2_event_bounded,False,False,0.0,0,986.0,avatar_top30_pool
Lamine Yamal,Spain,Midfielder,4431.0,True,386828,annual_current,64,64,1.0,0,52,4201.0,,1.0,1.0,True,exact-window detailed minutes plus event-bounded exposure for known startXI appearances without a positive-minute statistics row,True,52,4201.0,48,48,0,0.0,0,0.0,1.0,exact_window_known_minutes_v2_event_bounded,False,False,0.0,0,4201.0,benchmark
Lamine Yamal,Spain,Midfielder,4431.0,True,386828,pre_world_cup,57,57,1.0,0,45,3706.0,,1.0,1.0,True,exact-window detailed minutes plus event-bounded exposure for known startXI appearances without a positive-minute statistics row,True,45,3706.0,42,42,0,0.0,0,0.0,1.0,exact_window_known_minutes_v2_event_bounded,False,False,0.0,0,3706.0,benchmark
A. Sojka,Czech Republic,Midfielder,2279.0,True,386837,annual_current,80,80,1.0,0,38,2192.0,,1.0,1.0,True,exact-window detailed minutes plus event-bounded exposure for known startXI appearances without a positive-minute statistics row,True,38,2192.0,22,22,0,0.0,0,0.0,1.0,exact_window_known_minutes_v2_event_bounded,False,False,0.0,0,2192.0,benchmark
A. Sojka,Czech Republic,Midfielder,2279.0,True,386837,pre_world_cup,77,77,1.0,0,35,2043.0,,1.0,1.0,True,exact-window detailed minutes plus event-bounded exposure for known startXI appearances without a positive-minute statistics row,True,35,2043.0,20,20,0,0.0,0,0.0,1.0,exact_window_known_minutes_v2_event_bounded,False,False,0.0,0,2043.0,benchmark
L. Vuskovic,Croatia,Defender,5517.0,True,387521,annual_current,80,80,1.0,0,31,2717.0,,1.0,1.0,True,exact-window detailed minutes plus event-bounded exposure for known startXI appearances without a positive-minute statistics row,False,31,2717.0,30,30,0,0.0,0,0.0,1.0,exact_window_known_minutes_v2_event_bounded,True,False,0.0,0,2717.0,benchmark
L. Vuskovic,Croatia,Defender,5517.0,True,387521,pre_world_cup,76,76,1.0,0,30,2651.0,,1.0,1.0,True,exact-window detailed minutes plus event-bounded exposure for known startXI appearances without a positive-minute statistics row,True,30,2651.0,29,29,0,0.0,0,0.0,1.0,exact_window_known_minutes_v2_event_bounded,False,False,0.0,0,2651.0,benchmark
B. Touré,Ivory Coast,Attacker,2755.0,True,387643,annual_current,59,59,1.0,0,38,2642.0,,1.0,1.0,True,exact-window detailed minutes plus event-bounded exposure for known startXI appearances without a positive-minute statistics row,True,38,2642.0,32,32,0,0.0,0,0.0,1.0,exact_window_known_minutes_v2_event_bounded,False,False,0.0,0,2642.0,benchmark_and_avatar
B. Touré,Ivory Coast,Attacker,2755.0,True,387643,pre_world_cup,58,58,1.0,0,35,2562.0,,1.0,1.0,True,exact-window detailed minutes plus event-bounded exposure for known startXI appearances without a positive-minute statistics row,True,35,2562.0,31,31,0,0.0,0,0.0,1.0,exact_window_known_minutes_v2_event_bounded,False,False,0.0,0,2562.0,benchmark_and_avatar
D. Gül,Türkiye,Attacker,2174.0,True,388570,annual_current,55,55,1.0,0,43,1718.0,,0.905163329820864,0.905163329820864,True,exact-window detailed minutes plus event-bounded exposure for known startXI appearances without a positive-minute statistics row,False,43,1718.0,18,16,2,180.0,0,0.0,0.905163329820864,exact_window_known_minutes_v2_event_bounded,True,False,0.0,0,1718.0,benchmark
D. Gül,Türkiye,Attacker,2174.0,True,388570,pre_world_cup,55,53,0.9636363636363636,2,41,1676.0,,0.9030172413793104,0.9030172413793104,True,exact-window detailed minutes plus event-bounded exposure for known startXI appearances without a positive-minute statistics row,True,41,1676.0,18,16,2,180.0,0,0.0,0.9030172413793104,exact_window_known_minutes_v2_event_bounded,False,False,0.0,0,1676.0,benchmark
M. Chávez,Mexico,Defender,2595.0,True,390002,annual_current,100,100,1.0,0,35,1814.0,,1.0,1.0,True,exact-window detailed minutes plus event-bounded exposure for known startXI appearances without a positive-minute statistics row,False,35,1814.0,20,20,0,0.0,0,0.0,1.0,exact_window_known_minutes_v2_event_bounded,True,False,0.0,0,1814.0,benchmark_and_avatar
M. Chávez,Mexico,Defender,2595.0,True,390002,pre_world_cup,101,101,1.0,0,37,1907.0,,1.0,1.0,True,exact-window detailed minutes plus event-bounded exposure for known startXI appearances without a positive-minute statistics row,True,37,1907.0,21,21,0,0.0,0,0.0,1.0,exact_window_known_minutes_v2_event_bounded,False,False,0.0,0,1907.0,benchmark_and_avatar
O. Makhanya,South Africa,Defender,4022.0,True,392387,annual_current,37,37,1.0,0,29,2496.0,,1.0,1.0,True,exact-window detailed minutes plus event-bounded exposure for known startXI appearances without a positive-minute statistics row,False,29,2496.0,28,28,0,0.0,0,0.0,1.0,exact_window_known_minutes_v2_event_bounded,True,False,0.0,0,2496.0,benchmark
O. Makhanya,South Africa,Defender,4022.0,True,392387,pre_world_cup,39,39,1.0,0,35,3036.0,,1.0,1.0,True,exact-window detailed minutes plus event-bounded exposure for known startXI appearances without a positive-minute statistics row,True,35,3036.0,34,34,0,0.0,0,0.0,1.0,exact_window_known_minutes_v2_event_bounded,False,False,0.0,0,3036.0,benchmark
Mostafa Zico,Egypt,Midfielder,2001.0,True,395075,annual_current,47,46,0.9787234042553192,1,36,1869.0,,1.0,1.0,True,exact-window detailed minutes plus event-bounded exposure for known startXI appearances without a positive-minute statistics row,True,36,1869.0,21,21,0,0.0,0,0.0,1.0,exact_window_known_minutes_v2_event_bounded,False,False,0.0,0,1869.0,benchmark
Mostafa Zico,Egypt,Midfielder,2001.0,True,395075,pre_world_cup,42,41,0.9761904761904762,1,31,1494.0,,1.0,1.0,True,exact-window detailed minutes plus event-bounded exposure for known startXI appearances without a positive-minute statistics row,True,31,1494.0,16,16,0,0.0,0,0.0,1.0,exact_window_known_minutes_v2_event_bounded,False,False,0.0,0,1494.0,benchmark
Kerim-Sam Alajbegovic,Bosnia & Herzegovina,Midfielder,2988.0,True,395559,annual_current,48,48,1.0,0,43,2637.0,,1.0,1.0,True,exact-window detailed minutes plus event-bounded exposure for known startXI appearances without a positive-minute statistics row,True,43,2637.0,29,29,0,0.0,0,0.0,1.0,exact_window_known_minutes_v2_event_bounded,False,False,0.0,0,2637.0,benchmark_and_avatar
Kerim-Sam Alajbegovic,Bosnia & Herzegovina,Midfielder,2988.0,True,395559,pre_world_cup,44,44,1.0,0,39,2360.0,,1.0,1.0,True,exact-window detailed minutes plus event-bounded exposure for known startXI appearances without a positive-minute statistics row,True,39,2360.0,26,26,0,0.0,0,0.0,1.0,exact_window_known_minutes_v2_event_bounded,False,False,0.0,0,2360.0,benchmark_and_avatar
Pau Cubarsí Paredes,Spain,Defender,4947.0,True,396623,annual_current,64,64,1.0,0,55,4615.0,,1.0,1.0,True,exact-window detailed minutes plus event-bounded exposure for known startXI appearances without a positive-minute statistics row,True,55,4615.0,52,52,0,0.0,0,0.0,1.0,exact_window_known_minutes_v2_event_bounded,False,False,0.0,0,4615.0,benchmark
Pau Cubarsí Paredes,Spain,Defender,4947.0,True,396623,pre_world_cup,57,57,1.0,0,48,3985.0,,1.0,1.0,True,exact-window detailed minutes plus event-bounded exposure for known startXI appearances without a positive-minute statistics row,True,48,3985.0,45,45,0,0.0,0,0.0,1.0,exact_window_known_minutes_v2_event_bounded,False,False,0.0,0,3985.0,benchmark
Mohammed Abu Al Shamat,Saudi Arabia,Midfielder,2694.0,True,403087,annual_current,37,37,1.0,0,34,2629.0,,1.0,1.0,True,exact-window detailed minutes plus event-bounded exposure for known startXI appearances without a positive-minute statistics row,True,34,2629.0,30,30,0,0.0,0,0.0,1.0,exact_window_known_minutes_v2_event_bounded,False,False,0.0,0,2629.0,benchmark
Mohammed Abu Al Shamat,Saudi Arabia,Midfielder,2694.0,True,403087,pre_world_cup,34,34,1.0,0,31,2494.0,,1.0,1.0,True,exact-window detailed minutes plus event-bounded exposure for known startXI appearances without a positive-minute statistics row,True,31,2494.0,29,29,0,0.0,0,0.0,1.0,exact_window_known_minutes_v2_event_bounded,False,False,0.0,0,2494.0,benchmark
K. Peprah Oppong,Ghana,Defender,4957.0,True,404172,annual_current,73,73,1.0,0,46,3592.0,,1.0,1.0,True,exact-window detailed minutes plus event-bounded exposure for known startXI appearances without a positive-minute statistics row,False,46,3592.0,41,41,0,0.0,0,0.0,1.0,exact_window_known_minutes_v2_event_bounded,True,False,0.0,0,3592.0,benchmark
K. Peprah Oppong,Ghana,Defender,4957.0,True,404172,pre_world_cup,72,72,1.0,0,47,3806.0,,1.0,1.0,True,exact-window detailed minutes plus event-bounded exposure for known startXI appearances without a positive-minute statistics row,True,47,3806.0,44,44,0,0.0,0,0.0,1.0,exact_window_known_minutes_v2_event_bounded,False,False,0.0,0,3806.0,benchmark
L. Bayliss,New Zealand,Midfielder,1861.0,True,405957,annual_current,31,31,1.0,0,27,1850.0,,1.0,1.0,True,exact-window detailed minutes plus event-bounded exposure for known startXI appearances without a positive-minute statistics row,True,27,1850.0,19,19,0,0.0,0,0.0,1.0,exact_window_known_minutes_v2_event_bounded,False,False,0.0,0,1850.0,benchmark
L. Bayliss,New Zealand,Midfielder,1861.0,True,405957,pre_world_cup,28,28,1.0,0,27,1850.0,,1.0,1.0,True,exact-window detailed minutes plus event-bounded exposure for known startXI appearances without a positive-minute statistics row,True,27,1850.0,19,19,0,0.0,0,0.0,1.0,exact_window_known_minutes_v2_event_bounded,False,False,0.0,0,1850.0,benchmark
J. Manzambi,Switzerland,Attacker,4131.0,True,406244,annual_current,60,57,0.95,3,48,3554.0,,1.0,1.0,True,exact-window detailed minutes plus event-bounded exposure for known startXI appearances without a positive-minute statistics row,True,48,3554.0,42,42,0,0.0,0,0.0,1.0,exact_window_known_minutes_v2_event_bounded,False,False,0.0,0,3554.0,benchmark
J. Manzambi,Switzerland,Attacker,4131.0,True,406244,pre_world_cup,54,51,0.9444444444444444,3,44,3354.0,,1.0,1.0,True,exact-window detailed minutes plus event-bounded exposure for known startXI appearances without a positive-minute statistics row,True,44,3354.0,40,40,0,0.0,0,0.0,1.0,exact_window_known_minutes_v2_event_bounded,False,False,0.0,0,3354.0,benchmark
K. Páez,Ecuador,Attacker,3859.0,True,406303,annual_current,105,105,1.0,0,38,1327.0,,1.0,1.0,True,exact-window detailed minutes plus event-bounded exposure for known startXI appearances without a positive-minute statistics row,False,38,1327.0,11,11,0,0.0,0,0.0,1.0,exact_window_known_minutes_v2_event_bounded,True,False,0.0,0,1327.0,benchmark
K. Páez,Ecuador,Attacker,3859.0,True,406303,pre_world_cup,114,114,1.0,0,38,1329.0,,1.0,1.0,True,exact-window detailed minutes plus event-bounded exposure for known startXI appearances without a positive-minute statistics row,True,38,1329.0,11,11,0,0.0,0,0.0,1.0,exact_window_known_minutes_v2_event_bounded,False,False,0.0,0,1329.0,benchmark
I. Okon,South Africa,Defender,2522.0,True,406752,annual_current,39,38,0.9743589743589745,1,29,2083.0,,1.0,1.0,True,exact-window detailed minutes plus event-bounded exposure for known startXI appearances without a positive-minute statistics row,True,29,2083.0,23,23,0,0.0,0,0.0,1.0,exact_window_known_minutes_v2_event_bounded,False,False,0.0,0,2083.0,benchmark
I. Okon,South Africa,Defender,2522.0,True,406752,pre_world_cup,35,34,0.9714285714285714,1,25,1716.0,,1.0,1.0,True,exact-window detailed minutes plus event-bounded exposure for known startXI appearances without a positive-minute statistics row,True,25,1716.0,19,19,0,0.0,0,0.0,1.0,exact_window_known_minutes_v2_event_bounded,False,False,0.0,0,1716.0,benchmark
T. Noslin,Curaçao,Midfielder,2673.0,True,406846,annual_current,48,48,1.0,0,42,2644.0,,0.9670811997073884,0.9670811997073884,True,exact-window detailed minutes plus event-bounded exposure for known startXI appearances without a positive-minute statistics row,True,42,2644.0,30,29,1,90.0,0,0.0,0.9670811997073884,exact_window_known_minutes_v2_event_bounded,False,False,0.0,0,2644.0,benchmark
T. Noslin,Curaçao,Midfielder,2673.0,True,406846,pre_world_cup,45,45,1.0,0,41,2631.0,,0.9669239250275634,0.9669239250275634,True,exact-window detailed minutes plus event-bounded exposure for known startXI appearances without a positive-minute statistics row,True,41,2631.0,30,29,1,90.0,0,0.0,0.9669239250275634,exact_window_known_minutes_v2_event_bounded,False,False,0.0,0,2631.0,benchmark
Rayan,Brazil,Midfielder,6482.0,True,407806,annual_current,86,86,1.0,0,51,4318.0,,1.0,1.0,True,exact-window detailed minutes plus event-bounded exposure for known startXI appearances without a positive-minute statistics row,False,51,4318.0,48,48,0,0.0,0,0.0,1.0,exact_window_known_minutes_v2_event_bounded,True,False,0.0,0,4318.0,benchmark
Rayan,Brazil,Midfielder,6482.0,True,407806,pre_world_cup,84,84,1.0,0,50,4273.0,,1.0,1.0,True,exact-window detailed minutes plus event-bounded exposure for known startXI appearances without a positive-minute statistics row,True,50,4273.0,48,48,0,0.0,0,0.0,1.0,exact_window_known_minutes_v2_event_bounded,False,False,0.0,0,4273.0,benchmark
E. Diouf,Senegal,Defender,3753.0,True,409303,annual_current,54,52,0.9629629629629628,2,42,3496.0,,1.0,1.0,True,exact-window detailed minutes plus event-bounded exposure for known startXI appearances without a positive-minute statistics row,True,42,3496.0,38,38,0,0.0,0,0.0,1.0,exact_window_known_minutes_v2_event_bounded,False,False,0.0,0,3496.0,benchmark
E. Diouf,Senegal,Defender,3753.0,True,409303,pre_world_cup,50,48,0.96,2,39,3325.0,,1.0,1.0,True,exact-window detailed minutes plus event-bounded exposure for known startXI appearances without a positive-minute statistics row,True,39,3325.0,36,36,0,0.0,0,0.0,1.0,exact_window_known_minutes_v2_event_bounded,False,False,0.0,0,3325.0,benchmark
P. Adu,Ghana,Midfielder,2503.0,True,410016,annual_current,53,53,1.0,0,43,2215.0,,1.0,1.0,True,exact-window detailed minutes plus event-bounded exposure for known startXI appearances without a positive-minute statistics row,True,43,2215.0,24,24,0,0.0,0,0.0,1.0,exact_window_known_minutes_v2_event_bounded,False,False,0.0,0,2215.0,benchmark
P. Adu,Ghana,Midfielder,2503.0,True,410016,pre_world_cup,49,49,1.0,0,40,2167.0,,1.0,1.0,True,exact-window detailed minutes plus event-bounded exposure for known startXI appearances without a positive-minute statistics row,True,40,2167.0,24,24,0,0.0,0,0.0,1.0,exact_window_known_minutes_v2_event_bounded,False,False,0.0,0,2167.0,benchmark
C. Bonsu Baah,Ghana,Attacker,2823.0,True,411800,annual_current,38,38,1.0,0,32,2679.0,,1.0,1.0,True,exact-window detailed minutes plus event-bounded exposure for known startXI appearances without a positive-minute statistics row,True,32,2679.0,32,32,0,0.0,0,0.0,1.0,exact_window_known_minutes_v2_event_bounded,False,False,0.0,0,2679.0,benchmark
C. Bonsu Baah,Ghana,Attacker,2823.0,True,411800,pre_world_cup,34,34,1.0,0,32,2679.0,,1.0,1.0,True,exact-window detailed minutes plus event-bounded exposure for known startXI appearances without a positive-minute statistics row,True,32,2679.0,32,32,0,0.0,0,0.0,1.0,exact_window_known_minutes_v2_event_bounded,False,False,0.0,0,2679.0,benchmark
R. Mofokeng,South Africa,Midfielder,2718.0,True,414149,annual_current,38,38,1.0,0,32,2398.0,,1.0,1.0,True,exact-window detailed minutes plus event-bounded exposure for known startXI appearances without a positive-minute statistics row,True,32,2398.0,26,26,0,0.0,0,0.0,1.0,exact_window_known_minutes_v2_event_bounded,False,False,0.0,0,2398.0,benchmark_and_avatar
R. Mofokeng,South Africa,Midfielder,2718.0,True,414149,pre_world_cup,34,34,1.0,0,29,2228.0,,1.0,1.0,True,exact-window detailed minutes plus event-bounded exposure for known startXI appearances without a positive-minute statistics row,True,29,2228.0,24,24,0,0.0,0,0.0,1.0,exact_window_known_minutes_v2_event_bounded,False,False,0.0,0,2228.0,benchmark_and_avatar
S. El Mourabet,Morocco,Midfielder,3585.0,True,415431,annual_current,59,59,1.0,0,53,3332.0,,1.0,1.0,True,exact-window detailed minutes plus event-bounded exposure for known startXI appearances without a positive-minute statistics row,True,53,3332.0,38,38,0,0.0,0,0.0,1.0,exact_window_known_minutes_v2_event_bounded,False,False,0.0,0,3332.0,benchmark
S. El Mourabet,Morocco,Midfielder,3585.0,True,415431,pre_world_cup,53,53,1.0,0,48,3236.0,,1.0,1.0,True,exact-window detailed minutes plus event-bounded exposure for known startXI appearances without a positive-minute statistics row,True,48,3236.0,38,38,0,0.0,0,0.0,1.0,exact_window_known_minutes_v2_event_bounded,False,False,0.0,0,3236.0,benchmark
N. Sigur,Canada,Midfielder,3681.0,True,416901,annual_current,41,41,1.0,0,32,2377.0,,1.0,1.0,True,exact-window detailed minutes plus event-bounded exposure for known startXI appearances without a positive-minute statistics row,False,32,2377.0,25,25,0,0.0,0,0.0,1.0,exact_window_known_minutes_v2_event_bounded,True,False,0.0,0,2377.0,benchmark
N. Sigur,Canada,Midfielder,3681.0,True,416901,pre_world_cup,40,40,1.0,0,33,2556.0,,1.0,1.0,True,exact-window detailed minutes plus event-bounded exposure for known startXI appearances without a positive-minute statistics row,True,33,2556.0,28,28,0,0.0,0,0.0,1.0,exact_window_known_minutes_v2_event_bounded,False,False,0.0,0,2556.0,benchmark
K. Shiogai,Japan,Attacker,921.0,False,422572,annual_current,80,80,1.0,0,28,891.0,,1.0,1.0,True,exact-window detailed minutes plus event-bounded exposure for known startXI appearances without a positive-minute statistics row,True,28,891.0,5,5,0,0.0,0,0.0,1.0,exact_window_known_minutes_v2_event_bounded,False,False,0.0,0,891.0,avatar_top30_pool
K. Shiogai,Japan,Attacker,921.0,False,422572,pre_world_cup,76,76,1.0,0,27,878.0,,1.0,1.0,True,exact-window detailed minutes plus event-bounded exposure for known startXI appearances without a positive-minute statistics row,True,27,878.0,5,5,0,0.0,0,0.0,1.0,exact_window_known_minutes_v2_event_bounded,False,False,0.0,0,878.0,avatar_top30_pool
S. Kabini,South Africa,Defender,2624.0,True,430078,annual_current,36,36,1.0,0,22,1857.0,,1.0,1.0,True,exact-window detailed minutes plus event-bounded exposure for known startXI appearances without a positive-minute statistics row,False,22,1857.0,21,21,0,0.0,0,0.0,1.0,exact_window_known_minutes_v2_event_bounded,True,False,0.0,0,1857.0,benchmark
S. Kabini,South Africa,Defender,2624.0,True,430078,pre_world_cup,35,35,1.0,0,22,1902.0,,1.0,1.0,True,exact-window detailed minutes plus event-bounded exposure for known startXI appearances without a positive-minute statistics row,True,22,1902.0,22,22,0,0.0,0,0.0,1.0,exact_window_known_minutes_v2_event_bounded,False,False,0.0,0,1902.0,benchmark
Tyler Bindon,New Zealand,Defender,2840.0,True,430835,annual_current,51,51,1.0,0,29,2171.0,,1.0,1.0,True,exact-window detailed minutes plus event-bounded exposure for known startXI appearances without a positive-minute statistics row,False,29,2171.0,23,23,0,0.0,0,0.0,1.0,exact_window_known_minutes_v2_event_bounded,True,False,0.0,0,2171.0,benchmark
Tyler Bindon,New Zealand,Defender,2840.0,True,430835,pre_world_cup,48,48,1.0,0,26,2064.0,,1.0,1.0,True,exact-window detailed minutes plus event-bounded exposure for known startXI appearances without a positive-minute statistics row,True,26,2064.0,22,22,0,0.0,0,0.0,1.0,exact_window_known_minutes_v2_event_bounded,False,False,0.0,0,2064.0,benchmark
Findlay Curtis,Scotland,Attacker,1853.0,True,433272,annual_current,90,90,1.0,0,33,1596.0,,1.0,1.0,True,exact-window detailed minutes plus event-bounded exposure for known startXI appearances without a positive-minute statistics row,True,33,1596.0,17,17,0,0.0,0,0.0,1.0,exact_window_known_minutes_v2_event_bounded,False,False,0.0,0,1596.0,benchmark
Findlay Curtis,Scotland,Attacker,1853.0,True,433272,pre_world_cup,87,87,1.0,0,31,1580.0,,1.0,1.0,True,exact-window detailed minutes plus event-bounded exposure for known startXI appearances without a positive-minute statistics row,True,31,1580.0,17,17,0,0.0,0,0.0,1.0,exact_window_known_minutes_v2_event_bounded,False,False,0.0,0,1580.0,benchmark
A. Bouaddi,Morocco,Midfielder,3641.0,True,438688,annual_current,54,54,1.0,0,47,3549.0,,1.0,1.0,True,exact-window detailed minutes plus event-bounded exposure for known startXI appearances without a positive-minute statistics row,True,47,3549.0,42,42,0,0.0,0,0.0,1.0,exact_window_known_minutes_v2_event_bounded,False,False,0.0,0,3549.0,benchmark
A. Bouaddi,Morocco,Midfielder,3641.0,True,438688,pre_world_cup,48,48,1.0,0,42,3165.0,,1.0,1.0,True,exact-window detailed minutes plus event-bounded exposure for known startXI appearances without a positive-minute statistics row,True,42,3165.0,37,37,0,0.0,0,0.0,1.0,exact_window_known_minutes_v2_event_bounded,False,False,0.0,0,3165.0,benchmark
Paul Okon-Engstler,Australia,Midfielder,3440.0,True,441269,annual_current,34,34,1.0,0,31,2529.0,,1.0,1.0,True,exact-window detailed minutes plus event-bounded exposure for known startXI appearances without a positive-minute statistics row,False,31,2529.0,28,28,0,0.0,0,0.0,1.0,exact_window_known_minutes_v2_event_bounded,True,False,0.0,0,2529.0,benchmark
Paul Okon-Engstler,Australia,Midfielder,3440.0,True,441269,pre_world_cup,30,30,1.0,0,27,2325.0,,1.0,1.0,True,exact-window detailed minutes plus event-bounded exposure for known startXI appearances without a positive-minute statistics row,True,27,2325.0,26,26,0,0.0,0,0.0,1.0,exact_window_known_minutes_v2_event_bounded,False,False,0.0,0,2325.0,benchmark
C. Inao Oulai,Ivory Coast,Midfielder,2865.0,True,474591,annual_current,84,84,1.0,0,35,2727.0,,0.9680511182108626,0.9680511182108626,True,exact-window detailed minutes plus event-bounded exposure for known startXI appearances without a positive-minute statistics row,True,35,2727.0,32,31,1,90.0,0,0.0,0.9680511182108626,exact_window_known_minutes_v2_event_bounded,False,False,0.0,0,2727.0,benchmark
C. Inao Oulai,Ivory Coast,Midfielder,2865.0,True,474591,pre_world_cup,80,80,1.0,0,31,2519.0,,0.9655040245304716,0.9655040245304716,True,exact-window detailed minutes plus event-bounded exposure for known startXI appearances without a positive-minute statistics row,True,31,2519.0,30,29,1,90.0,0,0.0,0.9655040245304716,exact_window_known_minutes_v2_event_bounded,False,False,0.0,0,2519.0,benchmark
K. Ndamane,South Africa,Defender,2868.0,True,474630,annual_current,80,80,1.0,0,35,2967.0,,1.0,1.0,True,exact-window detailed minutes plus event-bounded exposure for known startXI appearances without a positive-minute statistics row,True,35,2967.0,33,33,0,0.0,0,0.0,1.0,exact_window_known_minutes_v2_event_bounded,False,False,0.0,0,2967.0,benchmark
K. Ndamane,South Africa,Defender,2868.0,True,474630,pre_world_cup,76,76,1.0,0,35,2967.0,,1.0,1.0,True,exact-window detailed minutes plus event-bounded exposure for known startXI appearances without a positive-minute statistics row,True,35,2967.0,33,33,0,0.0,0,0.0,1.0,exact_window_known_minutes_v2_event_bounded,False,False,0.0,0,2967.0,benchmark
Caleb Marfo Yirenkyi,Ghana,Midfielder,3255.0,True,475575,annual_current,36,36,1.0,0,34,2886.0,,1.0,1.0,True,exact-window detailed minutes plus event-bounded exposure for known startXI appearances without a positive-minute statistics row,True,34,2886.0,33,33,0,0.0,0,0.0,1.0,exact_window_known_minutes_v2_event_bounded,False,False,0.0,0,2886.0,benchmark
Caleb Marfo Yirenkyi,Ghana,Midfielder,3255.0,True,475575,pre_world_cup,32,32,1.0,0,30,2614.0,,1.0,1.0,True,exact-window detailed minutes plus event-bounded exposure for known startXI appearances without a positive-minute statistics row,True,30,2614.0,30,30,0,0.0,0,0.0,1.0,exact_window_known_minutes_v2_event_bounded,False,False,0.0,0,2614.0,benchmark
G. Mora,Mexico,Midfielder,2543.0,True,482605,annual_current,43,43,1.0,0,24,1655.0,,1.0,1.0,True,exact-window detailed minutes plus event-bounded exposure for known startXI appearances without a positive-minute statistics row,False,24,1655.0,21,21,0,0.0,0,0.0,1.0,exact_window_known_minutes_v2_event_bounded,True,False,0.0,0,1655.0,benchmark
G. Mora,Mexico,Midfielder,2543.0,True,482605,pre_world_cup,46,46,1.0,0,25,1782.0,,1.0,1.0,True,exact-window detailed minutes plus event-bounded exposure for known startXI appearances without a positive-minute statistics row,True,25,1782.0,22,22,0,0.0,0,0.0,1.0,exact_window_known_minutes_v2_event_bounded,False,False,0.0,0,1782.0,benchmark
M. Mbokazi,South Africa,Defender,3001.0,True,510799,annual_current,52,52,1.0,0,31,2686.0,,1.0,1.0,True,exact-window detailed minutes plus event-bounded exposure for known startXI appearances without a positive-minute statistics row,True,31,2686.0,30,30,0,0.0,0,0.0,1.0,exact_window_known_minutes_v2_event_bounded,False,False,0.0,0,2686.0,benchmark
M. Mbokazi,South Africa,Defender,3001.0,True,510799,pre_world_cup,48,48,1.0,0,27,2319.0,,1.0,1.0,True,exact-window detailed minutes plus event-bounded exposure for known startXI appearances without a positive-minute statistics row,True,27,2319.0,26,26,0,0.0,0,0.0,1.0,exact_window_known_minutes_v2_event_bounded,False,False,0.0,0,2319.0,benchmark
Y. Diomande,Ivory Coast,Midfielder,3467.0,True,513776,annual_current,47,47,1.0,0,45,3400.0,,1.0,1.0,True,exact-window detailed minutes plus event-bounded exposure for known startXI appearances without a positive-minute statistics row,True,45,3400.0,39,39,0,0.0,0,0.0,1.0,exact_window_known_minutes_v2_event_bounded,False,False,0.0,0,3400.0,benchmark
Y. Diomande,Ivory Coast,Midfielder,3467.0,True,513776,pre_world_cup,43,43,1.0,0,41,3069.0,,1.0,1.0,True,exact-window detailed minutes plus event-bounded exposure for known startXI appearances without a positive-minute statistics row,True,41,3069.0,35,35,0,0.0,0,0.0,1.0,exact_window_known_minutes_v2_event_bounded,False,False,0.0,0,3069.0,benchmark
