window,eligible_players,players_with_expected_fixtures,players_passing_80pct,pass_rate,median_fixture_coverage,p10_fixture_coverage
annual_current,1062,1062,411,0.3870056497175141,0.9482758620689655,0.21218568665377177
pre_world_cup,1062,1058,601,0.5659133709981168,0.9444444444444444,0.1590909090909091
