window,eligible_players,players_with_expected_fixtures,players_passing_80pct,pass_rate,median_fixture_coverage,p10_fixture_coverage
annual_current,1062,1062,318,0.2994350282485876,0.701063829787234,0.10593241551939925
pre_world_cup,1062,1058,487,0.4585687382297552,0.6666666666666666,0.019882352941176473
