window,eligible_players,players_with_expected_fixtures,players_passing_80pct,pass_rate,median_fixture_coverage,p10_fixture_coverage
annual_current,1062,1062,432,0.4067796610169492,0.961901306240929,0.23529411764705882
pre_world_cup,1062,1058,661,0.6224105461393596,0.9534883720930233,0.17392857142857143
