window,eligible_players,players_with_expected_fixtures,players_passing_80pct,pass_rate,median_fixture_coverage,p10_fixture_coverage
annual_current,1062,1062,120,0.11299435028248588,0.28205128205128205,0.08928571428571429
pre_world_cup,1062,1058,202,0.1902071563088512,0.21182983682983683,0.0
