player_id,player_name,world_cup_team,squad_position,resolved_role,role_stability,role_observations,role_distribution,reported_minutes,orientation_mapping,fixture_endpoint_coverage,coverage_pass_80pct,stable_role_60pct,scientific_role_eligible,minutes_num,overall,uncertainty,conservative_score,build_up,progression,creation,finishing,defending,duels,retention,goalkeeping,profile_scored,lower_95,upper_95,role_rank_conservative,top30_lower_threshold,best_lower_threshold,plausible_top30,plausible_real_xi,guardrail_top35,insufficient_evidence_guardrail,in_selection_frontier,frontier_reason,cov_annual_current,pass_annual_current,miss_annual_current,cov_pre_world_cup,pass_pre_world_cup,miss_pre_world_cup,covered,lo90,hi90,stable,rank,urank,needed,reason
30,S. Arias,Colombia,Defender,RB,1.0,29,RB:29,4115.0,low_is_left,1.0,False,True,False,2709.0,0.5149980994202144,0.0896653060533144,0.4253327933668999,0.5630871628445878,0.4305052705925886,0.48786407013099,0.3730042154889891,0.6354432284994177,0.4677706532058118,0.3732563839755281,0.5122282602731992,True,0.3392540995557179,0.6907420992847108,106.0,0.4140762867709887,0.537777630667353,True,True,False,False,True,plausible_real_xi,1.0,False,0,1.0,True,0,False,0.3675117955467064,0.6624844032937223,True,104.0,113.0,True,upper90_can_enter_real_xi
31,J. M. Gimenez,Uruguay,Defender,RCB,0.75,16,RCB:12 | LCB:4,2569.0,low_is_left,1.0,False,True,False,1537.0,0.5221339737309444,0.1190397494068342,0.4030942243241101,0.6619558471364804,0.3523162565369901,0.3402225424898327,0.4247296288769029,0.6883635680892349,0.6546666199158507,0.7640920061393434,0.64621858476786,True,0.2888160648935492,0.7554518825683396,23.0,0.2888160648935492,0.5805399022955131,True,True,True,False,True,plausible_real_xi,1.0,False,0,1.0,True,0,False,0.3263310101677188,0.71793693729417,True,22.0,11.0,True,upper90_can_enter_real_xi
49,T. Partey,Ghana,Midfielder,CM,0.6666666666666666,15,CM:10 | DM:3 | AM:2,2722.0,low_is_left,1.0,False,True,False,1602.0,0.5714114786421988,0.1165997668006996,0.4548117118414991,0.5943759198935279,0.4973631126959105,0.4764891735431489,0.3823989999672051,0.6539665875778448,0.4588768067268466,0.6960961182292192,0.5365040634343018,True,0.3428759357128276,0.7999470215715699,82.0,0.4698174469315781,0.6752213663290523,True,True,False,False,True,plausible_real_xi,1.0,False,0,1.0,True,0,False,0.3796219293183722,0.7632010279660253,True,82.0,44.0,True,upper90_can_enter_real_xi
154,L. Messi,Argentina,Attacker,RW,0.9791666666666666,48,RW:47 | LW:1,7195.0,low_is_left,1.0,False,True,False,3834.0,0.8331962192973716,0.0753707580810284,0.7578254612163432,0.6182088787096945,0.9067075438878912,0.9486847944457204,0.9729316339589624,0.3113123520480016,0.5905131930704841,0.4796213300566958,0.4060572440520354,True,0.6854695334585559,0.9809229051361874,1.0,0.5129506006993587,0.6854695334585559,True,True,True,False,True,plausible_real_xi,1.0,False,0,0.9629629629629628,True,2,False,0.7092223545017101,0.9571700840930332,True,1.0,4.0,True,upper90_can_enter_real_xi
168,D. Sanchez,Colombia,Defender,RB,0.64,50,RB:32 | RCB:17 | LCB:1,5466.0,low_is_left,1.0,False,True,False,4228.0,0.5183388347507255,0.0717730576679086,0.4465657770828168,0.7111965961046816,0.401916443623992,0.3920696386039475,0.4340638930826722,0.592052572394067,0.54973387401257,0.6166178490126715,0.6211265095603415,True,0.3776636417216245,0.6590140277798265,77.0,0.4140762867709887,0.537777630667353,True,True,False,False,True,plausible_real_xi,1.0,False,0,1.0,True,0,False,0.4002826605282689,0.6363950089731821,True,75.0,160.0,True,upper90_can_enter_real_xi
186,Son Heung-Min,South Korea,Attacker,RW,1.0,32,RW:32,4495.0,low_is_left,1.0,False,True,False,2965.0,0.7378856111280744,0.0857070582353981,0.6521785528926762,0.4752968586380203,0.7989568620498672,0.891499929357371,0.8154635382332016,0.2601346634683194,0.4015140569866491,0.5254248009408238,0.5124398937952475,True,0.5698997769866939,0.9058714452694548,11.0,0.5129506006993587,0.6854695334585559,True,True,True,False,True,plausible_real_xi,1.0,False,0,1.0,True,0,False,0.5969100455342388,0.87886117672191,True,11.0,22.0,True,upper90_can_enter_real_xi
217,L. Martinez,Argentina,Attacker,ST,0.55,40,ST:22 | RW:18,4844.0,low_is_left,1.0,False,False,False,3169.0,0.6301429707584345,0.0829025364262972,0.5472404343321373,0.3630677884177352,0.5944351006367985,0.6492548584717607,0.9183436012951112,0.3707872736407114,0.4999298112584077,0.3314357463523186,0.3205100351295209,True,0.467653999362892,0.792631942153977,8.0,0.2801951276511578,0.6164915702025182,True,True,True,True,True,insufficient_evidence_guardrail,1.0,False,0,1.0,True,0,False,0.49378043303416297,0.766505508482706,False,8.0,9.0,True,high_ability_role_stabilization
225,A. Behich,Australia,Midfielder,RB,0.8888888888888888,36,RB:32 | LB:2 | LCB:2,4313.0,low_is_left,1.0,False,True,False,3289.0,0.4942459559722165,0.08137612413107,0.4128698318411465,0.5763030376380305,0.5131388208597117,0.5205008515894115,0.5161487852183589,0.4679383117563122,0.3585425534583501,0.4360648637064681,0.3924620906567505,True,0.3347487526753193,0.6537431592691137,126.0,0.4140762867709887,0.537777630667353,True,True,False,False,True,plausible_real_xi,1.0,False,0,1.0,True,0,False,0.3603941430479728,0.6280977688964602,True,124.0,172.0,True,upper90_can_enter_real_xi
257,Marquinhos,Brazil,Defender,RCB,0.8,40,RCB:32 | RB:7 | LCB:1,5209.0,low_is_left,1.0,False,True,False,3252.0,0.4619324037867408,0.081837747856168,0.3800946559305727,0.7642319979436476,0.3531033277246257,0.3505468475841167,0.4133055291515298,0.4663806821901061,0.4271394981930335,0.8809515502878863,0.7276830417989536,True,0.3015304179886514,0.6223343895848303,31.0,0.2888160648935492,0.5805399022955131,True,True,True,False,True,plausible_real_xi,1.0,False,0,1.0,True,0,False,0.3273212874039828,0.5965435201694987,True,30.0,32.0,True,top35_guardrail
276,Neymar,Brazil,Attacker,RW,1.0,29,RW:29,3682.0,low_is_left,1.0,False,True,False,2566.0,0.7563695175494118,0.0921299025288989,0.664239615020513,0.6046952529862666,0.8541927828338964,0.8409329072587145,0.8192392660892999,0.2593611258098884,0.731116883800549,0.3376598375883269,0.3116956952616166,True,0.5757949085927699,0.9369441265060536,8.0,0.5129506006993587,0.6854695334585559,True,True,True,False,True,plausible_real_xi,1.0,False,0,1.0,True,0,False,0.6048293132240669,0.9079097218747568,True,8.0,10.0,True,upper90_can_enter_real_xi
304,S. Mane,Senegal,Midfielder,CM,0.5789473684210527,38,CM:22 | LW:6 | DM:6 | ST:2 | RW:2,4360.0,low_is_left,1.0,False,False,False,3389.0,0.7182214684740048,0.08016654249287,0.6380549259811348,0.4792453938739932,0.8270069449453098,0.82770819117031,0.7706351340833646,0.3925823135214628,0.6515110784239043,0.4423717363572009,0.3518259260325406,True,0.5610950451879795,0.8753478917600301,7.0,0.4698174469315781,0.6752213663290523,True,True,True,True,True,insufficient_evidence_guardrail,1.0,False,0,1.0,True,0,False,0.5863592402944483,0.8500836966535613,False,7.0,9.0,True,high_ability_role_stabilization
313,D. Ospina,Colombia,Goalkeeper,GK,1.0,34,GK:34,4820.0,low_is_left,1.0,False,True,False,2808.0,0.8017521123898996,0.0880704845927979,0.7136816277971016,0.3917257120481092,0.3193983603844282,0.3200496066239677,0.3215983069298614,0.2076515707299293,0.1873762530157332,0.8239427503468943,0.9996646498695336,True,0.6291339625880157,0.9743702621917836,14.0,0.589972475664744,0.6652816201691438,True,True,True,False,True,plausible_real_xi,1.0,False,0,1.0,True,0,False,0.6568890563800622,0.946615168399737,True,14.0,6.0,True,upper90_can_enter_real_xi
318,K. Koulibaly,Senegal,Defender,RCB,0.6176470588235294,34,RCB:21 | LCB:12 | RB:1,3136.0,low_is_left,1.0,False,True,False,2476.0,0.6486834713806655,0.0937893697625287,0.5548941016181368,0.6253392838135927,0.3810544236977695,0.4320030807330358,0.442863699133396,0.6899152539359789,0.5370574332252053,0.7458621841825035,0.5813015306867564,True,0.4648563066461091,0.8325106361152219,3.0,0.2888160648935492,0.5805399022955131,True,True,True,False,True,plausible_real_xi,1.0,False,0,1.0,True,0,False,0.49441368635727745,0.8029532564040536,True,3.0,4.0,True,upper90_can_enter_real_xi
369,D. Costa,Portugal,Goalkeeper,GK,1.0,54,GK:54,7705.0,low_is_left,1.0,False,True,False,4730.0,0.7897271953308543,0.0678575799950948,0.7218696153357594,0.350356219059674,0.3054797992682915,0.3098140524348434,0.3215983069298614,0.2095463188518159,0.1722290400848738,0.798935960604506,0.9996646498695336,True,0.6567263385404685,0.9227280521212402,7.0,0.589972475664744,0.6652816201691438,True,True,True,False,True,plausible_real_xi,1.0,False,0,1.0,True,0,False,0.678111408759773,0.9013429819019356,True,7.0,35.0,True,upper90_can_enter_real_xi
440,Y. Nagatomo,Japan,Defender,RB,1.0,21,RB:21,2321.0,low_is_left,1.0,False,True,False,1685.0,0.4247411142597288,0.1136917588206765,0.3110493554390523,0.3968307240646881,0.4288328173974672,0.511251087640647,0.3441324411474369,0.4874035414320285,0.2427458583316525,0.2695786927949608,0.3103597142545329,True,0.2019052669712029,0.6475769615482547,242.0,0.4140762867709887,0.537777630667353,True,True,False,False,True,plausible_real_xi,1.0,False,0,1.0,True,0,False,0.23773481240904704,0.6117474161104106,True,240.0,197.0,True,upper90_can_enter_real_xi
517,J. Rodriguez,Colombia,Attacker,RW,1.0,23,RW:23,3427.0,low_is_left,1.0,False,True,False,1855.0,0.7326193994923565,0.1083570020450145,0.624262397447342,0.7417511109899095,0.7831969495511477,0.8859727861317526,0.6817766787664824,0.2899224328656066,0.4712350634315284,0.6798533312272217,0.4952626665500054,True,0.5202396754841281,0.944999123500585,21.0,0.5129506006993587,0.6854695334585559,True,True,True,False,True,plausible_real_xi,1.0,False,0,1.0,True,0,False,0.5543879916730263,0.9108508073116868,True,21.0,9.0,True,upper90_can_enter_real_xi
529,N. Tagliafico,Argentina,Defender,LCB,0.6206896551724138,29,LCB:18 | LB:6 | RB:4 | RCB:1,3844.0,low_is_left,1.0,False,True,False,2565.0,0.6183807625628173,0.092147859824173,0.5262329027386443,0.5674309942991511,0.4467781969763452,0.4595559597263907,0.3450410996747411,0.65470616941925,0.6820546973852105,0.5348961678117443,0.5470259097141372,True,0.4377709573074382,0.7989905678181963,9.0,0.1977891624684348,0.5686669344450404,True,True,True,False,True,plausible_real_xi,1.0,False,0,1.0,True,0,False,0.46681102111521044,0.7699505040104241,True,9.0,9.0,True,upper90_can_enter_real_xi
617,Ederson,Brazil,Goalkeeper,GK,1.0,39,GK:39,4226.0,low_is_left,1.0,False,True,False,3246.0,0.6925290351879142,0.0819133485631499,0.6106156866247643,0.3259261106255007,0.3090825139156646,0.3186580260543165,0.3215983069298614,0.2076515707299293,0.1633693891959162,0.18352170423047,0.9996646498695336,True,0.5319788720041403,0.8530791983716881,62.0,0.589972475664744,0.6652816201691438,True,True,False,False,True,plausible_real_xi,1.0,False,0,1.0,True,0,False,0.5577935667080769,0.8272645036677515,True,62.0,79.0,True,upper90_can_enter_real_xi
624,N. Otamendi,Argentina,Defender,LCB,0.8490566037735849,53,LCB:45 | RB:6 | RCB:2,6580.0,low_is_left,1.0,False,True,False,4243.0,0.7090932474189339,0.0716460780479048,0.637447169371029,0.6987511164674736,0.3854929782672515,0.3586572629419761,0.4414579578885122,0.6421153999811392,0.7470740271681999,0.7835070650513187,0.6477791550017684,True,0.5686669344450404,0.8495195603928274,1.0,0.1977891624684348,0.5686669344450404,True,True,True,False,True,plausible_real_xi,1.0,False,0,1.0,True,0,False,0.5912459360849894,0.8269405587528783,True,1.0,1.0,True,upper90_can_enter_real_xi
667,M. Depay,Netherlands,Attacker,RW,1.0,25,RW:25,4158.0,low_is_left,1.0,False,True,False,2166.0,0.5375057116508054,0.100276625701356,0.4372290859494493,0.4261493256558184,0.5869443593758832,0.6374882065812219,0.6872507415926042,0.2361835487009402,0.2255142890244847,0.3029477291771938,0.3719061959897802,True,0.3409635252761475,0.7340478980254632,203.0,0.5129506006993587,0.6854695334585559,True,True,False,False,True,plausible_real_xi,1.0,False,0,1.0,True,0,False,0.3725653401674748,0.702446083134136,True,198.0,205.0,True,upper90_can_enter_real_xi
706,J. Brenet,Curaçao,Defender,RB,1.0,23,RB:23,2731.0,low_is_left,1.0,False,True,False,1967.0,0.4814346561942144,0.1052268955279515,0.3762077606662629,0.4181002874445122,0.446459239369997,0.4826313984776738,0.3571310700848511,0.5999247602382427,0.4450779889443455,0.4283919883084977,0.3112346477137711,True,0.2751899409594294,0.6876793714289995,178.0,0.4140762867709887,0.537777630667353,True,True,False,False,True,plausible_real_xi,1.0,False,0,1.0,True,0,False,0.3083518154322197,0.6545174969562091,True,176.0,126.0,True,upper90_can_enter_real_xi
747,Casemiro,Brazil,Midfielder,CM,0.6842105263157895,38,CM:26 | DM:10 | AM:2,4863.0,low_is_left,1.0,False,True,False,3049.0,0.6413963622179201,0.0845181973337754,0.5568781648841447,0.6376012485768663,0.4907935341350636,0.552982803716113,0.6667703722678503,0.7871138844179636,0.7355703581548739,0.4695984520256384,0.4366993167823033,True,0.4757406954437203,0.8070520289921198,28.0,0.4698174469315781,0.6752213663290523,True,True,True,False,True,plausible_real_xi,1.0,False,0,1.0,True,0,False,0.5023762987900593,0.7804164256457808,True,28.0,32.0,True,upper90_can_enter_real_xi
750,A. Fidalgo,Mexico,Midfielder,CM,0.7586206896551724,29,CM:22 | AM:4 | DM:3,3372.0,low_is_left,1.0,False,True,False,2338.0,0.6267686643026138,0.0965176377947303,0.5302510265078835,0.7453971884863415,0.6016986806883614,0.5559393972089752,0.50511164059056,0.4836248747211873,0.4972149740716399,0.716264693133284,0.6572434559537055,True,0.4375940942249423,0.8159432343802853,39.0,0.4698174469315781,0.6752213663290523,True,True,False,False,True,plausible_real_xi,1.0,False,0,1.0,True,0,False,0.4680112777111632,0.7855260508940645,True,39.0,29.0,True,upper90_can_enter_real_xi
762,Vinicius Junior,Brazil,Midfielder,ST,0.5094339622641509,53,ST:27 | LW:18 | RW:8,6562.0,low_is_left,1.0,False,False,False,4696.0,0.7499730353323997,0.0681027883315721,0.6818702470008275,0.4811839680863916,0.8594836179444713,0.7399860059449374,0.8535374663148372,0.2917040016959705,0.649634834414871,0.4627970145865626,0.4354512170714422,True,0.6164915702025182,0.8834545004622811,1.0,0.2801951276511578,0.6164915702025182,True,True,True,True,True,insufficient_evidence_guardrail,1.0,False,0,1.0,True,0,False,0.6379539169397049,0.8619921537250944,False,1.0,4.0,True,high_ability_role_stabilization
790,E. Dzeko,Bosnia & Herzegovina,Attacker,RW,0.8235294117647058,17,RW:14 | ST:3,5088.0,low_is_left,1.0,False,True,False,1516.0,0.6747888105064112,0.1198613975282044,0.5549274129782067,0.35490192218332,0.6064748327380484,0.6724587695231671,0.8329457135255874,0.2512326128765916,0.8341660273533971,0.4349829411715134,0.1508205332979825,True,0.4398604713511305,0.9097171496616918,79.0,0.5129506006993587,0.6854695334585559,True,True,False,False,True,plausible_real_xi,1.0,False,0,1.0,True,0,False,0.47763435605067195,0.8719432649621504,True,79.0,23.0,True,upper90_can_enter_real_xi
855,J. Cancelo,Portugal,Defender,LB,0.5714285714285714,28,LB:16 | RB:12,2865.0,low_is_left,1.0,False,False,False,2230.0,0.6878468460897644,0.0988272034588541,0.5890196426309102,0.6567255354499806,0.7571973602241818,0.6408507478618696,0.5298319987117961,0.6566929617353233,0.6985385903506383,0.6162736399297235,0.5665061255297936,True,0.4941455273104103,0.8815481648691186,3.0,0.3170630071570786,0.5537089048331636,True,True,True,True,True,insufficient_evidence_guardrail,1.0,False,0,1.0,True,0,False,0.5252905620389972,0.8504031301405317,False,3.0,3.0,True,high_ability_role_stabilization
927,Lee Kang-In,South Korea,Attacker,RW,0.7894736842105263,19,RW:15 | ST:2 | LW:2,3738.0,low_is_left,1.0,False,True,False,2119.0,0.7560458813871643,0.1013826080904338,0.6546632732967305,0.7825758801321153,0.8712909082762187,0.8989327213102971,0.6254822435383243,0.3490842472872358,0.5400159796408568,0.6729212925025602,0.6670201769931555,True,0.557335969529914,0.9547557932444146,10.0,0.5129506006993587,0.6854695334585559,True,True,True,False,True,plausible_real_xi,1.0,False,0,1.0,True,0,False,0.5892863307598146,0.922805432014514,True,10.0,6.0,True,upper90_can_enter_real_xi
1084,M. Pongracic,Croatia,Defender,RB,0.9333333333333332,45,RB:42 | LCB:3,5594.0,low_is_left,1.0,False,True,False,4083.0,0.4756421344010564,0.0730363813804002,0.4026057530206562,0.6719857310176824,0.4103412724790305,0.3531519285057121,0.3680020559688248,0.5364461754391453,0.4157402914007491,0.7077807160969937,0.6702693173634728,True,0.3324908268954719,0.618793441906641,141.0,0.4140762867709887,0.537777630667353,True,True,False,False,True,plausible_real_xi,1.0,False,0,1.0,True,0,False,0.35550797758809416,0.5957762912140186,True,139.0,220.0,True,upper90_can_enter_real_xi
1125,R. Christie,Scotland,Midfielder,CM,0.9,10,CM:9 | AM:1,1956.0,low_is_left,1.0,False,True,False,1154.0,0.6112538235479037,0.1373807975501983,0.4738730259977053,0.541788942436599,0.6465543972150523,0.4729491084866452,0.5744953324793529,0.7181731991386455,0.7635142263374466,0.4062209987377296,0.3325826127156346,True,0.3419874603495149,0.8805201867462925,73.0,0.4698174469315781,0.6752213663290523,True,True,False,False,True,plausible_real_xi,1.0,False,0,1.0,True,0,False,0.3852825204239741,0.8372251266718334,True,73.0,12.0,True,upper90_can_enter_real_xi
1150,T. Adams,USA,Midfielder,CM,0.9310344827586208,29,CM:27 | DM:1 | AM:1,2773.0,low_is_left,1.0,False,True,False,2142.0,0.60241838405871,0.1008368346731032,0.5015815493856067,0.6037876101218723,0.3999123753123013,0.4050972395147214,0.5291148962497572,0.7694957803915808,0.5399608194062108,0.5695755194987628,0.5785373541317075,True,0.4047781880994276,0.8000585800179922,55.0,0.4698174469315781,0.6752213663290523,True,True,False,False,True,plausible_real_xi,1.0,False,0,1.0,True,0,False,0.4365565508163502,0.7682802173010697,True,55.0,41.0,True,upper90_can_enter_real_xi
1159,M. Sabitzer,Austria,Midfielder,CM,0.6363636363636364,33,CM:21 | AM:10 | DM:1 | RW:1,3419.0,low_is_left,1.0,False,True,False,2709.0,0.4755400219643871,0.0896653060533144,0.3858747159110727,0.5017666306213975,0.430316891568296,0.5198175133695471,0.4645402983254709,0.5393799813326196,0.3331165789955141,0.4809671329958416,0.4933260128755529,True,0.2997960220998907,0.6512840218288836,103.0,0.4698174469315781,0.6752213663290523,True,False,False,False,True,plausible_top30,1.0,False,0,1.0,True,0,False,0.32805371809087913,0.6230263258378951,True,103.0,103.0,True,upper90_can_enter_top30
1290,G. Varela,Uruguay,Defender,RB,1.0,38,RB:38,5704.0,low_is_left,1.0,False,True,False,3574.0,0.5003780289859021,0.0780641550978167,0.4223138738880854,0.5067484599978954,0.4555169473825557,0.4824137303619943,0.3926036648974212,0.554802004163611,0.5194832038429424,0.5895494004858699,0.5328151684171228,True,0.3473722849941814,0.6533837729776228,109.0,0.4140762867709887,0.537777630667353,True,True,False,False,True,plausible_real_xi,1.0,False,0,0.9746835443037974,True,2,False,0.3719739203383561,0.6287821376334481,True,107.0,171.0,True,upper90_can_enter_real_xi
1324,I. Sunjic,Bosnia & Herzegovina,Midfielder,AM,0.8222222222222222,45,AM:37 | CM:6 | RCB:1 | RB:1,2938.0,low_is_left,1.0,False,True,False,2112.0,0.4660516632787004,0.1015504800579494,0.3645011832207509,0.4774375875418937,0.3775281057085358,0.3974264973512254,0.4604712644840903,0.4656926431096246,0.2670678198721486,0.6861396823225663,0.4810048933392227,True,0.2670127223651194,0.6650906041922814,147.0,0.4583156981188975,0.5944349510352618,True,True,False,False,True,plausible_real_xi,1.0,False,0,1.0,True,0,False,0.29901598783671923,0.6330873387206816,True,144.0,140.0,True,upper90_can_enter_real_xi
1485,B. Fernandes,Portugal,Midfielder,AM,0.4634146341463415,41,AM:19 | CM:15 | DM:7,4783.0,low_is_left,1.0,False,False,False,3624.0,0.7463815258219413,0.077523762646265,0.6688577631756762,0.7419535163235885,0.7456260869685294,0.9462343217135988,0.6269102663181005,0.4844859371296802,0.4092761248076461,0.4601807651215661,0.4410180414374093,True,0.5944349510352618,0.8983281006086208,2.0,0.4583156981188975,0.5944349510352618,True,True,True,True,True,insufficient_evidence_guardrail,1.0,False,0,1.0,True,0,False,0.6188662836583072,0.8738967679855754,False,2.0,8.0,True,high_ability_role_stabilization
1494,Jovane,Cape Verde Islands,Midfielder,RW,1.0,17,RW:17,3320.0,low_is_left,1.0,False,True,False,1820.0,0.6567795001355674,0.1093939347817463,0.5473855653538211,0.4258557198048162,0.7016913550917667,0.5211723777899631,0.752090440895163,0.5048896994699914,0.7987511007581166,0.5150666512810974,0.3736723666318484,True,0.4423673879633446,0.8711916123077902,88.0,0.5129506006993587,0.6854695334585559,True,True,False,False,True,plausible_real_xi,1.0,False,0,1.0,True,0,False,0.4768424897433192,0.8367165105278156,True,88.0,49.0,True,upper90_can_enter_real_xi
1496,Raphinha,Brazil,Midfielder,AM,0.3793103448275862,29,AM:11 | CM:10 | RW:4 | LW:4,3660.0,low_is_left,1.0,False,False,False,2438.0,0.7561639713712371,0.0945174697708238,0.6616465016004134,0.5441666723176589,0.7859716878369297,0.8520724267862048,0.9253295291474124,0.3744874079567636,0.3868947632762593,0.4817437939040627,0.3819255060211227,True,0.5709097306204225,0.9414182121220518,3.0,0.4583156981188975,0.5944349510352618,True,True,True,True,True,insufficient_evidence_guardrail,1.0,False,0,1.0,True,0,False,0.6006965684084214,0.9116313743340528,False,3.0,3.0,True,high_ability_role_stabilization
1578,G. Lo Celso,Argentina,Midfielder,CM,0.9047619047619048,21,CM:19 | RW:1 | AM:1,2394.0,low_is_left,1.0,False,True,False,1858.0,0.6657389093073696,0.1082694879625898,0.5574694213447797,0.6818387523653894,0.6919569966511793,0.7193842743549633,0.6320650230948341,0.4222450382296067,0.6317782949535714,0.5346303873835316,0.5991828317818676,True,0.4535307129006936,0.8779471057140456,27.0,0.4698174469315781,0.6752213663290523,True,True,True,False,True,plausible_real_xi,1.0,False,0,1.0,True,0,False,0.487651449343925,0.8438263692708141,True,27.0,10.0,True,upper90_can_enter_real_xi
1640,H. Calhanoglu,Türkiye,Midfielder,CM,0.896551724137931,29,CM:26 | DM:2 | AM:1,2898.0,low_is_left,1.0,False,True,False,2316.0,0.6388652314029822,0.0969749713983985,0.5418902600045837,0.8369948690025019,0.5780779730382132,0.7826839644675885,0.7969606043449848,0.56940649623506,0.4066032279498636,0.502941562731276,0.6447651022095001,True,0.4487942874621212,0.8289361753438433,33.0,0.4698174469315781,0.6752213663290523,True,True,True,False,True,plausible_real_xi,1.0,False,0,1.0,True,0,False,0.4793555979748112,0.7983748648311533,True,33.0,23.0,True,upper90_can_enter_real_xi
1807,E. Ndicka,Ivory Coast,Defender,RB,0.7380952380952381,42,RB:31 | LB:5 | LCB:4 | RCB:2,7332.0,low_is_left,1.0,False,True,False,3840.0,0.4709732738491438,0.0753118516569603,0.3956614221921835,0.627827337754401,0.3543338485815068,0.3363596443322412,0.4778899059106891,0.5553610937891819,0.543047848836474,0.5725808549296088,0.6447093081346299,True,0.3233620446015015,0.6185845030967861,150.0,0.4140762867709887,0.537777630667353,True,True,False,False,True,plausible_real_xi,1.0,False,0,1.0,True,0,False,0.34709630149876136,0.5948502461995262,True,148.0,222.0,True,upper90_can_enter_real_xi
1864,P. Neto,Portugal,Midfielder,AM,0.7916666666666666,48,AM:38 | CM:5 | RW:5,5367.0,low_is_left,1.0,False,True,False,4123.0,0.65430463695535,0.0726812303267784,0.5816234066285716,0.5117121715045314,0.7306448643319693,0.7237791875956693,0.6245484215804369,0.3017903943163408,0.3499358699168216,0.5317455815723012,0.5842385286703495,True,0.5118494255148643,0.7967598483958357,18.0,0.4583156981188975,0.5944349510352618,True,True,True,False,True,plausible_real_xi,1.0,False,0,1.0,True,0,False,0.5347546516410533,0.7738546222696467,True,18.0,48.0,True,upper90_can_enter_real_xi
1942,J. Ito,Japan,Attacker,RW,0.9310344827586208,29,RW:27 | ST:2,3139.0,low_is_left,1.0,False,True,False,2420.0,0.6572831718704657,0.0948683298050513,0.5624148420654143,0.5038836323575762,0.7119331225855011,0.8066844841350511,0.7087391182636997,0.5528308228073107,0.4679209894768981,0.3800857872454784,0.3207918219064329,True,0.4713412454525649,0.8432250982883664,69.0,0.5129506006993587,0.6854695334585559,True,True,False,False,True,plausible_real_xi,1.0,False,0,1.0,True,0,False,0.5012386555077986,0.8133276882331328,True,69.0,79.0,True,upper90_can_enter_real_xi
2194,R. Bensebaini,Algeria,Defender,LCB,0.6052631578947368,38,LCB:23 | LB:15,4235.0,low_is_left,1.0,False,True,False,3155.0,0.6800823975305541,0.0830862687254227,0.5969961288051314,0.7303567719674867,0.4079939638678451,0.4043995287162597,0.5656502239618071,0.6618404041537891,0.6718276873278791,0.6651982624749342,0.5712485853367999,True,0.5172333108287256,0.8429314842323826,2.0,0.1977891624684348,0.5686669344450404,True,True,True,False,True,plausible_real_xi,1.0,False,0,1.0,True,0,False,0.5434176470676779,0.8167471479934303,True,2.0,3.0,True,upper90_can_enter_real_xi
2410,Weverton,Brazil,Goalkeeper,GK,1.0,51,GK:51,7181.0,low_is_left,1.0,False,True,False,4117.0,0.6744934680611284,0.0727341728349471,0.6017592952261812,0.2773596900754302,0.3114573785020453,0.3316629550988831,0.3215983069298614,0.2115839275223314,0.1462532476947778,0.1280398174519919,0.9996646498695336,True,0.5319344893046319,0.8170524468176249,71.0,0.589972475664744,0.6652816201691438,True,True,False,False,True,plausible_real_xi,1.0,False,0,1.0,True,0,False,0.5548564000702505,0.7941305360520063,True,71.0,101.0,True,upper90_can_enter_real_xi
2467,L. Martinez,Argentina,Defender,LCB,0.95,20,LCB:19 | RB:1,2534.0,low_is_left,1.0,False,True,False,1898.0,0.6209246807376376,0.1071225330715972,0.5138021476660404,0.7308200425771201,0.4737087046763532,0.3910246795222445,0.448444041876182,0.5540030677511638,0.4517454824441467,0.8219344420087525,0.6615977342453616,True,0.410964515917307,0.8308848455579683,10.0,0.1977891624684348,0.5686669344450404,True,True,True,False,True,plausible_real_xi,1.0,False,0,1.0,True,0,False,0.44472379368659193,0.7971255677886833,True,10.0,4.0,True,upper90_can_enter_real_xi
2468,G. Montiel,Argentina,Defender,RB,1.0,32,RB:32,4694.0,low_is_left,1.0,False,True,False,2823.0,0.5068610088988519,0.0878361918537135,0.4190248170451383,0.5362260166782706,0.4625257710062594,0.5497100213138844,0.56330671309863,0.5560827477856483,0.4253364404690626,0.4763345652798594,0.3891303240485595,True,0.3347020728655733,0.6790199449321305,115.0,0.4140762867709887,0.537777630667353,True,True,False,False,True,plausible_real_xi,1.0,False,0,0.9622641509433962,True,2,False,0.36238333015066587,0.651338687647038,True,113.0,133.0,True,upper90_can_enter_real_xi
2472,R. de Paul,Argentina,Midfielder,CM,0.9,40,CM:36 | DM:2 | AM:2,5168.0,low_is_left,1.0,False,True,False,3650.0,0.6474573940681412,0.0772471571494461,0.570210236918695,0.7859791404855276,0.6340368096300595,0.7257003051895252,0.503322128517799,0.4238671529793531,0.4300715237944837,0.5545480225999312,0.5864246489658712,True,0.4960529660552266,0.7988618220810557,22.0,0.4698174469315781,0.6752213663290523,True,True,True,False,True,plausible_real_xi,1.0,False,0,0.981132075471698,True,1,False,0.5203971274591844,0.7745176606770979,True,22.0,37.0,True,upper90_can_enter_real_xi
2481,A. Montero,Colombia,Goalkeeper,GK,1.0,20,GK:20,4277.0,low_is_left,1.0,False,True,False,1727.0,0.645463675785103,0.1123007790184594,0.5331628967666435,0.1853987384947344,0.3099132889559258,0.3265466040049631,0.3215983069298614,0.2076515707299293,0.1705628899257292,0.057122471052751,0.9996646498695336,True,0.4253541489089224,0.8655732026612836,103.0,0.589972475664744,0.6652816201691438,True,True,False,False,True,plausible_real_xi,1.0,False,0,1.0,True,0,False,0.46074533210711427,0.8301820194630918,True,103.0,74.0,True,upper90_can_enter_real_xi
2482,C. Vargas,Colombia,Goalkeeper,GK,1.0,40,GK:40,4992.0,low_is_left,1.0,False,True,False,3655.0,0.7787431682480764,0.0771943024342948,0.7015488658137816,0.3305541221480152,0.3120156085988012,0.3304349866319596,0.3215983069298614,0.2123331548512136,0.1539777755625347,0.752111909268199,0.9996646498695336,True,0.6274423354768586,0.9300440010192944,18.0,0.589972475664744,0.6652816201691438,True,True,True,False,True,plausible_real_xi,1.0,False,0,1.0,True,0,False,0.6517698399090378,0.9057164965871151,True,18.0,32.0,True,upper90_can_enter_real_xi
2483,D. Machado,Colombia,Defender,RB,0.8421052631578947,19,RB:16 | LB:3,2026.0,low_is_left,1.0,False,True,False,1399.0,0.4766491340994992,0.1247728457839772,0.351876288315522,0.382173265939464,0.4861547704892004,0.4218164881821754,0.3742581030816917,0.5323628398038688,0.5620558418841206,0.3959956898463374,0.4680146447902408,True,0.2320943563629039,0.7212039118360947,208.0,0.4140762867709887,0.537777630667353,True,True,False,False,True,plausible_real_xi,1.0,False,0,1.0,True,0,False,0.2714160661666676,0.6818822020323309,True,206.0,92.0,True,upper90_can_enter_real_xi
2489,L. Diaz,Colombia,Midfielder,CM,0.8490566037735849,53,CM:45 | LW:5 | ST:1 | DM:1 | AM:1,6514.0,low_is_left,1.0,False,True,False,4720.0,0.7526188721326746,0.067929424991391,0.6846894471412837,0.5959489456421992,0.8108049193418665,0.8162191389921238,0.8579838746169666,0.3458045710075304,0.5091201294311842,0.5297628990079921,0.5502420777820003,True,0.6194771991495482,0.885760545115801,4.0,0.4698174469315781,0.6752213663290523,True,True,True,False,True,plausible_real_xi,1.0,False,0,1.0,True,0,False,0.6408849110588571,0.8643528332064921,True,4.0,8.0,True,upper90_can_enter_real_xi
2490,J. Lerma,Colombia,Midfielder,DM,0.4242424242424242,33,DM:14 | CM:10 | RB:8 | LB:1,4489.0,low_is_left,1.0,False,False,False,3137.0,0.5020402139580027,0.0833243008599712,0.4187159130980314,0.5599861360676167,0.4355180623784275,0.5057273521115513,0.4025026990691897,0.5479581026010997,0.6740795918258221,0.3940063913623057,0.4118232946856404,True,0.3387245842724591,0.6653558436435463,16.0,0.2567438243531459,0.59591886719741,True,True,True,True,True,insufficient_evidence_guardrail,1.0,False,0,1.0,True,0,False,0.3649839354752834,0.639096492440722,False,16.0,19.0,True,covered_pool_shortage
2499,J. Alonso,Paraguay,Defender,RB,0.7692307692307693,52,RB:40 | LB:8 | LCB:4,8456.0,low_is_left,1.0,False,True,False,4420.0,0.450390285432196,0.0701968789189003,0.3801934065132957,0.5961653353282506,0.3422944134857975,0.3463299865689063,0.3947832727169062,0.5625294283461323,0.4367301248466811,0.6243285396738473,0.5868351882601086,True,0.3128044027511514,0.5879761681132406,175.0,0.4140762867709887,0.537777630667353,True,True,False,False,True,plausible_real_xi,1.0,False,0,1.0,True,0,False,0.3349266945417695,0.5658538763226225,True,173.0,240.0,True,upper90_can_enter_top30
2500,Fabian Balbuena,Paraguay,Defender,RB,1.0,12,RB:12,1843.0,low_is_left,1.0,False,True,False,1084.0,0.4454474193078255,0.141747137263894,0.3037002820439314,0.6350784090397844,0.338193302959604,0.3231051877636045,0.4234013015492655,0.5438432587534786,0.418819500919722,0.6920421228156045,0.5294967721784147,True,0.1676230302705931,0.7232718083450579,247.0,0.4140762867709887,0.537777630667353,True,True,False,False,True,plausible_real_xi,1.0,False,0,1.0,True,0,False,0.21229412646932125,0.6786007121463298,True,244.0,94.0,True,upper90_can_enter_real_xi
2502,G. Gomez,Paraguay,Defender,RB,0.8939393939393939,66,RB:59 | RCB:7,9607.0,low_is_left,1.0,False,True,False,5750.0,0.4660590899838768,0.0615453173438607,0.4045137726400161,0.5133984602492476,0.3592938290800798,0.3946140964611883,0.4693759209423757,0.5603972352516662,0.562336899130067,0.6007178448332882,0.4778125643945437,True,0.3454302679899098,0.5866879119778438,135.0,0.4140762867709887,0.537777630667353,True,True,False,False,True,plausible_real_xi,1.0,False,0,1.0,True,0,False,0.3648260515289482,0.5672921284388054,True,133.0,239.0,True,upper90_can_enter_top30
2514,Kaku,Paraguay,Attacker,RW,1.0,13,RW:13,1595.0,low_is_left,1.0,False,True,False,1195.0,0.51480887543397,0.1350034867053223,0.3798053887286476,0.578174716882962,0.584985460349001,0.8202309025883346,0.4631117698708307,0.3994315990477918,0.2246513914325955,0.1976230570996329,0.3905518573827439,True,0.2502020414915382,0.7794157093764018,238.0,0.5129506006993587,0.6854695334585559,True,True,False,False,True,plausible_real_xi,1.0,False,0,1.0,True,0,False,0.2927479006756258,0.7368698501923143,True,232.0,182.0,True,upper90_can_enter_real_xi
2522,A. Sanabria,Paraguay,Attacker,RW,1.0,14,RW:14,1912.0,low_is_left,1.0,False,True,False,1177.0,0.50661204818797,0.1360318819144845,0.3705801662734854,0.2840641099769342,0.4772082426766493,0.444302940159007,0.5063249001342165,0.2603896860545794,0.5446063248430898,0.6377696040319408,0.3720931701960838,True,0.2399895596355803,0.7732345367403597,241.0,0.5129506006993587,0.6854695334585559,True,True,False,False,True,plausible_real_xi,1.0,False,0,1.0,True,0,False,0.2828595138398958,0.7303645825360442,True,235.0,186.0,True,upper90_can_enter_real_xi
2530,Pedro Miguel,Qatar,Defender,RB,0.8,20,RB:16 | RCB:4,2728.0,low_is_left,1.0,False,True,False,1777.0,0.4676517383833268,0.1107095852574075,0.3569421531259193,0.4902614092542295,0.3856296738276498,0.4185655326548393,0.4997976770842399,0.531017894296405,0.5661617387338812,0.5394453149137668,0.4779574350841308,True,0.250660951278808,0.6846425254878457,200.0,0.4140762867709887,0.537777630667353,True,True,False,False,True,plausible_real_xi,1.0,False,0,1.0,True,0,False,0.28555067553438684,0.6497528012322668,True,198.0,138.0,True,upper90_can_enter_real_xi
2532,B. Khoukhi,Qatar,Defender,RCB,0.7142857142857143,21,RCB:15 | LCB:4 | RB:2,2697.0,low_is_left,1.0,False,True,False,1869.0,0.5410282814167696,0.1079504077328799,0.4330778736838896,0.6154662228322461,0.3621748490454154,0.3906500304395883,0.4319106744445453,0.4858219762417629,0.4751289060414712,0.6326111686176293,0.6376064894924006,True,0.3294454822603249,0.7526110805732142,18.0,0.2888160648935492,0.5805399022955131,True,True,True,False,True,plausible_real_xi,1.0,False,0,1.0,True,0,False,0.3634656617264519,0.7185909011070873,True,17.0,10.0,True,upper90_can_enter_real_xi
2539,A. Fathi,Qatar,Midfielder,AM,0.9090909090909092,11,AM:10 | CM:1,2174.0,low_is_left,1.0,False,True,False,1027.0,0.6735335820578043,0.1456276079414269,0.5279059741163774,0.6271897157771108,0.4408216830952532,0.401589153515683,0.3215983069298614,0.7939407579599477,0.7551365664885369,0.6471388984208639,0.5733729038938725,True,0.3881034704926074,0.9589636936230012,40.0,0.4583156981188975,0.5944349510352618,True,True,False,False,True,plausible_real_xi,1.0,False,0,1.0,True,0,False,0.4339974829510813,0.9130696811645274,True,40.0,2.0,True,upper90_can_enter_real_xi
2544,A. Afif,Qatar,Attacker,RW,0.8076923076923077,26,RW:21 | LW:3 | ST:2,3842.0,low_is_left,1.0,False,True,False,2306.0,0.723331549131989,0.0971850105688704,0.6261465385631185,0.6003513306609437,0.8011081264837825,0.9485262581772168,0.7907052769213666,0.2618022181118187,0.3043980815475781,0.4454730168751587,0.3419703790964086,True,0.5328489284170029,0.9138141698469752,20.0,0.5129506006993587,0.6854695334585559,True,True,True,False,True,plausible_real_xi,1.0,False,0,1.0,True,0,False,0.5634764320124654,0.8831866662515127,True,20.0,19.0,True,upper90_can_enter_real_xi
2583,A. Preciado,Ecuador,Defender,RB,0.96,25,RB:24 | LCB:1,3039.0,low_is_left,1.0,False,True,False,2132.0,0.5098857145094231,0.1010730421522286,0.4088126723571944,0.4353027655961704,0.6496552126067741,0.5756781662019087,0.425023457577189,0.5302618171153274,0.7026383701491806,0.3173655694645623,0.2893172244000933,True,0.3117825518910549,0.7079888771277912,128.0,0.4140762867709887,0.537777630667353,True,True,False,False,True,plausible_real_xi,1.0,False,0,1.0,True,0,False,0.34363535453831084,0.6761360744805354,True,126.0,97.0,True,upper90_can_enter_real_xi
2598,R. Doan,Japan,Attacker,RW,0.9743589743589745,39,RW:38 | ST:1,4566.0,low_is_left,1.0,False,True,False,3339.0,0.5828825526483188,0.0807645408035787,0.50211801184474,0.4185166724081929,0.6567302244402223,0.6034699272562793,0.5892340029555435,0.4763864378019072,0.5448389737646022,0.418718191355273,0.3289948977460431,True,0.4245840526733044,0.7411810526233331,148.0,0.5129506006993587,0.6854695334585559,True,True,False,False,True,plausible_real_xi,1.0,False,0,1.0,True,0,False,0.45003670477848223,0.7157284005181553,True,147.0,197.0,True,upper90_can_enter_real_xi
2601,D. Kamada,Japan,Attacker,ST,0.7804878048780488,41,ST:32 | RW:9,4544.0,low_is_left,1.0,False,True,False,3539.0,0.5294083065099504,0.0784492247909585,0.4509590817189918,0.5415698053597228,0.5381549688503229,0.5758528391832833,0.4598706510192784,0.5971285314096401,0.5324144602726593,0.5416852433874374,0.5132232124218812,True,0.3756478259196716,0.6831687871002292,12.0,0.2801951276511578,0.6164915702025182,True,True,True,False,True,plausible_real_xi,1.0,False,0,1.0,True,0,False,0.400370814581011,0.6584457984388898,True,12.0,13.0,True,upper90_can_enter_real_xi
2682,A. Beiranvand,Iran,Goalkeeper,GK,1.0,12,GK:12,1946.0,low_is_left,1.0,False,True,False,1042.0,0.778033950616247,0.1445756249316467,0.6334583256846003,0.3294810933087006,0.3384631130186843,0.3098140524348434,0.3215983069298614,0.2076515707299293,0.1888715906290069,0.7488144968417558,0.9996646498695336,True,0.4946657257502193,1.0,44.0,0.589972475664744,0.6652816201691438,True,True,False,False,True,plausible_real_xi,1.0,False,0,1.0,True,0,False,0.5402282095786523,1.0,True,44.0,1.0,True,upper90_can_enter_real_xi
2699,S. Ghoddos,Iran,Midfielder,CM,0.75,16,CM:12 | ST:2 | DM:1 | RW:1,1842.0,low_is_left,1.0,False,True,False,1264.0,0.4577543507720759,0.1312669518889954,0.3264873988830805,0.4203020355171011,0.5135387279081749,0.5289649056083169,0.5520536476032769,0.4659152926603189,0.5129909003459764,0.3583186798690041,0.3745140058263462,True,0.2004711250696448,0.7150375764745069,106.0,0.4698174469315781,0.6752213663290523,True,True,False,False,True,plausible_real_xi,1.0,False,0,1.0,True,0,False,0.24183942885859738,0.6736692726855544,True,106.0,84.0,True,upper90_can_enter_top30
2700,A. Jahanbakhsh,Iran,Midfielder,RW,1.0,9,RW:9,1372.0,low_is_left,1.0,False,True,False,960.0,0.4979410156394442,0.1506237033139207,0.3473173123255235,0.400672451650348,0.5545429832190208,0.5287022823858585,0.526309911227392,0.3631836232214118,0.5176299206704928,0.2687018186192532,0.1695202839321573,True,0.2027185571441597,0.7931634741347289,248.0,0.5129506006993587,0.6854695334585559,True,True,False,False,True,plausible_real_xi,1.0,False,0,1.0,True,0,False,0.2501870709386793,0.7456949603402091,True,242.0,170.0,True,upper90_can_enter_real_xi
2701,Bono,Morocco,Goalkeeper,GK,1.0,44,GK:44,5213.0,low_is_left,1.0,False,True,False,4091.0,0.6964474716737765,0.0729649346708264,0.6234825370029501,0.2985766154169723,0.302656768731441,0.3098140524348434,0.3215983069298614,0.2096234693923557,0.1585689273026095,0.2461106077475901,0.9996646498695336,True,0.5534361997189567,0.8394587436285963,51.0,0.589972475664744,0.6652816201691438,True,True,False,False,True,plausible_real_xi,1.0,False,0,1.0,True,0,False,0.5764308342401905,0.8164641091073626,True,51.0,89.0,True,upper90_can_enter_real_xi
2741,M. Ryan,Australia,Goalkeeper,GK,1.0,36,GK:36,4411.0,low_is_left,1.0,False,True,False,3241.0,0.6934662560324428,0.081976509455072,0.6114897465773708,0.3370820023491355,0.3001189077929472,0.3098140524348434,0.3215983069298614,0.215474187611982,0.1807126949288764,0.1748953208958145,0.9996646498695336,True,0.5327922975005016,0.854140214564384,60.0,0.589972475664744,0.6652816201691438,True,True,False,False,True,plausible_real_xi,1.0,False,0,1.0,True,0,False,0.558626897130446,0.8283056149344397,True,60.0,76.0,True,upper90_can_enter_real_xi
2742,M. Degenek,Australia,Defender,RB,1.0,19,RB:19,2452.0,low_is_left,1.0,False,True,False,1706.0,0.4248028395893189,0.1129898479706536,0.3118129916186652,0.5798500546757897,0.3307613179226669,0.3354024718160405,0.4898839467335396,0.5275599736098974,0.3670072972018945,0.6303149568998045,0.5102437268893241,True,0.2033427375668378,0.6462629416118,241.0,0.4140762867709887,0.537777630667353,True,True,False,False,True,plausible_real_xi,1.0,False,0,1.0,True,0,False,0.2389510783460939,0.610654600832544,True,239.0,200.0,True,upper90_can_enter_real_xi
2749,J. Irvine,Australia,Midfielder,AM,0.8571428571428571,21,AM:18 | DM:2 | CM:1,3334.0,low_is_left,1.0,False,True,False,1973.0,0.5339853593998399,0.105066773352215,0.4289185860476249,0.4450579342865899,0.4595744164298178,0.4368287937415847,0.411163458992724,0.6548910588000042,0.6346866690007003,0.4480279036824359,0.2303636681838479,True,0.3280544836294985,0.7399162351701813,116.0,0.4583156981188975,0.5944349510352618,True,True,False,False,True,plausible_real_xi,1.0,False,0,1.0,True,0,False,0.3611658961793608,0.7068048226203191,True,115.0,97.0,True,upper90_can_enter_real_xi
2810,D. Zakaria,Switzerland,Defender,RB,0.6944444444444444,36,RB:25 | LCB:8 | RCB:3,5608.0,low_is_left,1.0,False,True,False,3170.0,0.5004771919621793,0.0828894592850491,0.4175877326771301,0.5631052627127158,0.4049139982204673,0.39385131600957,0.4605430702561123,0.7321114356868699,0.3841755174237547,0.6529492363725156,0.6941786854282567,True,0.338013851763483,0.6629405321608757,116.0,0.4140762867709887,0.537777630667353,True,True,False,False,True,plausible_real_xi,1.0,False,0,1.0,True,0,False,0.36413616422111994,0.6368182197032387,True,114.0,158.0,True,upper90_can_enter_real_xi
2851,K. Nordfeldt,Sweden,Goalkeeper,GK,1.0,31,GK:31,3870.0,low_is_left,1.0,False,True,False,2430.0,0.6931255930356246,0.0946729262406257,0.5984526667949989,0.3360375186524843,0.3066818527135583,0.3098140524348434,0.3215983069298614,0.2076515707299293,0.1825324499793543,0.1740168791792279,0.9996646498695336,True,0.5075666576039981,0.8786845284672511,75.0,0.589972475664744,0.6652816201691438,True,True,False,False,True,plausible_real_xi,1.0,False,0,1.0,True,0,False,0.5374024869346222,0.848848699136627,True,75.0,66.0,True,upper90_can_enter_real_xi
2860,K. Sema,Sweden,Midfielder,AM,0.7142857142857143,14,AM:10 | LB:2 | DM:2,1257.0,low_is_left,1.0,False,True,False,924.0,0.5685634026770241,0.1535298947157476,0.4150335079612764,0.4103707922389751,0.7641076884042866,0.6114486701628264,0.3841456156669178,0.4693035020510789,0.7174382808490759,0.5131946501630199,0.4263016081927572,True,0.2676448090341586,0.8694819963198895,125.0,0.4583156981188975,0.5944349510352618,True,True,False,False,True,plausible_real_xi,1.0,False,0,1.0,True,0,False,0.316029198508349,0.8210976068456992,True,124.0,21.0,True,upper90_can_enter_real_xi
2869,E. Alvarez,Mexico,Defender,RB,0.8666666666666667,15,RB:13 | RCB:2,2102.0,low_is_left,1.0,False,True,False,1333.0,0.707262467654337,0.1278244294772826,0.5794380381770543,0.6451617185226699,0.4741470660300653,0.4647191310005294,0.4318721569716049,0.8501406236482756,0.7436808896368794,0.4943013068309937,0.5757045047728002,True,0.456726585878863,0.9577983494298108,4.0,0.4140762867709887,0.537777630667353,True,True,True,False,True,plausible_real_xi,1.0,False,0,1.0,True,0,False,0.49700999121562606,0.9175149440930479,True,4.0,2.0,True,upper90_can_enter_real_xi
2873,C. Montes,Mexico,Defender,RB,0.7941176470588235,34,RB:27 | RCB:6 | LCB:1,3588.0,low_is_left,1.0,False,True,False,2523.0,0.4535192919773983,0.0929116798986722,0.360607612078726,0.4885394466290193,0.3421828928129989,0.3446645202330681,0.547423845766772,0.4847526476514792,0.7220413247946962,0.6402993975572944,0.4681838866701276,True,0.2714123993760007,0.6356261845787959,193.0,0.4140762867709887,0.537777630667353,True,True,False,False,True,plausible_real_xi,1.0,False,0,1.0,True,0,False,0.30069317830991316,0.6063454056448835,True,191.0,205.0,True,upper90_can_enter_real_xi
2878,J. Sanchez,Mexico,Defender,RB,0.9666666666666668,30,RB:29 | LB:1,3941.0,low_is_left,1.0,False,True,False,2686.0,0.5152165840371078,0.09004838609973,0.4251681979373778,0.4175252989511138,0.5134177252533758,0.5254104681486368,0.4009114799689316,0.6307613652815017,0.4497405894734079,0.4408472330955219,0.4688909124980483,True,0.338721747281637,0.6917114207925785,107.0,0.4140762867709887,0.537777630667353,True,True,False,False,True,plausible_real_xi,1.0,False,0,1.0,True,0,False,0.3671001695598404,0.6633329985143752,True,105.0,110.0,True,upper90_can_enter_real_xi
2879,R. Alvarado,Mexico,Attacker,RW,0.9736842105263158,38,RW:37 | RB:1,4012.0,low_is_left,1.0,False,True,False,2903.0,0.6531924686242263,0.0866174551362188,0.5665750134880074,0.600644834419626,0.7286643403513684,0.7741754418460989,0.5481221977565246,0.4001028180078844,0.5565389592356533,0.5460564263072356,0.4971866396745015,True,0.4834222565572373,0.8229626806912153,61.0,0.5129506006993587,0.6854695334585559,True,True,False,False,True,plausible_real_xi,1.0,False,0,1.0,True,0,False,0.5107194333861104,0.7956655038623422,True,61.0,97.0,True,upper90_can_enter_real_xi
2881,J. Gallardo,Mexico,Defender,RB,0.8409090909090909,44,RB:37 | LB:7,5035.0,low_is_left,1.0,False,True,False,3742.0,0.5648479673323535,0.0762916567480611,0.4885563105842924,0.5285186025443844,0.5466046552751123,0.5932605769683648,0.5489559156046443,0.6034676790965395,0.5508251581556323,0.4474287930490558,0.3728752501644061,True,0.4153163201061538,0.7143796145585533,38.0,0.4140762867709887,0.537777630667353,True,True,False,False,True,plausible_real_xi,1.0,False,0,1.0,True,0,False,0.43935935902416845,0.6903365756405386,True,37.0,78.0,True,upper90_can_enter_real_xi
2887,R. Jimenez,Mexico,Attacker,RW,0.9142857142857144,35,RW:32 | ST:3,3693.0,low_is_left,1.0,False,True,False,2903.0,0.5332075440156571,0.0866174551362188,0.4465900888794382,0.261237307024226,0.4780843716311841,0.51544170520977,0.7491629679784324,0.3853859459648667,0.706529120730487,0.1886581185818068,0.0901446191730345,True,0.3634373319486681,0.702977756082646,196.0,0.5129506006993587,0.6854695334585559,True,True,False,False,True,plausible_real_xi,1.0,False,0,1.0,True,0,False,0.3907345087775411,0.675680579253773,True,193.0,224.0,True,upper90_can_enter_real_xi
2889,A. Vega,Mexico,Attacker,RW,0.84,25,RW:21 | LW:4,2659.0,low_is_left,1.0,False,True,False,1826.0,0.7811074638972683,0.1092140597330467,0.6718934041642215,0.6430060760873944,0.924492089588295,0.9644073671888514,0.6396113427863188,0.3593853053067217,0.6994700794928511,0.4752868465078184,0.4141869245124053,True,0.5670479068204968,0.9951670209740398,7.0,0.5129506006993587,0.6854695334585559,True,True,True,False,True,plausible_real_xi,1.0,False,0,1.0,True,0,False,0.6014663216312717,0.9607486061632649,True,7.0,3.0,True,upper90_can_enter_real_xi
2890,Jo Hyeon-Woo,South Korea,Goalkeeper,GK,1.0,41,GK:41,4702.0,low_is_left,1.0,False,True,False,2430.0,0.7062827521594975,0.0946729262406257,0.6116098259188718,0.3446083143325378,0.30577189577175,0.3098140524348434,0.3215983069298614,0.2143458020290542,0.1926021008544862,0.2503035457649764,0.9996646498695336,True,0.520723816727871,0.891841687591124,59.0,0.589972475664744,0.6652816201691438,True,True,False,False,True,plausible_real_xi,1.0,False,0,1.0,True,0,False,0.5505596460584952,0.8620058582604999,True,59.0,56.0,True,upper90_can_enter_real_xi
2897,Kim Min-Jae,South Korea,Defender,RCB,0.6521739130434783,23,RCB:15 | LCB:8,3693.0,low_is_left,1.0,False,True,False,2324.0,0.6455215136594383,0.0968079170600614,0.5487135965993768,0.846055886265095,0.3443580096287911,0.3890515114308917,0.4561509349385838,0.6815515826505083,0.4834222442115,0.5681081767678731,0.7412809953713234,True,0.4557779962217178,0.8352650310971589,5.0,0.2888160648935492,0.5805399022955131,True,True,True,False,True,plausible_real_xi,1.0,False,0,1.0,True,0,False,0.48628666016557903,0.8047563671532976,True,5.0,3.0,True,upper90_can_enter_real_xi
2901,Hwang In-Beom,South Korea,Midfielder,CM,0.5555555555555556,18,CM:10 | DM:7 | RW:1,3073.0,low_is_left,1.0,False,False,False,1656.0,0.6416262105036751,0.1146829277313911,0.526943282772284,0.6600920853385129,0.608197511968402,0.7344235631991471,0.515637906368002,0.6519967950688047,0.5731367957487938,0.6041791567231256,0.5169740583184378,True,0.4168476721501485,0.8664047488572016,40.0,0.4698174469315781,0.6752213663290523,True,True,False,True,True,insufficient_evidence_guardrail,1.0,False,0,1.0,True,0,False,0.45298958087528285,0.8302628401320673,False,40.0,15.0,True,high_ability_role_stabilization
2906,Lee Jae-Sung,South Korea,Attacker,ST,0.53125,32,ST:17 | RW:15,4217.0,low_is_left,1.0,False,False,False,2906.0,0.4873377804207437,0.0865727339620117,0.400765046458732,0.3870764137986521,0.4518777058545319,0.5449018522182432,0.5801781804769283,0.5662411545127255,0.4915349323661893,0.3167316294561901,0.3456873199518029,True,0.3176552218552008,0.6570203389862868,15.0,0.2801951276511578,0.6164915702025182,True,True,True,True,True,insufficient_evidence_guardrail,1.0,False,0,1.0,True,0,False,0.34493830496822386,0.6297372558732636,False,14.0,14.0,True,high_ability_role_stabilization
2912,Kim Moon-Hwan,South Korea,Midfielder,RB,1.0,28,RB:28,2198.0,low_is_left,1.0,False,True,False,1543.0,0.4729877975114585,0.1188080792240902,0.3541797182873683,0.5318631603461651,0.4929088088650338,0.4875487261966046,0.4982274063344394,0.5201188536575043,0.2646645974778536,0.5857756370571842,0.5385134170061626,True,0.2401239622322417,0.7058516327906752,203.0,0.4140762867709887,0.537777630667353,True,True,False,False,True,plausible_real_xi,1.0,False,0,1.0,True,0,False,0.27756589748857585,0.6684096975343411,True,201.0,105.0,True,upper90_can_enter_real_xi
2932,J. Pickford,England,Goalkeeper,GK,1.0,45,GK:45,5413.0,low_is_left,1.0,False,True,False,4213.0,0.6859777956455896,0.0719007148346501,0.6140770808109395,0.3441040059008873,0.3103341043451183,0.3200471559138665,0.3215983069298614,0.211493718888678,0.1531813570458574,0.115609580247791,0.9996646498695336,True,0.5450523945696752,0.8269031967215039,57.0,0.589972475664744,0.6652816201691438,True,True,False,False,True,plausible_real_xi,1.0,False,0,1.0,True,0,False,0.5677116440694119,0.8042439472217673,True,57.0,99.0,True,upper90_can_enter_real_xi
2977,A. Godoy,Panama,Midfielder,AM,0.7878787878787878,33,AM:26 | CM:6 | DM:1,3987.0,low_is_left,1.0,False,True,False,2314.0,0.5998787591619855,0.097016870286246,0.5028618888757395,0.8619396324912706,0.4538409370584552,0.4101296863907431,0.3641673499429133,0.5766367571037164,0.6103751581813031,0.6055676568301004,0.705993886989563,True,0.4097256934009433,0.7900318249230277,59.0,0.4583156981188975,0.5944349510352618,True,True,False,False,True,plausible_real_xi,1.0,False,0,1.0,True,0,False,0.44030020819617327,0.7594573101277977,True,59.0,55.0,True,upper90_can_enter_real_xi
2983,J. Fajardo,Panama,Attacker,RW,1.0,21,RW:21,3495.0,low_is_left,1.0,False,True,False,2278.0,0.6310708854852799,0.0977804604060833,0.5332904250791966,0.2511292624202873,0.509562231127784,0.5073685959112789,0.8861850018217253,0.316057773178465,0.449593194857803,0.2727929311759188,0.1742272028135599,True,0.4394211830893565,0.8227205878812033,108.0,0.5129506006993587,0.6854695334585559,True,True,False,False,True,plausible_real_xi,1.0,False,0,1.0,True,0,False,0.47023634054134894,0.7919054304292108,True,108.0,103.0,True,upper90_can_enter_real_xi
3275,R. Williams,South Africa,Goalkeeper,GK,1.0,48,GK:48,5506.0,low_is_left,1.0,False,True,False,4336.0,0.7454792984549587,0.070873568631947,0.6746057298230117,0.5086498195162559,0.31022763444528,0.3164221386988357,0.3215983069298614,0.2115928056015945,0.1683825050115033,0.2928918474897605,0.9996646498695336,True,0.6065671039363425,0.884391492973575,29.0,0.589972475664744,0.6652816201691438,True,True,True,False,True,plausible_real_xi,1.0,False,0,1.0,True,0,False,0.6289026520357066,0.8620559448742109,True,29.0,55.0,True,upper90_can_enter_real_xi
6005,J. Quintero,Colombia,Midfielder,AM,0.9523809523809524,21,AM:20 | RW:1,3936.0,low_is_left,1.0,False,True,False,1988.0,0.7834423778464971,0.1046696441497659,0.6787727336967311,0.7959574867492668,0.796511626587484,0.931932724919004,0.711365784568358,0.2548545050319531,0.2315375809446949,0.5174268913659121,0.4623754819180183,True,0.5782898753129557,0.9885948803800384,1.0,0.4583156981188975,0.5944349510352618,True,True,True,False,True,plausible_real_xi,1.0,False,0,1.0,True,0,False,0.6112761340350347,0.9556086216579595,True,1.0,1.0,True,upper90_can_enter_real_xi
6009,J. Alvarez,Argentina,Midfielder,RW,0.6041666666666666,48,RW:29 | ST:18 | LW:1,5662.0,low_is_left,1.0,False,True,False,4147.0,0.6699921854351243,0.0724706105253738,0.5975215749097504,0.4806305767405018,0.712157672446598,0.7492147200169677,0.8244880686800962,0.3294281675061613,0.3279828277487958,0.5028697170159394,0.4592053718803914,True,0.5279497888053916,0.812034582064857,35.0,0.5129506006993587,0.6854695334585559,True,True,True,False,True,plausible_real_xi,1.0,False,0,1.0,True,0,False,0.5507886388650757,0.7891957320051729,True,35.0,104.0,True,upper90_can_enter_real_xi
6067,T. Almada,Argentina,Midfielder,CM,0.7391304347826086,23,CM:17 | AM:3 | LW:1 | ST:1 | RW:1,2644.0,low_is_left,1.0,False,True,False,2028.0,0.6729366732946755,0.103632258348519,0.5693044149461565,0.6688914976020853,0.712237475269348,0.7230382805815471,0.606217944575887,0.5088660912915988,0.49620943407041,0.5820226610252398,0.5989710260707155,True,0.4698174469315781,0.876055899657773,23.0,0.4698174469315781,0.6752213663290523,True,True,True,False,True,plausible_real_xi,1.0,False,0,1.0,True,0,False,0.5024767772809421,0.843396569308409,True,23.0,11.0,True,upper90_can_enter_real_xi
6168,O. Alderete,Paraguay,Defender,RB,0.625,40,RB:25 | LCB:14 | RCB:1,4731.0,low_is_left,1.0,False,True,False,3402.0,0.4542407135324543,0.0800132264198638,0.3742274871125904,0.4676466282218139,0.4014076063562852,0.3721635139207556,0.4559077323837912,0.5325962552714226,0.5250684429094208,0.65836041929811,0.3779582678502429,True,0.2974147897495211,0.6110666373153875,182.0,0.4140762867709887,0.537777630667353,True,True,False,False,True,plausible_real_xi,1.0,False,0,1.0,True,0,False,0.32263066785165195,0.5858507592132567,True,180.0,227.0,True,upper90_can_enter_real_xi
6236,A. Cubas,Paraguay,Midfielder,CM,0.5945945945945946,37,CM:22 | AM:14 | DM:1,5691.0,low_is_left,1.0,False,False,False,2805.0,0.6803423205314133,0.0881175685227012,0.592224752008712,0.5720705884619477,0.485474086098834,0.4684045822160517,0.4058284804056667,0.8995305702640157,0.6814637316950128,0.6576083440648001,0.5808722492059952,True,0.5076318862269189,0.8530527548359077,14.0,0.4698174469315781,0.6752213663290523,True,True,True,True,True,insufficient_evidence_guardrail,1.0,False,0,1.0,True,0,False,0.5354018183487034,0.8252828227141232,False,14.0,16.0,True,high_ability_role_stabilization
6503,N. Molina,Argentina,Defender,RB,1.0,31,RB:31,4360.0,low_is_left,1.0,False,True,False,2996.0,0.527506750482601,0.0852624942392522,0.4422442562433487,0.5620869443470671,0.5091518437817708,0.5265133851878331,0.4366707480888772,0.619062463807264,0.3771602347844642,0.5685686040268729,0.4310809952504404,True,0.3603922617736664,0.6946212391915355,84.0,0.4140762867709887,0.537777630667353,True,True,False,False,True,plausible_real_xi,1.0,False,0,1.0,True,0,False,0.387262427590238,0.667751073374964,True,82.0,107.0,True,upper90_can_enter_real_xi
6935,S. Singh,New Zealand,Midfielder,AM,1.0,11,AM:11,2011.0,low_is_left,1.0,False,True,False,1170.0,0.4163304546298189,0.1364382080481292,0.2798922465816896,0.3666469086538076,0.5214582789085253,0.5018681754951426,0.58733198679811,0.398640133828439,0.3414810794420752,0.3442049428465786,0.3392303114839162,True,0.1489115668554855,0.6837493424041523,160.0,0.4583156981188975,0.5944349510352618,True,True,False,False,True,plausible_real_xi,1.0,False,0,1.0,True,0,False,0.191909573267094,0.6407513359925437,True,153.0,135.0,True,upper90_can_enter_real_xi
7050,A. O'Neill,Australia,Midfielder,AM,0.8529411764705882,34,AM:29 | DM:3 | CM:2,4547.0,low_is_left,1.0,False,True,False,2722.0,0.6188666295824645,0.0894509335206453,0.5294156960618192,0.6392027917925366,0.458337168228335,0.4419530829136991,0.3440776614829275,0.7013496300261609,0.5721039141493451,0.6287467969675393,0.6103076413832884,True,0.4435427998819996,0.7941904592829294,37.0,0.4583156981188975,0.5944349510352618,True,True,False,False,True,plausible_real_xi,1.0,False,0,1.0,True,0,False,0.47173293714683606,0.766000322018093,True,37.0,51.0,True,upper90_can_enter_real_xi
7318,A. Dedic,Bosnia & Herzegovina,Defender,RB,1.0,39,RB:39,4567.0,low_is_left,1.0,False,True,False,3532.0,0.5649874915731067,0.0785269247850365,0.4864605667880701,0.517979966064247,0.6419767301141713,0.5109803573070182,0.4103861413645485,0.546459105253068,0.570001041275972,0.5390562325677123,0.4949362163517909,True,0.411074718994435,0.7189002641517783,40.0,0.4140762867709887,0.537777630667353,True,True,False,False,True,plausible_real_xi,1.0,False,0,1.0,True,0,False,0.4358221945270939,0.6941527886191194,True,39.0,77.0,True,upper90_can_enter_real_xi
8489,J. David,Canada,Attacker,RW,0.8611111111111112,36,RW:31 | ST:5,3667.0,low_is_left,1.0,False,True,False,2777.0,0.5357207559158924,0.0885606912737863,0.4471600646421061,0.3734049991777359,0.5165063560550275,0.626752868916652,0.7577879720262735,0.3290277309322894,0.2943218227966865,0.2839198587694425,0.3521836335505005,True,0.3621418010192713,0.7092997108125135,195.0,0.5129506006993587,0.6854695334585559,True,True,False,False,True,plausible_real_xi,1.0,False,0,1.0,True,0,False,0.39005138166887543,0.6813901301629094,True,192.0,221.0,True,upper90_can_enter_real_xi
8601,F. Pierrot,Haiti,Attacker,RW,0.8571428571428571,21,RW:18 | ST:3,3111.0,low_is_left,1.0,False,True,False,1440.0,0.538319807041382,0.1229837387624884,0.4153360682788936,0.2201104535338413,0.5664715889907848,0.5102289246247922,0.5746759077527193,0.2787184356941899,0.7598715690432071,0.2791221827112082,0.1081377889425372,True,0.2972716790669047,0.7793679350158593,219.0,0.5129506006993587,0.6854695334585559,True,True,False,False,True,plausible_real_xi,1.0,False,0,1.0,True,0,False,0.33602955828185066,0.7406100558009134,True,214.0,175.0,True,upper90_can_enter_real_xi
10135,Bruno Guimaraes,Brazil,Midfielder,CM,0.8809523809523809,42,CM:37 | AM:3 | DM:2,5540.0,low_is_left,1.0,False,True,False,3921.0,0.6162438589462154,0.0745298962315638,0.5417139627146514,0.643685009000081,0.6501148773241554,0.728341040386663,0.6525494247871818,0.5731298325073165,0.6456568498605428,0.4737703428058631,0.5349594932927967,True,0.4701652623323501,0.7623224555600806,34.0,0.4698174469315781,0.6752213663290523,True,True,True,False,True,plausible_real_xi,1.0,False,0,1.0,True,0,False,0.4936530888134108,0.73883462907902,True,34.0,56.0,True,upper90_can_enter_real_xi
12303,R. Ade,Haiti,Defender,RB,0.8260869565217391,46,RB:38 | RCB:7 | LCB:1,7111.0,low_is_left,1.0,False,True,False,3760.0,0.4289701766175948,0.076108824662383,0.3528613519552118,0.497600495021009,0.3342910030950072,0.3369366045904183,0.4082922185796716,0.5484020060123652,0.4607398321301106,0.5423653531250396,0.5807493607338094,True,0.2797968802793241,0.5781434729558655,207.0,0.4140762867709887,0.537777630667353,True,True,False,False,True,plausible_real_xi,1.0,False,0,1.0,True,0,False,0.3037823003286605,0.5541580529065291,True,205.0,247.0,True,upper90_can_enter_top30
13151,J. Portilla,Colombia,Midfielder,AM,1.0,23,AM:23,3408.0,low_is_left,1.0,False,True,False,1714.0,0.5402092140284328,0.1127258526380505,0.4274833613903822,0.5329266663401739,0.5000459840858318,0.4190073726529659,0.3489482866778369,0.663394806406869,0.5372987566378682,0.6131071973115972,0.489974816979111,True,0.3192665428578536,0.761151885199012,117.0,0.4583156981188975,0.5944349510352618,True,True,False,False,True,plausible_real_xi,1.0,False,0,1.0,True,0,False,0.35479168646553827,0.7256267415913273,True,116.0,79.0,True,upper90_can_enter_real_xi
13376,J. Campaz,Colombia,Midfielder,AM,0.8518518518518519,27,AM:23 | RW:3 | LW:1,3722.0,low_is_left,1.0,False,True,False,2319.0,0.6474313806232663,0.0969122247264143,0.5505191558968521,0.3984971021978155,0.8464982048007119,0.7096677443433351,0.607451759112141,0.4110995240019133,0.7599481843693088,0.4406112131228427,0.3550204151166496,True,0.4574834201594943,0.8373793410870384,29.0,0.4583156981188975,0.5944349510352618,True,True,True,False,True,plausible_real_xi,1.0,False,0,1.0,True,0,False,0.48802495628608766,0.806837804960445,True,29.0,27.0,True,upper90_can_enter_real_xi
13736,D. Munoz,Colombia,Defender,RB,0.98,50,RB:49 | LCB:1,5749.0,low_is_left,1.0,False,True,False,4369.0,0.5440807039872781,0.0706053996069048,0.4734753043803733,0.4412903794771542,0.4581801691762404,0.5766334248494156,0.5630442017225429,0.7095407709921729,0.599639785299472,0.3146920987500954,0.3837695451251123,True,0.4056941207577446,0.6824672872168116,57.0,0.4140762867709887,0.537777630667353,True,True,False,False,True,plausible_real_xi,1.0,False,0,1.0,True,0,False,0.42794515636150277,0.6602162516130535,True,56.0,114.0,True,upper90_can_enter_real_xi
14301,S. Radeljic,Bosnia & Herzegovina,Defender,RB,0.935483870967742,31,RB:29 | RCB:1 | LCB:1,3766.0,low_is_left,1.0,False,True,False,2804.0,0.5264160978854568,0.0881332799552095,0.4382828179302473,0.6575758970751467,0.4113236438343574,0.4649168589170701,0.4012816596358929,0.6333519559134743,0.4989953659448096,0.6240978957572317,0.5228444381930313,True,0.3536748691732461,0.6991573265976676,89.0,0.4140762867709887,0.537777630667353,True,True,False,False,True,plausible_real_xi,1.0,False,0,1.0,True,0,False,0.381449752696001,0.6713824430749127,True,87.0,101.0,True,upper90_can_enter_real_xi
15304,Vozinha,Cape Verde Islands,Goalkeeper,GK,1.0,17,GK:17,1560.0,low_is_left,1.0,False,True,False,1020.0,0.7812584976297834,0.1461264561141157,0.6351320415156676,0.3397669451852108,0.3212781811853437,0.3098140524348434,0.3215983069298614,0.2076515707299293,0.1944719739964424,0.7565970077633177,0.9996646498695336,True,0.4948506436461166,1.0,42.0,0.589972475664744,0.6652816201691438,True,True,False,False,True,plausible_real_xi,1.0,False,0,1.0,True,0,False,0.5409018662969151,1.0,True,42.0,2.0,True,upper90_can_enter_real_xi
16360,A. Franco,Ecuador,Defender,RB,0.9636363636363636,55,RB:53 | LCB:2,8477.0,low_is_left,1.0,False,True,False,4997.0,0.5036172661206253,0.0660198089144573,0.4375974572061679,0.4932133738963117,0.3636413440897086,0.388949806667903,0.3774331989571786,0.5976949421523611,0.3305378345512604,0.5761826715767121,0.6290335900358579,True,0.3742184406482889,0.6330160915929617,90.0,0.4140762867709887,0.537777630667353,True,True,False,False,True,plausible_real_xi,1.0,False,0,1.0,True,0,False,0.39502434397703706,0.6122101882642135,True,88.0,196.0,True,upper90_can_enter_real_xi
16367,W. Pacho,Ecuador,Defender,LCB,0.8958333333333334,48,LCB:43 | RCB:2 | LB:2 | RB:1,6579.0,low_is_left,1.0,False,True,False,4396.0,0.6398726434067449,0.0703882383259553,0.5694844050807896,0.736506165395469,0.3397691873507265,0.3472215035746626,0.4141720079440905,0.6149591650225957,0.4738694282518396,0.7821870274966257,0.7195008134476913,True,0.5019116962878725,0.7778335905256173,6.0,0.1977891624684348,0.5686669344450404,True,True,True,False,True,plausible_real_xi,1.0,False,0,1.0,True,0,False,0.5240942943015727,0.755650992511917,True,6.0,10.0,True,upper90_can_enter_real_xi
16369,G. Plata,Ecuador,Attacker,RW,0.9722222222222222,36,RW:35 | ST:1,5764.0,low_is_left,1.0,False,True,False,3298.0,0.6523292092084387,0.0812650135403456,0.5710641956680931,0.4752045058386059,0.7518634570626305,0.6676766120596905,0.6281102482223487,0.5279447394992738,0.6647368453098691,0.4483607845746143,0.3812268249229928,True,0.4930497826693614,0.8116086357475161,54.0,0.5129506006993587,0.6854695334585559,True,True,False,False,True,plausible_real_xi,1.0,False,0,0.975,True,2,False,0.5186601569423408,0.7859982614745367,True,54.0,111.0,True,upper90_can_enter_real_xi
16470,J. Alcivar,Ecuador,Midfielder,AM,0.9714285714285714,35,AM:34 | DM:1,4452.0,low_is_left,1.0,False,True,False,2645.0,0.5666968837036552,0.0907436198135274,0.4759532638901278,0.6427747414933705,0.5005926088005156,0.5675508565283381,0.4850449531651385,0.5846393455984519,0.3503210991677201,0.631232069793169,0.6285000106662448,True,0.3888393888691415,0.744554378538169,78.0,0.4583156981188975,0.5944349510352618,True,True,False,False,True,plausible_real_xi,1.0,False,0,1.0,True,0,False,0.4174369115306692,0.7159568558766413,True,78.0,88.0,True,upper90_can_enter_real_xi
16482,R. Aguirre,Uruguay,Attacker,RW,0.8787878787878788,33,RW:29 | ST:4,3664.0,low_is_left,1.0,False,True,False,2656.0,0.4757484329988512,0.0905555144914945,0.3851929185073567,0.2221556565566212,0.4379212041139685,0.4928698517593794,0.6980518960174349,0.2818198975273033,0.46479157320497,0.1860343713765068,0.116479069942303,True,0.2982596245955219,0.6532372414021805,235.0,0.5129506006993587,0.6854695334585559,True,False,False,False,True,plausible_top30,1.0,False,0,1.0,True,0,False,0.3267978665470599,0.6246989994506426,True,230.0,247.0,True,upper90_can_enter_top30
16642,G. Valle,Ecuador,Goalkeeper,GK,1.0,37,GK:37,3830.0,low_is_left,1.0,False,True,False,2821.0,0.6997655634830073,0.087867322881398,0.6118982406016094,0.3347385527307357,0.3045778034442057,0.3148857750181577,0.3215983069298614,0.2105156883435391,0.1356322570818148,0.2200153033907778,0.9996646498695336,True,0.5275456106354672,0.8719855163305474,58.0,0.589972475664744,0.6652816201691438,True,True,False,False,True,plausible_real_xi,1.0,False,0,1.0,True,0,False,0.5552366787510238,0.8442944482149909,True,58.0,68.0,True,upper90_can_enter_real_xi
18110,M. Crocombe,New Zealand,Goalkeeper,GK,1.0,26,GK:26,3338.0,low_is_left,1.0,False,True,False,2525.0,0.6518845505884773,0.0928748759043985,0.5590096746840787,0.2217740911299885,0.3100993291882599,0.3212079147020571,0.3215983069298614,0.2140911228554886,0.1689780676026555,0.0514278328949065,0.9996646498695336,True,0.4698497938158562,0.8339193073610984,95.0,0.589972475664744,0.6652816201691438,True,True,False,False,True,plausible_real_xi,1.0,False,0,1.0,True,0,False,0.4991189741044595,0.8046501270724951,True,95.0,98.0,True,upper90_can_enter_real_xi
18931,C. Wood,New Zealand,Attacker,RW,1.0,15,RW:15,2020.0,low_is_left,1.0,False,True,False,1413.0,0.4681044495666845,0.124153182556282,0.3439512670104024,0.2478670571953106,0.3990407362391254,0.5048235208786168,0.7025884366831773,0.2449175419457269,0.3978309304457632,0.2426004180818977,0.1579000974275508,True,0.2247642117563716,0.7114446873769974,250.0,0.5129506006993587,0.6854695334585559,True,True,False,False,True,plausible_real_xi,1.0,False,0,1.0,True,0,False,0.2638906369414158,0.6723182621919532,True,244.0,228.0,True,upper90_can_enter_real_xi
18970,P. Gross,Germany,Midfielder,CM,0.75,28,CM:21 | AM:7,3363.0,low_is_left,1.0,False,True,False,2568.0,0.5971739964960814,0.0920940194106813,0.5050799770854,0.7130381710062194,0.5631808015241665,0.7078737467636118,0.4797985204105132,0.5214161302201894,0.3465803022631146,0.5675854727376834,0.5457857340702226,True,0.416669718451146,0.7776782745410168,53.0,0.4698174469315781,0.6752213663290523,True,True,False,False,True,plausible_real_xi,1.0,False,0,1.0,True,0,False,0.44569281464788296,0.7486551783442799,True,53.0,50.0,True,upper90_can_enter_real_xi
19172,O. Nyland,Norway,Goalkeeper,GK,1.0,11,GK:11,1410.0,low_is_left,1.0,False,True,False,1020.0,0.684880683547459,0.1461264561141157,0.5387542274333432,0.3282504961305396,0.3072071017153776,0.3239490436320989,0.3215983069298614,0.2165448950686228,0.1220924378344864,0.1294335126207169,0.9996646498695336,True,0.3984728295637922,0.9712885375311258,101.0,0.589972475664744,0.6652816201691438,True,True,False,False,True,plausible_real_xi,1.0,False,0,1.0,True,0,False,0.4445240522145907,0.9252373148803273,True,101.0,19.0,True,upper90_can_enter_real_xi
19599,E. Martinez,Argentina,Goalkeeper,GK,1.0,53,GK:53,6597.0,low_is_left,1.0,False,True,False,4741.0,0.7099707436181495,0.0677788131896789,0.6421919304284706,0.3916563330701433,0.3138184996920659,0.325649801298759,0.3215983069298614,0.2076515707299293,0.1964166980798307,0.2121594638391814,0.9996646498695336,True,0.5771242697663789,0.8428172174699201,39.0,0.589972475664744,0.6652816201691438,True,True,False,False,True,plausible_real_xi,1.0,False,0,1.0,True,0,False,0.5984845169126398,0.8214569703236592,True,39.0,83.0,True,upper90_can_enter_real_xi
19614,S. Ezatolahi,Iran,Midfielder,AM,0.8571428571428571,21,AM:18 | CM:3,2565.0,low_is_left,1.0,False,True,False,1790.0,0.5259087461750318,0.1103068346267044,0.4156019115483273,0.5440311831082485,0.4709948124767922,0.4988465542197466,0.601986716737295,0.5158848972752749,0.5557576450246099,0.5742139358218444,0.4888979471623741,True,0.309707350306691,0.7421101420433726,123.0,0.4583156981188975,0.5944349510352618,True,True,False,False,True,plausible_real_xi,1.0,False,0,1.0,True,0,False,0.34447014916176083,0.7073473431883028,True,122.0,96.0,True,upper90_can_enter_real_xi
20457,C. Burgess,Australia,Defender,RB,0.9615384615384616,52,RB:50 | LCB:2,6296.0,low_is_left,1.0,False,True,False,4666.0,0.4883648579962737,0.068321370647098,0.4200434873491757,0.690242637263071,0.3357700457383087,0.347584334003458,0.4147549221771044,0.548575807320075,0.6203836625082539,0.5315068841553019,0.4157287348636685,True,0.3544549715279615,0.622274744464586,113.0,0.4140762867709887,0.537777630667353,True,True,False,False,True,plausible_real_xi,1.0,False,0,1.0,True,0,False,0.37598620368909874,0.6007435123034487,True,111.0,214.0,True,upper90_can_enter_real_xi
20655,J. Duverne,Haiti,Defender,RB,0.6842105263157895,19,RB:13 | RCB:3 | LCB:3,2329.0,low_is_left,1.0,False,True,False,1619.0,0.4606652895336903,0.1159859845423284,0.3446793049913619,0.4786370424203147,0.3741702285107983,0.4177678433888172,0.4738900266231921,0.6177410924581587,0.4188693268873437,0.3916839257252689,0.3793144511005226,True,0.2333327598307266,0.687997819236654,219.0,0.4140762867709887,0.537777630667353,True,True,False,False,True,plausible_real_xi,1.0,False,0,1.0,True,0,False,0.26988532218370404,0.6514452568836766,True,217.0,132.0,True,upper90_can_enter_real_xi
21138,R. Ait-Nouri,Algeria,Defender,LB,0.9047619047619048,21,LB:19 | RB:2,2887.0,low_is_left,1.0,False,True,False,2260.0,0.7087118649157458,0.0981690793559403,0.6105427855598053,0.672931379583165,0.7457352080467821,0.5632107638238062,0.3996201838328035,0.7460036539377908,0.8091401213077006,0.6235993941413686,0.6772023260818437,True,0.5163004693781026,0.901123260453389,2.0,0.3170630071570786,0.5537089048331636,True,True,True,False,True,plausible_real_xi,1.0,False,0,1.0,True,0,False,0.5472380986826405,0.8701856311488511,True,2.0,1.0,True,upper90_can_enter_real_xi
22139,S. Moreira,Cape Verde Islands,Defender,RB,1.0,38,RB:38,8049.0,low_is_left,1.0,False,True,False,2921.0,0.4378390974996538,0.0863501625063615,0.3514889349932922,0.6321570999451834,0.436969482684119,0.4090972557468968,0.4272729957410383,0.4135132069848037,0.2649210913347799,0.5726108964511091,0.5988373503704493,True,0.2685927789871851,0.6070854160121224,209.0,0.4140762867709887,0.537777630667353,True,True,False,False,True,plausible_real_xi,1.0,False,0,1.0,True,0,False,0.295805719513216,0.5798724754860916,True,207.0,232.0,True,upper90_can_enter_real_xi
22222,Z. Celik,Türkiye,Defender,RB,0.9555555555555556,45,RB:43 | LCB:2,5541.0,low_is_left,1.0,False,True,False,3801.0,0.5152062882398593,0.0756972326702795,0.4395090555695797,0.5319274463228761,0.4346587792441321,0.4872734748824806,0.4101953024535139,0.613634365442335,0.4677207048915924,0.3937636661497891,0.4894880620895109,True,0.3668397122061113,0.6635728642736072,87.0,0.4140762867709887,0.537777630667353,True,True,False,False,True,plausible_real_xi,1.0,False,0,1.0,True,0,False,0.39069542053196055,0.6397171559477579,True,85.0,150.0,True,upper90_can_enter_real_xi
22224,Gabriel,Brazil,Defender,RCB,0.8431372549019608,51,RCB:43 | RB:7 | LCB:1,6241.0,low_is_left,1.0,False,True,False,4750.0,0.6060585765776758,0.0677145712376201,0.5383440053400557,0.6549567348326084,0.3563167139562559,0.3999868638379529,0.4449686560430986,0.5167969741742349,0.5957733083563947,0.7124088317395285,0.6215722758301917,True,0.4733380169519403,0.7387791362034113,8.0,0.2888160648935492,0.5805399022955131,True,True,True,False,True,plausible_real_xi,1.0,False,0,1.0,True,0,False,0.4946780184800125,0.717439134675339,True,8.0,12.0,True,upper90_can_enter_real_xi
24810,J. Cordoba,Colombia,Attacker,RW,0.935483870967742,31,RW:29 | ST:2,3377.0,low_is_left,1.0,False,True,False,2687.0,0.6183830743674067,0.0900316282348599,0.5283514461325468,0.2812265698648377,0.5785302132717702,0.579215047672403,0.8866307321907024,0.2907756740232498,0.7260760946301564,0.2514425651169103,0.2734154480024254,True,0.4419210830270813,0.7948450657077321,115.0,0.5129506006993587,0.6854695334585559,True,True,False,False,True,plausible_real_xi,1.0,False,0,1.0,True,0,False,0.4702942241249508,0.7664719246098626,True,115.0,142.0,True,upper90_can_enter_real_xi
24845,J. Ryerson,Norway,Defender,RB,0.9523809523809524,42,RB:40 | LB:2,4416.0,low_is_left,1.0,False,True,False,3290.0,0.4715034198693932,0.0813637559990537,0.3901396638703395,0.5295466180688424,0.6807293202831675,0.84835913536463,0.3434615123447808,0.5240932660839979,0.4009847242848779,0.4090310250765455,0.4572277699441592,True,0.3120304581112479,0.6309763816275387,162.0,0.4140762867709887,0.537777630667353,True,True,False,False,True,plausible_real_xi,1.0,False,0,1.0,True,0,False,0.3376719507119551,0.6053348890268313,True,160.0,207.0,True,upper90_can_enter_real_xi
24888,Hwang Hee-Chan,South Korea,Attacker,RW,0.7272727272727273,22,RW:16 | ST:3 | LW:3,2665.0,low_is_left,1.0,False,True,False,1873.0,0.4754223299148257,0.1078350760677584,0.3675872538470672,0.3523897398012957,0.5267112487894062,0.5730739197286574,0.501999405612149,0.3874591052745622,0.3021605433081779,0.3154995128332327,0.3204233888316645,True,0.2640655808220191,0.6867790790076322,243.0,0.5129506006993587,0.6854695334585559,True,True,False,False,True,plausible_real_xi,1.0,False,0,1.0,True,0,False,0.2980494139321854,0.652795245897466,True,237.0,239.0,True,upper90_can_enter_top30
25282,G. Kobel,Switzerland,Goalkeeper,GK,1.0,58,GK:58,6210.0,low_is_left,1.0,False,True,False,4860.0,0.6973390464384657,0.0669438681395203,0.6303951782989454,0.3494560866969057,0.3051358257156907,0.3127524771905375,0.3215983069298614,0.2076515707299293,0.1552602951439283,0.1842151444722737,0.9996646498695336,True,0.5661290648850059,0.8285490279919254,46.0,0.589972475664744,0.6652816201691438,True,True,False,False,True,plausible_real_xi,1.0,False,0,1.0,True,0,False,0.5872261821270146,0.8074519107499167,True,46.0,95.0,True,upper90_can_enter_real_xi
25341,D. Luckassen,Ghana,Defender,RB,0.9545454545454546,44,RB:42 | RCB:1 | LCB:1,3512.0,low_is_left,1.0,False,True,False,2128.0,0.4388482421718009,0.1011679910150193,0.3376802511567816,0.5790758485213351,0.3716411533036906,0.3372044893382229,0.4306007217245237,0.4647141527879163,0.4830081772764674,0.6208404110990021,0.5536883480189022,True,0.2405589797823629,0.6371375045612389,226.0,0.4140762867709887,0.537777630667353,True,True,False,False,True,plausible_real_xi,1.0,False,0,1.0,True,0,False,0.27244170521935246,0.6052547791242493,True,224.0,209.0,True,upper90_can_enter_real_xi
25414,J. Yeboah,Ecuador,Attacker,RW,1.0,33,RW:33,3950.0,low_is_left,1.0,False,True,False,3079.0,0.7645732564066509,0.0841054411763356,0.6804678152303152,0.4527727299958993,0.8734019038539177,0.778041631695107,0.7931073467876258,0.2955934427382724,0.6556041091333824,0.5655787114989758,0.4603459090507147,True,0.5997265917010329,0.9294199211122688,5.0,0.5129506006993587,0.6854695334585559,True,True,True,False,True,plausible_real_xi,1.0,False,0,1.0,True,0,False,0.6262321164414015,0.9029143963719002,True,5.0,13.0,True,upper90_can_enter_real_xi
26315,N. Gonzalez,Argentina,Attacker,LW,0.782608695652174,23,LW:18 | LB:3 | ST:1 | RW:1,3465.0,low_is_left,1.0,False,True,False,2275.0,0.5916702272635402,0.0978449097992653,0.4938253174642749,0.4166864656598223,0.608304154551387,0.5149585179747821,0.640320762600657,0.5350339521783807,0.8318597947712116,0.4009130011767734,0.3067585496764049,True,0.3998942040569801,0.7834462504701003,10.0,0.3207813027734048,0.5966203093952415,True,True,True,False,True,plausible_real_xi,1.0,False,0,1.0,True,0,False,0.4307296725014791,0.7526107820256014,True,10.0,9.0,True,upper90_can_enter_real_xi
29704,S. Khalilzadeh,Iran,Defender,RB,0.9166666666666666,12,RB:11 | RCB:1,1850.0,low_is_left,1.0,False,True,False,1075.0,0.489103181833208,0.1423392606285387,0.3467639212046693,0.5852301864621686,0.3354994664428158,0.3680167121759812,0.439763175787627,0.6947227453041834,0.5052848964816589,0.438161350751852,0.5408296625266336,True,0.2101182310012722,0.7680881326651439,216.0,0.4140762867709887,0.537777630667353,True,True,False,False,True,plausible_real_xi,1.0,False,0,1.0,True,0,False,0.25497593273076524,0.7232304309356508,True,214.0,48.0,True,upper90_can_enter_real_xi
29781,M. Ghaedi,Iran,Attacker,RW,1.0,10,RW:10,1475.0,low_is_left,1.0,False,True,False,999.0,0.565722984027376,0.1476543321470853,0.4180686518802906,0.3752246751467144,0.5790809184763047,0.7513902410890789,0.7703630422300511,0.2436746647068594,0.1426815793540112,0.2740578814690482,0.4211733298443488,True,0.2763204930190887,0.8551254750356632,215.0,0.5129506006993587,0.6854695334585559,True,True,False,False,True,plausible_real_xi,1.0,False,0,1.0,True,0,False,0.3228532202601454,0.8085927477946065,True,210.0,86.0,True,upper90_can_enter_real_xi
30484,M. Svanberg,Sweden,Midfielder,AM,0.6,10,AM:6 | CM:4,1362.0,low_is_left,1.0,False,True,False,1049.0,0.3830706466074808,0.1440924393478589,0.2389782072596219,0.3062356605475367,0.449413480326054,0.4460166183954708,0.719935683842576,0.5087209971366582,0.5298252932826925,0.2133014681060998,0.2244300611394856,True,0.1006494654856774,0.6654918277292843,162.0,0.4583156981188975,0.5944349510352618,True,True,False,False,True,plausible_real_xi,1.0,False,0,1.0,True,0,False,0.14605967512987006,0.6200816180850915,True,155.0,144.0,True,upper90_can_enter_real_xi
30776,C. Romero,Argentina,Defender,RCB,0.8421052631578947,38,RCB:32 | RB:4 | LCB:2,4796.0,low_is_left,1.0,False,True,False,3294.0,0.5735178866714505,0.081314339805003,0.4922035468664475,0.6480794282424709,0.4132093525096334,0.4346086393541526,0.5450336103412504,0.7296637421769497,0.7314956608745137,0.7968890193052461,0.6399087340672225,True,0.4141417806536446,0.7328939926892564,12.0,0.2888160648935492,0.5805399022955131,True,True,True,False,True,plausible_real_xi,1.0,False,0,1.0,True,0,False,0.4397676999200269,0.7072680734228742,True,12.0,13.0,True,upper90_can_enter_real_xi
32862,T. Kubo,Japan,Attacker,RW,1.0,20,RW:20,2833.0,low_is_left,1.0,False,True,False,1820.0,0.6808443667325832,0.1093939347817463,0.5714504319508369,0.4261328237964034,0.7953472839540142,0.7437649924948897,0.5633321412397451,0.5086175944449226,0.7712211637617663,0.4474863956281332,0.3707344024802882,True,0.4664322545603604,0.895256478904806,53.0,0.5129506006993587,0.6854695334585559,True,True,False,False,True,plausible_real_xi,1.0,False,0,1.0,True,0,False,0.500907356340335,0.8607813771248314,True,53.0,31.0,True,upper90_can_enter_real_xi
32954,S. Taniguchi,Japan,Defender,RB,0.9705882352941176,34,RB:33 | RCB:1,4218.0,low_is_left,1.0,False,True,False,3193.0,0.4822235696672403,0.082590382686155,0.3996331869810853,0.6825308947030381,0.3471595803433967,0.3666835064881239,0.3732920413204859,0.5864205488626401,0.4796269586207091,0.8478895822813218,0.6108980848025946,True,0.3203464196023765,0.6441007197321041,146.0,0.4140762867709887,0.537777630667353,True,True,False,False,True,plausible_real_xi,1.0,False,0,1.0,True,0,False,0.3463744791546082,0.6180726601798724,True,144.0,189.0,True,upper90_can_enter_real_xi
33165,A. Seko,Japan,Defender,RB,1.0,30,RB:30,3442.0,low_is_left,1.0,False,True,False,2711.0,0.4322325006643124,0.0896322253268414,0.3426002753374709,0.4781757872315399,0.3583030568053888,0.370352483183769,0.4066772454866419,0.5680476113990335,0.3871577255447182,0.541829134153614,0.4955093689492767,True,0.2565533390237031,0.6079116623049217,222.0,0.4140762867709887,0.537777630667353,True,True,False,False,True,plausible_real_xi,1.0,False,0,1.0,True,0,False,0.28480060974372573,0.5796643915848991,True,220.0,233.0,True,upper90_can_enter_real_xi
33289,K. Ogawa,Japan,Attacker,RW,1.0,18,RW:18,2004.0,low_is_left,1.0,False,True,False,1426.0,0.5989294320011664,0.1235859712350678,0.4753434607660986,0.2401865623706265,0.4980824914244819,0.6219025325844783,0.8508290008596355,0.3197850169434565,0.7107351076645976,0.2784095277483222,0.1240160358059046,True,0.3567009283804335,0.8411579356218993,174.0,0.5129506006993587,0.6854695334585559,True,True,False,False,True,plausible_real_xi,1.0,False,0,1.0,True,0,False,0.39564859897484483,0.802210265027488,True,172.0,89.0,True,upper90_can_enter_real_xi
33321,K. Nakamura,Japan,Midfielder,AM,0.6060606060606061,33,AM:20 | RW:8 | DM:4 | RB:1,3648.0,low_is_left,1.0,False,True,False,2801.0,0.6082687295908612,0.0881804647252295,0.5200882648656318,0.4206026001306284,0.5974504678707825,0.6173863375319688,0.8433879083482697,0.4001262946757273,0.3470647185886952,0.4897915523784141,0.4614813653260017,True,0.4354350187294113,0.781102440452311,47.0,0.4583156981188975,0.5944349510352618,True,True,False,False,True,plausible_real_xi,1.0,False,0,1.0,True,0,False,0.4632247723613011,0.7533126868204213,True,47.0,61.0,True,upper90_can_enter_real_xi
34168,Kim Jin-gyu,South Korea,Midfielder,AM,1.0,33,AM:33,2665.0,low_is_left,1.0,False,True,False,1656.0,0.623809365426363,0.1146829277313911,0.5091264376949719,0.655702250836715,0.591909231712001,0.8077605111549443,0.5406163050554891,0.393091751264382,0.1723354324241692,0.3511916285737444,0.5452148908564936,True,0.3990308270728364,0.8485879037798896,53.0,0.4583156981188975,0.5944349510352618,True,True,False,False,True,plausible_real_xi,1.0,False,0,1.0,True,0,False,0.4351727357979708,0.8124459950547552,True,53.0,25.0,True,upper90_can_enter_real_xi
34418,Kim Tae-Hyeon,South Korea,Defender,RB,1.0,33,RB:33,4204.0,low_is_left,1.0,False,True,False,2616.0,0.4073517042293957,0.0912452084955396,0.3161064957338561,0.6692333043172133,0.3250662696307297,0.3503158531145035,0.3851951338486031,0.3669415987729292,0.3720510618931285,0.2813963504943458,0.5881317817135644,True,0.2285110955781381,0.5861923128806534,238.0,0.4140762867709887,0.537777630667353,True,True,False,False,True,plausible_real_xi,1.0,False,0,1.0,True,0,False,0.2572666920935641,0.5574367163652273,True,236.0,245.0,True,upper90_can_enter_top30
34431,Lee Dong-Gyeong,South Korea,Attacker,RW,1.0,28,RW:28,2714.0,low_is_left,1.0,False,True,False,1870.0,0.7025818815403027,0.1079215401276752,0.5946603414126275,0.5073940522552247,0.7628202009669447,0.9133386159119004,0.7858229240938439,0.334937262772546,0.2667579830991101,0.474315288054376,0.375925574612034,True,0.4910556628900592,0.914108100190546,37.0,0.5129506006993587,0.6854695334585559,True,True,False,False,True,plausible_real_xi,1.0,False,0,1.0,True,0,False,0.5250667448351073,0.880097018245498,True,37.0,21.0,True,upper90_can_enter_real_xi
35533,E. Valencia,Ecuador,Attacker,RW,1.0,19,RW:19,3881.0,low_is_left,1.0,False,True,False,2010.0,0.5893484425902895,0.1040952491496244,0.4852531934406651,0.2729985221442269,0.5016287129598583,0.4343535249944207,0.7934477629451405,0.3140178846317377,0.4603082966168869,0.3218433210633894,0.3302036711918047,True,0.3853217542570256,0.7933751309235534,163.0,0.5129506006993587,0.6854695334585559,True,True,False,False,True,plausible_real_xi,1.0,False,0,1.0,True,0,False,0.41812699447811263,0.7605698907024664,True,162.0,154.0,True,upper90_can_enter_real_xi
35544,J. Vasquez,Mexico,Defender,LCB,0.5813953488372093,43,LCB:25 | RB:11 | RCB:6 | LB:1,4844.0,low_is_left,1.0,False,False,False,3864.0,0.608357135815923,0.0750775996068928,0.5332795362090301,0.6203574435500233,0.3839437526480863,0.3478290226455576,0.4068750977524251,0.6189804026745199,0.6282850718588697,0.5527184869380444,0.5320770902859808,True,0.461205040586413,0.755509231045433,7.0,0.1977891624684348,0.5686669344450404,True,True,True,True,True,insufficient_evidence_guardrail,1.0,False,0,1.0,True,0,False,0.48486547379971495,0.7318487978321311,False,7.0,14.0,True,high_ability_role_stabilization
35885,A. Zendejas,USA,Attacker,RW,0.9285714285714286,28,RW:26 | ST:1 | LW:1,3234.0,low_is_left,1.0,False,True,False,2378.0,0.6923453463593584,0.0957024404433473,0.5966429059160111,0.5799613253477307,0.7292717109867178,0.7272229086712659,0.7854289349758399,0.4184988378511083,0.5767668291922442,0.5113492570076072,0.5266224092742133,True,0.5047685630903976,0.8799221296283192,36.0,0.5129506006993587,0.6854695334585559,True,True,False,False,True,plausible_real_xi,1.0,False,0,1.0,True,0,False,0.5349288400880113,0.8497618526307055,True,36.0,36.0,True,upper90_can_enter_real_xi
36088,G. Martinez,Mexico,Attacker,RW,0.8,15,RW:12 | ST:3,2041.0,low_is_left,1.0,False,True,False,1501.0,0.6221201630993521,0.1204588164022624,0.5016613466970896,0.2361496823651336,0.4557803654249759,0.4116375024629448,0.8342236120491943,0.2582239458059747,0.6063582864579544,0.2987652720623173,0.2361022400852462,True,0.3860208829509177,0.8582194432477865,149.0,0.5129506006993587,0.6854695334585559,True,True,False,False,True,plausible_real_xi,1.0,False,0,1.0,True,0,False,0.42398304204180937,0.8202572841568949,True,148.0,71.0,True,upper90_can_enter_real_xi
36579,S. Rahimi,Morocco,Attacker,RW,0.8571428571428571,14,RW:12 | ST:1 | LW:1,2185.0,low_is_left,1.0,False,True,False,1143.0,0.606040618032162,0.1380402771303948,0.4680003409017671,0.3302035962682997,0.6338374246227647,0.5645589713969503,0.7425501808798676,0.3482603773285782,0.584388809271316,0.4206536040295209,0.3521836335505005,True,0.3354816748565881,0.876599561207736,179.0,0.5129506006993587,0.6854695334585559,True,True,False,False,True,plausible_real_xi,1.0,False,0,1.0,True,0,False,0.3789845675288458,0.8330966685354783,True,177.0,53.0,True,upper90_can_enter_real_xi
36902,T. Reijnders,Netherlands,Midfielder,CM,0.7297297297297297,37,CM:27 | DM:9 | RW:1,3807.0,low_is_left,1.0,False,True,False,3015.0,0.623743687438946,0.0849934150214881,0.5387502724174579,0.5903996435294582,0.6085282923086486,0.6665337489198904,0.6368997347368576,0.3390538983367542,0.2492897949156527,0.5685679033446982,0.635461055295356,True,0.4571565939968293,0.7903307808810628,37.0,0.4698174469315781,0.6752213663290523,True,True,False,False,True,plausible_real_xi,1.0,False,0,1.0,True,0,False,0.4839419604738596,0.7635454144040325,True,37.0,43.0,True,upper90_can_enter_real_xi
37436,L. Duarte,Cape Verde Islands,Midfielder,AM,0.9,20,AM:18 | CM:2,4102.0,low_is_left,1.0,False,True,False,2298.0,0.5361334546063684,0.097354028106246,0.4387794265001223,0.4542975763179828,0.6082491278151237,0.682291369570136,0.4503409168230968,0.4764806821379416,0.4468884072699682,0.5171546442406787,0.4761638381239098,True,0.3453195595181261,0.7269473496946107,112.0,0.4583156981188975,0.5944349510352618,True,True,False,False,True,plausible_real_xi,1.0,False,0,1.0,True,0,False,0.3760003283774741,0.6962665808352627,True,111.0,109.0,True,upper90_can_enter_real_xi
38114,K. Itakura,Japan,Defender,RB,0.9,20,RB:18 | RCB:2,3158.0,low_is_left,1.0,False,True,False,2044.0,0.4765956036774272,0.1032258557698259,0.3733697479076013,0.6935874897916275,0.3745245454885524,0.3772665627856392,0.4449536041269535,0.5359944295943728,0.4361159068997323,0.7300890854697374,0.7020019976214761,True,0.2742729263685683,0.6789182809862861,183.0,0.4140762867709887,0.537777630667353,True,True,False,False,True,plausible_real_xi,1.0,False,0,1.0,True,0,False,0.3068041804192595,0.6463870269355949,True,181.0,141.0,True,upper90_can_enter_real_xi
39058,F. Bjorkan,Norway,Defender,RB,0.972972972972973,37,RB:36 | LB:1,4308.0,low_is_left,1.0,False,True,False,3086.0,0.5911397936357379,0.0840099984791027,0.5071297951566351,0.7351891413518049,0.5929926504405864,0.5145238664646292,0.518675230717931,0.560512698931972,0.5488622595741552,0.6165160789170642,0.591578389301955,True,0.4264801966166965,0.7557993906547793,24.0,0.4140762867709887,0.537777630667353,True,True,True,False,True,plausible_real_xi,1.0,False,0,0.9148936170212766,True,4,False,0.45295564293719814,0.7293239443342776,True,24.0,42.0,True,upper90_can_enter_real_xi
39064,P. Berg,Norway,Midfielder,CM,0.813953488372093,43,CM:35 | AM:7 | DM:1,5174.0,low_is_left,1.0,False,True,False,3911.0,0.6569724073130301,0.074625117806403,0.5823472895066271,0.6920284435419253,0.6170238821975307,0.754663698214104,0.5369028965598576,0.6624628336671919,0.4118629715107823,0.6854584483429551,0.5892139990569193,True,0.5107071764124801,0.8032376382135801,18.0,0.4698174469315781,0.6752213663290523,True,True,True,False,True,plausible_real_xi,1.0,False,0,0.9148936170212766,True,4,False,0.5342250116274873,0.7797198029985729,True,18.0,34.0,True,upper90_can_enter_real_xi
39143,K. Thorstvedt,Norway,Midfielder,AM,0.6428571428571429,28,AM:18 | CM:9 | RW:1,3787.0,low_is_left,1.0,False,True,False,2541.0,0.5358216126376056,0.0925820099772551,0.4432396026603505,0.4847035092062199,0.5678747107801381,0.5667464697156324,0.5419422941464594,0.5994492856368199,0.6243744531325562,0.4597890657564889,0.4334107602935779,True,0.3543608730821855,0.7172823521930257,108.0,0.4583156981188975,0.5944349510352618,True,True,False,False,True,plausible_real_xi,1.0,False,0,1.0,True,0,False,0.3835377577360602,0.6881054675391511,True,107.0,115.0,True,upper90_can_enter_real_xi
41608,D. Borges,Cape Verde Islands,Defender,RB,0.7333333333333333,15,RB:11 | LCB:4,1740.0,low_is_left,1.0,False,True,False,1380.0,0.5004178183668391,0.1256288529584353,0.3747889654084037,0.5079430007957809,0.3878758591619656,0.3862510565843676,0.3664861356206027,0.5891179810397666,0.7232263688879524,0.5552296197888504,0.3861067450898561,True,0.2541852665683057,0.7466503701653724,180.0,0.4140762867709887,0.537777630667353,True,True,False,False,True,plausible_real_xi,1.0,False,0,1.0,True,0,False,0.2937767439284036,0.7070588928052746,True,178.0,61.0,True,upper90_can_enter_real_xi
41627,K. Gorre,Curaçao,Attacker,RW,0.8461538461538461,13,RW:11 | LW:2,2007.0,low_is_left,1.0,False,True,False,1435.0,0.627201547949979,0.1231978098361819,0.504003738113797,0.402169469156645,0.7252285918178779,0.6830895233426701,0.7170344472200924,0.3803814918105409,0.3849553592495559,0.398803174682951,0.3800684537007054,True,0.3857338406710623,0.8686692552288956,143.0,0.5129506006993587,0.6854695334585559,True,True,False,False,True,plausible_real_xi,1.0,False,0,1.0,True,0,False,0.4245591836084574,0.8298439122915005,True,142.0,57.0,True,upper90_can_enter_real_xi
42021,M. Barsham,Qatar,Goalkeeper,GK,1.0,20,GK:20,3149.0,low_is_left,1.0,False,True,False,1860.0,0.685354339059193,0.1082112629043522,0.5771430761548407,0.291024782380567,0.307725752324655,0.3098140524348434,0.3215983069298614,0.2076515707299293,0.1669529681972079,0.1822255010322396,0.9996646498695336,True,0.4732602637666626,0.8974484143517234,87.0,0.589972475664744,0.6652816201691438,True,True,False,False,True,plausible_real_xi,1.0,False,0,1.0,True,0,False,0.5073626507939699,0.863346027324416,True,87.0,54.0,True,upper90_can_enter_real_xi
42075,Edmilson Junior,Qatar,Attacker,RW,0.6956521739130435,23,RW:16 | LW:6 | ST:1,2489.0,low_is_left,1.0,False,True,False,1945.0,0.6370020182625407,0.1058203356861528,0.5311816825763878,0.5216345628461626,0.6493700974776669,0.7391513389153151,0.6866088404121408,0.4973646406980206,0.4763184945222603,0.5033408415010892,0.6053872530089466,True,0.429594160317681,0.8444098762074003,110.0,0.5129506006993587,0.6854695334585559,True,True,False,False,True,plausible_real_xi,1.0,False,0,1.0,True,0,False,0.4629430553039499,0.8110609812211313,True,110.0,84.0,True,upper90_can_enter_real_xi
42261,R. Sulaka,Iraq,Defender,RB,0.8461538461538461,13,RB:11 | RCB:1 | LCB:1,1886.0,low_is_left,1.0,False,True,False,1146.0,0.4184872480882811,0.1378594777376377,0.2806277703506433,0.5355116559637311,0.3540929912277537,0.3615867542825569,0.3607399079231717,0.467258469052355,0.3933330964904296,0.3713560693762486,0.55697670788179,True,0.1482826717225111,0.6886918244540512,253.0,0.4140762867709887,0.537777630667353,True,True,False,False,True,plausible_real_xi,1.0,False,0,1.0,True,0,False,0.19172858612189198,0.6452459100546701,True,249.0,144.0,True,upper90_can_enter_real_xi
42288,Lucas Mendes,Qatar,Defender,RB,0.8181818181818182,11,RB:9 | RCB:2,2005.0,low_is_left,1.0,False,True,False,1021.0,0.4722345225889758,0.1460548781249501,0.3261796444640257,0.5607582097182444,0.349417771612479,0.4021572025919419,0.4631514816405284,0.5870347119366678,0.5137509692541513,0.2659038276806463,0.5400330094102005,True,0.1859669614640736,0.7585020837138781,235.0,0.4140762867709887,0.537777630667353,True,True,False,False,True,plausible_real_xi,1.0,False,0,1.0,True,0,False,0.23199562657119638,0.7124734186067552,True,233.0,56.0,True,upper90_can_enter_real_xi
42315,M. Taremi,Iran,Attacker,RW,0.9523809523809524,21,RW:20 | ST:1,2944.0,low_is_left,1.0,False,True,False,2006.0,0.6572543166563019,0.104198981361861,0.5530553352944408,0.3456492647338289,0.6015391175405632,0.6725803370433571,0.8442074196320214,0.368635280892915,0.8308529603857255,0.3049036248873897,0.2080168378250886,True,0.4530243131870543,0.8614843201255494,83.0,0.5129506006993587,0.6854695334585559,True,True,False,False,True,plausible_real_xi,1.0,False,0,1.0,True,0,False,0.4858622442385959,0.8286463890740078,True,83.0,60.0,True,upper90_can_enter_real_xi
44315,A. Al Khaibari,Saudi Arabia,Midfielder,DM,0.5909090909090909,22,DM:13 | CM:7 | RB:1 | AM:1,3489.0,low_is_left,1.0,False,False,False,2388.0,0.504948847517655,0.0955018482285833,0.4094469992890716,0.6202363301002877,0.419624816654792,0.42719512799828,0.3737438584155255,0.4747005118246425,0.3335044286357561,0.6151942389386525,0.7307761691887286,True,0.3177652249896315,0.6921324700456785,18.0,0.2567438243531459,0.59591886719741,True,True,True,True,True,insufficient_evidence_guardrail,1.0,False,0,1.0,True,0,False,0.3478622860783007,0.6620354089570093,False,18.0,18.0,True,covered_pool_shortage
44324,F. Al Buraikan,Saudi Arabia,Attacker,RW,0.68,25,RW:17 | LW:4 | ST:4,4130.0,low_is_left,1.0,False,True,False,2637.0,0.4983258867649214,0.090881162324923,0.4074447244399984,0.2571215017345671,0.4479477751726665,0.4652669392257326,0.6865687017824338,0.4617449052204396,0.642580572518821,0.2375346632038263,0.170795181481659,True,0.3201988086080723,0.6764529649217705,224.0,0.5129506006993587,0.6854695334585559,True,False,False,False,True,plausible_top30,1.0,False,0,1.0,True,0,False,0.3488396772932063,0.6478120962366365,True,219.0,241.0,True,upper90_can_enter_top30
44335,H. Kadesh,Saudi Arabia,Defender,RB,0.90625,32,RB:29 | LCB:3,3617.0,low_is_left,1.0,False,True,False,2745.0,0.4694946899226988,0.0890753963196807,0.380419293603018,0.6532786339872688,0.3592862392326868,0.3538862388194687,0.3606019235802587,0.5870558431657752,0.4175184309704514,0.7180380270190173,0.704577048366251,True,0.2949069131361245,0.6440824667092732,174.0,0.4140762867709887,0.537777630667353,True,True,False,False,True,plausible_real_xi,1.0,False,0,1.0,True,0,False,0.3229787012141322,0.6160106786312655,True,172.0,191.0,True,upper90_can_enter_real_xi
44339,N. Al Dawsari,Saudi Arabia,Midfielder,CM,0.6363636363636364,22,CM:14 | DM:3 | LB:2 | AM:2 | RB:1,3505.0,low_is_left,1.0,False,True,False,2246.0,0.553280668686194,0.0984745628929348,0.4548061057932591,0.5749819930122243,0.4819187849910398,0.5029125310455702,0.3894716470627091,0.7486198833733906,0.4924640169727582,0.5501445039776407,0.5830833924449945,True,0.3602705254160416,0.7462908119563463,83.0,0.4698174469315781,0.6752213663290523,True,True,False,False,True,plausible_real_xi,1.0,False,0,1.0,True,0,False,0.39130442674928934,0.7152569106230986,True,83.0,71.0,True,upper90_can_enter_real_xi
44349,M. Kanno,Saudi Arabia,Attacker,ST,0.5151515151515151,33,ST:17 | RW:16,4754.0,low_is_left,1.0,False,False,False,2856.0,0.5359081800775539,0.0873272604641189,0.448580919613435,0.6416555660174602,0.4406714178012683,0.5143275239179135,0.6361922599202737,0.6490657706400774,0.616653379377565,0.541838826473557,0.6354962025374017,True,0.3647467495678808,0.707069610587227,13.0,0.2801951276511578,0.6164915702025182,True,True,True,True,True,insufficient_evidence_guardrail,1.0,False,0,1.0,True,0,False,0.39226761897141205,0.6795487411836958,False,13.0,11.0,True,high_ability_role_stabilization
44507,A. Lajami,Saudi Arabia,Defender,RCB,0.6,10,RCB:6 | RB:3 | LCB:1,2139.0,low_is_left,1.0,False,True,False,1189.0,0.5088621571497535,0.1353436892271852,0.3735184679225682,0.6158888768091675,0.3417255510375397,0.3342687982698303,0.3215983069298614,0.7989655504743342,0.4741300017190661,0.6286726260667516,0.6999122376382803,True,0.2435885262644704,0.7741357880350366,33.0,0.2888160648935492,0.5805399022955131,True,True,True,False,True,plausible_real_xi,1.0,False,0,1.0,True,0,False,0.28624159903942503,0.7314827152600819,True,32.0,8.0,True,upper90_can_enter_real_xi
44594,S. Abdulhamid,Saudi Arabia,Defender,RB,1.0,24,RB:24,6126.0,low_is_left,1.0,False,True,False,2232.0,0.5585880314767824,0.0987829161147261,0.4598051153620562,0.5395795871603181,0.5577141920437435,0.7010683228966689,0.5002023229157602,0.6186561206960951,0.5236036328789327,0.5241154712603391,0.5387360478767951,True,0.364973515891919,0.7522025470616457,66.0,0.4140762867709887,0.537777630667353,True,True,False,False,True,plausible_real_xi,1.0,False,0,1.0,True,0,False,0.39610459362463213,0.7210714693289326,True,65.0,50.0,True,upper90_can_enter_real_xi
44865,J. Souttar,Scotland,Defender,RB,1.0,32,RB:32,3879.0,low_is_left,1.0,False,True,False,2880.0,0.4919664478015098,0.0869626356546304,0.4050038121468793,0.7163696849053918,0.3775126646543749,0.3774686288534414,0.4053285096444188,0.4574945691038054,0.6337371429918404,0.8630337738331244,0.6481456111395557,True,0.3215196819184341,0.6624132136845854,133.0,0.4140762867709887,0.537777630667353,True,True,False,False,True,plausible_real_xi,1.0,False,0,1.0,True,0,False,0.34892564113573155,0.635007254467288,True,131.0,163.0,True,upper90_can_enter_real_xi
46731,P. Estupinan,Ecuador,Midfielder,LB,1.0,18,LB:18,3104.0,low_is_left,1.0,False,True,False,1492.0,0.5034758603980493,0.120821584279805,0.3826542761182442,0.5736316079811892,0.4661481219490875,0.5363155352811064,0.3797738079941263,0.4708926492190296,0.3197790444942058,0.5360662430840956,0.5622768708170526,True,0.2666655552096313,0.7402861655864672,38.0,0.3170630071570786,0.5537089048331636,True,True,False,False,True,plausible_real_xi,1.0,False,0,1.0,True,0,False,0.30474203928138904,0.7022096815147094,True,37.0,19.0,True,upper90_can_enter_real_xi
47294,I. Williams,Ghana,Midfielder,AM,0.6857142857142857,35,AM:24 | RW:10 | CM:1,3986.0,low_is_left,1.0,False,True,False,2836.0,0.4467310418868113,0.0876346435351438,0.3590963983516674,0.2709664664934363,0.4851455135202764,0.5474109661024217,0.5742534683093845,0.3095570766831642,0.3145906607974493,0.1665702926490823,0.1375877834181665,True,0.2749671405579293,0.6184949432156933,149.0,0.4583156981188975,0.5944349510352618,True,True,False,False,True,plausible_real_xi,1.0,False,0,1.0,True,0,False,0.30258488062143063,0.5908772031521919,True,146.0,151.0,True,upper90_can_enter_top30
47380,M. Cucurella,Spain,Defender,LB,0.96,50,LB:48 | LCB:2,5744.0,low_is_left,1.0,False,True,False,4501.0,0.5153884339040169,0.0695623797997429,0.4458260541042739,0.5834436394695006,0.4390479700820615,0.5555543166922232,0.4224511271694577,0.5823842436283665,0.4236488326692056,0.4554624136121882,0.5921645319198849,True,0.3790461694965207,0.6517306983115131,20.0,0.3170630071570786,0.5537089048331636,True,True,True,False,True,plausible_real_xi,1.0,False,0,1.0,True,0,False,0.40096850119103394,0.6298083666169998,True,19.0,36.0,True,upper90_can_enter_real_xi
48033,J. Widell Zetterstrom,Sweden,Goalkeeper,GK,1.0,35,GK:35,4320.0,low_is_left,1.0,False,True,False,3150.0,0.7319996458331546,0.0831521840620299,0.6488474617711246,0.2664107493069529,0.3182006147205185,0.314353964775259,0.3215983069298614,0.2133799566350185,0.1643406287276275,0.5260129236234696,0.9996646498695336,True,0.5690213650715759,0.8949779265947333,35.0,0.589972475664744,0.6652816201691438,True,True,True,False,True,plausible_real_xi,1.0,False,0,1.0,True,0,False,0.5952264742897884,0.8687728173765208,True,35.0,51.0,True,upper90_can_enter_real_xi
48129,A. Sher,Iraq,Midfielder,AM,1.0,18,AM:18,2989.0,low_is_left,1.0,False,True,False,1821.0,0.5958253372855202,0.1093638938818851,0.486461443403635,0.5771237416536354,0.4681681501552313,0.4282817628777328,0.4835402578693952,0.7224028549464788,0.5735201488333069,0.5576494166343436,0.5488555219036322,True,0.3814721052770253,0.8101785692940151,72.0,0.4583156981188975,0.5944349510352618,True,True,False,False,True,plausible_real_xi,1.0,False,0,1.0,True,0,False,0.4159377397763656,0.7757129347946748,True,72.0,47.0,True,upper90_can_enter_real_xi
49837,M. Gunok,Türkiye,Goalkeeper,GK,1.0,15,GK:15,1831.0,low_is_left,1.0,False,True,False,1381.0,0.6774810767336313,0.1255833599810398,0.5518977167525915,0.2601503586023708,0.3042092080841349,0.3098140524348434,0.3215983069298614,0.2076515707299293,0.1755853647781242,0.1709029838994241,0.9996646498695336,True,0.4313376911707932,0.9236244622964694,97.0,0.589972475664744,0.6652816201691438,True,True,False,False,True,plausible_real_xi,1.0,False,0,1.0,True,0,False,0.47091483158406566,0.884047321883197,True,97.0,45.0,True,upper90_can_enter_real_xi
50077,S. Rochet,Uruguay,Goalkeeper,GK,1.0,30,GK:30,3849.0,low_is_left,1.0,False,True,False,2715.0,0.6723419327780299,0.0895661735674457,0.5827757592105842,0.2524152063612611,0.3042920607510236,0.3098140524348434,0.3215983069298614,0.210628095699237,0.1856799831033571,0.1469555605168939,0.9996646498695336,True,0.4967922325858362,0.8478916329702235,85.0,0.589972475664744,0.6652816201691438,True,True,False,False,True,plausible_real_xi,1.0,False,0,1.0,True,0,False,0.5250186873334517,0.8196651782226081,True,85.0,86.0,True,upper90_can_enter_real_xi
50270,R. Mendes,Cape Verde Islands,Midfielder,AM,0.6071428571428571,28,AM:17 | RW:7 | CM:4,3983.0,low_is_left,1.0,False,True,False,2475.0,0.4671269654054572,0.0938083151964686,0.3733186502089886,0.4183684510209626,0.5856542532566694,0.5724191756965759,0.5767586551719402,0.4230162051089645,0.3989279709289891,0.377594204555825,0.3225996271663768,True,0.2832626676203787,0.6509912631905357,141.0,0.4583156981188975,0.5944349510352618,True,True,False,False,True,plausible_real_xi,1.0,False,0,1.0,True,0,False,0.3128260179163389,0.6214279128945754,True,139.0,143.0,True,upper90_can_enter_real_xi
50272,O. Shukurov,Uzbekistan,Midfielder,AM,0.8,15,AM:12 | DM:3,2075.0,low_is_left,1.0,False,True,False,1191.0,0.50056870058115,0.135230002781901,0.365338697799249,0.5710454814139143,0.4528194920392412,0.5150788739785763,0.3551773094287498,0.4519613046047624,0.4263093489391842,0.5182426182721556,0.5582367872702115,True,0.235517895128624,0.7656195060336759,145.0,0.4583156981188975,0.5944349510352618,True,True,False,False,True,plausible_real_xi,1.0,False,0,1.0,True,0,False,0.27813514003268247,0.7230022611296175,True,142.0,83.0,True,upper90_can_enter_real_xi
50728,M. Freese,USA,Goalkeeper,GK,1.0,46,GK:46,6119.0,low_is_left,1.0,False,True,False,3525.0,0.6812305557538355,0.0786048561111546,0.6026256996426809,0.2716185987353387,0.303798450599494,0.3098140524348434,0.3215983069298614,0.2076515707299293,0.1491878449530981,0.1806085238568283,0.9996646498695336,True,0.5271650377759725,0.8352960737316986,70.0,0.589972475664744,0.6652816201691438,True,True,False,False,True,plausible_real_xi,1.0,False,0,1.0,True,0,False,0.5519370730834043,0.8105240384242667,True,70.0,93.0,True,upper90_can_enter_real_xi
50816,R. Laryea,Canada,Defender,RB,0.7666666666666667,30,RB:23 | LB:6 | LCB:1,3421.0,low_is_left,1.0,False,True,False,2278.0,0.5443018676310765,0.0977804604060833,0.4465214072249931,0.4401943996876873,0.5779139838198443,0.4274696219049027,0.5129674918743413,0.5277243071336124,0.7871934336104229,0.5626876757666901,0.4840414722722441,True,0.3526521652351531,0.7359515700269998,78.0,0.4140762867709887,0.537777630667353,True,True,False,False,True,plausible_real_xi,1.0,False,0,1.0,True,0,False,0.3834673226871455,0.7051364125750075,True,76.0,64.0,True,upper90_can_enter_real_xi
50817,J. Osorio,Canada,Midfielder,AM,0.6666666666666666,24,AM:16 | CM:5 | DM:3,3453.0,low_is_left,1.0,False,True,False,2189.0,0.5461772068856202,0.0997484272744116,0.4464287796112085,0.6149588664971185,0.4772415006886004,0.5264364077328431,0.46544346304432,0.5161366272662598,0.3630369146011653,0.6522441231512593,0.6632844615779521,True,0.3506702894277733,0.7416841243434671,102.0,0.4583156981188975,0.5944349510352618,True,True,False,False,True,plausible_real_xi,1.0,False,0,1.0,True,0,False,0.38210564450059914,0.7102487692706413,True,101.0,91.0,True,upper90_can_enter_real_xi
50879,M. Robinson,USA,Defender,RB,0.9629629629629628,27,RB:26 | RCB:1,6053.0,low_is_left,1.0,False,True,False,2123.0,0.4891985241706088,0.1012870542444243,0.3879114699261844,0.6300707347823624,0.3599908895073926,0.3443190968582975,0.4030809965747365,0.6434180155689079,0.5104210142004305,0.8413876770509767,0.5755520557374723,True,0.2906758978515371,0.6877211504896804,165.0,0.4140762867709887,0.537777630667353,True,True,False,False,True,plausible_real_xi,1.0,False,0,1.0,True,0,False,0.32259614563343697,0.6558009027077806,True,163.0,125.0,True,upper90_can_enter_real_xi
50958,D. Etienne,Haiti,Attacker,RW,0.8571428571428571,14,RW:12 | LW:1 | ST:1,1887.0,low_is_left,1.0,False,True,False,1136.0,0.4404760629429318,0.1384649241189537,0.3020111388239781,0.306091058024991,0.456206751420427,0.4932583414752298,0.6012500059507002,0.3763143610848685,0.2652684559635936,0.2187105033351415,0.2676390633560873,True,0.1690848116697825,0.711867314216081,256.0,0.5129506006993587,0.6854695334585559,True,True,False,False,True,plausible_real_xi,1.0,False,0,1.0,True,0,False,0.2127215303003104,0.6682305955855532,True,248.0,231.0,True,upper90_can_enter_real_xi
51016,T. Buchanan,Canada,Midfielder,CM,0.7714285714285715,35,CM:27 | AM:6 | LW:1 | RW:1,3446.0,low_is_left,1.0,False,True,False,2725.0,0.4475902206120905,0.0894016809151747,0.3581885396969158,0.3391912371128088,0.5914558778200035,0.4599536357718787,0.609001416985958,0.4829825688679051,0.5022043913550857,0.3726808765126845,0.4203467058900996,True,0.2723629260183481,0.622817515205833,104.0,0.4698174469315781,0.6752213663290523,True,False,False,False,True,plausible_top30,1.0,False,0,1.0,True,0,False,0.30053754150320716,0.5946428997209738,True,104.0,105.0,True,upper90_can_enter_top30
51114,C. Roldan,USA,Midfielder,AM,1.0,36,AM:36,5309.0,low_is_left,1.0,False,True,False,2618.0,0.6556530277951865,0.091210348815759,0.5644426789794275,0.7424419354760231,0.5581830221514225,0.6240650183871572,0.529868334288954,0.6159040012615081,0.6626659248742264,0.6992798093670508,0.5748557477040905,True,0.4768807441162987,0.8344253114740743,22.0,0.4583156981188975,0.5944349510352618,True,True,True,False,True,plausible_real_xi,1.0,False,0,1.0,True,0,False,0.5056253547300764,0.8056807008602966,True,22.0,28.0,True,upper90_can_enter_real_xi
51148,D. St.Clair,Canada,Goalkeeper,GK,1.0,34,GK:34,5283.0,low_is_left,1.0,False,True,False,2893.0,0.6897441117351653,0.0867670277828286,0.6029770839523366,0.3314134615771176,0.3052118286074133,0.3147590079026372,0.3215983069298614,0.2164294334403104,0.1377445026973721,0.1576390799433216,0.9996646498695336,True,0.5196807372808211,0.8598074861895094,68.0,0.589972475664744,0.6652816201691438,True,True,False,False,True,plausible_real_xi,1.0,False,0,1.0,True,0,False,0.5470250513867805,0.83246317208355,True,68.0,72.0,True,upper90_can_enter_real_xi
51149,M. Boxall,New Zealand,Defender,RB,0.7916666666666666,24,RB:19 | RCB:5,4489.0,low_is_left,1.0,False,True,False,1916.0,0.3813828168143475,0.1066181605089543,0.2747646563053931,0.454073041391345,0.3655917824081108,0.3481556605496816,0.3215983069298614,0.3999848700739972,0.3329948569600875,0.6393963406565871,0.6409608284818017,True,0.1724112222167969,0.590354411411898,257.0,0.4140762867709887,0.537777630667353,True,True,False,False,True,plausible_real_xi,1.0,False,0,1.0,True,0,False,0.2060115488022998,0.5567540848263952,True,253.0,246.0,True,upper90_can_enter_top30
51466,J. Piquerez,Uruguay,Attacker,LB,0.8604651162790697,43,LB:37 | RB:3 | LCB:3,6038.0,low_is_left,1.0,False,True,False,3341.0,0.535851240024506,0.0807403634221648,0.4551108766023412,0.5248528403645183,0.5178778672355717,0.5576911120296422,0.4283804101608546,0.5773174377724359,0.492697781840437,0.466941295157861,0.4526530484974396,True,0.3776001277170629,0.6941023523319491,18.0,0.3170630071570786,0.5537089048331636,True,True,True,False,True,plausible_real_xi,1.0,False,0,1.0,True,0,False,0.4030451604081783,0.6686573196408337,True,17.0,24.0,True,upper90_can_enter_real_xi
51494,M. Ugarte,Uruguay,Midfielder,CM,0.7857142857142857,14,CM:11 | DM:3,3203.0,low_is_left,1.0,False,True,False,1322.0,0.6734495906335662,0.1283551238614283,0.5450944667721379,0.6159014549061769,0.4541553467015773,0.3778551651706987,0.3642393550000295,0.8716116336383131,0.752004124751804,0.5585596721896491,0.5356540349401757,True,0.4218735478651668,0.9250256334019658,30.0,0.4698174469315781,0.6752213663290523,True,True,True,False,True,plausible_real_xi,1.0,False,0,1.0,True,0,False,0.46232419961229043,0.884574981654842,True,30.0,5.0,True,upper90_can_enter_real_xi
51535,S. Caceres,Uruguay,Defender,RCB,0.4473684210526316,38,RCB:17 | RB:17 | LCB:4,4771.0,low_is_left,1.0,False,False,False,3204.0,0.4651489078853486,0.0824484857895447,0.3827004220958038,0.627144768373468,0.3683288586525245,0.3370996863391867,0.4286037896935786,0.5127743746801753,0.5403033084623239,0.6848389669480731,0.5815835265310596,True,0.3035498757378408,0.6267479400328564,30.0,0.2888160648935492,0.5805399022955131,True,True,True,True,True,insufficient_evidence_guardrail,1.0,False,0,1.0,True,0,False,0.32953321699775906,0.6007645987729381,False,29.0,30.0,True,covered_pool_shortage
51572,M. Vina,Uruguay,Defender,LB,0.6428571428571429,14,LB:9 | RB:5,1680.0,low_is_left,1.0,False,True,False,1293.0,0.5514466459021126,0.1297865461587028,0.4216600997434097,0.486915683439998,0.56208210849534,0.4416935662077571,0.3597553419304494,0.63662400501887,0.6204050677333576,0.4954393819567488,0.2854111553640216,True,0.2970650154310549,0.8058282763731701,29.0,0.3170630071570786,0.5537089048331636,True,True,True,False,True,plausible_real_xi,1.0,False,0,0.9705882352941176,True,2,False,0.3379667747234656,0.7649265170807595,True,28.0,8.0,True,upper90_can_enter_real_xi
51603,A. Canobbio,Uruguay,Midfielder,AM,0.8571428571428571,56,AM:48 | RW:5 | CM:2 | LW:1,6333.0,low_is_left,1.0,False,True,False,4649.0,0.5269510016561959,0.0684461720513853,0.4585048296048105,0.4214845597205822,0.6539826433328053,0.5538717611766746,0.6517262310681069,0.5330056153940035,0.6786123343964351,0.4277887926133672,0.4344842997272762,True,0.3927965044354806,0.6611054988769112,93.0,0.4583156981188975,0.5944349510352618,True,True,False,False,True,plausible_real_xi,1.0,False,0,1.0,True,0,False,0.4143670673065303,0.6395349360058615,True,92.0,136.0,True,upper90_can_enter_real_xi
51617,D. Nunez,Uruguay,Attacker,RW,0.95,20,RW:19 | ST:1,2781.0,low_is_left,1.0,False,True,False,1838.0,0.6093204760538992,0.1088569555844169,0.5004635204694822,0.3066204835106106,0.5864744906246326,0.6061690042692004,0.8257342076175533,0.3719339644677642,0.5180618484602346,0.3999646807124974,0.2814257909536515,True,0.3959608431084419,0.8226801089993564,151.0,0.5129506006993587,0.6854695334585559,True,True,False,False,True,plausible_real_xi,1.0,False,0,1.0,True,0,False,0.4302667178419757,0.7883742342658226,True,150.0,107.0,True,upper90_can_enter_real_xi
51618,B. Rodriguez,Uruguay,Attacker,LW,0.4705882352941176,34,LW:16 | RW:15 | ST:3,3985.0,low_is_left,1.0,False,False,False,2845.0,0.7681123127237462,0.0874959200655636,0.6806163926581825,0.5289378201388321,0.8820870173075145,0.8515042849880751,0.7486914311703083,0.3282496770840755,0.621503395921804,0.5512040699230393,0.4804709488884826,True,0.5966203093952415,0.939604316052251,1.0,0.3207813027734048,0.5966203093952415,True,True,True,True,True,insufficient_evidence_guardrail,1.0,False,0,1.0,True,0,False,0.6241943312604479,0.9120302941870446,False,1.0,1.0,True,high_ability_role_stabilization
51776,M. Araujo,Uruguay,Midfielder,LB,0.7380952380952381,42,LB:31 | LCB:11,5194.0,low_is_left,1.0,False,True,False,3756.0,0.6254908709027437,0.0761493404090175,0.5493415304937261,0.4913545718449034,0.6079218667088657,0.630935100130267,0.6140060702606753,0.6916758476863264,0.7220851484124203,0.4233633510365366,0.5020379512035925,True,0.4762381637010692,0.7747435781044181,6.0,0.3170630071570786,0.5537089048331636,True,True,True,False,True,plausible_real_xi,1.0,False,0,1.0,True,0,False,0.5002363521410089,0.7507453896644785,True,6.0,9.0,True,upper90_can_enter_real_xi
53535,E. Shomurodov,Uzbekistan,Attacker,RW,0.6190476190476191,42,RW:26 | ST:15 | LW:1,4520.0,low_is_left,1.0,False,True,False,3532.0,0.5723206686197851,0.0785269247850365,0.4937937438347486,0.3318698599536069,0.5481534631265622,0.5965109092131887,0.8645868013149632,0.3227351178182809,0.3226854738923576,0.3373378716976708,0.2573006572205512,True,0.4184078960411135,0.7262334411984568,154.0,0.5129506006993587,0.6854695334585559,True,True,False,False,True,plausible_real_xi,1.0,False,0,1.0,True,0,False,0.4431553715737724,0.7014859656657979,True,153.0,207.0,True,upper90_can_enter_real_xi
53886,J. Hassan,Iraq,Goalkeeper,GK,1.0,8,GK:8,1834.0,low_is_left,1.0,False,True,False,1155.0,0.6751562687079135,0.137321312465119,0.5378349562427944,0.2795529206613899,0.310908458360961,0.3098140524348434,0.3215983069298614,0.2146978057822236,0.2096146763660476,0.1295341809826129,0.9996646498695336,True,0.4060064962762801,0.9443060411395467,102.0,0.589972475664744,0.6652816201691438,True,True,False,False,True,plausible_real_xi,1.0,False,0,1.0,True,0,False,0.44928280984192603,0.9010297275739009,True,102.0,37.0,True,upper90_can_enter_real_xi
53900,Y. Al Arab,Jordan,Defender,RB,0.9166666666666666,36,RB:33 | RCB:3,4090.0,low_is_left,1.0,False,True,False,2144.0,0.4925456372051637,0.1007897915939518,0.3917558456112119,0.6456946510115783,0.3566937172330714,0.3667418079674526,0.3682549216003118,0.6105897067604006,0.5435935591170713,0.5763092411143006,0.6038301543828144,True,0.2949976456810181,0.6900936287293092,159.0,0.4140762867709887,0.537777630667353,True,True,False,False,True,plausible_real_xi,1.0,False,0,1.0,True,0,False,0.32676118294216905,0.6583300914681584,True,157.0,120.0,True,upper90_can_enter_real_xi
57875,C. Yanis,Panama,Midfielder,AM,0.8695652173913043,23,AM:20 | RW:3,3133.0,low_is_left,1.0,False,True,False,1913.0,0.6335648755785559,0.106701727989198,0.5268631475893578,0.556132185153167,0.6936151501952686,0.7802942154122494,0.4347339243161561,0.4397181792370215,0.3776494616132294,0.5117497416509671,0.4439477422172754,True,0.4244294887197277,0.842700262437384,41.0,0.4583156981188975,0.5944349510352618,True,True,False,False,True,plausible_real_xi,1.0,False,0,1.0,True,0,False,0.45805615129353416,0.8090735998635776,True,41.0,26.0,True,upper90_can_enter_real_xi
61895,S. Mele,Uruguay,Goalkeeper,GK,1.0,21,GK:21,3889.0,low_is_left,1.0,False,True,False,1790.0,0.706406103336999,0.1103068346267044,0.5960992687102946,0.3585340194345597,0.3152868257104287,0.3341782602922664,0.3215983069298614,0.2121784565555562,0.1357657999369385,0.2325582801456238,0.9996646498695336,True,0.4902047074686583,0.9226074992053398,77.0,0.589972475664744,0.6652816201691438,True,True,False,False,True,plausible_real_xi,1.0,False,0,1.0,True,0,False,0.524967506323728,0.8878447003502701,True,77.0,44.0,True,upper90_can_enter_real_xi
63964,F. Torres,Ecuador,Defender,RB,1.0,15,RB:15,3994.0,low_is_left,1.0,False,True,False,1420.0,0.4859820735829733,0.1238467931317322,0.3621352804512411,0.5426781766811338,0.3814343060079507,0.3620593515457256,0.4293134596685431,0.6593394969902856,0.5090930248717829,0.6715123571031189,0.5044468986639634,True,0.2432423590447781,0.7287217881211686,190.0,0.4140762867709887,0.537777630667353,True,True,False,False,True,plausible_real_xi,1.0,False,0,1.0,True,0,False,0.2822722267139349,0.6896919204520117,True,188.0,80.0,True,upper90_can_enter_real_xi
64268,J. Mojica,Colombia,Defender,RB,0.8571428571428571,35,RB:30 | LB:5,4230.0,low_is_left,1.0,False,True,False,3217.0,0.4958382138708747,0.082281728665854,0.4135564852050207,0.4878644714592053,0.4887522429725657,0.5419197237571012,0.370036008588543,0.5132680177163456,0.4336247628716075,0.3786492974063049,0.3704685217433926,True,0.3345660256858008,0.6571104020559485,123.0,0.4140762867709887,0.537777630667353,True,True,False,False,True,plausible_real_xi,1.0,False,0,1.0,True,0,False,0.3604968140430078,0.6311796136987415,True,121.0,169.0,True,upper90_can_enter_real_xi
66055,P. Musa,Croatia,Attacker,RW,1.0,32,RW:32,4240.0,low_is_left,1.0,False,True,False,2163.0,0.683555039481304,0.100346141568077,0.583208897913227,0.298511423631751,0.5381362471994006,0.5897945683719791,0.957084511238362,0.3764577501139292,0.5247977011018216,0.2330183604966522,0.0973811828706353,True,0.4868766020078731,0.880233476954735,45.0,0.5129506006993587,0.6854695334585559,True,True,False,False,True,plausible_real_xi,1.0,False,0,1.0,True,0,False,0.5185003245724666,0.8486097543901414,True,45.0,39.0,True,upper90_can_enter_real_xi
69260,R. Lopes,Cape Verde Islands,Defender,RB,0.9090909090909092,44,RB:40 | RCB:4,5703.0,low_is_left,1.0,False,True,False,2921.0,0.4923149916197994,0.0863501625063615,0.4059648291134379,0.6470234925275833,0.3326964249199112,0.3449401869631269,0.4568507033691611,0.663985601046963,0.5323549864540326,0.8211227098244974,0.5025629175553277,True,0.3230686731073308,0.661561310132268,131.0,0.4140762867709887,0.537777630667353,True,True,False,False,True,plausible_real_xi,1.0,False,0,1.0,True,0,False,0.35028161363336163,0.6343483696062372,True,129.0,166.0,True,upper90_can_enter_real_xi
70670,I. Pitta,Paraguay,Attacker,RW,1.0,31,RW:31,3940.0,low_is_left,1.0,False,True,False,2776.0,0.5164848016564255,0.0885766409706781,0.4279081606857474,0.2784345029237201,0.4723815618906845,0.5704351581046034,0.7550837509644576,0.2492701934728015,0.3036951335453312,0.3266587221889126,0.2241707172528182,True,0.3428745853538963,0.6900950179589547,208.0,0.5129506006993587,0.6854695334585559,True,True,False,False,True,plausible_real_xi,1.0,False,0,1.0,True,0,False,0.37078919249262726,0.6621804108202238,True,203.0,236.0,True,upper90_can_enter_real_xi
70767,B. Ojeda,Paraguay,Midfielder,AM,0.6923076923076923,26,AM:18 | CM:7 | RB:1,4081.0,low_is_left,1.0,False,True,False,2310.0,0.5644498558663897,0.0971008312455224,0.4673490246208673,0.5722726621963448,0.5558156177846034,0.4886348569017052,0.5255291578288412,0.5649577514259978,0.5437931254302839,0.6337306572009581,0.6055441559415383,True,0.3741322266251657,0.7547674851076137,83.0,0.4583156981188975,0.5944349510352618,True,True,False,False,True,plausible_real_xi,1.0,False,0,1.0,True,0,False,0.4047332014121894,0.7241665103205901,True,83.0,81.0,True,upper90_can_enter_real_xi
70852,O. Gill,Paraguay,Goalkeeper,GK,1.0,27,GK:27,6090.0,low_is_left,1.0,False,True,False,3795.0,0.6460863575976297,0.07575704874652,0.5703293088511097,0.191889902374419,0.3094330533168936,0.3173703094948297,0.3215983069298614,0.2121590867997959,0.1359955006129472,0.0526187979633487,0.9996646498695336,True,0.4976025420544504,0.7945701731408089,92.0,0.589972475664744,0.6652816201691438,True,True,False,False,True,plausible_real_xi,1.0,False,0,1.0,True,0,False,0.5214771011997767,0.7706956139954826,True,92.0,104.0,True,upper90_can_enter_real_xi
71230,C. Harvey,Panama,Midfielder,RB,0.4705882352941176,17,RB:8 | CM:5 | AM:2 | DM:2,2955.0,low_is_left,1.0,False,False,False,1260.0,0.5653488534934002,0.1314751470267833,0.4338737064666169,0.5096512486060638,0.4779286013809274,0.4584504490920804,0.6298374955098884,0.7370298761045476,0.6598055642335287,0.3878106929400049,0.4480757194430212,True,0.3076575653209049,0.8230401416658956,92.0,0.4140762867709887,0.537777630667353,True,True,False,True,True,insufficient_evidence_guardrail,1.0,False,0,1.0,True,0,False,0.34909148105241766,0.7816062259343828,False,90.0,14.0,True,high_ability_role_stabilization
72155,A. Ueda,Japan,Attacker,RW,0.6511627906976745,43,RW:28 | ST:15,4739.0,low_is_left,1.0,False,True,False,3549.0,0.6664943034000989,0.0783386238269082,0.5881556795731906,0.2425310497486054,0.4679165008299593,0.4612476997418362,0.902061218718358,0.2554190218982461,0.6735244261851184,0.2632376170148893,0.1989653287746624,True,0.5129506006993587,0.820038006100839,40.0,0.5129506006993587,0.6854695334585559,True,True,False,False,True,plausible_real_xi,1.0,False,0,1.0,True,0,False,0.5376387338680219,0.7953498729321758,True,40.0,99.0,True,upper90_can_enter_real_xi
78494,J. Waterman,Canada,Defender,RB,0.9130434782608696,23,RB:21 | RCB:1 | LCB:1,3791.0,low_is_left,1.0,False,True,False,1799.0,0.490817682964176,0.1100305682929341,0.3807871146712419,0.7066017614687939,0.3916611927826491,0.3764208570012632,0.4114742055295737,0.5650656305599813,0.4421002781230579,0.6421019869240155,0.582209164984532,True,0.2751577691100252,0.7064775968183269,173.0,0.4140762867709887,0.537777630667353,True,True,False,False,True,plausible_real_xi,1.0,False,0,1.0,True,0,False,0.3098335036320117,0.6718018622963403,True,171.0,100.0,True,upper90_can_enter_real_xi
81224,M. Ramirez,Ecuador,Goalkeeper,GK,1.0,28,GK:28,3294.0,low_is_left,1.0,False,True,False,2520.0,0.6964595428612974,0.0929669680201368,0.6034925748411606,0.3501020482072817,0.3090613203260821,0.3098140524348434,0.3215983069298614,0.2108597209932847,0.1910840303921424,0.1774905052773175,0.9996646498695336,True,0.5142442855418292,0.8786748001807656,67.0,0.589972475664744,0.6652816201691438,True,True,False,False,True,plausible_real_xi,1.0,False,0,1.0,True,0,False,0.5435424883266938,0.849376597395901,True,67.0,65.0,True,upper90_can_enter_real_xi
94333,E. Just,New Zealand,Midfielder,AM,0.75,32,AM:24 | RW:8,3968.0,low_is_left,1.0,False,True,False,2963.0,0.5570167070361796,0.0857359791264644,0.4712807279097151,0.4786940505248064,0.7017824074732576,0.6663633525021766,0.7150090999394,0.5039443494465768,0.6350629522826617,0.411567349407228,0.3570493063887011,True,0.3889741879483093,0.7250592261240498,81.0,0.4583156981188975,0.5944349510352618,True,True,False,False,True,plausible_real_xi,1.0,False,0,1.0,True,0,False,0.4159935708097789,0.6980398432625803,True,81.0,108.0,True,upper90_can_enter_real_xi
94344,N. Pijnaker,New Zealand,Defender,RB,0.8,10,RB:8 | LCB:2,3483.0,low_is_left,1.0,False,True,False,968.0,0.4543260905306466,0.15,0.3043260905306466,0.5119878651714914,0.3686218537004482,0.3877179167802989,0.3942167586602358,0.4897966352704824,0.5814976498835197,0.5280882573834165,0.2864587141032566,True,0.1603260905306466,0.7483260905306466,245.0,0.4140762867709887,0.537777630667353,True,True,False,False,True,plausible_real_xi,1.0,False,0,1.0,True,0,False,0.2075980464879258,0.7010541345733674,True,242.0,69.0,True,upper90_can_enter_real_xi
94346,T. Payne,New Zealand,Defender,RB,1.0,13,RB:13,1698.0,low_is_left,1.0,False,True,False,1095.0,0.4773340899233446,0.1410333682463271,0.3363007216770175,0.4656504146276909,0.5184775021325644,0.6752473420020335,0.4026653233377861,0.3795756660277241,0.3092296186198349,0.4639667176820797,0.3164506042810995,True,0.2009086881605434,0.7537594916861459,227.0,0.4140762867709887,0.537777630667353,True,True,False,False,True,plausible_real_xi,1.0,False,0,1.0,True,0,False,0.24535484264219087,0.7093133372044983,True,225.0,59.0,True,upper90_can_enter_real_xi
94405,F. De Vries,New Zealand,Defender,LB,0.5909090909090909,22,LB:13 | RB:5 | LCB:4,2698.0,low_is_left,1.0,False,False,False,2049.0,0.6851922612756508,0.1030998322143902,0.5820924290612606,0.542408674926063,0.7234064062385441,0.8635758133503122,0.4220325786095583,0.6381116173566299,0.6369764558618023,0.4915051516278323,0.1868197564475111,True,0.4831165901354458,0.8872679324158558,4.0,0.3170630071570786,0.5537089048331636,True,True,True,True,True,insufficient_evidence_guardrail,1.0,False,0,1.0,True,0,False,0.5156081283197229,0.8547763942315787,False,4.0,2.0,True,high_ability_role_stabilization
94541,J. Bell,New Zealand,Midfielder,AM,1.0,26,AM:26,4331.0,low_is_left,1.0,False,True,False,2093.0,0.565070593254757,0.1020103701763057,0.4630602230784512,0.6008132286293928,0.4789778347418367,0.4938942042638682,0.4642904223149021,0.6520948763168446,0.4934428675440347,0.6470183390121292,0.54989056362785,True,0.3651302677091976,0.7650109188003162,88.0,0.4583156981188975,0.5944349510352618,True,True,False,False,True,plausible_real_xi,1.0,False,0,1.0,True,0,False,0.3972784658835983,0.7328627206259156,True,88.0,72.0,True,upper90_can_enter_real_xi
94562,S. Gimenez,Mexico,Attacker,RW,1.0,12,RW:12,1609.0,low_is_left,1.0,False,True,False,1133.0,0.4159558500472869,0.1386481192475173,0.2773077307997696,0.2612504993037737,0.4160063916623314,0.4527564290182524,0.5498956350371912,0.2938507292467433,0.2898501620082272,0.2530068474417389,0.4074518013530378,True,0.144205536322153,0.6877061637724209,258.0,0.5129506006993587,0.6854695334585559,True,True,False,False,True,plausible_real_xi,1.0,False,0,1.0,True,0,False,0.18789998823300785,0.644011711861566,True,250.0,243.0,True,upper90_can_enter_top30
95460,A. Arce,Paraguay,Attacker,RW,1.0,16,RW:16,3335.0,low_is_left,1.0,False,True,False,1513.0,0.6653948977411865,0.1199801702055987,0.5454147275355878,0.2540634627646779,0.4266597097663834,0.4214818855855688,0.9012014967947984,0.2717603562114793,0.7730038721826303,0.1996325051169113,0.0894371121374552,True,0.430233764138213,0.9005560313441601,91.0,0.5129506006993587,0.6854695334585559,True,True,False,False,True,plausible_real_xi,1.0,False,0,1.0,True,0,False,0.4680450796162525,0.8627447158661206,True,91.0,29.0,True,upper90_can_enter_real_xi
96512,K. Lenini,Cape Verde Islands,Midfielder,DM,0.8666666666666667,15,DM:13 | AM:2,2730.0,low_is_left,1.0,False,True,False,1562.0,0.6101757039857783,0.1180832840491446,0.4920924199366335,0.5539210058346903,0.5190526504632,0.4074465815904087,0.5042568777343188,0.6292442181247792,0.7398767360822632,0.5946013372275972,0.4740548214892173,True,0.3787324672494547,0.8416189407221017,12.0,0.2567438243531459,0.59591886719741,True,True,True,False,True,plausible_real_xi,1.0,False,0,1.0,True,0,False,0.4159459859352018,0.8044054220363547,True,12.0,3.0,True,upper90_can_enter_real_xi
96615,I. Diaz,Panama,Attacker,RW,0.75,28,RW:21 | ST:4 | LW:3,4829.0,low_is_left,1.0,False,True,False,2349.0,0.6680161397965231,0.0962913840971298,0.5717247556993932,0.4360430789209787,0.735463008949132,0.6761224371811553,0.7867184018605666,0.3113716753310707,0.4378029591858338,0.525780736699888,0.4783344932416351,True,0.4792850269661485,0.8567472526268977,52.0,0.5129506006993587,0.6854695334585559,True,True,False,False,True,plausible_real_xi,1.0,False,0,1.0,True,0,False,0.5096309074201818,0.8264013721728644,True,52.0,63.0,True,upper90_can_enter_real_xi
101814,R. Araujo,Uruguay,Defender,RCB,0.7058823529411765,17,RCB:12 | RB:5,2593.0,low_is_left,1.0,False,True,False,1731.0,0.501244103186726,0.1121709514848611,0.3890731517018648,0.7149351124483226,0.3377874613355479,0.3436523652957651,0.5496583836313951,0.5457478517496647,0.686095290242218,0.8605155840548498,0.658004556566654,True,0.2813890382763981,0.7210991680970538,28.0,0.2888160648935492,0.5805399022955131,True,True,True,False,True,plausible_real_xi,1.0,False,0,1.0,True,0,False,0.31673930679825457,0.6857488995751974,True,27.0,16.0,True,upper90_can_enter_real_xi
113580,W. Semedo,Cape Verde Islands,Midfielder,AM,0.9487179487179488,39,AM:37 | CM:1 | RW:1,2135.0,low_is_left,1.0,False,True,False,1530.0,0.5614233817926505,0.1193117518002608,0.4421116299923896,0.3686356567361513,0.8548478285709804,0.5456136102960663,0.7892697761946315,0.3211798051727416,0.8266392152554849,0.5271516569402321,0.3689719587725567,True,0.3275723482641391,0.7952744153211618,110.0,0.4583156981188975,0.5944349510352618,True,True,False,False,True,plausible_real_xi,1.0,False,0,1.0,True,0,False,0.3651730141060577,0.7576737494792434,True,109.0,58.0,True,upper90_can_enter_real_xi
116117,M. Caicedo,Ecuador,Midfielder,CM,0.7962962962962963,54,CM:43 | AM:6 | DM:4 | RB:1,7234.0,low_is_left,1.0,False,True,False,4587.0,0.6783356921873241,0.0689071943910715,0.6094284977962526,0.7499885101996079,0.5061337653418188,0.485639082539171,0.4930506984511728,0.766856529557307,0.6073446239382029,0.6453317404910032,0.6776558836837001,True,0.5432775911808239,0.8133937931938244,11.0,0.4698174469315781,0.6752213663290523,True,True,True,False,True,plausible_real_xi,1.0,False,0,1.0,True,0,False,0.56499344357012,0.7916779408045282,True,11.0,28.0,True,upper90_can_enter_real_xi
127227,I. Reyes,Mexico,Defender,RB,0.925,40,RB:37 | LCB:2 | RCB:1,5036.0,low_is_left,1.0,False,True,False,3565.0,0.4707959919424311,0.0781626311893733,0.3926333607530577,0.6556705123343692,0.380657492376882,0.4227640217857166,0.3752136835310486,0.5422011694495044,0.3629244332599837,0.5096737977107558,0.5544506493087231,True,0.3175972348112593,0.6239947490736029,158.0,0.4140762867709887,0.537777630667353,True,True,False,False,True,plausible_real_xi,1.0,False,0,1.0,True,0,False,0.34222990453852015,0.5993620793463421,True,156.0,215.0,True,upper90_can_enter_real_xi
127817,P. Hincapie,Ecuador,Midfielder,LB,0.6,35,LB:21 | LCB:7 | RB:5 | RCB:2,4703.0,low_is_left,1.0,False,True,False,3442.0,0.528630425271758,0.0795469449063127,0.4490834803654452,0.528143764201438,0.4078683622520758,0.4091491489518977,0.4389055543706965,0.7187728238826807,0.6256038444241899,0.5282227482561985,0.5521461507125085,True,0.372718413255385,0.6845424372881309,19.0,0.3170630071570786,0.5537089048331636,True,True,True,False,True,plausible_real_xi,1.0,False,0,1.0,True,0,False,0.3977873444297006,0.6594735061138153,True,18.0,28.0,True,upper90_can_enter_real_xi
134995,N. Boushal,Saudi Arabia,Defender,RB,0.8461538461538461,26,RB:22 | LB:4,3958.0,low_is_left,1.0,False,True,False,2450.0,0.5942717118859333,0.0942857142857142,0.499985997600219,0.5065964955564032,0.5045949015624583,0.5524157910506152,0.4044167945740433,0.7786533026568706,0.6504228662476441,0.5170271802423183,0.4907946946633417,True,0.4094717118859333,0.7790717118859333,31.0,0.4140762867709887,0.537777630667353,True,True,True,False,True,plausible_real_xi,1.0,False,0,1.0,True,0,False,0.43918551277336604,0.7493579109985006,True,31.0,32.0,True,upper90_can_enter_real_xi
136723,N. Madueke,England,Midfielder,RW,0.9090909090909092,33,RW:30 | LW:3,3739.0,low_is_left,1.0,False,True,False,2553.0,0.6702602300232144,0.0923641696519146,0.5778960603712998,0.4279927212858058,0.795572515685172,0.6800691696150006,0.6799861102178951,0.4109816496467834,0.598789416501262,0.4405472659641144,0.3458398880183039,True,0.4892264575054618,0.8512940025409671,47.0,0.5129506006993587,0.6854695334585559,True,True,False,False,True,plausible_real_xi,1.0,False,0,1.0,True,0,False,0.5183346905709016,0.8221857694755272,True,47.0,69.0,True,upper90_can_enter_real_xi
144709,J. Anang,Ghana,Goalkeeper,GK,1.0,40,GK:40,5179.0,low_is_left,1.0,False,True,False,2983.0,0.6739512271505147,0.0854480804655458,0.5885031466849688,0.2715930652763794,0.3145860271654971,0.3292308853327996,0.3215983069298614,0.2158525109108165,0.1535993910962103,0.1321137111133017,0.9996646498695336,True,0.5064729894380449,0.8414294648629845,82.0,0.589972475664744,0.6652816201691438,True,True,False,False,True,plausible_real_xi,1.0,False,0,1.0,True,0,False,0.5334016420807204,0.814500812220309,True,82.0,90.0,True,upper90_can_enter_real_xi
145465,H. Ali,Iraq,Defender,RB,1.0,11,RB:11,1618.0,low_is_left,1.0,False,True,False,1002.0,0.4035243995271381,0.1474331270308942,0.2560912724962438,0.3498555320924774,0.4297670983234741,0.4008053794950342,0.5953914302105886,0.4531835851792516,0.3455018512241279,0.3803777369891947,0.392660087580617,True,0.1145554705465854,0.6924933285076907,259.0,0.4140762867709887,0.537777630667353,True,True,False,False,True,plausible_real_xi,1.0,False,0,1.0,True,0,False,0.16101848579757463,0.6460303132567016,True,254.0,143.0,True,upper90_can_enter_real_xi
146772,Y. Belammari,Morocco,Defender,LB,0.9,10,LB:9 | LCB:1,1265.0,low_is_left,1.0,False,True,False,910.0,0.4824874714844718,0.1547063862097035,0.3277810852747683,0.6269967005819234,0.4659894080299366,0.4645142337145856,0.3843152533991955,0.4576385255707068,0.3918428102654456,0.5506435271870559,0.5387073283969206,True,0.1792629545134529,0.7857119884554906,42.0,0.3170630071570786,0.5537089048331636,True,True,False,False,True,plausible_real_xi,1.0,False,0,1.0,True,0,False,0.22801811101488578,0.7369568319540578,True,41.0,10.0,True,upper90_can_enter_real_xi
147812,A. Yahya,Saudi Arabia,Midfielder,LB,0.5,18,LB:9 | CM:4 | RB:2 | DM:1 | LCB:1 | AM:1,2331.0,low_is_left,1.0,False,False,False,1627.0,0.5438359482459129,0.1157004801473644,0.4281354680985484,0.5880796546498659,0.497657001843628,0.4880883733625287,0.5881855202100664,0.687763191141441,0.601339405825648,0.471499790542161,0.5088937528775214,True,0.3170630071570786,0.7706088893347471,27.0,0.3170630071570786,0.5537089048331636,True,True,True,True,True,insufficient_evidence_guardrail,1.0,False,0,1.0,True,0,False,0.3535255938354937,0.734146302656332,False,26.0,11.0,True,high_ability_role_stabilization
158054,N. Woltemade,Germany,Attacker,RW,0.6756756756756757,37,RW:25 | ST:12,4346.0,low_is_left,1.0,False,True,False,3318.0,0.5422686997024033,0.0810197216631389,0.4612489780392643,0.3125433992103396,0.5333914927450379,0.5495378545208524,0.6872031290436217,0.3471719142700397,0.4701242189137772,0.382799040052116,0.3218155010041502,True,0.3834700452426509,0.7010673541621557,187.0,0.5129506006993587,0.6854695334585559,True,True,False,False,True,plausible_real_xi,1.0,False,0,1.0,True,0,False,0.4090031166701905,0.6755342827346161,True,185.0,225.0,True,upper90_can_enter_real_xi
158698,J. Quansah,England,Defender,RB,1.0,42,RB:42,4935.0,low_is_left,1.0,False,True,False,3829.0,0.4752591735578308,0.075419952497911,0.3998392210599198,0.6690280139131726,0.4290703818656148,0.3722354474069971,0.5166111730530772,0.4817513801420271,0.4407624283327301,0.6269462364498776,0.6202672890839026,True,0.3274360666619253,0.6230822804537364,145.0,0.4140762867709887,0.537777630667353,True,True,False,False,True,plausible_real_xi,1.0,False,0,1.0,True,0,False,0.35120439114713414,0.5993139559685274,True,143.0,216.0,True,upper90_can_enter_real_xi
158700,V. Johansson,Sweden,Goalkeeper,GK,1.0,25,GK:25,2970.0,low_is_left,1.0,False,True,False,2250.0,0.7021273343584726,0.0983869910099907,0.6037403433484819,0.3813101642946032,0.3220262550827966,0.3436569945728511,0.3215983069298614,0.2148880623792179,0.2154820727087666,0.1736649604753895,0.9996646498695336,True,0.5092888319788909,0.8949658367380544,65.0,0.589972475664744,0.6652816201691438,True,True,False,False,True,plausible_real_xi,1.0,False,0,1.0,True,0,False,0.5402951353508476,0.8639595333660977,True,65.0,53.0,True,upper90_can_enter_real_xi
160925,T. Ali,Sweden,Midfielder,AM,0.7368421052631579,19,AM:14 | RW:5,2262.0,low_is_left,1.0,False,True,False,1297.0,0.6687262128064013,0.1295862581594898,0.5391399546469114,0.4756842749060976,0.8391808431318758,0.7539589026055009,0.6442789253107546,0.3869511210510945,0.49668700907317,0.3963095421962057,0.3554357967605783,True,0.4147371468138012,0.9227152787990014,34.0,0.4583156981188975,0.5944349510352618,True,True,True,False,True,plausible_real_xi,1.0,False,0,1.0,True,0,False,0.45557578606969473,0.8818766395431079,True,34.0,7.0,True,upper90_can_enter_real_xi
161504,H. Johansson,Sweden,Defender,RB,1.0,26,RB:26,3358.0,low_is_left,1.0,False,True,False,2133.0,0.436046239511073,0.1010493466784175,0.3349968928326554,0.4685615487316635,0.5222037943633496,0.7105177294922476,0.5451961805323426,0.4754265186214265,0.4851551459350294,0.2739158058063946,0.3725268550794352,True,0.2379895200213745,0.6341029590007714,230.0,0.4140762867709887,0.537777630667353,True,True,False,False,True,plausible_real_xi,1.0,False,0,1.0,True,0,False,0.2698348551260013,0.6022576238961448,True,228.0,210.0,True,upper90_can_enter_real_xi
161907,M. Gusto,France,Defender,RB,0.9302325581395348,43,RB:40 | LB:2 | LCB:1,4683.0,low_is_left,1.0,False,True,False,3348.0,0.5721618767640075,0.0806559132617443,0.4915059635022632,0.6067822857747546,0.5122719840124281,0.5630409625908216,0.4918862810404686,0.697134553894275,0.4627709619855963,0.5745666452059721,0.5646377007247907,True,0.4140762867709887,0.7302474667570263,36.0,0.4140762867709887,0.537777630667353,True,True,False,False,True,plausible_real_xi,1.0,False,0,1.0,True,0,False,0.43949470530034407,0.704829048227671,True,35.0,65.0,True,upper90_can_enter_real_xi
161939,T. Araujo,Portugal,Defender,RCB,0.7666666666666667,30,RCB:23 | RB:6 | LB:1,3479.0,low_is_left,1.0,False,True,False,2708.0,0.4963847339828771,0.0896818601577762,0.4067028738251009,0.6717224943918717,0.3608494049740951,0.4137760966783733,0.4246206720317874,0.6718841551102112,0.3724474290945708,0.6077698120245952,0.6021618518394257,True,0.3206082880736356,0.6721611798921185,22.0,0.2888160648935492,0.5805399022955131,True,True,True,False,True,plausible_real_xi,1.0,False,0,1.0,True,0,False,0.3488712010306042,0.64389826693515,True,21.0,23.0,True,upper90_can_enter_real_xi
163200,C. J. dos Santos,Cape Verde Islands,Goalkeeper,GK,1.0,17,GK:17,3025.0,low_is_left,1.0,False,True,False,1124.0,0.7171480385799148,0.1392020984011672,0.5779459401787476,0.3834441872161371,0.3033441620730993,0.3098140524348434,0.3215983069298614,0.2076515707299293,0.1499953029948127,0.2709576247229591,0.9996646498695336,True,0.444311925713627,0.9899841514462028,86.0,0.589972475664744,0.6652816201691438,True,True,False,False,True,plausible_real_xi,1.0,False,0,1.0,True,0,False,0.4881809621454992,0.9461151150143304,True,86.0,8.0,True,upper90_can_enter_real_xi
163220,J. Antonisse,Curaçao,Attacker,RW,0.9642857142857144,28,RW:27 | LW:1,2943.0,low_is_left,1.0,False,True,False,2336.0,0.6389195956311292,0.0965589464368077,0.5423606491943215,0.4202168635316105,0.7191533260936797,0.6804777912484997,0.5685812118446187,0.465933593228597,0.6017063052906403,0.546875827400816,0.4934484015635594,True,0.4496640606149861,0.8281751306472723,94.0,0.5129506006993587,0.6854695334585559,True,True,False,False,True,plausible_real_xi,1.0,False,0,1.0,True,0,False,0.48009426236993313,0.7977449288923253,True,94.0,96.0,True,upper90_can_enter_real_xi
175439,H. Al Amin,Qatar,Defender,RB,0.8125,16,RB:13 | LB:3,2525.0,low_is_left,1.0,False,True,False,1399.0,0.44759284468077,0.1247728457839772,0.3228199988967927,0.431950208060475,0.4315311365335478,0.4428471674048567,0.4731407733651657,0.5578561995431646,0.3326588212008621,0.5757472866899295,0.5378834210579305,True,0.2030380669441746,0.6921476224173654,236.0,0.4140762867709887,0.537777630667353,True,True,False,False,True,plausible_real_xi,1.0,False,0,1.0,True,0,False,0.24235977674793838,0.6528259126136016,True,234.0,130.0,True,upper90_can_enter_real_xi
180937,H. Falchener,Norway,Defender,RB,0.967741935483871,31,RB:30 | RCB:1,3862.0,low_is_left,1.0,False,True,False,2227.0,0.5144032389453383,0.0988937463034213,0.415509492641917,0.6428478022344751,0.3392271688119493,0.3714960817612236,0.5805154901403016,0.5777742442739066,0.7837671344179095,0.2533102005838276,0.5436835308905427,True,0.3205714961906325,0.7082349817000442,119.0,0.4140762867709887,0.537777630667353,True,True,False,False,True,plausible_real_xi,1.0,False,0,1.0,True,0,False,0.35173750165533707,0.6770689762353397,True,117.0,96.0,True,upper90_can_enter_real_xi
182219,A. Baena,Spain,Midfielder,CM,0.8529411764705882,34,CM:29 | RW:2 | LW:1 | AM:1 | ST:1,5477.0,low_is_left,1.0,False,True,False,2730.0,0.6022256214208603,0.0893197737235265,0.5129058476973338,0.562759109247477,0.6554339223412083,0.7588071622266306,0.5075973162815771,0.4549251353415975,0.3395215785281878,0.3218703417925539,0.3889556668730781,True,0.4271588649227483,0.7772923779189723,47.0,0.4698174469315781,0.6752213663290523,True,True,False,False,True,plausible_real_xi,1.0,False,0,1.0,True,0,False,0.45530766765323294,0.7491435751884877,True,47.0,49.0,True,upper90_can_enter_real_xi
190747,M. Experience,Haiti,Defender,RB,0.7894736842105263,19,RB:15 | LB:4,2622.0,low_is_left,1.0,False,True,False,1847.0,0.490866699182675,0.1085914144380618,0.3822752847446131,0.4209535145585986,0.4670392417482865,0.446028511395468,0.4377438440003123,0.6125926774734498,0.4947754126947408,0.4584544570698489,0.4155247916396125,True,0.2780275268840738,0.7037058714812762,170.0,0.4140762867709887,0.537777630667353,True,True,False,False,True,plausible_real_xi,1.0,False,0,1.0,True,0,False,0.3122497172884386,0.6694836810769114,True,168.0,103.0,True,upper90_can_enter_real_xi
193279,J. Nelson,Canada,Attacker,RW,1.0,14,RW:14,2455.0,low_is_left,1.0,False,True,False,1162.0,0.6081734747616588,0.1369070692514286,0.4712664055102301,0.3605805520452528,0.7564155278937709,0.531879320455554,0.5920607944613014,0.4457477820022109,0.6679890357441729,0.4004904921207202,0.3992342857489568,True,0.3398356190288586,0.8765113304944591,177.0,0.5129506006993587,0.6854695334585559,True,True,False,False,True,plausible_real_xi,1.0,False,0,1.0,True,0,False,0.3829813853481502,0.8333655641751675,True,175.0,52.0,True,upper90_can_enter_real_xi
193288,N. Al Aqidi,Saudi Arabia,Goalkeeper,GK,1.0,13,GK:13,1864.0,low_is_left,1.0,False,True,False,1140.0,0.6808124043980464,0.1382217897362595,0.5425906146617868,0.273166190957033,0.3083283801118772,0.3511459581323415,0.3215983069298614,0.2076515707299293,0.1693172744495079,0.1757573918559744,0.9996646498695336,True,0.4098976965149777,0.9517271122811152,100.0,0.589972475664744,0.6652816201691438,True,True,False,False,True,plausible_real_xi,1.0,False,0,1.0,True,0,False,0.4534577922266361,0.9081670165694566,True,100.0,29.0,True,upper90_can_enter_real_xi
195104,R. Rios,Colombia,Midfielder,CM,0.7674418604651163,43,CM:33 | AM:9 | DM:1,7516.0,low_is_left,1.0,False,True,False,3711.0,0.5791882426168657,0.0766096468804651,0.5025785957364006,0.5435678369411173,0.5921536858169227,0.5160455214515332,0.5726907714755163,0.5888685435185833,0.7611383462619578,0.5700147156948635,0.5168624815233913,True,0.4290333347311541,0.7293431505025774,54.0,0.4698174469315781,0.6752213663290523,True,True,False,False,True,plausible_real_xi,1.0,False,0,1.0,True,0,False,0.45317658708606123,0.7051998981476703,True,54.0,73.0,True,upper90_can_enter_real_xi
195107,D. Bobadilla,Paraguay,Midfielder,AM,0.9019607843137256,51,AM:46 | CM:3 | RW:2,6047.0,low_is_left,1.0,False,True,False,4366.0,0.5190395823813908,0.0706296529079946,0.4484099294733961,0.5516612769843053,0.4533295633713456,0.5300991844851811,0.5690673671659684,0.6528753813466546,0.3810218177114017,0.5201934856373887,0.5594645208228384,True,0.3806054626817212,0.6574737020810604,100.0,0.4583156981188975,0.5944349510352618,True,True,False,False,True,plausible_real_xi,1.0,False,0,1.0,True,0,False,0.4028641416253523,0.6352150231374293,True,99.0,139.0,True,upper90_can_enter_real_xi
195992,J. Caceres,Paraguay,Defender,RB,1.0,30,RB:30,4008.0,low_is_left,1.0,False,True,False,2624.0,0.6113861810052188,0.0911060090117484,0.5202801719934704,0.4368531347028832,0.5534583974721905,0.6113703404267756,0.3800101996834372,0.7232135708136372,0.7759329900761909,0.331236368883026,0.1874113486287035,True,0.4328184033421919,0.7899539586682456,18.0,0.4140762867709887,0.537777630667353,True,True,True,False,True,plausible_real_xi,1.0,False,0,1.0,True,0,False,0.4615301316451709,0.7612422303652666,True,18.0,22.0,True,upper90_can_enter_real_xi
197985,Seol Young-Woo,South Korea,Midfielder,RB,1.0,43,RB:43,5624.0,low_is_left,1.0,False,True,False,4126.0,0.5369581127034931,0.0726548023892971,0.4643033103141959,0.6481541662276611,0.5093701753317231,0.6056899615799702,0.4365793660323345,0.5102720058798484,0.4027334236547882,0.5639288216711146,0.6018751582165679,True,0.3945547000204706,0.6793615253865156,63.0,0.4140762867709887,0.537777630667353,True,True,False,False,True,plausible_real_xi,1.0,False,0,1.0,True,0,False,0.4174515974780153,0.656464627928971,True,62.0,124.0,True,upper90_can_enter_real_xi
198352,M. Toure,Australia,Attacker,RW,1.0,23,RW:23,2387.0,low_is_left,1.0,False,True,False,1906.0,0.5998292894275759,0.1068974854846366,0.4929318039429392,0.2336108173351113,0.5914503577541727,0.6623661232354264,0.9053133494854658,0.2250281072383971,0.3075843593817545,0.2848958380150336,0.1399874557418707,True,0.3903102178776881,0.8093483609774635,155.0,0.5129506006993587,0.6854695334585559,True,True,False,False,True,plausible_real_xi,1.0,False,0,1.0,True,0,False,0.423998572716179,0.7756600061389727,True,154.0,129.0,True,upper90_can_enter_real_xi
199578,Z. Suzuki,Japan,Goalkeeper,GK,1.0,26,GK:26,3780.0,low_is_left,1.0,False,True,False,2345.0,0.6829262465412099,0.0963734739535538,0.586552772587656,0.3200693729564968,0.3075127995439526,0.3159207231475094,0.3215983069298614,0.2076515707299293,0.1791949743342957,0.1273120968111134,0.9996646498695336,True,0.4940342375922443,0.8718182554901756,83.0,0.589972475664744,0.6652816201691438,True,True,False,False,True,plausible_real_xi,1.0,False,0,1.0,True,0,False,0.5244059883667938,0.8414465047156261,True,83.0,69.0,True,upper90_can_enter_real_xi
201354,E. Makgopa,South Africa,Attacker,RW,1.0,13,RW:13,1763.0,low_is_left,1.0,False,True,False,1341.0,0.6135217522063411,0.1274425781999683,0.4860791740063728,0.3241950676194948,0.5458384423520135,0.6178889173747076,0.7715097510513178,0.3906798410070969,0.77496482918488,0.3599016299614211,0.2205666392373932,True,0.3637342989344032,0.8633092054782789,161.0,0.5129506006993587,0.6854695334585559,True,True,False,False,True,plausible_real_xi,1.0,False,0,1.0,True,0,False,0.4038973652260766,0.8231461391866055,True,160.0,66.0,True,upper90_can_enter_real_xi
210165,F. Surman,New Zealand,Defender,RB,1.0,35,RB:35,5496.0,low_is_left,1.0,False,True,False,2923.0,0.4969788824168762,0.0863206158288476,0.4106582665880285,0.6038481579426386,0.3428672397668087,0.3721600704536152,0.4194299143538755,0.741535781143088,0.4439764451383196,0.6408665661279138,0.6732928338906808,True,0.3277904753923348,0.6661672894414176,127.0,0.4140762867709887,0.537777630667353,True,True,False,False,True,plausible_real_xi,1.0,False,0,1.0,True,0,False,0.3549941043901116,0.6389636604436408,True,125.0,151.0,True,upper90_can_enter_real_xi
213980,N. Al Rashdan,Jordan,Midfielder,AM,0.8235294117647058,17,AM:14 | DM:2 | CM:1,2525.0,low_is_left,1.0,False,True,False,1460.0,0.5884238656898727,0.1221384796826048,0.4662853860072678,0.4074590845269542,0.6407589172955258,0.4845394689223565,0.5355089318057712,0.7346435606017938,0.7839548517976677,0.4244763050432118,0.2381223871870178,True,0.3490324455119671,0.8278152858677783,85.0,0.4583156981188975,0.5944349510352618,True,True,False,False,True,plausible_real_xi,1.0,False,0,1.0,True,0,False,0.3875239443936015,0.7893237869861439,True,85.0,39.0,True,upper90_can_enter_real_xi
226765,E. Stroud,Sweden,Defender,RB,0.6,25,RB:15 | LB:10,3362.0,low_is_left,1.0,False,True,False,2051.0,0.5425883387653434,0.1030495518738167,0.4395387868915267,0.5279978965738237,0.6971590384239273,0.6962310205819444,0.7043725598863702,0.6269132931154845,0.6121556403338547,0.3325425235376428,0.2378574395401158,True,0.3406112170926627,0.7445654604380241,86.0,0.4140762867709887,0.537777630667353,True,True,False,False,True,plausible_real_xi,1.0,False,0,1.0,True,0,False,0.37308690960997215,0.7120897679207147,True,84.0,58.0,True,upper90_can_enter_real_xi
237220,Lee Tae-Seok,South Korea,Midfielder,AM,0.96875,32,AM:31 | RB:1,4126.0,low_is_left,1.0,False,True,False,2814.0,0.4940759920749186,0.0879765427158301,0.4060994493590885,0.4200403814086175,0.5428005784554731,0.6271248952590581,0.4915295193711563,0.6636920787262207,0.4899602496579341,0.3241356675101599,0.1568790773449251,True,0.3216419683518916,0.6665100157979456,131.0,0.4583156981188975,0.5944349510352618,True,True,False,False,True,plausible_real_xi,1.0,False,0,1.0,True,0,False,0.3493674567021343,0.6387845274477029,True,130.0,137.0,True,upper90_can_enter_real_xi
260865,M. Pasalic,Croatia,Midfielder,AM,0.8076923076923077,26,AM:21 | RW:4 | CM:1,3746.0,low_is_left,1.0,False,True,False,1741.0,0.5918144584181981,0.1118483423856987,0.4799661160324994,0.385430375162509,0.6673025707250592,0.5690499046644425,0.7552615491038644,0.3154544547772358,0.2889121919529526,0.4994650905626954,0.3587747069731248,True,0.3725917073422286,0.8110372094941676,76.0,0.4583156981188975,0.5944349510352618,True,True,False,False,True,plausible_real_xi,1.0,False,0,1.0,True,0,False,0.40784030677657157,0.7757886100598247,True,76.0,46.0,True,upper90_can_enter_real_xi
263676,A. Fayzullaev,Uzbekistan,Attacker,RW,0.8947368421052632,19,RW:17 | ST:2,2361.0,low_is_left,1.0,False,True,False,1388.0,0.608375222937075,0.1252662869701853,0.4831089359668896,0.3696193913960414,0.6103551433768146,0.6391271737004919,0.6824603674454817,0.5415777447243062,0.6343363926390788,0.4150809532285017,0.3228888310548687,True,0.3628533004755117,0.8538971453986384,164.0,0.5129506006993587,0.6854695334585559,True,True,False,False,True,plausible_real_xi,1.0,False,0,1.0,True,0,False,0.40233051647942175,0.8144199293947283,True,163.0,77.0,True,upper90_can_enter_real_xi
265444,S. Langas,Norway,Defender,RB,1.0,22,RB:22,2707.0,low_is_left,1.0,False,True,False,2082.0,0.4499485983981983,0.1022794950166677,0.3476691033815306,0.3862614864007641,0.3568657998572088,0.3759817954132111,0.5129867398734296,0.6204198387898294,0.5452144226992987,0.5419436946222465,0.3540018144039661,True,0.2494807881655296,0.650416408630867,215.0,0.4140762867709887,0.537777630667353,True,True,False,False,True,plausible_real_xi,1.0,False,0,1.0,True,0,False,0.28171380005726737,0.6181833967391293,True,213.0,188.0,True,upper90_can_enter_real_xi
265448,M. Farji,Iraq,Midfielder,AM,0.7647058823529411,17,AM:13 | RW:4,2944.0,low_is_left,1.0,False,True,False,1505.0,0.5275520635186787,0.1202986317351207,0.4072534317835579,0.3206076640706725,0.7019974831868723,0.5232536288271221,0.5988260773619231,0.2974683621043886,0.4534306904394451,0.342387689927618,0.24092998860276,True,0.2917667453178421,0.7633373817195153,130.0,0.4583156981188975,0.5944349510352618,True,True,False,False,True,plausible_real_xi,1.0,False,0,0.9523809523809524,True,3,False,0.3296784227918659,0.7254257042454915,True,129.0,80.0,True,upper90_can_enter_real_xi
265820,Y. Ayari,Sweden,Midfielder,CM,0.7916666666666666,24,CM:19 | AM:5,3301.0,low_is_left,1.0,False,True,False,2377.0,0.5085041511117669,0.0957225692563669,0.4127815818554,0.519236212536762,0.5241598988886025,0.500123280848434,0.6009278469373494,0.6069020974151009,0.4975239574742727,0.4331135482617255,0.5123167897349027,True,0.3208879153692877,0.6961203868542462,99.0,0.4698174469315781,0.6752213663290523,True,True,False,False,True,plausible_real_xi,1.0,False,0,1.0,True,0,False,0.35105453588931834,0.6659537663342155,True,99.0,88.0,True,upper90_can_enter_top30
266345,E. Lira,Mexico,Midfielder,RCB,0.6808510638297872,47,RCB:32 | RB:14 | LCB:1,5966.0,low_is_left,1.0,False,True,False,4139.0,0.5679879389781936,0.0725406135463079,0.4954473254318856,0.6143340369635443,0.4343712852579684,0.4101767994663436,0.403513496771803,0.5610212155385582,0.4313849893228902,0.6992560119388351,0.6408266822550542,True,0.4258083364274299,0.7101675415289572,11.0,0.2888160648935492,0.5805399022955131,True,True,True,False,True,plausible_real_xi,1.0,False,0,1.0,True,0,False,0.4486692476852639,0.6873066302711233,True,11.0,15.0,True,upper90_can_enter_real_xi
266606,C. Brady,USA,Goalkeeper,GK,1.0,30,GK:30,3964.0,low_is_left,1.0,False,True,False,2529.0,0.7036687556561853,0.0928013989341115,0.6108673567220737,0.3523165477108432,0.3046503001907892,0.3098140524348434,0.3215983069298614,0.2076515707299293,0.1651986284772988,0.2225992579051539,0.9996646498695336,True,0.5217780137453267,0.8855594975670438,61.0,0.589972475664744,0.6652816201691438,True,True,False,False,True,plausible_real_xi,1.0,False,0,1.0,True,0,False,0.5510240380332414,0.8563134732791291,True,61.0,60.0,True,upper90_can_enter_real_xi
268710,J. Adams,South Africa,Midfielder,AM,0.8518518518518519,27,AM:23 | CM:4,3652.0,low_is_left,1.0,False,True,False,2237.0,0.5239843430814123,0.0986724577148486,0.4253118853665636,0.6539950467852673,0.4328524554052522,0.4195682872163348,0.4460650308629977,0.5149782407811743,0.4334427479891967,0.5952841453618409,0.5844154971291893,True,0.3305863259603089,0.7173823602025157,119.0,0.4583156981188975,0.5944349510352618,True,True,False,False,True,plausible_real_xi,1.0,False,0,1.0,True,0,False,0.3616825931289278,0.6862860930338968,True,118.0,116.0,True,upper90_can_enter_real_xi
269172,Z. Al Johani,Saudi Arabia,Midfielder,DM,0.6086956521739131,23,DM:14 | CM:9,2697.0,low_is_left,1.0,False,True,False,2074.0,0.5208147408817133,0.1024765655173485,0.4183381753643647,0.5032146972779158,0.4607271348959588,0.4780217227384349,0.4476248438267137,0.5924388997904045,0.4495106691946388,0.6244891484404265,0.5781100290598088,True,0.3199606724677101,0.7216688092957165,17.0,0.2567438243531459,0.59591886719741,True,True,True,False,True,plausible_real_xi,1.0,False,0,1.0,True,0,False,0.35225579041297245,0.6893736913504542,True,17.0,14.0,True,upper90_can_enter_real_xi
270774,R. Rangel,Mexico,Goalkeeper,GK,1.0,41,GK:41,5084.0,low_is_left,1.0,False,True,False,3734.0,0.7010548050658509,0.0763733394874616,0.6246814655783893,0.3351858508354758,0.3044974862066215,0.3136415436651433,0.3215983069298614,0.2076515707299293,0.144783369048083,0.2280138498034146,0.9996646498695336,True,0.5513630596704262,0.8507465504612757,49.0,0.589972475664744,0.6652816201691438,True,True,False,False,True,plausible_real_xi,1.0,False,0,1.0,True,0,False,0.5754318406075036,0.8266777695241982,True,49.0,80.0,True,upper90_can_enter_real_xi
271444,M. Doski,Iraq,Defender,LB,0.5882352941176471,34,LB:20 | RB:13 | LCB:1,4214.0,low_is_left,1.0,False,False,False,3294.0,0.576529051408171,0.081314339805003,0.495214711603168,0.4706515713533101,0.5502295425190125,0.4888343535518226,0.4637513232588394,0.6662595046883377,0.7370015856320667,0.4595147812182552,0.418733175514808,True,0.4171529453903651,0.735905157425977,11.0,0.3170630071570786,0.5537089048331636,True,True,True,True,True,insufficient_evidence_guardrail,1.0,False,0,1.0,True,0,False,0.4427788646567474,0.7102792381595946,False,10.0,17.0,True,high_ability_role_stabilization
277003,N. El Aynaoui,Morocco,Midfielder,DM,0.5517241379310345,29,DM:16 | AM:9 | CM:3 | RW:1,4908.0,low_is_left,1.0,False,False,False,2961.0,0.6054107218714044,0.0857649293143995,0.5196457925570048,0.6394247656679362,0.4663043098898751,0.459567722637366,0.4576729969214423,0.701526448602267,0.5858716883167541,0.5437974861002647,0.6623271143046783,True,0.4373114604151813,0.7735099833276275,8.0,0.2567438243531459,0.59591886719741,True,True,True,True,True,insufficient_evidence_guardrail,1.0,False,0,1.0,True,0,False,0.46433996682337775,0.7464814769194311,False,8.0,10.0,True,high_ability_role_stabilization
278133,O. Bobb,Norway,Attacker,RW,1.0,18,RW:18,2328.0,low_is_left,1.0,False,True,False,1731.0,0.6358129344565701,0.1121709514848611,0.5236419829717089,0.5480575007146593,0.7791146724247965,0.6526138787555169,0.4608724725264088,0.5078486059308084,0.6108245197874578,0.6076971500664664,0.5704039252464242,True,0.4159578695462422,0.8556679993668979,119.0,0.5129506006993587,0.6854695334585559,True,True,False,False,True,plausible_real_xi,1.0,False,0,1.0,True,0,False,0.45130813806809866,0.8203177308450414,True,119.0,70.0,True,upper90_can_enter_real_xi
278370,D. Gomez,Paraguay,Midfielder,AM,0.6052631578947368,38,AM:23 | CM:10 | RW:5,4025.0,low_is_left,1.0,False,True,False,2959.0,0.5451565976243425,0.0857939088486999,0.4593626887756426,0.3998090438323686,0.5119220250056842,0.4922300664145842,0.6768866204742485,0.7476867799708495,0.7087759154078033,0.3463616694972564,0.299042805331163,True,0.3770005362808907,0.7133126589677944,91.0,0.4583156981188975,0.5944349510352618,True,True,False,False,True,plausible_real_xi,1.0,False,0,1.0,True,0,False,0.4040381754842145,0.6862750197644706,True,90.0,117.0,True,upper90_can_enter_real_xi
280695,A. Minda,Ecuador,Midfielder,RW,0.9444444444444444,18,RW:17 | ST:1,2221.0,low_is_left,1.0,False,True,False,1735.0,0.6044952230075002,0.1120415731817322,0.492453649825768,0.3589033332526027,0.6985766986265222,0.5624207377974092,0.7298375587080844,0.2949728817694945,0.3768282647975789,0.4769111144351193,0.4438210710223313,True,0.384893739571305,0.8240967064436955,157.0,0.5129506006993587,0.6854695334585559,True,True,False,False,True,plausible_real_xi,1.0,False,0,1.0,True,0,False,0.4202032349901792,0.7887872110248213,True,156.0,106.0,True,upper90_can_enter_real_xi
284295,Z. Iqbal,Iraq,Midfielder,AM,0.9230769230769232,13,AM:12 | CM:1,1550.0,low_is_left,1.0,False,True,False,1203.0,0.6429968343144381,0.1345538485314094,0.5084429857830287,0.6713419065622254,0.6636663276749668,0.441224730038734,0.519526494410761,0.6577394669433629,0.7253016766334102,0.705265432668625,0.6091279045831314,True,0.3792712911928757,0.9067223774360004,54.0,0.4583156981188975,0.5944349510352618,True,True,False,False,True,plausible_real_xi,1.0,False,0,1.0,True,0,False,0.42167544853727035,0.8643182200916059,True,54.0,12.0,True,upper90_can_enter_real_xi
291024,H. Varela,Cape Verde Islands,Midfielder,AM,1.0,22,AM:22,5123.0,low_is_left,1.0,False,True,False,2189.0,0.5267603670273524,0.0997484272744116,0.4270119397529407,0.3809325813949335,0.7266623252735627,0.5908663191576558,0.6047989339147325,0.3560283200684579,0.7016791758108053,0.4670013647769642,0.3806534622551321,True,0.3312534495695055,0.7222672844851993,118.0,0.4583156981188975,0.5944349510352618,True,True,False,False,True,plausible_real_xi,1.0,False,0,1.0,True,0,False,0.36268880464233133,0.6908319294123735,True,117.0,114.0,True,upper90_can_enter_real_xi
292396,A. Londono,Panama,Midfielder,RW,1.0,25,RW:25,3832.0,low_is_left,1.0,False,True,False,2371.0,0.6942967701840416,0.0958436094344437,0.5984531607495979,0.4331459379018346,0.8323178860315421,0.7878036890980037,0.680388033042362,0.3905455159051938,0.6906325458575513,0.4986654590645906,0.4249979428631096,True,0.5064432956925319,0.8821502446755513,34.0,0.5129506006993587,0.6854695334585559,True,True,True,False,True,plausible_real_xi,1.0,False,0,1.0,True,0,False,0.5366480615856766,0.8519454787824066,True,34.0,35.0,True,upper90_can_enter_real_xi
295026,M. Baturina,Croatia,Attacker,ST,0.4583333333333333,24,ST:11 | RW:7 | LW:6,4021.0,low_is_left,1.0,False,False,False,2182.0,0.7639026642787035,0.0999082989261509,0.6639943653525525,0.6321681697872972,0.8418948695515482,0.8639937373463469,0.7199650125311774,0.3588641099274828,0.6454296465546554,0.6085052298262652,0.5697074038907446,True,0.5680823983834475,0.9597229301739594,2.0,0.2801951276511578,0.6164915702025182,True,True,True,True,True,insufficient_evidence_guardrail,1.0,False,0,1.0,True,0,False,0.5995681364274723,0.9282371921299346,False,2.0,2.0,True,high_ability_role_stabilization
295513,J. Lopez,Argentina,Attacker,RW,0.8518518518518519,54,RW:46 | ST:8,6255.0,low_is_left,1.0,False,True,False,4771.0,0.6709339327631968,0.067565380897845,0.6033685518653518,0.2713771828796887,0.6914048859772645,0.6752523749180213,0.84562679031232,0.3590237038654028,0.8575303910959146,0.1869780628458934,0.08444670908304,True,0.5385057862034205,0.8033620793229731,31.0,0.5129506006993587,0.6854695334585559,True,True,True,False,True,plausible_real_xi,1.0,False,0,1.0,True,0,False,0.5597987709370187,0.7820690945893749,True,31.0,118.0,True,upper90_can_enter_real_xi
295977,T. Moremi,South Africa,Midfielder,AM,0.6,20,AM:12 | CM:8,2575.0,low_is_left,1.0,False,True,False,1799.0,0.6739756119730483,0.1100305682929341,0.5639450436801142,0.4655743304102119,0.74847382521712,0.7886805865806987,0.7291874028497067,0.3753637402307542,0.4646331817864396,0.4142221872096021,0.4551198674545188,True,0.4583156981188975,0.8896355258271992,23.0,0.4583156981188975,0.5944349510352618,True,True,True,False,True,plausible_real_xi,1.0,False,0,1.0,True,0,False,0.492991432640884,0.8549597913052127,True,23.0,14.0,True,upper90_can_enter_real_xi
304782,T. Hayakawa,Japan,Goalkeeper,GK,1.0,36,GK:36,5324.0,low_is_left,1.0,False,True,False,2886.0,0.7068595486687814,0.0868721908712883,0.6199873577974931,0.4044696557547559,0.3098337992126418,0.314771053716173,0.3215983069298614,0.2104508634698925,0.1860131474423444,0.1743337339305776,0.9996646498695336,True,0.5365900545610564,0.8771290427765065,52.0,0.589972475664744,0.6652816201691438,True,True,False,False,True,plausible_real_xi,1.0,False,0,1.0,True,0,False,0.5639675104329223,0.8497515869046406,True,52.0,63.0,True,upper90_can_enter_real_xi
304951,Lee Gi-Hyuk,South Korea,Defender,RB,1.0,29,RB:29,2538.0,low_is_left,1.0,False,True,False,1995.0,0.5896315012569981,0.104485851832115,0.485145649424883,0.6763463104696764,0.4922834429737035,0.4667510032935152,0.3481447708579867,0.6718889180291455,0.7015647055755331,0.535463377687165,0.4990009035588022,True,0.3848392316660526,0.7944237708479437,42.0,0.4140762867709887,0.537777630667353,True,True,False,False,True,plausible_real_xi,1.0,False,0,1.0,True,0,False,0.41776756890582967,0.7614954336081666,True,41.0,21.0,True,upper90_can_enter_real_xi
304958,Yang Hyun-Jun,South Korea,Attacker,RW,0.8285714285714286,35,RW:29 | ST:5 | LW:1,3725.0,low_is_left,1.0,False,True,False,2664.0,0.5521607147000123,0.0904194430179465,0.4617412716820657,0.4665710718899896,0.5741212013067417,0.4698218827170929,0.6921628820267153,0.5725245421768612,0.5820368183788327,0.3963305788913466,0.3579039439089723,True,0.3749386063848371,0.7293828230151874,184.0,0.5129506006993587,0.6854695334585559,True,True,False,False,True,plausible_real_xi,1.0,False,0,1.0,True,0,False,0.403433965905011,0.7008874634950135,True,182.0,209.0,True,upper90_can_enter_real_xi
308689,S. Cabral,Cape Verde Islands,Defender,RB,1.0,11,RB:11,3799.0,low_is_left,1.0,False,True,False,2068.0,0.4384379625943583,0.1026251182392352,0.335812844355123,0.40507511750387,0.6799475065525395,0.7055755474386604,0.6801670608409981,0.4408075981935348,0.5066533890738869,0.3859579103558436,0.4539582980390187,True,0.2372927308454571,0.6395831943432594,229.0,0.4140762867709887,0.537777630667353,True,True,False,False,True,plausible_real_xi,1.0,False,0,1.0,True,0,False,0.2696346646422286,0.607241260546488,True,227.0,203.0,True,upper90_can_enter_real_xi
309182,Benchimol,Cape Verde Islands,Attacker,RW,1.0,14,RW:14,1667.0,low_is_left,1.0,False,True,False,1260.0,0.5312581375456263,0.1314751470267833,0.399782990518843,0.1822838083807375,0.6224101315014448,0.4194128998950592,0.813754147751096,0.3112884998519542,0.4542568606310511,0.1482678332384039,0.0749843900456111,True,0.273566849373131,0.7889494257181217,226.0,0.5129506006993587,0.6854695334585559,True,True,False,False,True,plausible_real_xi,1.0,False,0,1.0,True,0,False,0.31500076510464375,0.7475155099866089,True,221.0,169.0,True,upper90_can_enter_real_xi
309763,L. Comenencia,Curaçao,Midfielder,RB,0.7916666666666666,24,RB:19 | RCB:5,5109.0,low_is_left,1.0,False,True,False,2137.0,0.5090512552401744,0.1009547311645256,0.4080965240756488,0.3777405075654518,0.4491435186654195,0.3874351111965459,0.4532510614285785,0.7848205778238241,0.5207066536818288,0.3517522018685515,0.323946461609946,True,0.3111799821577041,0.7069225283226446,129.0,0.4140762867709887,0.537777630667353,True,True,False,False,True,plausible_real_xi,1.0,False,0,1.0,True,0,False,0.3429954995262936,0.6751070109540551,True,127.0,98.0,True,upper90_can_enter_real_xi
312459,N. Velupillay,Australia,Midfielder,AM,0.8421052631578947,19,AM:16 | RW:2 | CM:1,2651.0,low_is_left,1.0,False,True,False,1541.0,0.4685932862535359,0.1188851522644532,0.3497081339890826,0.3805939543005632,0.6498514525380932,0.5821380141747196,0.6884636799072056,0.4255877498363219,0.5618020793279919,0.2815579343447735,0.2200212427756492,True,0.2355783878152074,0.7016081846918644,152.0,0.4583156981188975,0.5944349510352618,True,True,False,False,True,plausible_real_xi,1.0,False,0,1.0,True,0,False,0.273044612360672,0.6641419601463998,True,148.0,127.0,True,upper90_can_enter_real_xi
313383,O. Vargas,Mexico,Midfielder,AM,0.75,28,AM:21 | CM:5 | DM:2,4641.0,low_is_left,1.0,False,True,False,1958.0,0.5506861698887671,0.1054684573965978,0.4452177124921692,0.5386549266359001,0.5256315092843401,0.4631196215639602,0.6025011218985541,0.6523614037756608,0.5429878347525767,0.6020891093729861,0.4804467099999185,True,0.3439679933914352,0.7574043463860989,106.0,0.4583156981188975,0.5944349510352618,True,True,False,False,True,plausible_real_xi,1.0,False,0,1.0,True,0,False,0.37720599521099635,0.7241663445665378,True,105.0,82.0,True,upper90_can_enter_real_xi
332056,W. Pina,Cape Verde Islands,Defender,RB,1.0,32,RB:32,5102.0,low_is_left,1.0,False,True,False,2816.0,0.5719798001691293,0.0879452954966893,0.48403450467244,0.503408058573343,0.5192449772833216,0.6135340255371718,0.4268585376565946,0.6755292379909779,0.5494657073706531,0.4059274903490315,0.5342439242246233,True,0.3996070209956183,0.7443525793426403,47.0,0.4140762867709887,0.537777630667353,True,True,False,False,True,plausible_real_xi,1.0,False,0,1.0,True,0,False,0.42732266189808094,0.7166369384401776,True,46.0,53.0,True,upper90_can_enter_real_xi
335056,D. Moreira,Belgium,Attacker,RW,0.65625,32,RW:21 | LW:9 | ST:2,5600.0,low_is_left,1.0,False,True,False,2992.0,0.6264926951788411,0.0853194688491781,0.5411732263296629,0.5261789428788736,0.7137585771535494,0.6932479908604645,0.5851815261975258,0.612771947144912,0.6110584705844256,0.4142051262344158,0.4067974888513979,True,0.4592665362344519,0.7937188541232303,96.0,0.5129506006993587,0.6854695334585559,True,True,False,False,True,plausible_real_xi,1.0,False,0,1.0,True,0,False,0.48615465739269736,0.7668307329649848,True,96.0,140.0,True,upper90_can_enter_real_xi
337587,J. Bos,Australia,Midfielder,LCB,0.4117647058823529,34,LCB:14 | LB:12 | RB:8,3746.0,low_is_left,1.0,False,False,False,2878.0,0.680949328199465,0.0869928467500891,0.5939564814493757,0.5600106967560086,0.7134019562449668,0.6781163793908797,0.5564486389624027,0.7214763628790885,0.8208941075357212,0.5721812413955679,0.5271152819991142,True,0.5104433485692902,0.8514553078296397,3.0,0.1977891624684348,0.5686669344450404,True,True,True,True,True,insufficient_evidence_guardrail,1.0,False,0,1.0,True,0,False,0.5378588287037473,0.8240398276951826,False,3.0,2.0,True,high_ability_role_stabilization
341642,J. Hato,Netherlands,Defender,LB,0.4,25,LB:10 | LCB:9 | RB:6,3082.0,low_is_left,1.0,False,False,False,2298.0,0.5320988205866899,0.097354028106246,0.4347447924804438,0.6607847703570245,0.4431114343205879,0.4391940028626119,0.4616314849022104,0.6424994137336926,0.4905826341141309,0.6184161079084081,0.680814142608133,True,0.3412849254984476,0.7229127156749322,25.0,0.3170630071570786,0.5537089048331636,True,True,True,True,True,insufficient_evidence_guardrail,1.0,False,0,1.0,True,0,False,0.3719656943577956,0.6922319468155842,False,24.0,21.0,True,covered_pool_shortage
343287,D. Livramento,Cape Verde Islands,Attacker,RW,1.0,7,RW:7,1696.0,low_is_left,1.0,False,True,False,1235.0,0.4561583507435079,0.132799200036613,0.3233591507068949,0.1978262055205026,0.497359430362933,0.4777608688900921,0.4717926595921981,0.2749021707267604,0.5673604765025757,0.2154390985924532,0.0661586903841633,True,0.1958719186717463,0.7164447828152696,253.0,0.5129506006993587,0.6854695334585559,True,True,False,False,True,plausible_real_xi,1.0,False,0,1.0,True,0,False,0.23772310490703094,0.6745935965799849,True,246.0,227.0,True,upper90_can_enter_real_xi
347316,L. Bergvall,Sweden,Midfielder,AM,0.8888888888888888,18,AM:16 | CM:2,2802.0,low_is_left,1.0,False,True,False,1660.0,0.5196101136460533,0.1145446721926028,0.4050654414534504,0.3973466345322115,0.59664159837554,0.5602907809615291,0.4441398064964921,0.4857161989776654,0.4962463843755484,0.5814871230178636,0.4646249847316351,True,0.2951025561485517,0.7441176711435549,132.0,0.4583156981188975,0.5944349510352618,True,True,False,False,True,plausible_real_xi,1.0,False,0,1.0,True,0,False,0.3312008941420831,0.7080193331500234,True,131.0,94.0,True,upper90_can_enter_real_xi
348568,A. Circati,Australia,Defender,RB,0.9444444444444444,36,RB:34 | RCB:2,4058.0,low_is_left,1.0,False,True,False,3196.0,0.4778371398043348,0.0825516108902529,0.3952855289140818,0.569212104319423,0.3672980316668999,0.3560468550865464,0.3639357828138951,0.571751281815098,0.5904414017514767,0.7344866130850622,0.5535102636085932,True,0.3160359824594391,0.6396382971492305,152.0,0.4140762867709887,0.537777630667353,True,True,False,False,True,plausible_real_xi,1.0,False,0,1.0,True,0,False,0.3420518232208156,0.613622456387854,True,150.0,194.0,True,upper90_can_enter_real_xi
350799,Jeremy Arevalo,Ecuador,Attacker,RW,1.0,12,RW:12,1345.0,low_is_left,1.0,False,True,False,1033.0,0.7727854132557825,0.1452040657707631,0.6275813474850194,0.3397365942957991,0.6291061862605298,0.464249848635317,0.9332256433995244,0.2982505195640174,0.796244120064862,0.6259961740058211,0.4937031197698681,True,0.4881854443450867,1.0,18.0,0.5129506006993587,0.6854695334585559,True,True,True,False,True,plausible_real_xi,1.0,False,0,1.0,True,0,False,0.5339459790246427,1.0,True,18.0,1.0,True,upper90_can_enter_real_xi
350850,B. Zeneli,Sweden,Midfielder,AM,0.6086956521739131,23,AM:14 | RW:8 | CM:1,3667.0,low_is_left,1.0,False,True,False,1991.0,0.7200831516793021,0.1045907573322662,0.6154923943470358,0.6522417987588903,0.7670850786684584,0.8879144133859993,0.6156453601781524,0.5319108357487885,0.5848285103465826,0.4594759562266641,0.4369652803505536,True,0.5150852673080603,0.925081036050544,9.0,0.4583156981188975,0.5944349510352618,True,True,True,False,True,plausible_real_xi,1.0,False,0,1.0,True,0,False,0.5480466651357228,0.8921196382228815,True,9.0,6.0,True,upper90_can_enter_real_xi
351014,J. Suzuki,Japan,Defender,RB,1.0,29,RB:29,4931.0,low_is_left,1.0,False,True,False,2513.0,0.5793530291465763,0.0930963584349035,0.4862566707116728,0.5610554875464333,0.5540251965320904,0.5197525458231724,0.4579663255134965,0.6258365777103161,0.657117721534231,0.6270323679606057,0.5085408487858653,True,0.3968841666141653,0.7618218916789872,41.0,0.4140762867709887,0.537777630667353,True,True,False,False,True,plausible_real_xi,1.0,False,0,1.0,True,0,False,0.426223146318951,0.7324829119742016,True,40.0,38.0,True,upper90_can_enter_real_xi
351587,T. Oluwaseyi,Canada,Attacker,RW,0.6923076923076923,26,RW:18 | ST:8,4341.0,low_is_left,1.0,False,True,False,2299.0,0.5062368134136274,0.0973328526784575,0.4089039607351698,0.2119258189777602,0.4855822925836433,0.4765153410982231,0.7722947053710624,0.3136666053796909,0.4759747466834804,0.2056972523437726,0.0998596717505605,True,0.3154644221638506,0.6970092046634041,223.0,0.5129506006993587,0.6854695334585559,True,True,False,False,True,plausible_real_xi,1.0,False,0,1.0,True,0,False,0.3461385176639332,0.6663351091633215,True,218.0,232.0,True,upper90_can_enter_real_xi
354027,J. Ordonez,Ecuador,Defender,RB,0.9069767441860463,43,RB:39 | RCB:4,5063.0,low_is_left,1.0,False,True,False,3955.0,0.4670912511557307,0.074208848689138,0.3928824024665927,0.6911608236394764,0.3402799959879901,0.3431236471488381,0.4550641868718592,0.5323536799060238,0.4894559854133692,0.7138460659189605,0.6659024734427442,True,0.3216419077250202,0.6125405945864413,157.0,0.4140762867709887,0.537777630667353,True,True,False,False,True,plausible_real_xi,1.0,False,0,1.0,True,0,False,0.345028557237509,0.5891539450739524,True,155.0,225.0,True,upper90_can_enter_real_xi
354753,O. Diomande,Ivory Coast,Defender,RB,0.9615384615384616,26,RB:25 | LCB:1,3177.0,low_is_left,1.0,False,True,False,2338.0,0.4479917442996514,0.0965176377947303,0.351474106504921,0.7484671244834507,0.3266192333211106,0.3487944248357456,0.4116381745178608,0.4694349386034628,0.398254239996595,0.865157525281058,0.712355611211426,True,0.2588171742219799,0.637166314377323,210.0,0.4140762867709887,0.537777630667353,True,True,False,False,True,plausible_real_xi,1.0,False,0,1.0,True,0,False,0.2892343577082008,0.6067491308911019,True,208.0,204.0,True,upper90_can_enter_real_xi
355994,A. Freeman,USA,Defender,RB,1.0,24,RB:24,4375.0,low_is_left,1.0,False,True,False,1752.0,0.6429340391025005,0.1114966674359151,0.5314373716665853,0.5885388511360985,0.6646147185691889,0.5914724961741277,0.5575938386982546,0.6202505355131411,0.77131969695997,0.6442734023643187,0.5500251730928732,True,0.4244005709281067,0.8614675072768943,12.0,0.4140762867709887,0.537777630667353,True,True,True,False,True,plausible_real_xi,1.0,False,0,1.0,True,0,False,0.4595383412775334,0.8263297369274676,True,12.0,6.0,True,upper90_can_enter_real_xi
359561,K. Sebelebele,South Africa,Midfielder,RB,0.95,20,RB:19 | RCB:1,2908.0,low_is_left,1.0,False,True,False,1797.0,0.6327703540542122,0.1100917814093759,0.5226785726448363,0.4583178816010971,0.5733880875870727,0.4408920093741661,0.6059162422544876,0.8646092269963296,0.8582134229649421,0.5406071000588114,0.5119523901466674,True,0.4169904624918353,0.8485502456165891,13.0,0.4140762867709887,0.537777630667353,True,True,True,False,True,plausible_real_xi,1.0,False,0,1.0,True,0,False,0.4516854881054516,0.8138552200029728,True,13.0,8.0,True,upper90_can_enter_real_xi
360114,A. Khusanov,Uzbekistan,Defender,RCB,0.5428571428571428,35,RCB:19 | RB:14 | LCB:2,3987.0,low_is_left,1.0,False,False,False,3087.0,0.508210574357034,0.0839963903153333,0.4242141840417006,0.7126187514349644,0.3662064014194092,0.3527934517592122,0.3415175042678359,0.7199908221394977,0.3964328893854146,0.7466604773952056,0.6955843114663123,True,0.3435776493389806,0.6728434993750874,20.0,0.2888160648935492,0.5805399022955131,True,True,True,True,True,insufficient_evidence_guardrail,1.0,False,0,1.0,True,0,False,0.3700488070960265,0.6463723416180415,False,19.0,22.0,True,covered_pool_shortage
361966,K. Rodriguez,Ecuador,Attacker,RW,0.925925925925926,27,RW:25 | ST:2,3151.0,low_is_left,1.0,False,True,False,2362.0,0.6048717180503455,0.0960260337265887,0.5088456843237568,0.27694003473001,0.6087406501568854,0.5519706175146931,0.7901976118977957,0.342040271262693,0.7630620207732681,0.2569483597583002,0.1411678894676216,True,0.4166606919462315,0.7930827441544593,137.0,0.5129506006993587,0.6854695334585559,True,True,False,False,True,plausible_real_xi,1.0,False,0,1.0,True,0,False,0.4469229481934016,0.7628204879072893,True,136.0,148.0,True,upper90_can_enter_real_xi
362145,A. Ahmed,Canada,Midfielder,AM,0.71875,32,AM:23 | CM:8 | ST:1,4668.0,low_is_left,1.0,False,True,False,2614.0,0.5824794113717875,0.0912801081749552,0.4911993031968323,0.4825903511941101,0.7205849791965304,0.7356726735715463,0.5982057822127589,0.5348340963713316,0.6628034108274635,0.4291330422367857,0.3843587884569488,True,0.4035703993488753,0.7613884233946997,69.0,0.4583156981188975,0.5944349510352618,True,True,False,False,True,plausible_real_xi,1.0,False,0,1.0,True,0,False,0.4323369943716897,0.7326218283718853,True,69.0,74.0,True,upper90_can_enter_real_xi
362400,M. Arfsten,USA,Midfielder,AM,0.7368421052631579,38,AM:28 | LB:9 | DM:1,5344.0,low_is_left,1.0,False,True,False,2845.0,0.6605778086230503,0.0874959200655636,0.5730818885574867,0.5288272130602065,0.8202048448824575,0.7097521969188442,0.6002379382046589,0.5781711401847187,0.7629936877718864,0.6164813020703012,0.45601092618257,True,0.4890858052945455,0.832069811951555,21.0,0.4583156981188975,0.5944349510352618,True,True,True,False,True,plausible_real_xi,1.0,False,0,1.0,True,0,False,0.5166598271597519,0.8044957900863486,True,21.0,29.0,True,upper90_can_enter_real_xi
369544,G. Yassine,Morocco,Attacker,RW,0.9473684210526316,19,RW:18 | ST:1,2392.0,low_is_left,1.0,False,True,False,1785.0,0.7001937189122582,0.1104612179557554,0.5897325009565028,0.4677257767080506,0.8168583621471898,0.6859592471980742,0.5944870328888037,0.6600679446927104,0.9048586820188776,0.4725998425443856,0.4629580544386462,True,0.4836897317189775,0.9166977061055388,38.0,0.5129506006993587,0.6854695334585559,True,True,False,False,True,plausible_real_xi,1.0,False,0,1.0,True,0,False,0.5185011839202569,0.8818862539042596,True,38.0,20.0,True,upper90_can_enter_real_xi
375608,M. Neffati,Tunisia,Defender,RB,1.0,24,RB:24,2649.0,low_is_left,1.0,False,True,False,1539.0,0.6031573836997953,0.1189623754958925,0.4841950082039028,0.4191946262866333,0.6478207962325142,0.5183241947086001,0.4738045264967265,0.6774523752024209,0.7426760745072618,0.3916461466622769,0.2396321930564727,True,0.369991127727846,0.8363236396717446,46.0,0.4140762867709887,0.537777630667353,True,True,False,False,True,plausible_real_xi,1.0,False,0,1.0,True,0,False,0.4074816888946136,0.7988330785049771,True,45.0,11.0,True,upper90_can_enter_real_xi
377930,A. Al Oui,Qatar,Defender,RB,1.0,18,RB:18,2032.0,low_is_left,1.0,False,True,False,1594.0,0.4045130641297588,0.1168919972510093,0.2876210668787494,0.33319899442664,0.3702126471493123,0.3372396025794261,0.5192716428093744,0.5557962298309373,0.4135671778860942,0.3115040649873553,0.2468075997176604,True,0.1754047495177804,0.6336213787417372,252.0,0.4140762867709887,0.537777630667353,True,True,False,False,True,plausible_real_xi,1.0,False,0,1.0,True,0,False,0.21224283848983463,0.596783289769683,True,248.0,218.0,True,upper90_can_enter_real_xi
387521,L. Vuskovic,Croatia,Defender,RB,0.9666666666666668,30,RB:29 | RCB:1,5517.0,low_is_left,1.0,False,True,False,2717.0,0.5418862134422522,0.0895332023999131,0.452353011042339,0.6187434530475209,0.4164419638431825,0.3817167508636948,0.555257098472763,0.5796359883274966,0.8405693530720926,0.7377368472622512,0.4745774791123111,True,0.3664011367384225,0.7173712901460818,74.0,0.4140762867709887,0.537777630667353,True,True,False,False,True,plausible_real_xi,1.0,False,0,1.0,True,0,False,0.3946172007421749,0.6891552261423295,True,72.0,82.0,True,upper90_can_enter_real_xi
388570,D. Gul,Türkiye,Attacker,RW,1.0,17,RW:17,2174.0,low_is_left,1.0,False,True,False,1718.0,0.4981281568195272,0.1125945469992651,0.3855336098202621,0.2268807772206243,0.5037918143367823,0.4955585127871323,0.7366283170359464,0.2868026988240788,0.3895750619111774,0.2088773967397889,0.1501949794450734,True,0.2774428447009676,0.718813468938087,233.0,0.5129506006993587,0.6854695334585559,True,True,False,False,True,plausible_real_xi,1.0,False,0,0.9636363636363636,True,2,False,0.312926607812828,0.6833297058262264,True,228.0,219.0,True,upper90_can_enter_real_xi
390002,M. Chavez Garcia,Mexico,Defender,RB,0.95,20,RB:19 | LB:1,2595.0,low_is_left,1.0,False,True,False,1814.0,0.6466039792242179,0.1095747015282016,0.5370292776960162,0.4688603377418653,0.5760928830445117,0.5328863396752129,0.5370900261331383,0.8563477472601662,0.8327647545674566,0.3730310282697809,0.2900168020737153,True,0.4318375642289426,0.8613703942194931,9.0,0.4140762867709887,0.537777630667353,True,True,True,False,True,plausible_real_xi,1.0,False,0,1.0,True,0,False,0.46636963399343045,0.8268383244550053,True,9.0,5.0,True,upper90_can_enter_real_xi
392387,O. Makhanya,South Africa,Defender,RB,1.0,34,RB:34,4022.0,low_is_left,1.0,False,True,False,2496.0,0.5237939886462809,0.0934128553169291,0.4303811333293518,0.5678917871843233,0.4318022778204521,0.3695585582204373,0.4034684515835325,0.6378792047306502,0.6701061688782454,0.7278347192873791,0.4695275779637731,True,0.3407047922250998,0.706883185067462,98.0,0.4140762867709887,0.537777630667353,True,True,False,False,True,plausible_real_xi,1.0,False,0,1.0,True,0,False,0.37014351477433693,0.6774444625182249,True,96.0,95.0,True,upper90_can_enter_real_xi
400948,A. Diao,Senegal,Attacker,RW,0.6153846153846154,13,RW:8 | ST:5,1773.0,low_is_left,1.0,False,True,False,1172.0,0.6140291750899344,0.1363217434873845,0.4777074316025498,0.3777401609463608,0.7565703888479623,0.4589880617018107,0.6161824789774717,0.4178377039126659,0.8084787765842659,0.4034207826246657,0.4159848920004212,True,0.3468385578546606,0.8812197923252081,171.0,0.5129506006993587,0.6854695334585559,True,True,False,False,True,plausible_real_xi,1.0,False,0,1.0,True,0,False,0.38979986088236174,0.838258489297507,True,170.0,47.0,True,upper90_can_enter_real_xi
406303,K. Paez,Ecuador,Attacker,RW,1.0,11,RW:11,3859.0,low_is_left,1.0,False,True,False,1327.0,0.5909287733441985,0.1281130811722416,0.4628156921719568,0.4929532692526768,0.7029640408841192,0.6603358487698364,0.6026545805576096,0.5017043888069517,0.4256927601529952,0.3680344094979145,0.3686075069935052,True,0.3398271342466049,0.842030412441792,183.0,0.5129506006993587,0.6854695334585559,True,True,False,False,True,plausible_real_xi,1.0,False,0,1.0,True,0,False,0.3802015071181085,0.8016560395702884,True,181.0,92.0,True,upper90_can_enter_real_xi
407806,Rayan,Brazil,Midfielder,AM,0.72,50,AM:36 | RW:13 | CM:1,6482.0,low_is_left,1.0,False,True,False,4318.0,0.4787292284492025,0.0710211366616276,0.4077080917875749,0.3450071055285774,0.6033297275467445,0.5410884575805205,0.7971197003834368,0.3655236774082353,0.5709611550619824,0.4844407510541547,0.414493097467809,True,0.3395278005924124,0.6179306563059926,129.0,0.4583156981188975,0.5944349510352618,True,True,False,False,True,plausible_real_xi,1.0,False,0,1.0,True,0,False,0.3619098542211082,0.5955486026772968,True,128.0,150.0,True,upper90_can_enter_top30
416901,N. Sigur,Canada,Midfielder,RB,0.5517241379310345,29,RB:16 | AM:10 | CM:2 | DM:1,3681.0,low_is_left,1.0,False,False,False,2377.0,0.6274799421469892,0.0957225692563669,0.5317573728906223,0.6384587707900697,0.4747218751839371,0.4707317448752485,0.4064069201542004,0.7293999749061233,0.6457028788387109,0.5616105625495024,0.6345241200312,True,0.43986370640451,0.8150961778894684,11.0,0.4140762867709887,0.537777630667353,True,True,True,True,True,insufficient_evidence_guardrail,1.0,False,0,1.0,True,0,False,0.4700303269245406,0.7849295573694378,False,11.0,13.0,True,high_ability_role_stabilization
430078,S. Kabini,South Africa,Defender,RB,0.9545454545454546,22,RB:21 | LB:1,2624.0,low_is_left,1.0,False,True,False,1857.0,0.5894968617553638,0.1082986357590426,0.4811982259963211,0.5438741085412281,0.5147817223556589,0.5113904558292264,0.43970802433288,0.7476003810870088,0.6495591004996828,0.4986582817045309,0.5636664651601115,True,0.3772315356676402,0.8017621878430873,50.0,0.4140762867709887,0.537777630667353,True,True,False,False,True,plausible_real_xi,1.0,False,0,1.0,True,0,False,0.4113614579332061,0.7676322655775214,True,49.0,18.0,True,upper90_can_enter_real_xi
430835,T. Bindon,New Zealand,Defender,RB,1.0,22,RB:22,2840.0,low_is_left,1.0,False,True,False,2171.0,0.5150133370585467,0.1001610862855225,0.4148522507730241,0.616928472590269,0.3552923608715899,0.3435364298283702,0.4149755308275681,0.6536436644938797,0.7060441956463779,0.6136892235279131,0.5425415581279609,True,0.3186976079389224,0.7113290661781709,120.0,0.4140762867709887,0.537777630667353,True,True,False,False,True,plausible_real_xi,1.0,False,0,1.0,True,0,False,0.35026301100240564,0.6797636631146877,True,118.0,93.0,True,upper90_can_enter_real_xi
441269,P. Okon-Engstler,Australia,Midfielder,AM,0.9285714285714286,28,AM:26 | CM:2,3440.0,low_is_left,1.0,False,True,False,2529.0,0.6837020440481121,0.0928013989341115,0.5909006451140005,0.6602921993778906,0.5294687420242097,0.4552758945228158,0.4001320791813288,0.7725673148021107,0.7835616328558644,0.6045491127307548,0.5051074015023509,True,0.5018113021372534,0.8655927859589707,14.0,0.4583156981188975,0.5944349510352618,True,True,True,False,True,plausible_real_xi,1.0,False,0,1.0,True,0,False,0.5310573264251683,0.8363467616710558,True,14.0,18.0,True,upper90_can_enter_real_xi
