{
  "status": "v0_3_calibration_quality_evaluated",
  "selected_shared_tempo_sigma": 0.19999999999999998,
  "absolute_goal_error": 0.025406382978723663,
  "absolute_shot_error": 0.2883710042142056,
  "absolute_shot_on_target_error": 0.5372410525233828,
  "absolute_zero_zero_error": 0.005468085106382969,
  "engineering_gate_passed": true,
  "final_scientific_gate_passed": false
}