{
  "status": "v0_3_calibration_quality_evaluated",
  "selected_shared_tempo_sigma": 0.19999999999999998,
  "absolute_goal_error": 0.02580638297872362,
  "absolute_shot_error": 0.28647100421420646,
  "absolute_shot_on_target_error": 0.5380410525233827,
  "absolute_zero_zero_error": 0.005568085106382972,
  "engineering_gate_passed": true,
  "final_scientific_gate_passed": false
}