{
  "status": "v0_3_calibration_quality_evaluated",
  "selected_shared_tempo_sigma": 0.19999999999999998,
  "absolute_goal_error": 0.08310638297872375,
  "absolute_shot_error": 0.15707100421420606,
  "absolute_shot_on_target_error": 0.6354410525233813,
  "absolute_zero_zero_error": 0.010268085106382982,
  "engineering_gate_passed": true,
  "final_scientific_gate_passed": false
}