simulations,shared_tempo_sigma,home_win_probability,draw_probability,away_win_probability,mean_home_goals,mean_away_goals,mean_total_goals,mean_total_shots,mean_total_shots_on_target,mean_home_xg,mean_away_xg,zero_zero_probability,calibration_loss
1200,0.19999999999999998,0.2625,0.24916666666666668,0.48833333333333334,1.165,1.68,2.845,17.38083333333333,8.631666666666666,1.170051046038485,1.6712487819002801,0.07666666666666666,0.9163913300441953
1200,0.3,0.25083333333333335,0.25916666666666666,0.49,1.1866666666666668,1.7866666666666666,2.973333333333333,17.576666666666668,8.800833333333333,1.191216212397144,1.6828609365962863,0.07833333333333334,1.0050172165690183
1200,0.0,0.245,0.23916666666666667,0.5158333333333334,1.1008333333333333,1.6833333333333333,2.7841666666666667,17.195833333333333,8.536666666666667,1.1562231843629802,1.6478102132987935,0.06583333333333333,1.331208114914173
1200,0.09999999999999999,0.275,0.24333333333333335,0.4816666666666667,1.1758333333333333,1.6366666666666667,2.8125,17.283333333333335,8.5725,1.1858029092133409,1.6438058754682365,0.058333333333333334,1.47884700380306
1200,0.49999999999999994,0.26416666666666666,0.275,0.4608333333333333,1.22,1.685,2.905,18.319166666666668,9.004166666666666,1.2362151021833803,1.756826813526673,0.12416666666666666,2.427353659163325
1200,0.39999999999999997,0.2633333333333333,0.29,0.44666666666666666,1.1641666666666666,1.6883333333333332,2.8525,17.6175,8.7575,1.1917054225402286,1.6865980871401705,0.1275,2.593335774488641
1200,0.6,0.27416666666666667,0.2866666666666667,0.43916666666666665,1.2958333333333334,1.75,3.0458333333333334,18.9025,9.4075,1.2697762785295463,1.8337499805196247,0.14833333333333334,4.331396212354815
