simulations,shared_tempo_sigma,home_win_probability,draw_probability,away_win_probability,mean_home_goals,mean_away_goals,mean_total_goals,mean_total_shots,mean_total_shots_on_target,mean_home_xg,mean_away_xg,zero_zero_probability,calibration_loss
1200,0.19999999999999998,0.2683333333333333,0.23583333333333334,0.49583333333333335,1.21,1.7175,2.9275,17.733333333333334,8.820833333333333,1.2347301175927878,1.7169846937477002,0.06166666666666667,1.0917784458834399
1200,0.3,0.24583333333333332,0.26,0.49416666666666664,1.2391666666666667,1.8283333333333334,3.0675,17.983333333333334,9.05,1.258296463721078,1.7406909234316528,0.075,1.2536283276801303
1200,0.0,0.25,0.23666666666666666,0.5133333333333333,1.1883333333333332,1.7433333333333334,2.9316666666666666,17.600833333333334,8.788333333333334,1.224236642037796,1.703804586137959,0.051666666666666666,1.4727506681056626
1200,0.09999999999999999,0.285,0.23666666666666666,0.47833333333333333,1.2516666666666667,1.7,2.9516666666666667,17.636666666666667,8.834166666666667,1.2528719056198758,1.6928008839961213,0.043333333333333335,1.845111779216773
1200,0.39999999999999997,0.2683333333333333,0.2775,0.45416666666666666,1.23,1.7375,2.9675,17.91583333333333,9.001666666666667,1.2505100153843893,1.7317730947787395,0.11333333333333333,2.183489438791242
1200,0.49999999999999994,0.27166666666666667,0.2733333333333333,0.455,1.305,1.7508333333333332,3.055833333333333,18.666666666666668,9.2475,1.3012515265492044,1.8096194108513817,0.11083333333333334,2.8368128790214815
1200,0.6,0.265,0.2991666666666667,0.43583333333333335,1.3541666666666667,1.8441666666666667,3.1983333333333333,19.27,9.685,1.3325689686921935,1.8920403177808702,0.14083333333333334,5.050979545688148
