simulations,shared_tempo_sigma,home_win_probability,draw_probability,away_win_probability,mean_home_goals,mean_away_goals,mean_total_goals,mean_total_shots,mean_total_shots_on_target,mean_home_xg,mean_away_xg,zero_zero_probability,calibration_loss
1200,0.19999999999999998,0.2791666666666667,0.24083333333333334,0.48,1.2141666666666666,1.6658333333333333,2.88,17.594166666666666,8.725,1.2327545834069644,1.670896254642763,0.0675,0.9453747815808389
1200,0.3,0.25083333333333335,0.2708333333333333,0.47833333333333333,1.2466666666666666,1.7883333333333333,3.035,17.9025,9.000833333333333,1.2621060197899996,1.696475873728046,0.07583333333333334,1.1643227721245748
1200,0.0,0.2608333333333333,0.24166666666666667,0.4975,1.1825,1.6916666666666667,2.8741666666666665,17.465833333333332,8.731666666666667,1.2245923474549636,1.6558694170257289,0.05583333333333333,1.4245414482475072
1200,0.09999999999999999,0.2966666666666667,0.235,0.4683333333333333,1.2508333333333332,1.6525,2.9033333333333333,17.554166666666667,8.78,1.2522448420974686,1.653614747802081,0.0475,1.6092636704697267
1200,0.39999999999999997,0.275,0.2783333333333333,0.44666666666666666,1.2283333333333333,1.6983333333333333,2.9266666666666667,17.840833333333332,8.944166666666666,1.2548821981957126,1.6893624488916725,0.11833333333333333,2.1940449943467972
1200,0.49999999999999994,0.2816666666666667,0.2791666666666667,0.43916666666666665,1.3066666666666666,1.7075,3.0141666666666667,18.570833333333333,9.200833333333334,1.3091864061359229,1.7555436891196792,0.11916666666666667,2.8811184345770364
1200,0.6,0.2608333333333333,0.30833333333333335,0.43083333333333335,1.3566666666666667,1.8066666666666666,3.1633333333333336,19.191666666666666,9.61,1.3331288129396877,1.847178542249133,0.14583333333333334,4.986812879021482
