simulations,shared_tempo_sigma,home_win_probability,draw_probability,away_win_probability,mean_home_goals,mean_away_goals,mean_total_goals,mean_total_shots,mean_total_shots_on_target,mean_home_xg,mean_away_xg,zero_zero_probability,calibration_loss
1200,0.19999999999999998,0.27416666666666667,0.24083333333333334,0.485,1.1908333333333334,1.6783333333333332,2.8691666666666666,17.588333333333335,8.704166666666667,1.2119259210485416,1.6834925228199518,0.06833333333333333,0.9357914482475058
1200,0.3,0.2425,0.2683333333333333,0.4891666666666667,1.2225,1.8008333333333333,3.0233333333333334,17.874166666666667,8.973333333333333,1.2409718871788107,1.7031256751778063,0.07916666666666666,1.2232116610134631
1200,0.0,0.25583333333333336,0.2325,0.5116666666666667,1.1666666666666667,1.7116666666666667,2.8783333333333334,17.453333333333333,8.72,1.201408025992701,1.6677140537218837,0.0525,1.5163470038030615
1200,0.09999999999999999,0.2925,0.23,0.4775,1.2266666666666666,1.6566666666666667,2.8833333333333333,17.543333333333333,8.745,1.2314781849258807,1.6648899637670282,0.049166666666666664,1.5907914482475052
1200,0.39999999999999997,0.2658333333333333,0.28583333333333333,0.4483333333333333,1.2075,1.6941666666666666,2.901666666666667,17.7825,8.895,1.2308196320107865,1.6939867969885631,0.125,2.401113552266418
1200,0.49999999999999994,0.275,0.2791666666666667,0.44583333333333336,1.2866666666666666,1.71,2.9966666666666666,18.56833333333333,9.1775,1.2866548472244566,1.767946560997512,0.12,2.8259795456881465
1200,0.6,0.25583333333333336,0.30583333333333335,0.43833333333333335,1.3325,1.8175,3.15,19.176666666666666,9.59,1.311241185660105,1.8572012826621764,0.1475,4.970423990132591
