simulations,shared_tempo_sigma,home_win_probability,draw_probability,away_win_probability,mean_home_goals,mean_away_goals,mean_total_goals,mean_total_shots,mean_total_shots_on_target,mean_home_xg,mean_away_xg,zero_zero_probability,calibration_loss
1200,0.19999999999999998,0.2791666666666667,0.24083333333333334,0.48,1.2133333333333334,1.6658333333333333,2.879166666666667,17.59,8.7225,1.232337663958779,1.6706504446112869,0.0675,0.9477358926919492
1200,0.3,0.25083333333333335,0.2708333333333333,0.47833333333333333,1.2466666666666666,1.7883333333333333,3.035,17.900833333333335,8.999166666666667,1.2618651970870152,1.6963151426595144,0.07583333333333334,1.1634894387912422
1200,0.0,0.2608333333333333,0.24166666666666667,0.4975,1.1825,1.6916666666666667,2.8741666666666665,17.465,8.730833333333333,1.2247937646630227,1.6556271273076835,0.05583333333333333,1.424124781580839
1200,0.09999999999999999,0.2966666666666667,0.235,0.4683333333333333,1.2508333333333332,1.6525,2.9033333333333333,17.554166666666667,8.78,1.252238552603768,1.65351851840133,0.0475,1.6092636704697267
1200,0.39999999999999997,0.275,0.2783333333333333,0.44666666666666666,1.2283333333333333,1.6983333333333333,2.9266666666666667,17.84,8.943333333333333,1.2549417993507153,1.6889067345828979,0.11833333333333333,2.193628327680131
1200,0.49999999999999994,0.2816666666666667,0.2791666666666667,0.43916666666666665,1.3058333333333334,1.7075,3.013333333333333,18.56833333333333,9.198333333333334,1.3085597196441363,1.7557839998499989,0.11916666666666667,2.874590656799258
1200,0.6,0.2608333333333333,0.30833333333333335,0.43083333333333335,1.3558333333333332,1.8066666666666666,3.1625,19.190833333333334,9.609166666666667,1.3329269706569793,1.8471172201557404,0.14583333333333334,4.982785101243705
