simulations,shared_tempo_sigma,home_win_probability,draw_probability,away_win_probability,mean_home_goals,mean_away_goals,mean_total_goals,mean_total_shots,mean_total_shots_on_target,mean_home_xg,mean_away_xg,zero_zero_probability,calibration_loss
1200,0.19999999999999998,0.27416666666666667,0.24166666666666667,0.4841666666666667,1.1908333333333334,1.6775,2.868333333333333,17.59,8.705833333333333,1.2121601122098047,1.6836512562624166,0.06833333333333333,0.9394025593586166
1200,0.3,0.2425,0.2675,0.49,1.2225,1.8016666666666667,3.0241666666666664,17.875,8.975,1.2412257212856495,1.702882889391603,0.07916666666666666,1.2272394387912404
1200,0.0,0.25583333333333336,0.2325,0.5116666666666667,1.1658333333333333,1.7116666666666667,2.8775,17.454166666666666,8.719166666666666,1.2010556863702164,1.6680174454736623,0.0525,1.517874781580839
1200,0.09999999999999999,0.2925,0.23,0.4775,1.2266666666666666,1.6566666666666667,2.8833333333333333,17.5425,8.744166666666667,1.231281238021303,1.6649104138374893,0.049166666666666664,1.590374781580839
1200,0.39999999999999997,0.2658333333333333,0.28583333333333333,0.4483333333333333,1.2075,1.6941666666666666,2.901666666666667,17.7825,8.893333333333333,1.2307199073879707,1.6940076147289969,0.125,2.399446885599751
1200,0.49999999999999994,0.275,0.2783333333333333,0.44666666666666666,1.2866666666666666,1.7108333333333334,2.9975,18.56833333333333,9.176666666666666,1.2867598949871282,1.767706512096557,0.11916666666666667,2.8001462123548126
1200,0.6,0.25666666666666665,0.305,0.43833333333333335,1.3333333333333333,1.8166666666666667,3.15,19.1825,9.594166666666666,1.3122546627447238,1.8575684362984732,0.1475,4.977507323465925
